ISO-10303-21;
HEADER;
/*Generated by software containing ST-Developer
 * from STEP Tools, Inc. (www.steptools.com) 
 */
/*OPTION: using custom renumber hook */
/*description */
/*implementation_level */
FILE_DESCRIPTION(('STEP AP242 Edition 2','STEP AP242 Edition 2''CAx-IF Rec.Pracs.---Representation and Presentation of Product Manufa
cturing Information (PMI)---4.0---2014-10-13','STEP AP242 Edition 2''CAx-IF Rec.Pracs.---Representation and Presentation of Product Manufa
cturing Information (PMI)---4.0---2014-10-13''CAx-IF Rec.Pracs.---3D Tessellated Geometry---0.4---2014-09-14','STEP AP242 Edition 2''CAx-IF Rec.Pracs.---Representation and Presentation of Product Manufa
cturing Information (PMI)---4.0---2014-10-13''CAx-IF Rec.Pracs.---3D Tessellated Geometry---0.4---2014-09-14''2;1','STEP AP242 Edition 2''CAx-IF Rec.Pracs.---Representation and Presentation of Product Manufa
cturing Information (PMI)---4.0---2014-10-13''CAx-IF Rec.Pracs.---3D Tessellated Geometry---0.4---2014-09-14''2;1''CAx-IF Rec.Pracs.---User Defined Attributes---1.5---2016-08-15'),'2;1');
/*name */
/*time_stamp */
/*author */
/*organization */
/*preprocessor_version */
/*originating_system */
/*authorisation */
FILE_NAME('/vol/tmp/translate-3085442069962976985/hall - case.step','2026-03-26T09:04:02',(''),(''),'ST-DEVELOPER v20','ONSHAPE BY PTC INC, 1.212','  ');
FILE_SCHEMA(('AP242_MANAGED_MODEL_BASED_3D_ENGINEERING_MIM_LF { 1 0 10303 442 3 1 4 }'));
ENDSEC;
DATA;
#10=SHAPE_REPRESENTATION_RELATIONSHIP('','',#3313,#11);
#11=ADVANCED_BREP_SHAPE_REPRESENTATION('',(#3311),#5655);
#12=CONICAL_SURFACE('',#3663,0.001625,0.785398163397448);
#13=CONICAL_SURFACE('',#3664,0.001625,0.785398163397448);
#14=CONICAL_SURFACE('',#3665,0.002225,0.785398163397448);
#15=CONICAL_SURFACE('',#3666,0.002225,0.785398163397448);
#16=CONICAL_SURFACE('',#3667,0.00222499999999997,0.785398163397448);
#17=CONICAL_SURFACE('',#3668,0.00222499999999997,0.785398163397448);
#18=CONICAL_SURFACE('',#3669,0.002225,0.785398163397449);
#19=CONICAL_SURFACE('',#3670,0.002225,0.785398163397449);
#20=CONICAL_SURFACE('',#3671,0.001625,0.785398163397449);
#21=CONICAL_SURFACE('',#3672,0.001625,0.785398163397449);
#22=CONICAL_SURFACE('',#3673,0.001625,0.785398163397449);
#23=CONICAL_SURFACE('',#3674,0.001625,0.785398163397449);
#24=CONICAL_SURFACE('',#3675,0.002225,0.785398163397448);
#25=CONICAL_SURFACE('',#3676,0.001625,0.785398163397448);
#26=CONICAL_SURFACE('',#3677,0.001625,0.785398163397434);
#27=CONICAL_SURFACE('',#3678,0.002225,0.785398163397434);
#28=ELLIPSE('',#3616,0.00254558441227157,0.0018);
#29=ELLIPSE('',#3617,0.00254558441227157,0.0018);
#30=ELLIPSE('',#3629,0.00254558441227157,0.0018);
#31=ELLIPSE('',#3631,0.00254558441227157,0.0018);
#32=ELLIPSE('',#3633,0.00254558441227157,0.0018);
#33=ELLIPSE('',#3635,0.00254558441227157,0.0018);
#34=ELLIPSE('',#3637,0.00254558441227157,0.0018);
#35=ELLIPSE('',#3639,0.00254558441227157,0.0018);
#36=ELLIPSE('',#3641,0.00254558441227157,0.0018);
#37=ELLIPSE('',#3643,0.00254558441227157,0.0018);
#38=ELLIPSE('',#3655,0.00254558441227157,0.0018);
#39=ELLIPSE('',#3657,0.00254558441227157,0.0018);
#40=TOROIDAL_SURFACE('',#3611,0.0056,0.0018);
#41=TOROIDAL_SURFACE('',#3612,0.0056,0.0018);
#42=TOROIDAL_SURFACE('',#3613,0.0056,0.0018);
#43=TOROIDAL_SURFACE('',#3614,0.0056,0.0018);
#44=TOROIDAL_SURFACE('',#3622,0.0056,0.0018);
#45=TOROIDAL_SURFACE('',#3627,0.0056,0.0018);
#46=TOROIDAL_SURFACE('',#3650,0.0056,0.0018);
#47=TOROIDAL_SURFACE('',#3652,0.0056,0.0018);
#48=TOROIDAL_SURFACE('',#3659,0.0056,0.0018);
#49=TOROIDAL_SURFACE('',#3660,0.0056,0.0018);
#50=TOROIDAL_SURFACE('',#3661,0.0056,0.0018);
#51=TOROIDAL_SURFACE('',#3662,0.0056,0.0018);
#52=B_SPLINE_CURVE_WITH_KNOTS('',3,(#5115,#5116,#5117,#5118,#5119),.UNSPECIFIED.,.F.,.F.,(4,1,4),(0.,0.00147178394811922,0.00294356789623844),.UNSPECIFIED.);
#53=B_SPLINE_CURVE_WITH_KNOTS('',3,(#5147,#5148,#5149,#5150,#5151),.UNSPECIFIED.,.F.,.F.,(4,1,4),(0.,0.00147178394811918,0.00294356789623836),.UNSPECIFIED.);
#54=B_SPLINE_CURVE_WITH_KNOTS('',3,(#5179,#5180,#5181,#5182,#5183),.UNSPECIFIED.,.F.,.F.,(4,1,4),(0.,0.00147178394811921,0.00294356789623842),.UNSPECIFIED.);
#55=B_SPLINE_CURVE_WITH_KNOTS('',3,(#5211,#5212,#5213,#5214,#5215),.UNSPECIFIED.,.F.,.F.,(4,1,4),(0.,0.00147178394811916,0.00294356789623832),.UNSPECIFIED.);
#56=B_SPLINE_CURVE_WITH_KNOTS('',3,(#5576,#5577,#5578,#5579),.UNSPECIFIED.,.F.,.F.,(4,4),(0.00363764366892747,0.00729387803947047),.UNSPECIFIED.);
#57=B_SPLINE_CURVE_WITH_KNOTS('',3,(#5587,#5588,#5589,#5590),.UNSPECIFIED.,.F.,.F.,(4,4),(0.00363764366892774,0.00729387803947845),.UNSPECIFIED.);
#58=B_SPLINE_CURVE_WITH_KNOTS('',3,(#5610,#5611,#5612,#5613),.UNSPECIFIED.,.F.,.F.,(4,4),(0.00363764366892974,0.00729387803952787),.UNSPECIFIED.);
#59=B_SPLINE_CURVE_WITH_KNOTS('',3,(#5621,#5622,#5623,#5624),.UNSPECIFIED.,.F.,.F.,(4,4),(0.00363764366892971,0.00729387803952435),.UNSPECIFIED.);
#60=CYLINDRICAL_SURFACE('',#3343,0.0038);
#61=CYLINDRICAL_SURFACE('',#3347,0.000899999018330995);
#62=CYLINDRICAL_SURFACE('',#3350,0.000899999018330985);
#63=CYLINDRICAL_SURFACE('',#3351,0.001625);
#64=CYLINDRICAL_SURFACE('',#3360,0.001625);
#65=CYLINDRICAL_SURFACE('',#3362,0.000899999018331023);
#66=CYLINDRICAL_SURFACE('',#3366,0.000899999018331016);
#67=CYLINDRICAL_SURFACE('',#3368,0.00379999999999995);
#68=CYLINDRICAL_SURFACE('',#3430,0.0038);
#69=CYLINDRICAL_SURFACE('',#3432,0.001625);
#70=CYLINDRICAL_SURFACE('',#3439,0.0038);
#71=CYLINDRICAL_SURFACE('',#3441,0.001625);
#72=CYLINDRICAL_SURFACE('',#3448,0.0038);
#73=CYLINDRICAL_SURFACE('',#3450,0.001625);
#74=CYLINDRICAL_SURFACE('',#3457,0.0038);
#75=CYLINDRICAL_SURFACE('',#3459,0.001625);
#76=CYLINDRICAL_SURFACE('',#3463,0.0004);
#77=CYLINDRICAL_SURFACE('',#3466,0.0004);
#78=CYLINDRICAL_SURFACE('',#3474,0.0004);
#79=CYLINDRICAL_SURFACE('',#3477,0.0004);
#80=CYLINDRICAL_SURFACE('',#3481,0.0004);
#81=CYLINDRICAL_SURFACE('',#3482,0.0004);
#82=CYLINDRICAL_SURFACE('',#3483,0.0004);
#83=CYLINDRICAL_SURFACE('',#3484,0.0004);
#84=CYLINDRICAL_SURFACE('',#3491,0.001625);
#85=CYLINDRICAL_SURFACE('',#3494,0.001625);
#86=CYLINDRICAL_SURFACE('',#3497,0.001625);
#87=CYLINDRICAL_SURFACE('',#3500,0.001625);
#88=CYLINDRICAL_SURFACE('',#3503,0.0038);
#89=CYLINDRICAL_SURFACE('',#3509,0.0038);
#90=CYLINDRICAL_SURFACE('',#3514,0.0038);
#91=CYLINDRICAL_SURFACE('',#3519,0.0038);
#92=CYLINDRICAL_SURFACE('',#3523,0.001625);
#93=CYLINDRICAL_SURFACE('',#3526,0.001625);
#94=CYLINDRICAL_SURFACE('',#3529,0.001625);
#95=CYLINDRICAL_SURFACE('',#3532,0.001625);
#96=CYLINDRICAL_SURFACE('',#3535,0.0038);
#97=CYLINDRICAL_SURFACE('',#3541,0.0038);
#98=CYLINDRICAL_SURFACE('',#3547,0.0038);
#99=CYLINDRICAL_SURFACE('',#3551,0.0038);
#100=CYLINDRICAL_SURFACE('',#3562,0.001625);
#101=CYLINDRICAL_SURFACE('',#3565,0.000899999018330985);
#102=CYLINDRICAL_SURFACE('',#3569,0.000899999018330995);
#103=CYLINDRICAL_SURFACE('',#3573,0.0038);
#104=CYLINDRICAL_SURFACE('',#3586,0.001625);
#105=CYLINDRICAL_SURFACE('',#3589,0.000899999018331023);
#106=CYLINDRICAL_SURFACE('',#3594,0.000899999018331016);
#107=CYLINDRICAL_SURFACE('',#3597,0.00379999999999995);
#108=CYLINDRICAL_SURFACE('',#3615,0.0018);
#109=CYLINDRICAL_SURFACE('',#3618,0.0018);
#110=CYLINDRICAL_SURFACE('',#3620,0.0018);
#111=CYLINDRICAL_SURFACE('',#3624,0.0018);
#112=CYLINDRICAL_SURFACE('',#3625,0.0018);
#113=CYLINDRICAL_SURFACE('',#3628,0.0018);
#114=CYLINDRICAL_SURFACE('',#3630,0.0018);
#115=CYLINDRICAL_SURFACE('',#3632,0.0018);
#116=CYLINDRICAL_SURFACE('',#3634,0.0018);
#117=CYLINDRICAL_SURFACE('',#3636,0.0018);
#118=CYLINDRICAL_SURFACE('',#3638,0.0018);
#119=CYLINDRICAL_SURFACE('',#3640,0.0018);
#120=CYLINDRICAL_SURFACE('',#3642,0.0018);
#121=CYLINDRICAL_SURFACE('',#3644,0.0018);
#122=CYLINDRICAL_SURFACE('',#3645,0.0018);
#123=CYLINDRICAL_SURFACE('',#3647,0.0018);
#124=CYLINDRICAL_SURFACE('',#3649,0.0018);
#125=CYLINDRICAL_SURFACE('',#3654,0.0018);
#126=CYLINDRICAL_SURFACE('',#3656,0.0018);
#127=CYLINDRICAL_SURFACE('',#3658,0.0018);
#128=LINE('',#4683,#394);
#129=LINE('',#4688,#395);
#130=LINE('',#4693,#396);
#131=LINE('',#4697,#397);
#132=LINE('',#4702,#398);
#133=LINE('',#4706,#399);
#134=LINE('',#4711,#400);
#135=LINE('',#4715,#401);
#136=LINE('',#4720,#402);
#137=LINE('',#4725,#403);
#138=LINE('',#4731,#404);
#139=LINE('',#4736,#405);
#140=LINE('',#4740,#406);
#141=LINE('',#4744,#407);
#142=LINE('',#4748,#408);
#143=LINE('',#4752,#409);
#144=LINE('',#4753,#410);
#145=LINE('',#4757,#411);
#146=LINE('',#4758,#412);
#147=LINE('',#4759,#413);
#148=LINE('',#4760,#414);
#149=LINE('',#4761,#415);
#150=LINE('',#4764,#416);
#151=LINE('',#4766,#417);
#152=LINE('',#4769,#418);
#153=LINE('',#4777,#419);
#154=LINE('',#4782,#420);
#155=LINE('',#4786,#421);
#156=LINE('',#4790,#422);
#157=LINE('',#4794,#423);
#158=LINE('',#4801,#424);
#159=LINE('',#4802,#425);
#160=LINE('',#4804,#426);
#161=LINE('',#4806,#427);
#162=LINE('',#4807,#428);
#163=LINE('',#4809,#429);
#164=LINE('',#4810,#430);
#165=LINE('',#4812,#431);
#166=LINE('',#4814,#432);
#167=LINE('',#4818,#433);
#168=LINE('',#4840,#434);
#169=LINE('',#4842,#435);
#170=LINE('',#4844,#436);
#171=LINE('',#4846,#437);
#172=LINE('',#4848,#438);
#173=LINE('',#4852,#439);
#174=LINE('',#4854,#440);
#175=LINE('',#4856,#441);
#176=LINE('',#4860,#442);
#177=LINE('',#4862,#443);
#178=LINE('',#4864,#444);
#179=LINE('',#4866,#445);
#180=LINE('',#4868,#446);
#181=LINE('',#4872,#447);
#182=LINE('',#4874,#448);
#183=LINE('',#4876,#449);
#184=LINE('',#4878,#450);
#185=LINE('',#4881,#451);
#186=LINE('',#4883,#452);
#187=LINE('',#4885,#453);
#188=LINE('',#4887,#454);
#189=LINE('',#4893,#455);
#190=LINE('',#4895,#456);
#191=LINE('',#4897,#457);
#192=LINE('',#4899,#458);
#193=LINE('',#4901,#459);
#194=LINE('',#4903,#460);
#195=LINE('',#4905,#461);
#196=LINE('',#4907,#462);
#197=LINE('',#4909,#463);
#198=LINE('',#4911,#464);
#199=LINE('',#4913,#465);
#200=LINE('',#4919,#466);
#201=LINE('',#4921,#467);
#202=LINE('',#4923,#468);
#203=LINE('',#4926,#469);
#204=LINE('',#4928,#470);
#205=LINE('',#4930,#471);
#206=LINE('',#4932,#472);
#207=LINE('',#4938,#473);
#208=LINE('',#4940,#474);
#209=LINE('',#4942,#475);
#210=LINE('',#4944,#476);
#211=LINE('',#4946,#477);
#212=LINE('',#4948,#478);
#213=LINE('',#4950,#479);
#214=LINE('',#4952,#480);
#215=LINE('',#4954,#481);
#216=LINE('',#4956,#482);
#217=LINE('',#4958,#483);
#218=LINE('',#4964,#484);
#219=LINE('',#4966,#485);
#220=LINE('',#4972,#486);
#221=LINE('',#4975,#487);
#222=LINE('',#4977,#488);
#223=LINE('',#4981,#489);
#224=LINE('',#4982,#490);
#225=LINE('',#4984,#491);
#226=LINE('',#4988,#492);
#227=LINE('',#4992,#493);
#228=LINE('',#4994,#494);
#229=LINE('',#4995,#495);
#230=LINE('',#4999,#496);
#231=LINE('',#5003,#497);
#232=LINE('',#5007,#498);
#233=LINE('',#5009,#499);
#234=LINE('',#5012,#500);
#235=LINE('',#5013,#501);
#236=LINE('',#5015,#502);
#237=LINE('',#5017,#503);
#238=LINE('',#5019,#504);
#239=LINE('',#5021,#505);
#240=LINE('',#5023,#506);
#241=LINE('',#5025,#507);
#242=LINE('',#5026,#508);
#243=LINE('',#5032,#509);
#244=LINE('',#5034,#510);
#245=LINE('',#5037,#511);
#246=LINE('',#5041,#512);
#247=LINE('',#5045,#513);
#248=LINE('',#5046,#514);
#249=LINE('',#5048,#515);
#250=LINE('',#5052,#516);
#251=LINE('',#5056,#517);
#252=LINE('',#5058,#518);
#253=LINE('',#5059,#519);
#254=LINE('',#5063,#520);
#255=LINE('',#5065,#521);
#256=LINE('',#5067,#522);
#257=LINE('',#5068,#523);
#258=LINE('',#5086,#524);
#259=LINE('',#5087,#525);
#260=LINE('',#5089,#526);
#261=LINE('',#5092,#527);
#262=LINE('',#5096,#528);
#263=LINE('',#5097,#529);
#264=LINE('',#5101,#530);
#265=LINE('',#5103,#531);
#266=LINE('',#5105,#532);
#267=LINE('',#5108,#533);
#268=LINE('',#5109,#534);
#269=LINE('',#5121,#535);
#270=LINE('',#5125,#536);
#271=LINE('',#5127,#537);
#272=LINE('',#5131,#538);
#273=LINE('',#5133,#539);
#274=LINE('',#5135,#540);
#275=LINE('',#5137,#541);
#276=LINE('',#5139,#542);
#277=LINE('',#5141,#543);
#278=LINE('',#5153,#544);
#279=LINE('',#5156,#545);
#280=LINE('',#5158,#546);
#281=LINE('',#5160,#547);
#282=LINE('',#5162,#548);
#283=LINE('',#5165,#549);
#284=LINE('',#5166,#550);
#285=LINE('',#5168,#551);
#286=LINE('',#5172,#552);
#287=LINE('',#5185,#553);
#288=LINE('',#5188,#554);
#289=LINE('',#5192,#555);
#290=LINE('',#5193,#556);
#291=LINE('',#5197,#557);
#292=LINE('',#5199,#558);
#293=LINE('',#5201,#559);
#294=LINE('',#5204,#560);
#295=LINE('',#5205,#561);
#296=LINE('',#5217,#562);
#297=LINE('',#5219,#563);
#298=LINE('',#5221,#564);
#299=LINE('',#5223,#565);
#300=LINE('',#5225,#566);
#301=LINE('',#5229,#567);
#302=LINE('',#5231,#568);
#303=LINE('',#5233,#569);
#304=LINE('',#5237,#570);
#305=LINE('',#5239,#571);
#306=LINE('',#5241,#572);
#307=LINE('',#5243,#573);
#308=LINE('',#5245,#574);
#309=LINE('',#5247,#575);
#310=LINE('',#5249,#576);
#311=LINE('',#5251,#577);
#312=LINE('',#5253,#578);
#313=LINE('',#5255,#579);
#314=LINE('',#5257,#580);
#315=LINE('',#5261,#581);
#316=LINE('',#5263,#582);
#317=LINE('',#5265,#583);
#318=LINE('',#5269,#584);
#319=LINE('',#5271,#585);
#320=LINE('',#5277,#586);
#321=LINE('',#5279,#587);
#322=LINE('',#5281,#588);
#323=LINE('',#5284,#589);
#324=LINE('',#5286,#590);
#325=LINE('',#5288,#591);
#326=LINE('',#5311,#592);
#327=LINE('',#5316,#593);
#328=LINE('',#5320,#594);
#329=LINE('',#5321,#595);
#330=LINE('',#5323,#596);
#331=LINE('',#5324,#597);
#332=LINE('',#5333,#598);
#333=LINE('',#5335,#599);
#334=LINE('',#5337,#600);
#335=LINE('',#5341,#601);
#336=LINE('',#5345,#602);
#337=LINE('',#5346,#603);
#338=LINE('',#5375,#604);
#339=LINE('',#5380,#605);
#340=LINE('',#5384,#606);
#341=LINE('',#5385,#607);
#342=LINE('',#5387,#608);
#343=LINE('',#5388,#609);
#344=LINE('',#5397,#610);
#345=LINE('',#5400,#611);
#346=LINE('',#5401,#612);
#347=LINE('',#5403,#613);
#348=LINE('',#5405,#614);
#349=LINE('',#5407,#615);
#350=LINE('',#5421,#616);
#351=LINE('',#5426,#617);
#352=LINE('',#5430,#618);
#353=LINE('',#5434,#619);
#354=LINE('',#5438,#620);
#355=LINE('',#5450,#621);
#356=LINE('',#5451,#622);
#357=LINE('',#5453,#623);
#358=LINE('',#5455,#624);
#359=LINE('',#5457,#625);
#360=LINE('',#5460,#626);
#361=LINE('',#5461,#627);
#362=LINE('',#5465,#628);
#363=LINE('',#5467,#629);
#364=LINE('',#5469,#630);
#365=LINE('',#5471,#631);
#366=LINE('',#5474,#632);
#367=LINE('',#5475,#633);
#368=LINE('',#5479,#634);
#369=LINE('',#5485,#635);
#370=LINE('',#5489,#636);
#371=LINE('',#5494,#637);
#372=LINE('',#5498,#638);
#373=LINE('',#5502,#639);
#374=LINE('',#5506,#640);
#375=LINE('',#5518,#641);
#376=LINE('',#5519,#642);
#377=LINE('',#5521,#643);
#378=LINE('',#5523,#644);
#379=LINE('',#5525,#645);
#380=LINE('',#5528,#646);
#381=LINE('',#5529,#647);
#382=LINE('',#5531,#648);
#383=LINE('',#5534,#649);
#384=LINE('',#5535,#650);
#385=LINE('',#5539,#651);
#386=LINE('',#5541,#652);
#387=LINE('',#5543,#653);
#388=LINE('',#5547,#654);
#389=LINE('',#5553,#655);
#390=LINE('',#5581,#656);
#391=LINE('',#5585,#657);
#392=LINE('',#5608,#658);
#393=LINE('',#5617,#659);
#394=VECTOR('',#3691,1.);
#395=VECTOR('',#3696,1.);
#396=VECTOR('',#3699,1.);
#397=VECTOR('',#3704,1.);
#398=VECTOR('',#3707,1.);
#399=VECTOR('',#3712,1.);
#400=VECTOR('',#3715,1.);
#401=VECTOR('',#3720,1.);
#402=VECTOR('',#3725,1.);
#403=VECTOR('',#3728,1.);
#404=VECTOR('',#3735,1.);
#405=VECTOR('',#3738,1.);
#406=VECTOR('',#3741,1.);
#407=VECTOR('',#3744,1.);
#408=VECTOR('',#3747,1.);
#409=VECTOR('',#3752,1.);
#410=VECTOR('',#3753,1.);
#411=VECTOR('',#3758,1.);
#412=VECTOR('',#3759,1.);
#413=VECTOR('',#3760,1.);
#414=VECTOR('',#3761,1.);
#415=VECTOR('',#3762,1.);
#416=VECTOR('',#3767,1.);
#417=VECTOR('',#3770,1.);
#418=VECTOR('',#3775,1.);
#419=VECTOR('',#3786,1.);
#420=VECTOR('',#3789,1.);
#421=VECTOR('',#3792,1.);
#422=VECTOR('',#3795,1.);
#423=VECTOR('',#3798,1.);
#424=VECTOR('',#3807,1.);
#425=VECTOR('',#3808,1.);
#426=VECTOR('',#3811,1.);
#427=VECTOR('',#3814,1.);
#428=VECTOR('',#3815,1.);
#429=VECTOR('',#3818,1.);
#430=VECTOR('',#3819,1.);
#431=VECTOR('',#3822,1.);
#432=VECTOR('',#3825,1.);
#433=VECTOR('',#3830,1.);
#434=VECTOR('',#3853,1.);
#435=VECTOR('',#3854,1.);
#436=VECTOR('',#3855,1.);
#437=VECTOR('',#3856,1.);
#438=VECTOR('',#3857,1.);
#439=VECTOR('',#3860,1.);
#440=VECTOR('',#3861,1.);
#441=VECTOR('',#3862,1.);
#442=VECTOR('',#3865,1.);
#443=VECTOR('',#3866,1.);
#444=VECTOR('',#3867,1.);
#445=VECTOR('',#3868,1.);
#446=VECTOR('',#3869,1.);
#447=VECTOR('',#3872,1.);
#448=VECTOR('',#3873,1.);
#449=VECTOR('',#3874,1.);
#450=VECTOR('',#3877,1.);
#451=VECTOR('',#3878,1.);
#452=VECTOR('',#3879,1.);
#453=VECTOR('',#3880,1.);
#454=VECTOR('',#3881,1.);
#455=VECTOR('',#3886,1.);
#456=VECTOR('',#3887,1.);
#457=VECTOR('',#3888,1.);
#458=VECTOR('',#3889,1.);
#459=VECTOR('',#3890,1.);
#460=VECTOR('',#3891,1.);
#461=VECTOR('',#3892,1.);
#462=VECTOR('',#3893,1.);
#463=VECTOR('',#3894,1.);
#464=VECTOR('',#3895,1.);
#465=VECTOR('',#3896,1.);
#466=VECTOR('',#3901,1.);
#467=VECTOR('',#3902,1.);
#468=VECTOR('',#3905,1.);
#469=VECTOR('',#3906,1.);
#470=VECTOR('',#3907,1.);
#471=VECTOR('',#3908,1.);
#472=VECTOR('',#3909,1.);
#473=VECTOR('',#3914,1.);
#474=VECTOR('',#3915,1.);
#475=VECTOR('',#3916,1.);
#476=VECTOR('',#3917,1.);
#477=VECTOR('',#3918,1.);
#478=VECTOR('',#3919,1.);
#479=VECTOR('',#3920,1.);
#480=VECTOR('',#3921,1.);
#481=VECTOR('',#3922,1.);
#482=VECTOR('',#3923,1.);
#483=VECTOR('',#3924,1.);
#484=VECTOR('',#3929,1.);
#485=VECTOR('',#3930,1.);
#486=VECTOR('',#3937,1.);
#487=VECTOR('',#3938,1.);
#488=VECTOR('',#3939,1.);
#489=VECTOR('',#3942,1.);
#490=VECTOR('',#3943,1.);
#491=VECTOR('',#3944,1.);
#492=VECTOR('',#3947,1.);
#493=VECTOR('',#3950,1.);
#494=VECTOR('',#3951,1.);
#495=VECTOR('',#3952,1.);
#496=VECTOR('',#3955,1.);
#497=VECTOR('',#3958,1.);
#498=VECTOR('',#3961,1.);
#499=VECTOR('',#3964,1.);
#500=VECTOR('',#3965,1.);
#501=VECTOR('',#3966,1.);
#502=VECTOR('',#3967,1.);
#503=VECTOR('',#3968,1.);
#504=VECTOR('',#3969,1.);
#505=VECTOR('',#3970,1.);
#506=VECTOR('',#3971,1.);
#507=VECTOR('',#3972,1.);
#508=VECTOR('',#3973,1.);
#509=VECTOR('',#3980,1.);
#510=VECTOR('',#3981,1.);
#511=VECTOR('',#3984,1.);
#512=VECTOR('',#3987,1.);
#513=VECTOR('',#3990,1.);
#514=VECTOR('',#3991,1.);
#515=VECTOR('',#3992,1.);
#516=VECTOR('',#3995,1.);
#517=VECTOR('',#3998,1.);
#518=VECTOR('',#3999,1.);
#519=VECTOR('',#4000,1.);
#520=VECTOR('',#4005,1.);
#521=VECTOR('',#4008,1.);
#522=VECTOR('',#4011,1.);
#523=VECTOR('',#4012,1.);
#524=VECTOR('',#4031,1.);
#525=VECTOR('',#4032,1.);
#526=VECTOR('',#4035,1.);
#527=VECTOR('',#4036,1.);
#528=VECTOR('',#4039,1.);
#529=VECTOR('',#4040,1.);
#530=VECTOR('',#4045,1.);
#531=VECTOR('',#4046,1.);
#532=VECTOR('',#4049,1.);
#533=VECTOR('',#4050,1.);
#534=VECTOR('',#4051,1.);
#535=VECTOR('',#4062,1.);
#536=VECTOR('',#4065,1.);
#537=VECTOR('',#4066,1.);
#538=VECTOR('',#4069,1.);
#539=VECTOR('',#4072,1.);
#540=VECTOR('',#4073,1.);
#541=VECTOR('',#4074,1.);
#542=VECTOR('',#4077,1.);
#543=VECTOR('',#4078,1.);
#544=VECTOR('',#4089,1.);
#545=VECTOR('',#4090,1.);
#546=VECTOR('',#4091,1.);
#547=VECTOR('',#4092,1.);
#548=VECTOR('',#4095,1.);
#549=VECTOR('',#4096,1.);
#550=VECTOR('',#4097,1.);
#551=VECTOR('',#4100,1.);
#552=VECTOR('',#4103,1.);
#553=VECTOR('',#4116,1.);
#554=VECTOR('',#4117,1.);
#555=VECTOR('',#4120,1.);
#556=VECTOR('',#4121,1.);
#557=VECTOR('',#4126,1.);
#558=VECTOR('',#4127,1.);
#559=VECTOR('',#4130,1.);
#560=VECTOR('',#4131,1.);
#561=VECTOR('',#4132,1.);
#562=VECTOR('',#4143,1.);
#563=VECTOR('',#4144,1.);
#564=VECTOR('',#4147,1.);
#565=VECTOR('',#4148,1.);
#566=VECTOR('',#4151,1.);
#567=VECTOR('',#4156,1.);
#568=VECTOR('',#4157,1.);
#569=VECTOR('',#4160,1.);
#570=VECTOR('',#4165,1.);
#571=VECTOR('',#4166,1.);
#572=VECTOR('',#4169,1.);
#573=VECTOR('',#4172,1.);
#574=VECTOR('',#4175,1.);
#575=VECTOR('',#4176,1.);
#576=VECTOR('',#4179,1.);
#577=VECTOR('',#4180,1.);
#578=VECTOR('',#4183,1.);
#579=VECTOR('',#4184,1.);
#580=VECTOR('',#4187,1.);
#581=VECTOR('',#4192,1.);
#582=VECTOR('',#4193,1.);
#583=VECTOR('',#4196,1.);
#584=VECTOR('',#4201,1.);
#585=VECTOR('',#4204,1.);
#586=VECTOR('',#4215,1.);
#587=VECTOR('',#4216,1.);
#588=VECTOR('',#4219,1.);
#589=VECTOR('',#4224,1.);
#590=VECTOR('',#4225,1.);
#591=VECTOR('',#4228,1.);
#592=VECTOR('',#4257,1.);
#593=VECTOR('',#4260,1.);
#594=VECTOR('',#4265,1.);
#595=VECTOR('',#4266,1.);
#596=VECTOR('',#4269,1.);
#597=VECTOR('',#4270,1.);
#598=VECTOR('',#4283,1.);
#599=VECTOR('',#4284,1.);
#600=VECTOR('',#4285,1.);
#601=VECTOR('',#4290,1.);
#602=VECTOR('',#4295,1.);
#603=VECTOR('',#4296,1.);
#604=VECTOR('',#4333,1.);
#605=VECTOR('',#4336,1.);
#606=VECTOR('',#4341,1.);
#607=VECTOR('',#4342,1.);
#608=VECTOR('',#4345,1.);
#609=VECTOR('',#4346,1.);
#610=VECTOR('',#4359,1.);
#611=VECTOR('',#4360,1.);
#612=VECTOR('',#4361,1.);
#613=VECTOR('',#4364,1.);
#614=VECTOR('',#4365,1.);
#615=VECTOR('',#4366,1.);
#616=VECTOR('',#4387,1.);
#617=VECTOR('',#4390,1.);
#618=VECTOR('',#4393,1.);
#619=VECTOR('',#4396,1.);
#620=VECTOR('',#4399,1.);
#621=VECTOR('',#4412,1.);
#622=VECTOR('',#4413,1.);
#623=VECTOR('',#4416,1.);
#624=VECTOR('',#4417,1.);
#625=VECTOR('',#4420,1.);
#626=VECTOR('',#4421,1.);
#627=VECTOR('',#4422,1.);
#628=VECTOR('',#4427,1.);
#629=VECTOR('',#4430,1.);
#630=VECTOR('',#4431,1.);
#631=VECTOR('',#4434,1.);
#632=VECTOR('',#4435,1.);
#633=VECTOR('',#4436,1.);
#634=VECTOR('',#4441,1.);
#635=VECTOR('',#4450,1.);
#636=VECTOR('',#4455,1.);
#637=VECTOR('',#4458,1.);
#638=VECTOR('',#4461,1.);
#639=VECTOR('',#4464,1.);
#640=VECTOR('',#4467,1.);
#641=VECTOR('',#4480,1.);
#642=VECTOR('',#4481,1.);
#643=VECTOR('',#4484,1.);
#644=VECTOR('',#4485,1.);
#645=VECTOR('',#4488,1.);
#646=VECTOR('',#4489,1.);
#647=VECTOR('',#4490,1.);
#648=VECTOR('',#4493,1.);
#649=VECTOR('',#4494,1.);
#650=VECTOR('',#4495,1.);
#651=VECTOR('',#4500,1.);
#652=VECTOR('',#4503,1.);
#653=VECTOR('',#4504,1.);
#654=VECTOR('',#4509,1.);
#655=VECTOR('',#4518,1.);
#656=VECTOR('',#4563,1.);
#657=VECTOR('',#4568,1.);
#658=VECTOR('',#4605,1.);
#659=VECTOR('',#4612,1.);
#660=ORIENTED_EDGE('',*,*,#1552,.F.);
#661=ORIENTED_EDGE('',*,*,#1553,.F.);
#662=ORIENTED_EDGE('',*,*,#1554,.F.);
#663=ORIENTED_EDGE('',*,*,#1555,.F.);
#664=ORIENTED_EDGE('',*,*,#1556,.F.);
#665=ORIENTED_EDGE('',*,*,#1557,.F.);
#666=ORIENTED_EDGE('',*,*,#1558,.F.);
#667=ORIENTED_EDGE('',*,*,#1559,.F.);
#668=ORIENTED_EDGE('',*,*,#1560,.F.);
#669=ORIENTED_EDGE('',*,*,#1561,.F.);
#670=ORIENTED_EDGE('',*,*,#1562,.F.);
#671=ORIENTED_EDGE('',*,*,#1563,.F.);
#672=ORIENTED_EDGE('',*,*,#1564,.F.);
#673=ORIENTED_EDGE('',*,*,#1565,.F.);
#674=ORIENTED_EDGE('',*,*,#1566,.F.);
#675=ORIENTED_EDGE('',*,*,#1567,.F.);
#676=ORIENTED_EDGE('',*,*,#1568,.F.);
#677=ORIENTED_EDGE('',*,*,#1569,.F.);
#678=ORIENTED_EDGE('',*,*,#1570,.F.);
#679=ORIENTED_EDGE('',*,*,#1571,.F.);
#680=ORIENTED_EDGE('',*,*,#1572,.F.);
#681=ORIENTED_EDGE('',*,*,#1573,.F.);
#682=ORIENTED_EDGE('',*,*,#1574,.T.);
#683=ORIENTED_EDGE('',*,*,#1575,.F.);
#684=ORIENTED_EDGE('',*,*,#1576,.F.);
#685=ORIENTED_EDGE('',*,*,#1577,.F.);
#686=ORIENTED_EDGE('',*,*,#1578,.T.);
#687=ORIENTED_EDGE('',*,*,#1579,.F.);
#688=ORIENTED_EDGE('',*,*,#1580,.F.);
#689=ORIENTED_EDGE('',*,*,#1581,.F.);
#690=ORIENTED_EDGE('',*,*,#1582,.T.);
#691=ORIENTED_EDGE('',*,*,#1583,.F.);
#692=ORIENTED_EDGE('',*,*,#1584,.T.);
#693=ORIENTED_EDGE('',*,*,#1558,.T.);
#694=ORIENTED_EDGE('',*,*,#1585,.F.);
#695=ORIENTED_EDGE('',*,*,#1575,.T.);
#696=ORIENTED_EDGE('',*,*,#1586,.T.);
#697=ORIENTED_EDGE('',*,*,#1587,.T.);
#698=ORIENTED_EDGE('',*,*,#1588,.T.);
#699=ORIENTED_EDGE('',*,*,#1555,.T.);
#700=ORIENTED_EDGE('',*,*,#1589,.F.);
#701=ORIENTED_EDGE('',*,*,#1582,.F.);
#702=ORIENTED_EDGE('',*,*,#1590,.T.);
#703=ORIENTED_EDGE('',*,*,#1563,.T.);
#704=ORIENTED_EDGE('',*,*,#1591,.F.);
#705=ORIENTED_EDGE('',*,*,#1578,.F.);
#706=ORIENTED_EDGE('',*,*,#1592,.T.);
#707=ORIENTED_EDGE('',*,*,#1559,.T.);
#708=ORIENTED_EDGE('',*,*,#1586,.F.);
#709=ORIENTED_EDGE('',*,*,#1584,.F.);
#710=ORIENTED_EDGE('',*,*,#1554,.T.);
#711=ORIENTED_EDGE('',*,*,#1588,.F.);
#712=ORIENTED_EDGE('',*,*,#1583,.T.);
#713=ORIENTED_EDGE('',*,*,#1589,.T.);
#714=ORIENTED_EDGE('',*,*,#1560,.T.);
#715=ORIENTED_EDGE('',*,*,#1590,.F.);
#716=ORIENTED_EDGE('',*,*,#1581,.T.);
#717=ORIENTED_EDGE('',*,*,#1593,.T.);
#718=ORIENTED_EDGE('',*,*,#1561,.T.);
#719=ORIENTED_EDGE('',*,*,#1593,.F.);
#720=ORIENTED_EDGE('',*,*,#1580,.T.);
#721=ORIENTED_EDGE('',*,*,#1594,.T.);
#722=ORIENTED_EDGE('',*,*,#1562,.T.);
#723=ORIENTED_EDGE('',*,*,#1594,.F.);
#724=ORIENTED_EDGE('',*,*,#1579,.T.);
#725=ORIENTED_EDGE('',*,*,#1591,.T.);
#726=ORIENTED_EDGE('',*,*,#1556,.T.);
#727=ORIENTED_EDGE('',*,*,#1592,.F.);
#728=ORIENTED_EDGE('',*,*,#1577,.T.);
#729=ORIENTED_EDGE('',*,*,#1595,.T.);
#730=ORIENTED_EDGE('',*,*,#1557,.T.);
#731=ORIENTED_EDGE('',*,*,#1595,.F.);
#732=ORIENTED_EDGE('',*,*,#1576,.T.);
#733=ORIENTED_EDGE('',*,*,#1585,.T.);
#734=ORIENTED_EDGE('',*,*,#1596,.T.);
#735=ORIENTED_EDGE('',*,*,#1552,.T.);
#736=ORIENTED_EDGE('',*,*,#1597,.T.);
#737=ORIENTED_EDGE('',*,*,#1598,.F.);
#738=ORIENTED_EDGE('',*,*,#1599,.F.);
#739=ORIENTED_EDGE('',*,*,#1600,.F.);
#740=ORIENTED_EDGE('',*,*,#1601,.T.);
#741=ORIENTED_EDGE('',*,*,#1602,.F.);
#742=ORIENTED_EDGE('',*,*,#1603,.T.);
#743=ORIENTED_EDGE('',*,*,#1604,.F.);
#744=ORIENTED_EDGE('',*,*,#1605,.F.);
#745=ORIENTED_EDGE('',*,*,#1606,.F.);
#746=ORIENTED_EDGE('',*,*,#1607,.T.);
#747=ORIENTED_EDGE('',*,*,#1608,.T.);
#748=ORIENTED_EDGE('',*,*,#1553,.T.);
#749=ORIENTED_EDGE('',*,*,#1565,.T.);
#750=ORIENTED_EDGE('',*,*,#1609,.F.);
#751=ORIENTED_EDGE('',*,*,#1599,.T.);
#752=ORIENTED_EDGE('',*,*,#1610,.T.);
#753=ORIENTED_EDGE('',*,*,#1564,.T.);
#754=ORIENTED_EDGE('',*,*,#1611,.F.);
#755=ORIENTED_EDGE('',*,*,#1600,.T.);
#756=ORIENTED_EDGE('',*,*,#1609,.T.);
#757=ORIENTED_EDGE('',*,*,#1568,.T.);
#758=ORIENTED_EDGE('',*,*,#1612,.F.);
#759=ORIENTED_EDGE('',*,*,#1602,.T.);
#760=ORIENTED_EDGE('',*,*,#1613,.T.);
#761=ORIENTED_EDGE('',*,*,#1572,.T.);
#762=ORIENTED_EDGE('',*,*,#1614,.F.);
#763=ORIENTED_EDGE('',*,*,#1604,.T.);
#764=ORIENTED_EDGE('',*,*,#1615,.T.);
#765=ORIENTED_EDGE('',*,*,#1571,.T.);
#766=ORIENTED_EDGE('',*,*,#1616,.F.);
#767=ORIENTED_EDGE('',*,*,#1605,.T.);
#768=ORIENTED_EDGE('',*,*,#1614,.T.);
#769=ORIENTED_EDGE('',*,*,#1570,.T.);
#770=ORIENTED_EDGE('',*,*,#1617,.F.);
#771=ORIENTED_EDGE('',*,*,#1606,.T.);
#772=ORIENTED_EDGE('',*,*,#1616,.T.);
#773=ORIENTED_EDGE('',*,*,#1618,.T.);
#774=ORIENTED_EDGE('',*,*,#1617,.T.);
#775=ORIENTED_EDGE('',*,*,#1573,.T.);
#776=ORIENTED_EDGE('',*,*,#1615,.F.);
#777=ORIENTED_EDGE('',*,*,#1603,.F.);
#778=ORIENTED_EDGE('',*,*,#1612,.T.);
#779=ORIENTED_EDGE('',*,*,#1569,.T.);
#780=ORIENTED_EDGE('',*,*,#1613,.F.);
#781=ORIENTED_EDGE('',*,*,#1601,.F.);
#782=ORIENTED_EDGE('',*,*,#1611,.T.);
#783=ORIENTED_EDGE('',*,*,#1567,.T.);
#784=ORIENTED_EDGE('',*,*,#1619,.F.);
#785=ORIENTED_EDGE('',*,*,#1607,.F.);
#786=ORIENTED_EDGE('',*,*,#1566,.T.);
#787=ORIENTED_EDGE('',*,*,#1610,.F.);
#788=ORIENTED_EDGE('',*,*,#1598,.T.);
#789=ORIENTED_EDGE('',*,*,#1619,.T.);
#790=ORIENTED_EDGE('',*,*,#1620,.T.);
#791=ORIENTED_EDGE('',*,*,#1621,.T.);
#792=ORIENTED_EDGE('',*,*,#1622,.T.);
#793=ORIENTED_EDGE('',*,*,#1623,.T.);
#794=ORIENTED_EDGE('',*,*,#1624,.T.);
#795=ORIENTED_EDGE('',*,*,#1625,.T.);
#796=ORIENTED_EDGE('',*,*,#1626,.T.);
#797=ORIENTED_EDGE('',*,*,#1627,.T.);
#798=ORIENTED_EDGE('',*,*,#1628,.T.);
#799=ORIENTED_EDGE('',*,*,#1629,.T.);
#800=ORIENTED_EDGE('',*,*,#1630,.T.);
#801=ORIENTED_EDGE('',*,*,#1631,.T.);
#802=ORIENTED_EDGE('',*,*,#1632,.T.);
#803=ORIENTED_EDGE('',*,*,#1633,.T.);
#804=ORIENTED_EDGE('',*,*,#1634,.T.);
#805=ORIENTED_EDGE('',*,*,#1635,.T.);
#806=ORIENTED_EDGE('',*,*,#1636,.T.);
#807=ORIENTED_EDGE('',*,*,#1637,.T.);
#808=ORIENTED_EDGE('',*,*,#1638,.T.);
#809=ORIENTED_EDGE('',*,*,#1639,.T.);
#810=ORIENTED_EDGE('',*,*,#1640,.T.);
#811=ORIENTED_EDGE('',*,*,#1641,.T.);
#812=ORIENTED_EDGE('',*,*,#1642,.T.);
#813=ORIENTED_EDGE('',*,*,#1643,.T.);
#814=ORIENTED_EDGE('',*,*,#1644,.T.);
#815=ORIENTED_EDGE('',*,*,#1645,.T.);
#816=ORIENTED_EDGE('',*,*,#1646,.T.);
#817=ORIENTED_EDGE('',*,*,#1647,.T.);
#818=ORIENTED_EDGE('',*,*,#1648,.T.);
#819=ORIENTED_EDGE('',*,*,#1649,.T.);
#820=ORIENTED_EDGE('',*,*,#1650,.F.);
#821=ORIENTED_EDGE('',*,*,#1651,.F.);
#822=ORIENTED_EDGE('',*,*,#1652,.T.);
#823=ORIENTED_EDGE('',*,*,#1653,.T.);
#824=ORIENTED_EDGE('',*,*,#1654,.T.);
#825=ORIENTED_EDGE('',*,*,#1655,.T.);
#826=ORIENTED_EDGE('',*,*,#1656,.F.);
#827=ORIENTED_EDGE('',*,*,#1657,.F.);
#828=ORIENTED_EDGE('',*,*,#1658,.T.);
#829=ORIENTED_EDGE('',*,*,#1659,.T.);
#830=ORIENTED_EDGE('',*,*,#1660,.T.);
#831=ORIENTED_EDGE('',*,*,#1661,.T.);
#832=ORIENTED_EDGE('',*,*,#1662,.F.);
#833=ORIENTED_EDGE('',*,*,#1663,.T.);
#834=ORIENTED_EDGE('',*,*,#1664,.T.);
#835=ORIENTED_EDGE('',*,*,#1665,.T.);
#836=ORIENTED_EDGE('',*,*,#1666,.T.);
#837=ORIENTED_EDGE('',*,*,#1667,.T.);
#838=ORIENTED_EDGE('',*,*,#1668,.F.);
#839=ORIENTED_EDGE('',*,*,#1669,.T.);
#840=ORIENTED_EDGE('',*,*,#1670,.T.);
#841=ORIENTED_EDGE('',*,*,#1671,.T.);
#842=ORIENTED_EDGE('',*,*,#1672,.F.);
#843=ORIENTED_EDGE('',*,*,#1673,.F.);
#844=ORIENTED_EDGE('',*,*,#1674,.T.);
#845=ORIENTED_EDGE('',*,*,#1675,.T.);
#846=ORIENTED_EDGE('',*,*,#1676,.T.);
#847=ORIENTED_EDGE('',*,*,#1677,.T.);
#848=ORIENTED_EDGE('',*,*,#1678,.F.);
#849=ORIENTED_EDGE('',*,*,#1679,.T.);
#850=ORIENTED_EDGE('',*,*,#1680,.T.);
#851=ORIENTED_EDGE('',*,*,#1681,.T.);
#852=ORIENTED_EDGE('',*,*,#1682,.F.);
#853=ORIENTED_EDGE('',*,*,#1683,.T.);
#854=ORIENTED_EDGE('',*,*,#1684,.F.);
#855=ORIENTED_EDGE('',*,*,#1685,.F.);
#856=ORIENTED_EDGE('',*,*,#1686,.T.);
#857=ORIENTED_EDGE('',*,*,#1687,.T.);
#858=ORIENTED_EDGE('',*,*,#1688,.T.);
#859=ORIENTED_EDGE('',*,*,#1689,.T.);
#860=ORIENTED_EDGE('',*,*,#1690,.F.);
#861=ORIENTED_EDGE('',*,*,#1691,.T.);
#862=ORIENTED_EDGE('',*,*,#1692,.T.);
#863=ORIENTED_EDGE('',*,*,#1693,.T.);
#864=ORIENTED_EDGE('',*,*,#1694,.F.);
#865=ORIENTED_EDGE('',*,*,#1695,.T.);
#866=ORIENTED_EDGE('',*,*,#1696,.T.);
#867=ORIENTED_EDGE('',*,*,#1697,.T.);
#868=ORIENTED_EDGE('',*,*,#1698,.F.);
#869=ORIENTED_EDGE('',*,*,#1681,.F.);
#870=ORIENTED_EDGE('',*,*,#1699,.F.);
#871=ORIENTED_EDGE('',*,*,#1700,.T.);
#872=ORIENTED_EDGE('',*,*,#1701,.F.);
#873=ORIENTED_EDGE('',*,*,#1702,.F.);
#874=ORIENTED_EDGE('',*,*,#1703,.F.);
#875=ORIENTED_EDGE('',*,*,#1704,.F.);
#876=ORIENTED_EDGE('',*,*,#1705,.F.);
#877=ORIENTED_EDGE('',*,*,#1661,.F.);
#878=ORIENTED_EDGE('',*,*,#1706,.F.);
#879=ORIENTED_EDGE('',*,*,#1707,.T.);
#880=ORIENTED_EDGE('',*,*,#1708,.F.);
#881=ORIENTED_EDGE('',*,*,#1709,.T.);
#882=ORIENTED_EDGE('',*,*,#1710,.T.);
#883=ORIENTED_EDGE('',*,*,#1711,.T.);
#884=ORIENTED_EDGE('',*,*,#1712,.T.);
#885=ORIENTED_EDGE('',*,*,#1713,.T.);
#886=ORIENTED_EDGE('',*,*,#1714,.T.);
#887=ORIENTED_EDGE('',*,*,#1712,.F.);
#888=ORIENTED_EDGE('',*,*,#1715,.T.);
#889=ORIENTED_EDGE('',*,*,#1716,.F.);
#890=ORIENTED_EDGE('',*,*,#1717,.F.);
#891=ORIENTED_EDGE('',*,*,#1718,.F.);
#892=ORIENTED_EDGE('',*,*,#1719,.T.);
#893=ORIENTED_EDGE('',*,*,#1720,.F.);
#894=ORIENTED_EDGE('',*,*,#1721,.T.);
#895=ORIENTED_EDGE('',*,*,#1696,.F.);
#896=ORIENTED_EDGE('',*,*,#1722,.F.);
#897=ORIENTED_EDGE('',*,*,#1723,.T.);
#898=ORIENTED_EDGE('',*,*,#1724,.T.);
#899=ORIENTED_EDGE('',*,*,#1725,.F.);
#900=ORIENTED_EDGE('',*,*,#1726,.T.);
#901=ORIENTED_EDGE('',*,*,#1716,.T.);
#902=ORIENTED_EDGE('',*,*,#1727,.T.);
#903=ORIENTED_EDGE('',*,*,#1728,.T.);
#904=ORIENTED_EDGE('',*,*,#1729,.T.);
#905=ORIENTED_EDGE('',*,*,#1730,.F.);
#906=ORIENTED_EDGE('',*,*,#1731,.T.);
#907=ORIENTED_EDGE('',*,*,#1732,.F.);
#908=ORIENTED_EDGE('',*,*,#1659,.F.);
#909=ORIENTED_EDGE('',*,*,#1733,.T.);
#910=ORIENTED_EDGE('',*,*,#1734,.T.);
#911=ORIENTED_EDGE('',*,*,#1735,.T.);
#912=ORIENTED_EDGE('',*,*,#1736,.T.);
#913=ORIENTED_EDGE('',*,*,#1737,.T.);
#914=ORIENTED_EDGE('',*,*,#1738,.F.);
#915=ORIENTED_EDGE('',*,*,#1739,.T.);
#916=ORIENTED_EDGE('',*,*,#1683,.F.);
#917=ORIENTED_EDGE('',*,*,#1740,.F.);
#918=ORIENTED_EDGE('',*,*,#1741,.T.);
#919=ORIENTED_EDGE('',*,*,#1720,.T.);
#920=ORIENTED_EDGE('',*,*,#1698,.T.);
#921=ORIENTED_EDGE('',*,*,#1742,.T.);
#922=ORIENTED_EDGE('',*,*,#1740,.T.);
#923=ORIENTED_EDGE('',*,*,#1682,.T.);
#924=ORIENTED_EDGE('',*,*,#1732,.T.);
#925=ORIENTED_EDGE('',*,*,#1743,.T.);
#926=ORIENTED_EDGE('',*,*,#1706,.T.);
#927=ORIENTED_EDGE('',*,*,#1660,.F.);
#928=ORIENTED_EDGE('',*,*,#1708,.T.);
#929=ORIENTED_EDGE('',*,*,#1744,.T.);
#930=ORIENTED_EDGE('',*,*,#1730,.T.);
#931=ORIENTED_EDGE('',*,*,#1745,.T.);
#932=ORIENTED_EDGE('',*,*,#1746,.T.);
#933=ORIENTED_EDGE('',*,*,#1747,.T.);
#934=ORIENTED_EDGE('',*,*,#1748,.T.);
#935=ORIENTED_EDGE('',*,*,#1749,.T.);
#936=ORIENTED_EDGE('',*,*,#1750,.T.);
#937=ORIENTED_EDGE('',*,*,#1751,.T.);
#938=ORIENTED_EDGE('',*,*,#1752,.T.);
#939=ORIENTED_EDGE('',*,*,#1753,.T.);
#940=ORIENTED_EDGE('',*,*,#1728,.F.);
#941=ORIENTED_EDGE('',*,*,#1754,.T.);
#942=ORIENTED_EDGE('',*,*,#1710,.F.);
#943=ORIENTED_EDGE('',*,*,#1755,.T.);
#944=ORIENTED_EDGE('',*,*,#1756,.T.);
#945=ORIENTED_EDGE('',*,*,#1757,.T.);
#946=ORIENTED_EDGE('',*,*,#1758,.F.);
#947=ORIENTED_EDGE('',*,*,#1759,.T.);
#948=ORIENTED_EDGE('',*,*,#1665,.F.);
#949=ORIENTED_EDGE('',*,*,#1760,.F.);
#950=ORIENTED_EDGE('',*,*,#1761,.T.);
#951=ORIENTED_EDGE('',*,*,#1762,.F.);
#952=ORIENTED_EDGE('',*,*,#1763,.F.);
#953=ORIENTED_EDGE('',*,*,#1760,.T.);
#954=ORIENTED_EDGE('',*,*,#1664,.F.);
#955=ORIENTED_EDGE('',*,*,#1764,.T.);
#956=ORIENTED_EDGE('',*,*,#1765,.T.);
#957=ORIENTED_EDGE('',*,*,#1756,.F.);
#958=ORIENTED_EDGE('',*,*,#1766,.T.);
#959=ORIENTED_EDGE('',*,*,#1763,.T.);
#960=ORIENTED_EDGE('',*,*,#1767,.F.);
#961=ORIENTED_EDGE('',*,*,#1766,.F.);
#962=ORIENTED_EDGE('',*,*,#1761,.F.);
#963=ORIENTED_EDGE('',*,*,#1768,.T.);
#964=ORIENTED_EDGE('',*,*,#1758,.T.);
#965=ORIENTED_EDGE('',*,*,#1769,.T.);
#966=ORIENTED_EDGE('',*,*,#1677,.F.);
#967=ORIENTED_EDGE('',*,*,#1770,.T.);
#968=ORIENTED_EDGE('',*,*,#1771,.T.);
#969=ORIENTED_EDGE('',*,*,#1772,.T.);
#970=ORIENTED_EDGE('',*,*,#1773,.F.);
#971=ORIENTED_EDGE('',*,*,#1774,.F.);
#972=ORIENTED_EDGE('',*,*,#1775,.T.);
#973=ORIENTED_EDGE('',*,*,#1773,.T.);
#974=ORIENTED_EDGE('',*,*,#1776,.T.);
#975=ORIENTED_EDGE('',*,*,#1777,.F.);
#976=ORIENTED_EDGE('',*,*,#1778,.F.);
#977=ORIENTED_EDGE('',*,*,#1779,.T.);
#978=ORIENTED_EDGE('',*,*,#1780,.T.);
#979=ORIENTED_EDGE('',*,*,#1678,.T.);
#980=ORIENTED_EDGE('',*,*,#1775,.F.);
#981=ORIENTED_EDGE('',*,*,#1781,.F.);
#982=ORIENTED_EDGE('',*,*,#1779,.F.);
#983=ORIENTED_EDGE('',*,*,#1774,.T.);
#984=ORIENTED_EDGE('',*,*,#1778,.T.);
#985=ORIENTED_EDGE('',*,*,#1782,.T.);
#986=ORIENTED_EDGE('',*,*,#1771,.F.);
#987=ORIENTED_EDGE('',*,*,#1783,.T.);
#988=ORIENTED_EDGE('',*,*,#1784,.T.);
#989=ORIENTED_EDGE('',*,*,#1785,.T.);
#990=ORIENTED_EDGE('',*,*,#1786,.F.);
#991=ORIENTED_EDGE('',*,*,#1787,.F.);
#992=ORIENTED_EDGE('',*,*,#1788,.T.);
#993=ORIENTED_EDGE('',*,*,#1789,.T.);
#994=ORIENTED_EDGE('',*,*,#1656,.T.);
#995=ORIENTED_EDGE('',*,*,#1790,.F.);
#996=ORIENTED_EDGE('',*,*,#1655,.F.);
#997=ORIENTED_EDGE('',*,*,#1791,.T.);
#998=ORIENTED_EDGE('',*,*,#1792,.T.);
#999=ORIENTED_EDGE('',*,*,#1793,.T.);
#1000=ORIENTED_EDGE('',*,*,#1784,.F.);
#1001=ORIENTED_EDGE('',*,*,#1794,.F.);
#1002=ORIENTED_EDGE('',*,*,#1790,.T.);
#1003=ORIENTED_EDGE('',*,*,#1795,.T.);
#1004=ORIENTED_EDGE('',*,*,#1788,.F.);
#1005=ORIENTED_EDGE('',*,*,#1794,.T.);
#1006=ORIENTED_EDGE('',*,*,#1787,.T.);
#1007=ORIENTED_EDGE('',*,*,#1796,.T.);
#1008=ORIENTED_EDGE('',*,*,#1792,.F.);
#1009=ORIENTED_EDGE('',*,*,#1797,.T.);
#1010=ORIENTED_EDGE('',*,*,#1798,.T.);
#1011=ORIENTED_EDGE('',*,*,#1799,.T.);
#1012=ORIENTED_EDGE('',*,*,#1800,.F.);
#1013=ORIENTED_EDGE('',*,*,#1801,.T.);
#1014=ORIENTED_EDGE('',*,*,#1687,.F.);
#1015=ORIENTED_EDGE('',*,*,#1802,.F.);
#1016=ORIENTED_EDGE('',*,*,#1803,.T.);
#1017=ORIENTED_EDGE('',*,*,#1804,.F.);
#1018=ORIENTED_EDGE('',*,*,#1805,.F.);
#1019=ORIENTED_EDGE('',*,*,#1802,.T.);
#1020=ORIENTED_EDGE('',*,*,#1686,.F.);
#1021=ORIENTED_EDGE('',*,*,#1806,.T.);
#1022=ORIENTED_EDGE('',*,*,#1807,.T.);
#1023=ORIENTED_EDGE('',*,*,#1798,.F.);
#1024=ORIENTED_EDGE('',*,*,#1808,.T.);
#1025=ORIENTED_EDGE('',*,*,#1805,.T.);
#1026=ORIENTED_EDGE('',*,*,#1809,.T.);
#1027=ORIENTED_EDGE('',*,*,#1808,.F.);
#1028=ORIENTED_EDGE('',*,*,#1803,.F.);
#1029=ORIENTED_EDGE('',*,*,#1810,.T.);
#1030=ORIENTED_EDGE('',*,*,#1800,.T.);
#1031=ORIENTED_EDGE('',*,*,#1811,.T.);
#1032=ORIENTED_EDGE('',*,*,#1739,.F.);
#1033=ORIENTED_EDGE('',*,*,#1812,.F.);
#1034=ORIENTED_EDGE('',*,*,#1813,.T.);
#1035=ORIENTED_EDGE('',*,*,#1684,.T.);
#1036=ORIENTED_EDGE('',*,*,#1738,.T.);
#1037=ORIENTED_EDGE('',*,*,#1814,.F.);
#1038=ORIENTED_EDGE('',*,*,#1815,.F.);
#1039=ORIENTED_EDGE('',*,*,#1812,.T.);
#1040=ORIENTED_EDGE('',*,*,#1737,.F.);
#1041=ORIENTED_EDGE('',*,*,#1816,.F.);
#1042=ORIENTED_EDGE('',*,*,#1817,.T.);
#1043=ORIENTED_EDGE('',*,*,#1814,.T.);
#1044=ORIENTED_EDGE('',*,*,#1736,.F.);
#1045=ORIENTED_EDGE('',*,*,#1818,.F.);
#1046=ORIENTED_EDGE('',*,*,#1819,.T.);
#1047=ORIENTED_EDGE('',*,*,#1816,.T.);
#1048=ORIENTED_EDGE('',*,*,#1735,.F.);
#1049=ORIENTED_EDGE('',*,*,#1820,.F.);
#1050=ORIENTED_EDGE('',*,*,#1821,.T.);
#1051=ORIENTED_EDGE('',*,*,#1818,.T.);
#1052=ORIENTED_EDGE('',*,*,#1734,.F.);
#1053=ORIENTED_EDGE('',*,*,#1822,.F.);
#1054=ORIENTED_EDGE('',*,*,#1823,.T.);
#1055=ORIENTED_EDGE('',*,*,#1820,.T.);
#1056=ORIENTED_EDGE('',*,*,#1733,.F.);
#1057=ORIENTED_EDGE('',*,*,#1658,.F.);
#1058=ORIENTED_EDGE('',*,*,#1824,.T.);
#1059=ORIENTED_EDGE('',*,*,#1822,.T.);
#1060=ORIENTED_EDGE('',*,*,#1786,.T.);
#1061=ORIENTED_EDGE('',*,*,#1825,.T.);
#1062=ORIENTED_EDGE('',*,*,#1806,.F.);
#1063=ORIENTED_EDGE('',*,*,#1809,.F.);
#1064=ORIENTED_EDGE('',*,*,#1804,.T.);
#1065=ORIENTED_EDGE('',*,*,#1685,.T.);
#1066=ORIENTED_EDGE('',*,*,#1813,.F.);
#1067=ORIENTED_EDGE('',*,*,#1815,.T.);
#1068=ORIENTED_EDGE('',*,*,#1817,.F.);
#1069=ORIENTED_EDGE('',*,*,#1819,.F.);
#1070=ORIENTED_EDGE('',*,*,#1821,.F.);
#1071=ORIENTED_EDGE('',*,*,#1823,.F.);
#1072=ORIENTED_EDGE('',*,*,#1824,.F.);
#1073=ORIENTED_EDGE('',*,*,#1657,.T.);
#1074=ORIENTED_EDGE('',*,*,#1789,.F.);
#1075=ORIENTED_EDGE('',*,*,#1795,.F.);
#1076=ORIENTED_EDGE('',*,*,#1699,.T.);
#1077=ORIENTED_EDGE('',*,*,#1680,.F.);
#1078=ORIENTED_EDGE('',*,*,#1826,.F.);
#1079=ORIENTED_EDGE('',*,*,#1827,.T.);
#1080=ORIENTED_EDGE('',*,*,#1705,.T.);
#1081=ORIENTED_EDGE('',*,*,#1828,.F.);
#1082=ORIENTED_EDGE('',*,*,#1829,.F.);
#1083=ORIENTED_EDGE('',*,*,#1662,.T.);
#1084=ORIENTED_EDGE('',*,*,#1704,.T.);
#1085=ORIENTED_EDGE('',*,*,#1830,.F.);
#1086=ORIENTED_EDGE('',*,*,#1831,.F.);
#1087=ORIENTED_EDGE('',*,*,#1828,.T.);
#1088=ORIENTED_EDGE('',*,*,#1703,.T.);
#1089=ORIENTED_EDGE('',*,*,#1832,.F.);
#1090=ORIENTED_EDGE('',*,*,#1833,.F.);
#1091=ORIENTED_EDGE('',*,*,#1830,.T.);
#1092=ORIENTED_EDGE('',*,*,#1702,.T.);
#1093=ORIENTED_EDGE('',*,*,#1834,.F.);
#1094=ORIENTED_EDGE('',*,*,#1835,.F.);
#1095=ORIENTED_EDGE('',*,*,#1832,.T.);
#1096=ORIENTED_EDGE('',*,*,#1701,.T.);
#1097=ORIENTED_EDGE('',*,*,#1836,.F.);
#1098=ORIENTED_EDGE('',*,*,#1837,.F.);
#1099=ORIENTED_EDGE('',*,*,#1834,.T.);
#1100=ORIENTED_EDGE('',*,*,#1700,.F.);
#1101=ORIENTED_EDGE('',*,*,#1827,.F.);
#1102=ORIENTED_EDGE('',*,*,#1838,.T.);
#1103=ORIENTED_EDGE('',*,*,#1836,.T.);
#1104=ORIENTED_EDGE('',*,*,#1777,.T.);
#1105=ORIENTED_EDGE('',*,*,#1839,.T.);
#1106=ORIENTED_EDGE('',*,*,#1764,.F.);
#1107=ORIENTED_EDGE('',*,*,#1767,.T.);
#1108=ORIENTED_EDGE('',*,*,#1762,.T.);
#1109=ORIENTED_EDGE('',*,*,#1663,.F.);
#1110=ORIENTED_EDGE('',*,*,#1829,.T.);
#1111=ORIENTED_EDGE('',*,*,#1831,.T.);
#1112=ORIENTED_EDGE('',*,*,#1833,.T.);
#1113=ORIENTED_EDGE('',*,*,#1835,.T.);
#1114=ORIENTED_EDGE('',*,*,#1837,.T.);
#1115=ORIENTED_EDGE('',*,*,#1838,.F.);
#1116=ORIENTED_EDGE('',*,*,#1826,.T.);
#1117=ORIENTED_EDGE('',*,*,#1679,.F.);
#1118=ORIENTED_EDGE('',*,*,#1780,.F.);
#1119=ORIENTED_EDGE('',*,*,#1781,.T.);
#1120=ORIENTED_EDGE('',*,*,#1731,.F.);
#1121=ORIENTED_EDGE('',*,*,#1744,.F.);
#1122=ORIENTED_EDGE('',*,*,#1707,.F.);
#1123=ORIENTED_EDGE('',*,*,#1743,.F.);
#1124=ORIENTED_EDGE('',*,*,#1741,.F.);
#1125=ORIENTED_EDGE('',*,*,#1742,.F.);
#1126=ORIENTED_EDGE('',*,*,#1697,.F.);
#1127=ORIENTED_EDGE('',*,*,#1721,.F.);
#1128=ORIENTED_EDGE('',*,*,#1727,.F.);
#1129=ORIENTED_EDGE('',*,*,#1715,.F.);
#1130=ORIENTED_EDGE('',*,*,#1711,.F.);
#1131=ORIENTED_EDGE('',*,*,#1754,.F.);
#1132=ORIENTED_EDGE('',*,*,#1729,.F.);
#1133=ORIENTED_EDGE('',*,*,#1755,.F.);
#1134=ORIENTED_EDGE('',*,*,#1709,.F.);
#1135=ORIENTED_EDGE('',*,*,#1745,.F.);
#1136=ORIENTED_EDGE('',*,*,#1726,.F.);
#1137=ORIENTED_EDGE('',*,*,#1840,.F.);
#1138=ORIENTED_EDGE('',*,*,#1841,.T.);
#1139=ORIENTED_EDGE('',*,*,#1717,.T.);
#1140=ORIENTED_EDGE('',*,*,#1725,.T.);
#1141=ORIENTED_EDGE('',*,*,#1719,.F.);
#1142=ORIENTED_EDGE('',*,*,#1842,.F.);
#1143=ORIENTED_EDGE('',*,*,#1840,.T.);
#1144=ORIENTED_EDGE('',*,*,#1841,.F.);
#1145=ORIENTED_EDGE('',*,*,#1842,.T.);
#1146=ORIENTED_EDGE('',*,*,#1718,.T.);
#1147=ORIENTED_EDGE('',*,*,#1694,.T.);
#1148=ORIENTED_EDGE('',*,*,#1714,.F.);
#1149=ORIENTED_EDGE('',*,*,#1843,.F.);
#1150=ORIENTED_EDGE('',*,*,#1844,.T.);
#1151=ORIENTED_EDGE('',*,*,#1695,.F.);
#1152=ORIENTED_EDGE('',*,*,#1844,.F.);
#1153=ORIENTED_EDGE('',*,*,#1845,.T.);
#1154=ORIENTED_EDGE('',*,*,#1722,.T.);
#1155=ORIENTED_EDGE('',*,*,#1843,.T.);
#1156=ORIENTED_EDGE('',*,*,#1713,.F.);
#1157=ORIENTED_EDGE('',*,*,#1845,.F.);
#1158=ORIENTED_EDGE('',*,*,#1846,.T.);
#1159=ORIENTED_EDGE('',*,*,#1847,.T.);
#1160=ORIENTED_EDGE('',*,*,#1848,.T.);
#1161=ORIENTED_EDGE('',*,*,#1849,.T.);
#1162=ORIENTED_EDGE('',*,*,#1850,.T.);
#1163=ORIENTED_EDGE('',*,*,#1851,.T.);
#1164=ORIENTED_EDGE('',*,*,#1852,.T.);
#1165=ORIENTED_EDGE('',*,*,#1853,.T.);
#1166=ORIENTED_EDGE('',*,*,#1854,.T.);
#1167=ORIENTED_EDGE('',*,*,#1855,.T.);
#1168=ORIENTED_EDGE('',*,*,#1856,.F.);
#1169=ORIENTED_EDGE('',*,*,#1857,.F.);
#1170=ORIENTED_EDGE('',*,*,#1856,.T.);
#1171=ORIENTED_EDGE('',*,*,#1858,.T.);
#1172=ORIENTED_EDGE('',*,*,#1652,.F.);
#1173=ORIENTED_EDGE('',*,*,#1859,.F.);
#1174=ORIENTED_EDGE('',*,*,#1650,.T.);
#1175=ORIENTED_EDGE('',*,*,#1860,.T.);
#1176=ORIENTED_EDGE('',*,*,#1854,.F.);
#1177=ORIENTED_EDGE('',*,*,#1861,.T.);
#1178=ORIENTED_EDGE('',*,*,#1853,.F.);
#1179=ORIENTED_EDGE('',*,*,#1857,.T.);
#1180=ORIENTED_EDGE('',*,*,#1859,.T.);
#1181=ORIENTED_EDGE('',*,*,#1651,.T.);
#1182=ORIENTED_EDGE('',*,*,#1861,.F.);
#1183=ORIENTED_EDGE('',*,*,#1862,.T.);
#1184=ORIENTED_EDGE('',*,*,#1863,.F.);
#1185=ORIENTED_EDGE('',*,*,#1851,.F.);
#1186=ORIENTED_EDGE('',*,*,#1863,.T.);
#1187=ORIENTED_EDGE('',*,*,#1690,.T.);
#1188=ORIENTED_EDGE('',*,*,#1864,.T.);
#1189=ORIENTED_EDGE('',*,*,#1865,.F.);
#1190=ORIENTED_EDGE('',*,*,#1866,.T.);
#1191=ORIENTED_EDGE('',*,*,#1865,.T.);
#1192=ORIENTED_EDGE('',*,*,#1867,.T.);
#1193=ORIENTED_EDGE('',*,*,#1868,.F.);
#1194=ORIENTED_EDGE('',*,*,#1869,.F.);
#1195=ORIENTED_EDGE('',*,*,#1868,.T.);
#1196=ORIENTED_EDGE('',*,*,#1870,.T.);
#1197=ORIENTED_EDGE('',*,*,#1670,.F.);
#1198=ORIENTED_EDGE('',*,*,#1871,.F.);
#1199=ORIENTED_EDGE('',*,*,#1866,.F.);
#1200=ORIENTED_EDGE('',*,*,#1869,.T.);
#1201=ORIENTED_EDGE('',*,*,#1871,.T.);
#1202=ORIENTED_EDGE('',*,*,#1691,.F.);
#1203=ORIENTED_EDGE('',*,*,#1849,.F.);
#1204=ORIENTED_EDGE('',*,*,#1872,.T.);
#1205=ORIENTED_EDGE('',*,*,#1873,.F.);
#1206=ORIENTED_EDGE('',*,*,#1847,.F.);
#1207=ORIENTED_EDGE('',*,*,#1873,.T.);
#1208=ORIENTED_EDGE('',*,*,#1874,.T.);
#1209=ORIENTED_EDGE('',*,*,#1875,.F.);
#1210=ORIENTED_EDGE('',*,*,#1876,.T.);
#1211=ORIENTED_EDGE('',*,*,#1877,.F.);
#1212=ORIENTED_EDGE('',*,*,#1878,.T.);
#1213=ORIENTED_EDGE('',*,*,#1879,.F.);
#1214=ORIENTED_EDGE('',*,*,#1880,.T.);
#1215=ORIENTED_EDGE('',*,*,#1881,.F.);
#1216=ORIENTED_EDGE('',*,*,#1882,.T.);
#1217=ORIENTED_EDGE('',*,*,#1883,.T.);
#1218=ORIENTED_EDGE('',*,*,#1884,.F.);
#1219=ORIENTED_EDGE('',*,*,#1885,.T.);
#1220=ORIENTED_EDGE('',*,*,#1884,.T.);
#1221=ORIENTED_EDGE('',*,*,#1886,.T.);
#1222=ORIENTED_EDGE('',*,*,#1648,.F.);
#1223=ORIENTED_EDGE('',*,*,#1887,.F.);
#1224=ORIENTED_EDGE('',*,*,#1668,.T.);
#1225=ORIENTED_EDGE('',*,*,#1888,.T.);
#1226=ORIENTED_EDGE('',*,*,#1882,.F.);
#1227=ORIENTED_EDGE('',*,*,#1889,.T.);
#1228=ORIENTED_EDGE('',*,*,#1881,.T.);
#1229=ORIENTED_EDGE('',*,*,#1885,.F.);
#1230=ORIENTED_EDGE('',*,*,#1887,.T.);
#1231=ORIENTED_EDGE('',*,*,#1669,.F.);
#1232=ORIENTED_EDGE('',*,*,#1889,.F.);
#1233=ORIENTED_EDGE('',*,*,#1890,.T.);
#1234=ORIENTED_EDGE('',*,*,#1891,.T.);
#1235=ORIENTED_EDGE('',*,*,#1879,.T.);
#1236=ORIENTED_EDGE('',*,*,#1891,.F.);
#1237=ORIENTED_EDGE('',*,*,#1892,.T.);
#1238=ORIENTED_EDGE('',*,*,#1893,.T.);
#1239=ORIENTED_EDGE('',*,*,#1674,.F.);
#1240=ORIENTED_EDGE('',*,*,#1894,.F.);
#1241=ORIENTED_EDGE('',*,*,#1672,.T.);
#1242=ORIENTED_EDGE('',*,*,#1895,.T.);
#1243=ORIENTED_EDGE('',*,*,#1896,.F.);
#1244=ORIENTED_EDGE('',*,*,#1897,.T.);
#1245=ORIENTED_EDGE('',*,*,#1896,.T.);
#1246=ORIENTED_EDGE('',*,*,#1898,.T.);
#1247=ORIENTED_EDGE('',*,*,#1892,.F.);
#1248=ORIENTED_EDGE('',*,*,#1899,.T.);
#1249=ORIENTED_EDGE('',*,*,#1894,.T.);
#1250=ORIENTED_EDGE('',*,*,#1673,.T.);
#1251=ORIENTED_EDGE('',*,*,#1897,.F.);
#1252=ORIENTED_EDGE('',*,*,#1899,.F.);
#1253=ORIENTED_EDGE('',*,*,#1877,.T.);
#1254=ORIENTED_EDGE('',*,*,#1900,.T.);
#1255=ORIENTED_EDGE('',*,*,#1901,.T.);
#1256=ORIENTED_EDGE('',*,*,#1875,.T.);
#1257=ORIENTED_EDGE('',*,*,#1901,.F.);
#1258=ORIENTED_EDGE('',*,*,#1902,.T.);
#1259=ORIENTED_EDGE('',*,*,#1903,.T.);
#1260=ORIENTED_EDGE('',*,*,#1904,.F.);
#1261=ORIENTED_EDGE('',*,*,#1905,.T.);
#1262=ORIENTED_EDGE('',*,*,#1906,.F.);
#1263=ORIENTED_EDGE('',*,*,#1907,.T.);
#1264=ORIENTED_EDGE('',*,*,#1908,.T.);
#1265=ORIENTED_EDGE('',*,*,#1909,.T.);
#1266=ORIENTED_EDGE('',*,*,#1910,.F.);
#1267=ORIENTED_EDGE('',*,*,#1911,.T.);
#1268=ORIENTED_EDGE('',*,*,#1912,.T.);
#1269=ORIENTED_EDGE('',*,*,#1913,.T.);
#1270=ORIENTED_EDGE('',*,*,#1914,.F.);
#1271=ORIENTED_EDGE('',*,*,#1915,.F.);
#1272=ORIENTED_EDGE('',*,*,#1916,.F.);
#1273=ORIENTED_EDGE('',*,*,#1912,.F.);
#1274=ORIENTED_EDGE('',*,*,#1917,.T.);
#1275=ORIENTED_EDGE('',*,*,#1918,.F.);
#1276=ORIENTED_EDGE('',*,*,#1917,.F.);
#1277=ORIENTED_EDGE('',*,*,#1911,.F.);
#1278=ORIENTED_EDGE('',*,*,#1919,.T.);
#1279=ORIENTED_EDGE('',*,*,#1920,.F.);
#1280=ORIENTED_EDGE('',*,*,#1921,.F.);
#1281=ORIENTED_EDGE('',*,*,#1909,.F.);
#1282=ORIENTED_EDGE('',*,*,#1922,.T.);
#1283=ORIENTED_EDGE('',*,*,#1923,.F.);
#1284=ORIENTED_EDGE('',*,*,#1922,.F.);
#1285=ORIENTED_EDGE('',*,*,#1908,.F.);
#1286=ORIENTED_EDGE('',*,*,#1924,.T.);
#1287=ORIENTED_EDGE('',*,*,#1925,.F.);
#1288=ORIENTED_EDGE('',*,*,#1924,.F.);
#1289=ORIENTED_EDGE('',*,*,#1907,.F.);
#1290=ORIENTED_EDGE('',*,*,#1926,.T.);
#1291=ORIENTED_EDGE('',*,*,#1927,.F.);
#1292=ORIENTED_EDGE('',*,*,#1928,.F.);
#1293=ORIENTED_EDGE('',*,*,#1905,.F.);
#1294=ORIENTED_EDGE('',*,*,#1929,.T.);
#1295=ORIENTED_EDGE('',*,*,#1930,.T.);
#1296=ORIENTED_EDGE('',*,*,#1929,.F.);
#1297=ORIENTED_EDGE('',*,*,#1904,.T.);
#1298=ORIENTED_EDGE('',*,*,#1931,.T.);
#1299=ORIENTED_EDGE('',*,*,#1932,.F.);
#1300=ORIENTED_EDGE('',*,*,#1919,.F.);
#1301=ORIENTED_EDGE('',*,*,#1910,.T.);
#1302=ORIENTED_EDGE('',*,*,#1921,.T.);
#1303=ORIENTED_EDGE('',*,*,#1933,.F.);
#1304=ORIENTED_EDGE('',*,*,#1926,.F.);
#1305=ORIENTED_EDGE('',*,*,#1906,.T.);
#1306=ORIENTED_EDGE('',*,*,#1928,.T.);
#1307=ORIENTED_EDGE('',*,*,#1934,.F.);
#1308=ORIENTED_EDGE('',*,*,#1935,.F.);
#1309=ORIENTED_EDGE('',*,*,#1931,.F.);
#1310=ORIENTED_EDGE('',*,*,#1903,.F.);
#1311=ORIENTED_EDGE('',*,*,#1916,.T.);
#1312=ORIENTED_EDGE('',*,*,#1936,.T.);
#1313=ORIENTED_EDGE('',*,*,#1937,.T.);
#1314=ORIENTED_EDGE('',*,*,#1938,.F.);
#1315=ORIENTED_EDGE('',*,*,#1939,.T.);
#1316=ORIENTED_EDGE('',*,*,#1940,.T.);
#1317=ORIENTED_EDGE('',*,*,#1941,.T.);
#1318=ORIENTED_EDGE('',*,*,#1942,.F.);
#1319=ORIENTED_EDGE('',*,*,#1943,.T.);
#1320=ORIENTED_EDGE('',*,*,#1944,.F.);
#1321=ORIENTED_EDGE('',*,*,#1945,.T.);
#1322=ORIENTED_EDGE('',*,*,#1946,.T.);
#1323=ORIENTED_EDGE('',*,*,#1947,.T.);
#1324=ORIENTED_EDGE('',*,*,#1948,.F.);
#1325=ORIENTED_EDGE('',*,*,#1949,.F.);
#1326=ORIENTED_EDGE('',*,*,#1950,.F.);
#1327=ORIENTED_EDGE('',*,*,#1946,.F.);
#1328=ORIENTED_EDGE('',*,*,#1951,.T.);
#1329=ORIENTED_EDGE('',*,*,#1952,.F.);
#1330=ORIENTED_EDGE('',*,*,#1951,.F.);
#1331=ORIENTED_EDGE('',*,*,#1945,.F.);
#1332=ORIENTED_EDGE('',*,*,#1953,.T.);
#1333=ORIENTED_EDGE('',*,*,#1954,.F.);
#1334=ORIENTED_EDGE('',*,*,#1955,.F.);
#1335=ORIENTED_EDGE('',*,*,#1943,.F.);
#1336=ORIENTED_EDGE('',*,*,#1956,.T.);
#1337=ORIENTED_EDGE('',*,*,#1957,.F.);
#1338=ORIENTED_EDGE('',*,*,#1958,.F.);
#1339=ORIENTED_EDGE('',*,*,#1941,.F.);
#1340=ORIENTED_EDGE('',*,*,#1959,.T.);
#1341=ORIENTED_EDGE('',*,*,#1960,.F.);
#1342=ORIENTED_EDGE('',*,*,#1959,.F.);
#1343=ORIENTED_EDGE('',*,*,#1940,.F.);
#1344=ORIENTED_EDGE('',*,*,#1961,.T.);
#1345=ORIENTED_EDGE('',*,*,#1962,.F.);
#1346=ORIENTED_EDGE('',*,*,#1961,.F.);
#1347=ORIENTED_EDGE('',*,*,#1939,.F.);
#1348=ORIENTED_EDGE('',*,*,#1963,.T.);
#1349=ORIENTED_EDGE('',*,*,#1964,.T.);
#1350=ORIENTED_EDGE('',*,*,#1963,.F.);
#1351=ORIENTED_EDGE('',*,*,#1938,.T.);
#1352=ORIENTED_EDGE('',*,*,#1965,.T.);
#1353=ORIENTED_EDGE('',*,*,#1966,.F.);
#1354=ORIENTED_EDGE('',*,*,#1953,.F.);
#1355=ORIENTED_EDGE('',*,*,#1944,.T.);
#1356=ORIENTED_EDGE('',*,*,#1955,.T.);
#1357=ORIENTED_EDGE('',*,*,#1967,.F.);
#1358=ORIENTED_EDGE('',*,*,#1956,.F.);
#1359=ORIENTED_EDGE('',*,*,#1942,.T.);
#1360=ORIENTED_EDGE('',*,*,#1958,.T.);
#1361=ORIENTED_EDGE('',*,*,#1968,.F.);
#1362=ORIENTED_EDGE('',*,*,#1969,.F.);
#1363=ORIENTED_EDGE('',*,*,#1965,.F.);
#1364=ORIENTED_EDGE('',*,*,#1937,.F.);
#1365=ORIENTED_EDGE('',*,*,#1950,.T.);
#1366=ORIENTED_EDGE('',*,*,#1914,.T.);
#1367=ORIENTED_EDGE('',*,*,#1948,.T.);
#1368=ORIENTED_EDGE('',*,*,#1952,.T.);
#1369=ORIENTED_EDGE('',*,*,#1966,.T.);
#1370=ORIENTED_EDGE('',*,*,#1969,.T.);
#1371=ORIENTED_EDGE('',*,*,#1949,.T.);
#1372=ORIENTED_EDGE('',*,*,#1954,.T.);
#1373=ORIENTED_EDGE('',*,*,#1967,.T.);
#1374=ORIENTED_EDGE('',*,*,#1962,.T.);
#1375=ORIENTED_EDGE('',*,*,#1968,.T.);
#1376=ORIENTED_EDGE('',*,*,#1957,.T.);
#1377=ORIENTED_EDGE('',*,*,#1960,.T.);
#1378=ORIENTED_EDGE('',*,*,#1918,.T.);
#1379=ORIENTED_EDGE('',*,*,#1932,.T.);
#1380=ORIENTED_EDGE('',*,*,#1935,.T.);
#1381=ORIENTED_EDGE('',*,*,#1915,.T.);
#1382=ORIENTED_EDGE('',*,*,#1925,.T.);
#1383=ORIENTED_EDGE('',*,*,#1933,.T.);
#1384=ORIENTED_EDGE('',*,*,#1920,.T.);
#1385=ORIENTED_EDGE('',*,*,#1923,.T.);
#1386=ORIENTED_EDGE('',*,*,#1927,.T.);
#1387=ORIENTED_EDGE('',*,*,#1934,.T.);
#1388=ORIENTED_EDGE('',*,*,#1587,.F.);
#1389=ORIENTED_EDGE('',*,*,#1620,.F.);
#1390=ORIENTED_EDGE('',*,*,#1618,.F.);
#1391=ORIENTED_EDGE('',*,*,#1621,.F.);
#1392=ORIENTED_EDGE('',*,*,#1622,.F.);
#1393=ORIENTED_EDGE('',*,*,#1930,.F.);
#1394=ORIENTED_EDGE('',*,*,#1623,.F.);
#1395=ORIENTED_EDGE('',*,*,#1964,.F.);
#1396=ORIENTED_EDGE('',*,*,#1970,.F.);
#1397=ORIENTED_EDGE('',*,*,#1636,.F.);
#1398=ORIENTED_EDGE('',*,*,#1971,.F.);
#1399=ORIENTED_EDGE('',*,*,#1649,.F.);
#1400=ORIENTED_EDGE('',*,*,#1971,.T.);
#1401=ORIENTED_EDGE('',*,*,#1635,.F.);
#1402=ORIENTED_EDGE('',*,*,#1972,.F.);
#1403=ORIENTED_EDGE('',*,*,#1860,.F.);
#1404=ORIENTED_EDGE('',*,*,#1970,.T.);
#1405=ORIENTED_EDGE('',*,*,#1886,.F.);
#1406=ORIENTED_EDGE('',*,*,#1973,.F.);
#1407=ORIENTED_EDGE('',*,*,#1637,.F.);
#1408=ORIENTED_EDGE('',*,*,#1974,.F.);
#1409=ORIENTED_EDGE('',*,*,#1855,.F.);
#1410=ORIENTED_EDGE('',*,*,#1972,.T.);
#1411=ORIENTED_EDGE('',*,*,#1634,.F.);
#1412=ORIENTED_EDGE('',*,*,#1975,.F.);
#1413=ORIENTED_EDGE('',*,*,#1858,.F.);
#1414=ORIENTED_EDGE('',*,*,#1974,.T.);
#1415=ORIENTED_EDGE('',*,*,#1976,.F.);
#1416=ORIENTED_EDGE('',*,*,#1653,.F.);
#1417=ORIENTED_EDGE('',*,*,#1977,.F.);
#1418=ORIENTED_EDGE('',*,*,#1888,.F.);
#1419=ORIENTED_EDGE('',*,*,#1667,.F.);
#1420=ORIENTED_EDGE('',*,*,#1978,.F.);
#1421=ORIENTED_EDGE('',*,*,#1883,.F.);
#1422=ORIENTED_EDGE('',*,*,#1977,.T.);
#1423=ORIENTED_EDGE('',*,*,#1979,.F.);
#1424=ORIENTED_EDGE('',*,*,#1638,.F.);
#1425=ORIENTED_EDGE('',*,*,#1973,.T.);
#1426=ORIENTED_EDGE('',*,*,#1975,.T.);
#1427=ORIENTED_EDGE('',*,*,#1633,.F.);
#1428=ORIENTED_EDGE('',*,*,#1980,.F.);
#1429=ORIENTED_EDGE('',*,*,#1793,.F.);
#1430=ORIENTED_EDGE('',*,*,#1797,.F.);
#1431=ORIENTED_EDGE('',*,*,#1791,.F.);
#1432=ORIENTED_EDGE('',*,*,#1654,.F.);
#1433=ORIENTED_EDGE('',*,*,#1976,.T.);
#1434=ORIENTED_EDGE('',*,*,#1769,.F.);
#1435=ORIENTED_EDGE('',*,*,#1757,.F.);
#1436=ORIENTED_EDGE('',*,*,#1981,.F.);
#1437=ORIENTED_EDGE('',*,*,#1639,.F.);
#1438=ORIENTED_EDGE('',*,*,#1979,.T.);
#1439=ORIENTED_EDGE('',*,*,#1978,.T.);
#1440=ORIENTED_EDGE('',*,*,#1666,.F.);
#1441=ORIENTED_EDGE('',*,*,#1759,.F.);
#1442=ORIENTED_EDGE('',*,*,#1980,.T.);
#1443=ORIENTED_EDGE('',*,*,#1632,.F.);
#1444=ORIENTED_EDGE('',*,*,#1982,.F.);
#1445=ORIENTED_EDGE('',*,*,#1785,.F.);
#1446=ORIENTED_EDGE('',*,*,#1981,.T.);
#1447=ORIENTED_EDGE('',*,*,#1765,.F.);
#1448=ORIENTED_EDGE('',*,*,#1983,.F.);
#1449=ORIENTED_EDGE('',*,*,#1640,.F.);
#1450=ORIENTED_EDGE('',*,*,#1982,.T.);
#1451=ORIENTED_EDGE('',*,*,#1631,.F.);
#1452=ORIENTED_EDGE('',*,*,#1984,.F.);
#1453=ORIENTED_EDGE('',*,*,#1825,.F.);
#1454=ORIENTED_EDGE('',*,*,#1983,.T.);
#1455=ORIENTED_EDGE('',*,*,#1839,.F.);
#1456=ORIENTED_EDGE('',*,*,#1985,.F.);
#1457=ORIENTED_EDGE('',*,*,#1641,.F.);
#1458=ORIENTED_EDGE('',*,*,#1984,.T.);
#1459=ORIENTED_EDGE('',*,*,#1630,.F.);
#1460=ORIENTED_EDGE('',*,*,#1986,.F.);
#1461=ORIENTED_EDGE('',*,*,#1807,.F.);
#1462=ORIENTED_EDGE('',*,*,#1985,.T.);
#1463=ORIENTED_EDGE('',*,*,#1776,.F.);
#1464=ORIENTED_EDGE('',*,*,#1987,.F.);
#1465=ORIENTED_EDGE('',*,*,#1642,.F.);
#1466=ORIENTED_EDGE('',*,*,#1988,.F.);
#1467=ORIENTED_EDGE('',*,*,#1688,.F.);
#1468=ORIENTED_EDGE('',*,*,#1801,.F.);
#1469=ORIENTED_EDGE('',*,*,#1811,.F.);
#1470=ORIENTED_EDGE('',*,*,#1799,.F.);
#1471=ORIENTED_EDGE('',*,*,#1986,.T.);
#1472=ORIENTED_EDGE('',*,*,#1629,.F.);
#1473=ORIENTED_EDGE('',*,*,#1989,.F.);
#1474=ORIENTED_EDGE('',*,*,#1689,.F.);
#1475=ORIENTED_EDGE('',*,*,#1988,.T.);
#1476=ORIENTED_EDGE('',*,*,#1990,.F.);
#1477=ORIENTED_EDGE('',*,*,#1864,.F.);
#1478=ORIENTED_EDGE('',*,*,#1991,.F.);
#1479=ORIENTED_EDGE('',*,*,#1675,.F.);
#1480=ORIENTED_EDGE('',*,*,#1893,.F.);
#1481=ORIENTED_EDGE('',*,*,#1992,.F.);
#1482=ORIENTED_EDGE('',*,*,#1676,.F.);
#1483=ORIENTED_EDGE('',*,*,#1991,.T.);
#1484=ORIENTED_EDGE('',*,*,#1993,.F.);
#1485=ORIENTED_EDGE('',*,*,#1643,.F.);
#1486=ORIENTED_EDGE('',*,*,#1987,.T.);
#1487=ORIENTED_EDGE('',*,*,#1772,.F.);
#1488=ORIENTED_EDGE('',*,*,#1783,.F.);
#1489=ORIENTED_EDGE('',*,*,#1770,.F.);
#1490=ORIENTED_EDGE('',*,*,#1989,.T.);
#1491=ORIENTED_EDGE('',*,*,#1628,.F.);
#1492=ORIENTED_EDGE('',*,*,#1994,.F.);
#1493=ORIENTED_EDGE('',*,*,#1867,.F.);
#1494=ORIENTED_EDGE('',*,*,#1990,.T.);
#1495=ORIENTED_EDGE('',*,*,#1992,.T.);
#1496=ORIENTED_EDGE('',*,*,#1898,.F.);
#1497=ORIENTED_EDGE('',*,*,#1995,.F.);
#1498=ORIENTED_EDGE('',*,*,#1644,.F.);
#1499=ORIENTED_EDGE('',*,*,#1993,.T.);
#1500=ORIENTED_EDGE('',*,*,#1994,.T.);
#1501=ORIENTED_EDGE('',*,*,#1647,.F.);
#1502=ORIENTED_EDGE('',*,*,#1996,.F.);
#1503=ORIENTED_EDGE('',*,*,#1870,.F.);
#1504=ORIENTED_EDGE('',*,*,#1995,.T.);
#1505=ORIENTED_EDGE('',*,*,#1895,.F.);
#1506=ORIENTED_EDGE('',*,*,#1997,.F.);
#1507=ORIENTED_EDGE('',*,*,#1645,.F.);
#1508=ORIENTED_EDGE('',*,*,#1996,.T.);
#1509=ORIENTED_EDGE('',*,*,#1646,.F.);
#1510=ORIENTED_EDGE('',*,*,#1997,.T.);
#1511=ORIENTED_EDGE('',*,*,#1671,.F.);
#1512=ORIENTED_EDGE('',*,*,#1900,.F.);
#1513=ORIENTED_EDGE('',*,*,#1624,.F.);
#1514=ORIENTED_EDGE('',*,*,#1890,.F.);
#1515=ORIENTED_EDGE('',*,*,#1625,.F.);
#1516=ORIENTED_EDGE('',*,*,#1626,.F.);
#1517=ORIENTED_EDGE('',*,*,#1872,.F.);
#1518=ORIENTED_EDGE('',*,*,#1627,.F.);
#1519=ORIENTED_EDGE('',*,*,#1862,.F.);
#1520=ORIENTED_EDGE('',*,*,#1574,.F.);
#1521=ORIENTED_EDGE('',*,*,#1596,.F.);
#1522=ORIENTED_EDGE('',*,*,#1597,.F.);
#1523=ORIENTED_EDGE('',*,*,#1608,.F.);
#1524=ORIENTED_EDGE('',*,*,#1913,.F.);
#1525=ORIENTED_EDGE('',*,*,#1902,.F.);
#1526=ORIENTED_EDGE('',*,*,#1947,.F.);
#1527=ORIENTED_EDGE('',*,*,#1936,.F.);
#1528=ORIENTED_EDGE('',*,*,#1878,.F.);
#1529=ORIENTED_EDGE('',*,*,#1746,.F.);
#1530=ORIENTED_EDGE('',*,*,#1876,.F.);
#1531=ORIENTED_EDGE('',*,*,#1747,.F.);
#1532=ORIENTED_EDGE('',*,*,#1874,.F.);
#1533=ORIENTED_EDGE('',*,*,#1748,.F.);
#1534=ORIENTED_EDGE('',*,*,#1880,.F.);
#1535=ORIENTED_EDGE('',*,*,#1749,.F.);
#1536=ORIENTED_EDGE('',*,*,#1750,.F.);
#1537=ORIENTED_EDGE('',*,*,#1850,.F.);
#1538=ORIENTED_EDGE('',*,*,#1751,.F.);
#1539=ORIENTED_EDGE('',*,*,#1848,.F.);
#1540=ORIENTED_EDGE('',*,*,#1752,.F.);
#1541=ORIENTED_EDGE('',*,*,#1846,.F.);
#1542=ORIENTED_EDGE('',*,*,#1753,.F.);
#1543=ORIENTED_EDGE('',*,*,#1852,.F.);
#1544=ORIENTED_EDGE('',*,*,#1810,.F.);
#1545=ORIENTED_EDGE('',*,*,#1723,.F.);
#1546=ORIENTED_EDGE('',*,*,#1724,.F.);
#1547=ORIENTED_EDGE('',*,*,#1796,.F.);
#1548=ORIENTED_EDGE('',*,*,#1692,.F.);
#1549=ORIENTED_EDGE('',*,*,#1782,.F.);
#1550=ORIENTED_EDGE('',*,*,#1768,.F.);
#1551=ORIENTED_EDGE('',*,*,#1693,.F.);
#1552=EDGE_CURVE('',#1998,#1998,#2310,.T.);
#1553=EDGE_CURVE('',#1999,#1999,#2311,.T.);
#1554=EDGE_CURVE('',#2000,#2001,#128,.T.);
#1555=EDGE_CURVE('',#2001,#2000,#2312,.T.);
#1556=EDGE_CURVE('',#2002,#2003,#129,.T.);
#1557=EDGE_CURVE('',#2004,#2002,#2313,.T.);
#1558=EDGE_CURVE('',#2005,#2004,#130,.T.);
#1559=EDGE_CURVE('',#2003,#2005,#2314,.T.);
#1560=EDGE_CURVE('',#2006,#2007,#131,.T.);
#1561=EDGE_CURVE('',#2008,#2006,#2315,.T.);
#1562=EDGE_CURVE('',#2009,#2008,#132,.T.);
#1563=EDGE_CURVE('',#2007,#2009,#2316,.T.);
#1564=EDGE_CURVE('',#2010,#2011,#133,.T.);
#1565=EDGE_CURVE('',#2012,#2010,#2317,.T.);
#1566=EDGE_CURVE('',#2013,#2012,#134,.T.);
#1567=EDGE_CURVE('',#2011,#2013,#2318,.T.);
#1568=EDGE_CURVE('',#2014,#2015,#135,.T.);
#1569=EDGE_CURVE('',#2015,#2014,#2319,.T.);
#1570=EDGE_CURVE('',#2016,#2017,#136,.T.);
#1571=EDGE_CURVE('',#2018,#2016,#2320,.T.);
#1572=EDGE_CURVE('',#2019,#2018,#137,.T.);
#1573=EDGE_CURVE('',#2017,#2019,#2321,.T.);
#1574=EDGE_CURVE('',#2020,#2020,#2322,.T.);
#1575=EDGE_CURVE('',#2021,#2022,#138,.T.);
#1576=EDGE_CURVE('',#2023,#2021,#2323,.T.);
#1577=EDGE_CURVE('',#2024,#2023,#139,.T.);
#1578=EDGE_CURVE('',#2024,#2025,#2324,.T.);
#1579=EDGE_CURVE('',#2026,#2025,#140,.T.);
#1580=EDGE_CURVE('',#2027,#2026,#2325,.T.);
#1581=EDGE_CURVE('',#2028,#2027,#141,.T.);
#1582=EDGE_CURVE('',#2028,#2029,#2326,.T.);
#1583=EDGE_CURVE('',#2030,#2029,#142,.T.);
#1584=EDGE_CURVE('',#2030,#2022,#2327,.T.);
#1585=EDGE_CURVE('',#2021,#2004,#143,.T.);
#1586=EDGE_CURVE('',#2022,#2005,#144,.T.);
#1587=EDGE_CURVE('',#2031,#2031,#2328,.F.);
#1588=EDGE_CURVE('',#2030,#2001,#145,.T.);
#1589=EDGE_CURVE('',#2029,#2000,#146,.T.);
#1590=EDGE_CURVE('',#2028,#2007,#147,.T.);
#1591=EDGE_CURVE('',#2025,#2009,#148,.T.);
#1592=EDGE_CURVE('',#2024,#2003,#149,.T.);
#1593=EDGE_CURVE('',#2027,#2006,#150,.T.);
#1594=EDGE_CURVE('',#2026,#2008,#151,.T.);
#1595=EDGE_CURVE('',#2023,#2002,#152,.T.);
#1596=EDGE_CURVE('',#2032,#2032,#2329,.F.);
#1597=EDGE_CURVE('',#2033,#2033,#2330,.T.);
#1598=EDGE_CURVE('',#2034,#2035,#153,.T.);
#1599=EDGE_CURVE('',#2036,#2034,#2331,.T.);
#1600=EDGE_CURVE('',#2037,#2036,#154,.T.);
#1601=EDGE_CURVE('',#2037,#2038,#2332,.T.);
#1602=EDGE_CURVE('',#2039,#2038,#155,.T.);
#1603=EDGE_CURVE('',#2039,#2040,#2333,.T.);
#1604=EDGE_CURVE('',#2041,#2040,#156,.T.);
#1605=EDGE_CURVE('',#2042,#2041,#2334,.T.);
#1606=EDGE_CURVE('',#2043,#2042,#157,.T.);
#1607=EDGE_CURVE('',#2043,#2035,#2335,.T.);
#1608=EDGE_CURVE('',#2044,#2044,#2336,.F.);
#1609=EDGE_CURVE('',#2036,#2010,#158,.T.);
#1610=EDGE_CURVE('',#2034,#2012,#159,.T.);
#1611=EDGE_CURVE('',#2037,#2011,#160,.T.);
#1612=EDGE_CURVE('',#2039,#2015,#161,.T.);
#1613=EDGE_CURVE('',#2038,#2014,#162,.T.);
#1614=EDGE_CURVE('',#2041,#2018,#163,.T.);
#1615=EDGE_CURVE('',#2040,#2019,#164,.T.);
#1616=EDGE_CURVE('',#2042,#2016,#165,.T.);
#1617=EDGE_CURVE('',#2043,#2017,#166,.T.);
#1618=EDGE_CURVE('',#2045,#2045,#2337,.F.);
#1619=EDGE_CURVE('',#2035,#2013,#167,.T.);
#1620=EDGE_CURVE('',#2046,#2046,#2338,.T.);
#1621=EDGE_CURVE('',#2047,#2047,#2339,.T.);
#1622=EDGE_CURVE('',#2048,#2048,#2340,.T.);
#1623=EDGE_CURVE('',#2049,#2049,#2341,.T.);
#1624=EDGE_CURVE('',#2050,#2050,#2342,.T.);
#1625=EDGE_CURVE('',#2051,#2051,#2343,.T.);
#1626=EDGE_CURVE('',#2052,#2052,#2344,.T.);
#1627=EDGE_CURVE('',#2053,#2053,#2345,.T.);
#1628=EDGE_CURVE('',#2054,#2055,#2346,.T.);
#1629=EDGE_CURVE('',#2055,#2056,#168,.T.);
#1630=EDGE_CURVE('',#2056,#2057,#169,.F.);
#1631=EDGE_CURVE('',#2057,#2058,#170,.T.);
#1632=EDGE_CURVE('',#2058,#2059,#171,.T.);
#1633=EDGE_CURVE('',#2059,#2060,#172,.T.);
#1634=EDGE_CURVE('',#2060,#2061,#2347,.T.);
#1635=EDGE_CURVE('',#2061,#2062,#173,.T.);
#1636=EDGE_CURVE('',#2062,#2063,#174,.T.);
#1637=EDGE_CURVE('',#2063,#2064,#175,.F.);
#1638=EDGE_CURVE('',#2064,#2065,#2348,.T.);
#1639=EDGE_CURVE('',#2065,#2066,#176,.T.);
#1640=EDGE_CURVE('',#2066,#2067,#177,.F.);
#1641=EDGE_CURVE('',#2067,#2068,#178,.F.);
#1642=EDGE_CURVE('',#2068,#2069,#179,.T.);
#1643=EDGE_CURVE('',#2069,#2070,#180,.T.);
#1644=EDGE_CURVE('',#2070,#2071,#2349,.T.);
#1645=EDGE_CURVE('',#2071,#2072,#181,.T.);
#1646=EDGE_CURVE('',#2072,#2073,#182,.F.);
#1647=EDGE_CURVE('',#2073,#2054,#183,.F.);
#1648=EDGE_CURVE('',#2074,#2075,#184,.T.);
#1649=EDGE_CURVE('',#2075,#2076,#185,.F.);
#1650=EDGE_CURVE('',#2077,#2076,#186,.T.);
#1651=EDGE_CURVE('',#2078,#2077,#187,.T.);
#1652=EDGE_CURVE('',#2078,#2079,#188,.T.);
#1653=EDGE_CURVE('',#2079,#2080,#2350,.F.);
#1654=EDGE_CURVE('',#2080,#2081,#2351,.F.);
#1655=EDGE_CURVE('',#2081,#2082,#189,.T.);
#1656=EDGE_CURVE('',#2083,#2082,#190,.T.);
#1657=EDGE_CURVE('',#2084,#2083,#191,.T.);
#1658=EDGE_CURVE('',#2084,#2085,#192,.T.);
#1659=EDGE_CURVE('',#2085,#2086,#193,.T.);
#1660=EDGE_CURVE('',#2086,#2087,#194,.T.);
#1661=EDGE_CURVE('',#2087,#2088,#195,.T.);
#1662=EDGE_CURVE('',#2089,#2088,#196,.T.);
#1663=EDGE_CURVE('',#2089,#2090,#197,.T.);
#1664=EDGE_CURVE('',#2090,#2091,#198,.T.);
#1665=EDGE_CURVE('',#2091,#2092,#199,.T.);
#1666=EDGE_CURVE('',#2092,#2093,#2352,.F.);
#1667=EDGE_CURVE('',#2093,#2094,#2353,.F.);
#1668=EDGE_CURVE('',#2095,#2094,#200,.T.);
#1669=EDGE_CURVE('',#2095,#2074,#201,.T.);
#1670=EDGE_CURVE('',#2096,#2097,#202,.T.);
#1671=EDGE_CURVE('',#2097,#2098,#203,.T.);
#1672=EDGE_CURVE('',#2099,#2098,#204,.T.);
#1673=EDGE_CURVE('',#2100,#2099,#205,.T.);
#1674=EDGE_CURVE('',#2100,#2101,#206,.T.);
#1675=EDGE_CURVE('',#2101,#2102,#2354,.F.);
#1676=EDGE_CURVE('',#2102,#2103,#2355,.F.);
#1677=EDGE_CURVE('',#2103,#2104,#207,.T.);
#1678=EDGE_CURVE('',#2105,#2104,#208,.T.);
#1679=EDGE_CURVE('',#2105,#2106,#209,.T.);
#1680=EDGE_CURVE('',#2106,#2107,#210,.T.);
#1681=EDGE_CURVE('',#2107,#2108,#211,.T.);
#1682=EDGE_CURVE('',#2109,#2108,#212,.T.);
#1683=EDGE_CURVE('',#2109,#2110,#213,.T.);
#1684=EDGE_CURVE('',#2111,#2110,#214,.T.);
#1685=EDGE_CURVE('',#2112,#2111,#215,.T.);
#1686=EDGE_CURVE('',#2112,#2113,#216,.T.);
#1687=EDGE_CURVE('',#2113,#2114,#217,.T.);
#1688=EDGE_CURVE('',#2114,#2115,#2356,.F.);
#1689=EDGE_CURVE('',#2115,#2116,#2357,.F.);
#1690=EDGE_CURVE('',#2117,#2116,#218,.T.);
#1691=EDGE_CURVE('',#2117,#2096,#219,.T.);
#1692=EDGE_CURVE('',#2118,#2118,#2358,.T.);
#1693=EDGE_CURVE('',#2119,#2119,#2359,.T.);
#1694=EDGE_CURVE('',#2120,#2121,#220,.T.);
#1695=EDGE_CURVE('',#2120,#2122,#221,.T.);
#1696=EDGE_CURVE('',#2122,#2123,#222,.T.);
#1697=EDGE_CURVE('',#2123,#2124,#2360,.F.);
#1698=EDGE_CURVE('',#2108,#2124,#223,.T.);
#1699=EDGE_CURVE('',#2125,#2107,#224,.T.);
#1700=EDGE_CURVE('',#2125,#2126,#225,.T.);
#1701=EDGE_CURVE('',#2127,#2126,#2361,.F.);
#1702=EDGE_CURVE('',#2128,#2127,#226,.T.);
#1703=EDGE_CURVE('',#2129,#2128,#2362,.F.);
#1704=EDGE_CURVE('',#2130,#2129,#227,.T.);
#1705=EDGE_CURVE('',#2088,#2130,#228,.T.);
#1706=EDGE_CURVE('',#2131,#2087,#229,.T.);
#1707=EDGE_CURVE('',#2131,#2132,#2363,.F.);
#1708=EDGE_CURVE('',#2133,#2132,#230,.T.);
#1709=EDGE_CURVE('',#2133,#2134,#2364,.F.);
#1710=EDGE_CURVE('',#2134,#2135,#231,.T.);
#1711=EDGE_CURVE('',#2135,#2136,#2365,.F.);
#1712=EDGE_CURVE('',#2136,#2121,#232,.T.);
#1713=EDGE_CURVE('',#2137,#2138,#233,.T.);
#1714=EDGE_CURVE('',#2138,#2121,#234,.T.);
#1715=EDGE_CURVE('',#2136,#2139,#235,.F.);
#1716=EDGE_CURVE('',#2140,#2139,#236,.T.);
#1717=EDGE_CURVE('',#2141,#2140,#237,.T.);
#1718=EDGE_CURVE('',#2142,#2141,#238,.T.);
#1719=EDGE_CURVE('',#2142,#2143,#239,.T.);
#1720=EDGE_CURVE('',#2144,#2143,#240,.T.);
#1721=EDGE_CURVE('',#2144,#2123,#241,.T.);
#1722=EDGE_CURVE('',#2137,#2122,#242,.T.);
#1723=EDGE_CURVE('',#2145,#2145,#2366,.T.);
#1724=EDGE_CURVE('',#2146,#2146,#2367,.T.);
#1725=EDGE_CURVE('',#2147,#2143,#243,.T.);
#1726=EDGE_CURVE('',#2147,#2140,#244,.T.);
#1727=EDGE_CURVE('',#2139,#2148,#2368,.F.);
#1728=EDGE_CURVE('',#2148,#2149,#245,.T.);
#1729=EDGE_CURVE('',#2149,#2150,#2369,.F.);
#1730=EDGE_CURVE('',#2151,#2150,#246,.T.);
#1731=EDGE_CURVE('',#2151,#2152,#2370,.F.);
#1732=EDGE_CURVE('',#2086,#2152,#247,.T.);
#1733=EDGE_CURVE('',#2085,#2153,#248,.T.);
#1734=EDGE_CURVE('',#2153,#2154,#249,.T.);
#1735=EDGE_CURVE('',#2154,#2155,#2371,.F.);
#1736=EDGE_CURVE('',#2155,#2156,#250,.T.);
#1737=EDGE_CURVE('',#2156,#2157,#2372,.F.);
#1738=EDGE_CURVE('',#2158,#2157,#251,.T.);
#1739=EDGE_CURVE('',#2158,#2110,#252,.T.);
#1740=EDGE_CURVE('',#2159,#2109,#253,.T.);
#1741=EDGE_CURVE('',#2159,#2144,#2373,.F.);
#1742=EDGE_CURVE('',#2124,#2159,#254,.F.);
#1743=EDGE_CURVE('',#2152,#2131,#255,.T.);
#1744=EDGE_CURVE('',#2132,#2151,#256,.F.);
#1745=EDGE_CURVE('',#2150,#2133,#257,.T.);
#1746=EDGE_CURVE('',#2160,#2160,#2374,.F.);
#1747=EDGE_CURVE('',#2161,#2161,#2375,.F.);
#1748=EDGE_CURVE('',#2162,#2162,#2376,.F.);
#1749=EDGE_CURVE('',#2163,#2163,#2377,.F.);
#1750=EDGE_CURVE('',#2164,#2164,#2378,.F.);
#1751=EDGE_CURVE('',#2165,#2165,#2379,.F.);
#1752=EDGE_CURVE('',#2166,#2166,#2380,.F.);
#1753=EDGE_CURVE('',#2167,#2167,#2381,.F.);
#1754=EDGE_CURVE('',#2148,#2135,#258,.T.);
#1755=EDGE_CURVE('',#2134,#2149,#259,.F.);
#1756=EDGE_CURVE('',#2168,#2169,#260,.T.);
#1757=EDGE_CURVE('',#2169,#2170,#261,.F.);
#1758=EDGE_CURVE('',#2171,#2170,#2382,.T.);
#1759=EDGE_CURVE('',#2171,#2092,#262,.F.);
#1760=EDGE_CURVE('',#2172,#2091,#263,.T.);
#1761=EDGE_CURVE('',#2172,#2168,#2383,.T.);
#1762=EDGE_CURVE('',#2173,#2090,#264,.T.);
#1763=EDGE_CURVE('',#2172,#2173,#265,.T.);
#1764=EDGE_CURVE('',#2174,#2175,#266,.T.);
#1765=EDGE_CURVE('',#2175,#2169,#267,.T.);
#1766=EDGE_CURVE('',#2168,#2174,#268,.T.);
#1767=EDGE_CURVE('',#2174,#2173,#2384,.T.);
#1768=EDGE_CURVE('',#2176,#2176,#2385,.F.);
#1769=EDGE_CURVE('',#2170,#2171,#52,.T.);
#1770=EDGE_CURVE('',#2103,#2177,#269,.F.);
#1771=EDGE_CURVE('',#2177,#2178,#2386,.T.);
#1772=EDGE_CURVE('',#2178,#2179,#270,.F.);
#1773=EDGE_CURVE('',#2180,#2179,#271,.T.);
#1774=EDGE_CURVE('',#2181,#2180,#2387,.T.);
#1775=EDGE_CURVE('',#2181,#2104,#272,.T.);
#1776=EDGE_CURVE('',#2179,#2182,#273,.F.);
#1777=EDGE_CURVE('',#2183,#2182,#274,.T.);
#1778=EDGE_CURVE('',#2180,#2183,#275,.T.);
#1779=EDGE_CURVE('',#2181,#2184,#276,.T.);
#1780=EDGE_CURVE('',#2184,#2105,#277,.T.);
#1781=EDGE_CURVE('',#2184,#2183,#2388,.T.);
#1782=EDGE_CURVE('',#2185,#2185,#2389,.F.);
#1783=EDGE_CURVE('',#2177,#2178,#53,.T.);
#1784=EDGE_CURVE('',#2186,#2187,#278,.T.);
#1785=EDGE_CURVE('',#2187,#2188,#279,.F.);
#1786=EDGE_CURVE('',#2189,#2188,#280,.T.);
#1787=EDGE_CURVE('',#2186,#2189,#281,.T.);
#1788=EDGE_CURVE('',#2190,#2191,#282,.T.);
#1789=EDGE_CURVE('',#2191,#2083,#283,.T.);
#1790=EDGE_CURVE('',#2190,#2082,#284,.T.);
#1791=EDGE_CURVE('',#2081,#2192,#285,.F.);
#1792=EDGE_CURVE('',#2192,#2193,#2390,.T.);
#1793=EDGE_CURVE('',#2193,#2187,#286,.F.);
#1794=EDGE_CURVE('',#2190,#2186,#2391,.T.);
#1795=EDGE_CURVE('',#2189,#2191,#2392,.T.);
#1796=EDGE_CURVE('',#2194,#2194,#2393,.F.);
#1797=EDGE_CURVE('',#2192,#2193,#54,.T.);
#1798=EDGE_CURVE('',#2195,#2196,#287,.T.);
#1799=EDGE_CURVE('',#2196,#2197,#288,.F.);
#1800=EDGE_CURVE('',#2198,#2197,#2394,.T.);
#1801=EDGE_CURVE('',#2198,#2114,#289,.F.);
#1802=EDGE_CURVE('',#2199,#2113,#290,.T.);
#1803=EDGE_CURVE('',#2199,#2195,#2395,.T.);
#1804=EDGE_CURVE('',#2200,#2112,#291,.T.);
#1805=EDGE_CURVE('',#2199,#2200,#292,.T.);
#1806=EDGE_CURVE('',#2201,#2202,#293,.T.);
#1807=EDGE_CURVE('',#2202,#2196,#294,.T.);
#1808=EDGE_CURVE('',#2195,#2201,#295,.T.);
#1809=EDGE_CURVE('',#2200,#2201,#2396,.T.);
#1810=EDGE_CURVE('',#2203,#2203,#2397,.F.);
#1811=EDGE_CURVE('',#2197,#2198,#55,.T.);
#1812=EDGE_CURVE('',#2204,#2158,#296,.T.);
#1813=EDGE_CURVE('',#2204,#2111,#297,.T.);
#1814=EDGE_CURVE('',#2205,#2157,#298,.T.);
#1815=EDGE_CURVE('',#2204,#2205,#299,.T.);
#1816=EDGE_CURVE('',#2206,#2156,#300,.T.);
#1817=EDGE_CURVE('',#2206,#2205,#2398,.F.);
#1818=EDGE_CURVE('',#2207,#2155,#301,.T.);
#1819=EDGE_CURVE('',#2207,#2206,#302,.T.);
#1820=EDGE_CURVE('',#2208,#2154,#303,.T.);
#1821=EDGE_CURVE('',#2208,#2207,#2399,.F.);
#1822=EDGE_CURVE('',#2209,#2153,#304,.T.);
#1823=EDGE_CURVE('',#2209,#2208,#305,.T.);
#1824=EDGE_CURVE('',#2084,#2209,#306,.T.);
#1825=EDGE_CURVE('',#2188,#2202,#307,.F.);
#1826=EDGE_CURVE('',#2210,#2106,#308,.T.);
#1827=EDGE_CURVE('',#2210,#2125,#309,.T.);
#1828=EDGE_CURVE('',#2211,#2130,#310,.T.);
#1829=EDGE_CURVE('',#2089,#2211,#311,.T.);
#1830=EDGE_CURVE('',#2212,#2129,#312,.T.);
#1831=EDGE_CURVE('',#2211,#2212,#313,.T.);
#1832=EDGE_CURVE('',#2213,#2128,#314,.T.);
#1833=EDGE_CURVE('',#2212,#2213,#2400,.F.);
#1834=EDGE_CURVE('',#2214,#2127,#315,.T.);
#1835=EDGE_CURVE('',#2213,#2214,#316,.T.);
#1836=EDGE_CURVE('',#2215,#2126,#317,.T.);
#1837=EDGE_CURVE('',#2214,#2215,#2401,.F.);
#1838=EDGE_CURVE('',#2210,#2215,#318,.T.);
#1839=EDGE_CURVE('',#2182,#2175,#319,.T.);
#1840=EDGE_CURVE('',#2216,#2147,#320,.T.);
#1841=EDGE_CURVE('',#2216,#2141,#321,.T.);
#1842=EDGE_CURVE('',#2216,#2142,#322,.T.);
#1843=EDGE_CURVE('',#2217,#2138,#323,.T.);
#1844=EDGE_CURVE('',#2217,#2120,#324,.T.);
#1845=EDGE_CURVE('',#2217,#2137,#325,.T.);
#1846=EDGE_CURVE('',#2218,#2218,#2402,.T.);
#1847=EDGE_CURVE('',#2219,#2219,#2403,.F.);
#1848=EDGE_CURVE('',#2220,#2220,#2404,.T.);
#1849=EDGE_CURVE('',#2221,#2221,#2405,.F.);
#1850=EDGE_CURVE('',#2222,#2222,#2406,.T.);
#1851=EDGE_CURVE('',#2223,#2223,#2407,.F.);
#1852=EDGE_CURVE('',#2224,#2224,#2408,.T.);
#1853=EDGE_CURVE('',#2225,#2225,#2409,.F.);
#1854=EDGE_CURVE('',#2226,#2227,#326,.T.);
#1855=EDGE_CURVE('',#2227,#2228,#2410,.F.);
#1856=EDGE_CURVE('',#2229,#2228,#327,.T.);
#1857=EDGE_CURVE('',#2226,#2229,#2411,.T.);
#1858=EDGE_CURVE('',#2228,#2079,#328,.T.);
#1859=EDGE_CURVE('',#2229,#2078,#329,.T.);
#1860=EDGE_CURVE('',#2076,#2227,#330,.F.);
#1861=EDGE_CURVE('',#2226,#2077,#331,.T.);
#1862=EDGE_CURVE('',#2230,#2230,#2412,.F.);
#1863=EDGE_CURVE('',#2231,#2231,#2413,.T.);
#1864=EDGE_CURVE('',#2116,#2232,#332,.T.);
#1865=EDGE_CURVE('',#2233,#2232,#333,.T.);
#1866=EDGE_CURVE('',#2233,#2117,#334,.T.);
#1867=EDGE_CURVE('',#2232,#2234,#2414,.F.);
#1868=EDGE_CURVE('',#2235,#2234,#335,.T.);
#1869=EDGE_CURVE('',#2233,#2235,#2415,.T.);
#1870=EDGE_CURVE('',#2234,#2097,#336,.T.);
#1871=EDGE_CURVE('',#2235,#2096,#337,.T.);
#1872=EDGE_CURVE('',#2236,#2236,#2416,.F.);
#1873=EDGE_CURVE('',#2237,#2237,#2417,.T.);
#1874=EDGE_CURVE('',#2238,#2238,#2418,.T.);
#1875=EDGE_CURVE('',#2239,#2239,#2419,.F.);
#1876=EDGE_CURVE('',#2240,#2240,#2420,.T.);
#1877=EDGE_CURVE('',#2241,#2241,#2421,.F.);
#1878=EDGE_CURVE('',#2242,#2242,#2422,.T.);
#1879=EDGE_CURVE('',#2243,#2243,#2423,.F.);
#1880=EDGE_CURVE('',#2244,#2244,#2424,.T.);
#1881=EDGE_CURVE('',#2245,#2245,#2425,.F.);
#1882=EDGE_CURVE('',#2246,#2247,#338,.T.);
#1883=EDGE_CURVE('',#2247,#2248,#2426,.F.);
#1884=EDGE_CURVE('',#2249,#2248,#339,.T.);
#1885=EDGE_CURVE('',#2249,#2246,#2427,.T.);
#1886=EDGE_CURVE('',#2248,#2075,#340,.T.);
#1887=EDGE_CURVE('',#2249,#2074,#341,.T.);
#1888=EDGE_CURVE('',#2094,#2247,#342,.F.);
#1889=EDGE_CURVE('',#2246,#2095,#343,.T.);
#1890=EDGE_CURVE('',#2250,#2250,#2428,.F.);
#1891=EDGE_CURVE('',#2251,#2251,#2429,.T.);
#1892=EDGE_CURVE('',#2252,#2253,#344,.T.);
#1893=EDGE_CURVE('',#2253,#2101,#345,.F.);
#1894=EDGE_CURVE('',#2252,#2100,#346,.T.);
#1895=EDGE_CURVE('',#2098,#2254,#347,.F.);
#1896=EDGE_CURVE('',#2255,#2254,#348,.T.);
#1897=EDGE_CURVE('',#2255,#2099,#349,.T.);
#1898=EDGE_CURVE('',#2254,#2253,#2430,.F.);
#1899=EDGE_CURVE('',#2252,#2255,#2431,.T.);
#1900=EDGE_CURVE('',#2256,#2256,#2432,.F.);
#1901=EDGE_CURVE('',#2257,#2257,#2433,.T.);
#1902=EDGE_CURVE('',#2258,#2258,#2434,.T.);
#1903=EDGE_CURVE('',#2259,#2260,#350,.T.);
#1904=EDGE_CURVE('',#2261,#2260,#2435,.T.);
#1905=EDGE_CURVE('',#2261,#2262,#351,.T.);
#1906=EDGE_CURVE('',#2263,#2262,#2436,.T.);
#1907=EDGE_CURVE('',#2263,#2264,#352,.T.);
#1908=EDGE_CURVE('',#2264,#2265,#2437,.T.);
#1909=EDGE_CURVE('',#2265,#2266,#353,.T.);
#1910=EDGE_CURVE('',#2267,#2266,#2438,.T.);
#1911=EDGE_CURVE('',#2267,#2268,#354,.T.);
#1912=EDGE_CURVE('',#2268,#2259,#2439,.T.);
#1913=EDGE_CURVE('',#2269,#2269,#2440,.F.);
#1914=EDGE_CURVE('',#2270,#2270,#2441,.T.);
#1915=EDGE_CURVE('',#2271,#2272,#2442,.T.);
#1916=EDGE_CURVE('',#2259,#2271,#355,.T.);
#1917=EDGE_CURVE('',#2268,#2272,#356,.T.);
#1918=EDGE_CURVE('',#2272,#2273,#357,.T.);
#1919=EDGE_CURVE('',#2267,#2273,#358,.T.);
#1920=EDGE_CURVE('',#2274,#2275,#359,.T.);
#1921=EDGE_CURVE('',#2266,#2274,#360,.T.);
#1922=EDGE_CURVE('',#2265,#2275,#361,.T.);
#1923=EDGE_CURVE('',#2275,#2276,#2443,.T.);
#1924=EDGE_CURVE('',#2264,#2276,#362,.T.);
#1925=EDGE_CURVE('',#2276,#2277,#363,.T.);
#1926=EDGE_CURVE('',#2263,#2277,#364,.T.);
#1927=EDGE_CURVE('',#2278,#2279,#365,.T.);
#1928=EDGE_CURVE('',#2262,#2278,#366,.T.);
#1929=EDGE_CURVE('',#2261,#2279,#367,.T.);
#1930=EDGE_CURVE('',#2280,#2280,#2444,.F.);
#1931=EDGE_CURVE('',#2260,#2281,#368,.T.);
#1932=EDGE_CURVE('',#2273,#2281,#2445,.T.);
#1933=EDGE_CURVE('',#2277,#2274,#2446,.T.);
#1934=EDGE_CURVE('',#2279,#2278,#2447,.T.);
#1935=EDGE_CURVE('',#2281,#2271,#369,.T.);
#1936=EDGE_CURVE('',#2282,#2282,#2448,.T.);
#1937=EDGE_CURVE('',#2283,#2284,#370,.T.);
#1938=EDGE_CURVE('',#2285,#2284,#2449,.T.);
#1939=EDGE_CURVE('',#2285,#2286,#371,.T.);
#1940=EDGE_CURVE('',#2286,#2287,#2450,.T.);
#1941=EDGE_CURVE('',#2287,#2288,#372,.T.);
#1942=EDGE_CURVE('',#2289,#2288,#2451,.T.);
#1943=EDGE_CURVE('',#2289,#2290,#373,.T.);
#1944=EDGE_CURVE('',#2291,#2290,#2452,.T.);
#1945=EDGE_CURVE('',#2291,#2292,#374,.T.);
#1946=EDGE_CURVE('',#2292,#2283,#2453,.T.);
#1947=EDGE_CURVE('',#2293,#2293,#2454,.F.);
#1948=EDGE_CURVE('',#2294,#2294,#2455,.T.);
#1949=EDGE_CURVE('',#2295,#2296,#2456,.T.);
#1950=EDGE_CURVE('',#2283,#2295,#375,.T.);
#1951=EDGE_CURVE('',#2292,#2296,#376,.T.);
#1952=EDGE_CURVE('',#2296,#2297,#377,.T.);
#1953=EDGE_CURVE('',#2291,#2297,#378,.T.);
#1954=EDGE_CURVE('',#2298,#2299,#379,.T.);
#1955=EDGE_CURVE('',#2290,#2298,#380,.T.);
#1956=EDGE_CURVE('',#2289,#2299,#381,.T.);
#1957=EDGE_CURVE('',#2300,#2301,#382,.T.);
#1958=EDGE_CURVE('',#2288,#2300,#383,.T.);
#1959=EDGE_CURVE('',#2287,#2301,#384,.T.);
#1960=EDGE_CURVE('',#2301,#2302,#2457,.T.);
#1961=EDGE_CURVE('',#2286,#2302,#385,.T.);
#1962=EDGE_CURVE('',#2302,#2303,#386,.T.);
#1963=EDGE_CURVE('',#2285,#2303,#387,.T.);
#1964=EDGE_CURVE('',#2304,#2304,#2458,.F.);
#1965=EDGE_CURVE('',#2284,#2305,#388,.T.);
#1966=EDGE_CURVE('',#2297,#2305,#2459,.T.);
#1967=EDGE_CURVE('',#2299,#2298,#2460,.T.);
#1968=EDGE_CURVE('',#2303,#2300,#2461,.T.);
#1969=EDGE_CURVE('',#2305,#2295,#389,.T.);
#1970=EDGE_CURVE('',#2063,#2075,#28,.T.);
#1971=EDGE_CURVE('',#2076,#2062,#29,.F.);
#1972=EDGE_CURVE('',#2227,#2061,#2462,.T.);
#1973=EDGE_CURVE('',#2064,#2248,#2463,.T.);
#1974=EDGE_CURVE('',#2228,#2306,#2464,.T.);
#1975=EDGE_CURVE('',#2306,#2060,#56,.T.);
#1976=EDGE_CURVE('',#2080,#2306,#390,.T.);
#1977=EDGE_CURVE('',#2247,#2307,#2465,.T.);
#1978=EDGE_CURVE('',#2307,#2093,#391,.T.);
#1979=EDGE_CURVE('',#2065,#2307,#57,.F.);
#1980=EDGE_CURVE('',#2187,#2059,#30,.T.);
#1981=EDGE_CURVE('',#2066,#2169,#31,.F.);
#1982=EDGE_CURVE('',#2188,#2058,#32,.T.);
#1983=EDGE_CURVE('',#2067,#2175,#33,.F.);
#1984=EDGE_CURVE('',#2202,#2057,#34,.T.);
#1985=EDGE_CURVE('',#2068,#2182,#35,.F.);
#1986=EDGE_CURVE('',#2196,#2056,#36,.T.);
#1987=EDGE_CURVE('',#2069,#2179,#37,.F.);
#1988=EDGE_CURVE('',#2115,#2308,#392,.F.);
#1989=EDGE_CURVE('',#2308,#2055,#58,.T.);
#1990=EDGE_CURVE('',#2232,#2308,#2466,.T.);
#1991=EDGE_CURVE('',#2102,#2309,#393,.T.);
#1992=EDGE_CURVE('',#2309,#2253,#2467,.T.);
#1993=EDGE_CURVE('',#2070,#2309,#59,.F.);
#1994=EDGE_CURVE('',#2234,#2054,#2468,.T.);
#1995=EDGE_CURVE('',#2071,#2254,#2469,.T.);
#1996=EDGE_CURVE('',#2097,#2073,#38,.T.);
#1997=EDGE_CURVE('',#2072,#2098,#39,.F.);
#1998=VERTEX_POINT('',#4678);
#1999=VERTEX_POINT('',#4681);
#2000=VERTEX_POINT('',#4684);
#2001=VERTEX_POINT('',#4685);
#2002=VERTEX_POINT('',#4689);
#2003=VERTEX_POINT('',#4690);
#2004=VERTEX_POINT('',#4692);
#2005=VERTEX_POINT('',#4694);
#2006=VERTEX_POINT('',#4698);
#2007=VERTEX_POINT('',#4699);
#2008=VERTEX_POINT('',#4701);
#2009=VERTEX_POINT('',#4703);
#2010=VERTEX_POINT('',#4707);
#2011=VERTEX_POINT('',#4708);
#2012=VERTEX_POINT('',#4710);
#2013=VERTEX_POINT('',#4712);
#2014=VERTEX_POINT('',#4716);
#2015=VERTEX_POINT('',#4717);
#2016=VERTEX_POINT('',#4721);
#2017=VERTEX_POINT('',#4722);
#2018=VERTEX_POINT('',#4724);
#2019=VERTEX_POINT('',#4726);
#2020=VERTEX_POINT('',#4730);
#2021=VERTEX_POINT('',#4732);
#2022=VERTEX_POINT('',#4733);
#2023=VERTEX_POINT('',#4735);
#2024=VERTEX_POINT('',#4737);
#2025=VERTEX_POINT('',#4739);
#2026=VERTEX_POINT('',#4741);
#2027=VERTEX_POINT('',#4743);
#2028=VERTEX_POINT('',#4745);
#2029=VERTEX_POINT('',#4747);
#2030=VERTEX_POINT('',#4749);
#2031=VERTEX_POINT('',#4756);
#2032=VERTEX_POINT('',#4773);
#2033=VERTEX_POINT('',#4776);
#2034=VERTEX_POINT('',#4778);
#2035=VERTEX_POINT('',#4779);
#2036=VERTEX_POINT('',#4781);
#2037=VERTEX_POINT('',#4783);
#2038=VERTEX_POINT('',#4785);
#2039=VERTEX_POINT('',#4787);
#2040=VERTEX_POINT('',#4789);
#2041=VERTEX_POINT('',#4791);
#2042=VERTEX_POINT('',#4793);
#2043=VERTEX_POINT('',#4795);
#2044=VERTEX_POINT('',#4799);
#2045=VERTEX_POINT('',#4817);
#2046=VERTEX_POINT('',#4822);
#2047=VERTEX_POINT('',#4824);
#2048=VERTEX_POINT('',#4826);
#2049=VERTEX_POINT('',#4828);
#2050=VERTEX_POINT('',#4830);
#2051=VERTEX_POINT('',#4832);
#2052=VERTEX_POINT('',#4834);
#2053=VERTEX_POINT('',#4836);
#2054=VERTEX_POINT('',#4838);
#2055=VERTEX_POINT('',#4839);
#2056=VERTEX_POINT('',#4841);
#2057=VERTEX_POINT('',#4843);
#2058=VERTEX_POINT('',#4845);
#2059=VERTEX_POINT('',#4847);
#2060=VERTEX_POINT('',#4849);
#2061=VERTEX_POINT('',#4851);
#2062=VERTEX_POINT('',#4853);
#2063=VERTEX_POINT('',#4855);
#2064=VERTEX_POINT('',#4857);
#2065=VERTEX_POINT('',#4859);
#2066=VERTEX_POINT('',#4861);
#2067=VERTEX_POINT('',#4863);
#2068=VERTEX_POINT('',#4865);
#2069=VERTEX_POINT('',#4867);
#2070=VERTEX_POINT('',#4869);
#2071=VERTEX_POINT('',#4871);
#2072=VERTEX_POINT('',#4873);
#2073=VERTEX_POINT('',#4875);
#2074=VERTEX_POINT('',#4879);
#2075=VERTEX_POINT('',#4880);
#2076=VERTEX_POINT('',#4882);
#2077=VERTEX_POINT('',#4884);
#2078=VERTEX_POINT('',#4886);
#2079=VERTEX_POINT('',#4888);
#2080=VERTEX_POINT('',#4890);
#2081=VERTEX_POINT('',#4892);
#2082=VERTEX_POINT('',#4894);
#2083=VERTEX_POINT('',#4896);
#2084=VERTEX_POINT('',#4898);
#2085=VERTEX_POINT('',#4900);
#2086=VERTEX_POINT('',#4902);
#2087=VERTEX_POINT('',#4904);
#2088=VERTEX_POINT('',#4906);
#2089=VERTEX_POINT('',#4908);
#2090=VERTEX_POINT('',#4910);
#2091=VERTEX_POINT('',#4912);
#2092=VERTEX_POINT('',#4914);
#2093=VERTEX_POINT('',#4916);
#2094=VERTEX_POINT('',#4918);
#2095=VERTEX_POINT('',#4920);
#2096=VERTEX_POINT('',#4924);
#2097=VERTEX_POINT('',#4925);
#2098=VERTEX_POINT('',#4927);
#2099=VERTEX_POINT('',#4929);
#2100=VERTEX_POINT('',#4931);
#2101=VERTEX_POINT('',#4933);
#2102=VERTEX_POINT('',#4935);
#2103=VERTEX_POINT('',#4937);
#2104=VERTEX_POINT('',#4939);
#2105=VERTEX_POINT('',#4941);
#2106=VERTEX_POINT('',#4943);
#2107=VERTEX_POINT('',#4945);
#2108=VERTEX_POINT('',#4947);
#2109=VERTEX_POINT('',#4949);
#2110=VERTEX_POINT('',#4951);
#2111=VERTEX_POINT('',#4953);
#2112=VERTEX_POINT('',#4955);
#2113=VERTEX_POINT('',#4957);
#2114=VERTEX_POINT('',#4959);
#2115=VERTEX_POINT('',#4961);
#2116=VERTEX_POINT('',#4963);
#2117=VERTEX_POINT('',#4965);
#2118=VERTEX_POINT('',#4969);
#2119=VERTEX_POINT('',#4971);
#2120=VERTEX_POINT('',#4973);
#2121=VERTEX_POINT('',#4974);
#2122=VERTEX_POINT('',#4976);
#2123=VERTEX_POINT('',#4978);
#2124=VERTEX_POINT('',#4980);
#2125=VERTEX_POINT('',#4983);
#2126=VERTEX_POINT('',#4985);
#2127=VERTEX_POINT('',#4987);
#2128=VERTEX_POINT('',#4989);
#2129=VERTEX_POINT('',#4991);
#2130=VERTEX_POINT('',#4993);
#2131=VERTEX_POINT('',#4996);
#2132=VERTEX_POINT('',#4998);
#2133=VERTEX_POINT('',#5000);
#2134=VERTEX_POINT('',#5002);
#2135=VERTEX_POINT('',#5004);
#2136=VERTEX_POINT('',#5006);
#2137=VERTEX_POINT('',#5010);
#2138=VERTEX_POINT('',#5011);
#2139=VERTEX_POINT('',#5014);
#2140=VERTEX_POINT('',#5016);
#2141=VERTEX_POINT('',#5018);
#2142=VERTEX_POINT('',#5020);
#2143=VERTEX_POINT('',#5022);
#2144=VERTEX_POINT('',#5024);
#2145=VERTEX_POINT('',#5029);
#2146=VERTEX_POINT('',#5031);
#2147=VERTEX_POINT('',#5033);
#2148=VERTEX_POINT('',#5036);
#2149=VERTEX_POINT('',#5038);
#2150=VERTEX_POINT('',#5040);
#2151=VERTEX_POINT('',#5042);
#2152=VERTEX_POINT('',#5044);
#2153=VERTEX_POINT('',#5047);
#2154=VERTEX_POINT('',#5049);
#2155=VERTEX_POINT('',#5051);
#2156=VERTEX_POINT('',#5053);
#2157=VERTEX_POINT('',#5055);
#2158=VERTEX_POINT('',#5057);
#2159=VERTEX_POINT('',#5060);
#2160=VERTEX_POINT('',#5071);
#2161=VERTEX_POINT('',#5073);
#2162=VERTEX_POINT('',#5075);
#2163=VERTEX_POINT('',#5077);
#2164=VERTEX_POINT('',#5079);
#2165=VERTEX_POINT('',#5081);
#2166=VERTEX_POINT('',#5083);
#2167=VERTEX_POINT('',#5085);
#2168=VERTEX_POINT('',#5090);
#2169=VERTEX_POINT('',#5091);
#2170=VERTEX_POINT('',#5093);
#2171=VERTEX_POINT('',#5095);
#2172=VERTEX_POINT('',#5098);
#2173=VERTEX_POINT('',#5102);
#2174=VERTEX_POINT('',#5106);
#2175=VERTEX_POINT('',#5107);
#2176=VERTEX_POINT('',#5114);
#2177=VERTEX_POINT('',#5122);
#2178=VERTEX_POINT('',#5124);
#2179=VERTEX_POINT('',#5126);
#2180=VERTEX_POINT('',#5128);
#2181=VERTEX_POINT('',#5130);
#2182=VERTEX_POINT('',#5134);
#2183=VERTEX_POINT('',#5136);
#2184=VERTEX_POINT('',#5140);
#2185=VERTEX_POINT('',#5146);
#2186=VERTEX_POINT('',#5154);
#2187=VERTEX_POINT('',#5155);
#2188=VERTEX_POINT('',#5157);
#2189=VERTEX_POINT('',#5159);
#2190=VERTEX_POINT('',#5163);
#2191=VERTEX_POINT('',#5164);
#2192=VERTEX_POINT('',#5169);
#2193=VERTEX_POINT('',#5171);
#2194=VERTEX_POINT('',#5178);
#2195=VERTEX_POINT('',#5186);
#2196=VERTEX_POINT('',#5187);
#2197=VERTEX_POINT('',#5189);
#2198=VERTEX_POINT('',#5191);
#2199=VERTEX_POINT('',#5194);
#2200=VERTEX_POINT('',#5198);
#2201=VERTEX_POINT('',#5202);
#2202=VERTEX_POINT('',#5203);
#2203=VERTEX_POINT('',#5210);
#2204=VERTEX_POINT('',#5218);
#2205=VERTEX_POINT('',#5222);
#2206=VERTEX_POINT('',#5226);
#2207=VERTEX_POINT('',#5230);
#2208=VERTEX_POINT('',#5234);
#2209=VERTEX_POINT('',#5238);
#2210=VERTEX_POINT('',#5246);
#2211=VERTEX_POINT('',#5250);
#2212=VERTEX_POINT('',#5254);
#2213=VERTEX_POINT('',#5258);
#2214=VERTEX_POINT('',#5262);
#2215=VERTEX_POINT('',#5266);
#2216=VERTEX_POINT('',#5278);
#2217=VERTEX_POINT('',#5285);
#2218=VERTEX_POINT('',#5292);
#2219=VERTEX_POINT('',#5294);
#2220=VERTEX_POINT('',#5297);
#2221=VERTEX_POINT('',#5299);
#2222=VERTEX_POINT('',#5302);
#2223=VERTEX_POINT('',#5304);
#2224=VERTEX_POINT('',#5307);
#2225=VERTEX_POINT('',#5309);
#2226=VERTEX_POINT('',#5312);
#2227=VERTEX_POINT('',#5313);
#2228=VERTEX_POINT('',#5315);
#2229=VERTEX_POINT('',#5317);
#2230=VERTEX_POINT('',#5328);
#2231=VERTEX_POINT('',#5330);
#2232=VERTEX_POINT('',#5334);
#2233=VERTEX_POINT('',#5336);
#2234=VERTEX_POINT('',#5340);
#2235=VERTEX_POINT('',#5342);
#2236=VERTEX_POINT('',#5350);
#2237=VERTEX_POINT('',#5352);
#2238=VERTEX_POINT('',#5356);
#2239=VERTEX_POINT('',#5358);
#2240=VERTEX_POINT('',#5361);
#2241=VERTEX_POINT('',#5363);
#2242=VERTEX_POINT('',#5366);
#2243=VERTEX_POINT('',#5368);
#2244=VERTEX_POINT('',#5371);
#2245=VERTEX_POINT('',#5373);
#2246=VERTEX_POINT('',#5376);
#2247=VERTEX_POINT('',#5377);
#2248=VERTEX_POINT('',#5379);
#2249=VERTEX_POINT('',#5381);
#2250=VERTEX_POINT('',#5392);
#2251=VERTEX_POINT('',#5394);
#2252=VERTEX_POINT('',#5398);
#2253=VERTEX_POINT('',#5399);
#2254=VERTEX_POINT('',#5404);
#2255=VERTEX_POINT('',#5406);
#2256=VERTEX_POINT('',#5414);
#2257=VERTEX_POINT('',#5416);
#2258=VERTEX_POINT('',#5420);
#2259=VERTEX_POINT('',#5422);
#2260=VERTEX_POINT('',#5423);
#2261=VERTEX_POINT('',#5425);
#2262=VERTEX_POINT('',#5427);
#2263=VERTEX_POINT('',#5429);
#2264=VERTEX_POINT('',#5431);
#2265=VERTEX_POINT('',#5433);
#2266=VERTEX_POINT('',#5435);
#2267=VERTEX_POINT('',#5437);
#2268=VERTEX_POINT('',#5439);
#2269=VERTEX_POINT('',#5443);
#2270=VERTEX_POINT('',#5445);
#2271=VERTEX_POINT('',#5448);
#2272=VERTEX_POINT('',#5449);
#2273=VERTEX_POINT('',#5454);
#2274=VERTEX_POINT('',#5458);
#2275=VERTEX_POINT('',#5459);
#2276=VERTEX_POINT('',#5464);
#2277=VERTEX_POINT('',#5468);
#2278=VERTEX_POINT('',#5472);
#2279=VERTEX_POINT('',#5473);
#2280=VERTEX_POINT('',#5478);
#2281=VERTEX_POINT('',#5480);
#2282=VERTEX_POINT('',#5488);
#2283=VERTEX_POINT('',#5490);
#2284=VERTEX_POINT('',#5491);
#2285=VERTEX_POINT('',#5493);
#2286=VERTEX_POINT('',#5495);
#2287=VERTEX_POINT('',#5497);
#2288=VERTEX_POINT('',#5499);
#2289=VERTEX_POINT('',#5501);
#2290=VERTEX_POINT('',#5503);
#2291=VERTEX_POINT('',#5505);
#2292=VERTEX_POINT('',#5507);
#2293=VERTEX_POINT('',#5511);
#2294=VERTEX_POINT('',#5513);
#2295=VERTEX_POINT('',#5516);
#2296=VERTEX_POINT('',#5517);
#2297=VERTEX_POINT('',#5522);
#2298=VERTEX_POINT('',#5526);
#2299=VERTEX_POINT('',#5527);
#2300=VERTEX_POINT('',#5532);
#2301=VERTEX_POINT('',#5533);
#2302=VERTEX_POINT('',#5538);
#2303=VERTEX_POINT('',#5542);
#2304=VERTEX_POINT('',#5546);
#2305=VERTEX_POINT('',#5548);
#2306=VERTEX_POINT('',#5575);
#2307=VERTEX_POINT('',#5584);
#2308=VERTEX_POINT('',#5609);
#2309=VERTEX_POINT('',#5618);
#2310=CIRCLE('',#3316,0.001625);
#2311=CIRCLE('',#3318,0.001625);
#2312=CIRCLE('',#3320,0.0038);
#2313=CIRCLE('',#3322,0.000899999018330985);
#2314=CIRCLE('',#3323,0.0038);
#2315=CIRCLE('',#3325,0.000899999018330995);
#2316=CIRCLE('',#3326,0.0038);
#2317=CIRCLE('',#3328,0.000899999018331023);
#2318=CIRCLE('',#3329,0.00379999999999995);
#2319=CIRCLE('',#3331,0.00379999999999995);
#2320=CIRCLE('',#3333,0.000899999018331016);
#2321=CIRCLE('',#3334,0.00379999999999995);
#2322=CIRCLE('',#3336,0.002225);
#2323=CIRCLE('',#3337,0.000899999018330985);
#2324=CIRCLE('',#3338,0.0038);
#2325=CIRCLE('',#3339,0.000899999018330995);
#2326=CIRCLE('',#3340,0.0038);
#2327=CIRCLE('',#3341,0.0038);
#2328=CIRCLE('',#3344,0.0038);
#2329=CIRCLE('',#3352,0.001625);
#2330=CIRCLE('',#3354,0.002225);
#2331=CIRCLE('',#3355,0.000899999018331023);
#2332=CIRCLE('',#3356,0.0038);
#2333=CIRCLE('',#3357,0.0038);
#2334=CIRCLE('',#3358,0.000899999018331016);
#2335=CIRCLE('',#3359,0.00379999999999995);
#2336=CIRCLE('',#3361,0.001625);
#2337=CIRCLE('',#3369,0.00379999999999995);
#2338=CIRCLE('',#3372,0.0056);
#2339=CIRCLE('',#3373,0.0056);
#2340=CIRCLE('',#3374,0.0056);
#2341=CIRCLE('',#3375,0.0056);
#2342=CIRCLE('',#3376,0.0056);
#2343=CIRCLE('',#3377,0.0056);
#2344=CIRCLE('',#3378,0.0056);
#2345=CIRCLE('',#3379,0.0056);
#2346=CIRCLE('',#3380,0.0056);
#2347=CIRCLE('',#3381,0.0056);
#2348=CIRCLE('',#3382,0.0056);
#2349=CIRCLE('',#3383,0.0056);
#2350=CIRCLE('',#3385,0.0018);
#2351=CIRCLE('',#3386,0.0018);
#2352=CIRCLE('',#3387,0.0018);
#2353=CIRCLE('',#3388,0.0018);
#2354=CIRCLE('',#3390,0.0018);
#2355=CIRCLE('',#3391,0.0018);
#2356=CIRCLE('',#3392,0.0018);
#2357=CIRCLE('',#3393,0.0018);
#2358=CIRCLE('',#3395,0.002225);
#2359=CIRCLE('',#3396,0.002225);
#2360=CIRCLE('',#3397,0.0004);
#2361=CIRCLE('',#3398,0.0004);
#2362=CIRCLE('',#3399,0.0004);
#2363=CIRCLE('',#3400,0.0004);
#2364=CIRCLE('',#3401,0.0004);
#2365=CIRCLE('',#3402,0.0004);
#2366=CIRCLE('',#3405,0.002225);
#2367=CIRCLE('',#3406,0.002225);
#2368=CIRCLE('',#3407,0.0004);
#2369=CIRCLE('',#3408,0.0004);
#2370=CIRCLE('',#3409,0.0004);
#2371=CIRCLE('',#3410,0.0004);
#2372=CIRCLE('',#3411,0.0004);
#2373=CIRCLE('',#3412,0.0004);
#2374=CIRCLE('',#3417,0.00222499999999997);
#2375=CIRCLE('',#3418,0.00222499999999997);
#2376=CIRCLE('',#3419,0.002225);
#2377=CIRCLE('',#3420,0.002225);
#2378=CIRCLE('',#3421,0.002225);
#2379=CIRCLE('',#3422,0.002225);
#2380=CIRCLE('',#3423,0.002225);
#2381=CIRCLE('',#3424,0.002225);
#2382=CIRCLE('',#3426,0.001625);
#2383=CIRCLE('',#3427,0.0038);
#2384=CIRCLE('',#3431,0.0038);
#2385=CIRCLE('',#3433,0.001625);
#2386=CIRCLE('',#3435,0.001625);
#2387=CIRCLE('',#3436,0.0038);
#2388=CIRCLE('',#3440,0.0038);
#2389=CIRCLE('',#3442,0.001625);
#2390=CIRCLE('',#3446,0.001625);
#2391=CIRCLE('',#3447,0.0038);
#2392=CIRCLE('',#3449,0.0038);
#2393=CIRCLE('',#3451,0.001625);
#2394=CIRCLE('',#3453,0.001625);
#2395=CIRCLE('',#3454,0.0038);
#2396=CIRCLE('',#3458,0.0038);
#2397=CIRCLE('',#3460,0.001625);
#2398=CIRCLE('',#3464,0.0004);
#2399=CIRCLE('',#3467,0.0004);
#2400=CIRCLE('',#3475,0.0004);
#2401=CIRCLE('',#3478,0.0004);
#2402=CIRCLE('',#3492,0.001625);
#2403=CIRCLE('',#3493,0.001625);
#2404=CIRCLE('',#3495,0.001625);
#2405=CIRCLE('',#3496,0.001625);
#2406=CIRCLE('',#3498,0.001625);
#2407=CIRCLE('',#3499,0.001625);
#2408=CIRCLE('',#3501,0.001625);
#2409=CIRCLE('',#3502,0.001625);
#2410=CIRCLE('',#3504,0.0038);
#2411=CIRCLE('',#3505,0.0038);
#2412=CIRCLE('',#3510,0.0038);
#2413=CIRCLE('',#3511,0.0038);
#2414=CIRCLE('',#3515,0.0038);
#2415=CIRCLE('',#3516,0.0038);
#2416=CIRCLE('',#3520,0.0038);
#2417=CIRCLE('',#3521,0.0038);
#2418=CIRCLE('',#3524,0.001625);
#2419=CIRCLE('',#3525,0.001625);
#2420=CIRCLE('',#3527,0.001625);
#2421=CIRCLE('',#3528,0.001625);
#2422=CIRCLE('',#3530,0.001625);
#2423=CIRCLE('',#3531,0.001625);
#2424=CIRCLE('',#3533,0.001625);
#2425=CIRCLE('',#3534,0.001625);
#2426=CIRCLE('',#3536,0.0038);
#2427=CIRCLE('',#3537,0.0038);
#2428=CIRCLE('',#3542,0.0038);
#2429=CIRCLE('',#3543,0.0038);
#2430=CIRCLE('',#3548,0.0038);
#2431=CIRCLE('',#3549,0.0038);
#2432=CIRCLE('',#3552,0.0038);
#2433=CIRCLE('',#3553,0.0038);
#2434=CIRCLE('',#3556,0.002225);
#2435=CIRCLE('',#3557,0.0038);
#2436=CIRCLE('',#3558,0.0038);
#2437=CIRCLE('',#3559,0.000899999018330995);
#2438=CIRCLE('',#3560,0.0038);
#2439=CIRCLE('',#3561,0.000899999018330985);
#2440=CIRCLE('',#3563,0.001625);
#2441=CIRCLE('',#3564,0.001625);
#2442=CIRCLE('',#3566,0.000899999018330985);
#2443=CIRCLE('',#3570,0.000899999018330995);
#2444=CIRCLE('',#3574,0.0038);
#2445=CIRCLE('',#3575,0.0038);
#2446=CIRCLE('',#3576,0.0038);
#2447=CIRCLE('',#3577,0.0038);
#2448=CIRCLE('',#3580,0.002225);
#2449=CIRCLE('',#3581,0.00379999999999995);
#2450=CIRCLE('',#3582,0.000899999018331016);
#2451=CIRCLE('',#3583,0.0038);
#2452=CIRCLE('',#3584,0.0038);
#2453=CIRCLE('',#3585,0.000899999018331023);
#2454=CIRCLE('',#3587,0.001625);
#2455=CIRCLE('',#3588,0.001625);
#2456=CIRCLE('',#3590,0.000899999018331023);
#2457=CIRCLE('',#3595,0.000899999018331016);
#2458=CIRCLE('',#3598,0.00379999999999995);
#2459=CIRCLE('',#3599,0.00379999999999995);
#2460=CIRCLE('',#3600,0.00379999999999995);
#2461=CIRCLE('',#3601,0.00379999999999995);
#2462=CIRCLE('',#3619,0.0018);
#2463=CIRCLE('',#3621,0.0018);
#2464=CIRCLE('',#3623,0.0018);
#2465=CIRCLE('',#3626,0.0018);
#2466=CIRCLE('',#3646,0.0018);
#2467=CIRCLE('',#3648,0.0018);
#2468=CIRCLE('',#3651,0.0018);
#2469=CIRCLE('',#3653,0.0018);
#2470=EDGE_LOOP('',(#660));
#2471=EDGE_LOOP('',(#661));
#2472=EDGE_LOOP('',(#662,#663));
#2473=EDGE_LOOP('',(#664,#665,#666,#667));
#2474=EDGE_LOOP('',(#668,#669,#670,#671));
#2475=EDGE_LOOP('',(#672,#673,#674,#675));
#2476=EDGE_LOOP('',(#676,#677));
#2477=EDGE_LOOP('',(#678,#679,#680,#681));
#2478=EDGE_LOOP('',(#682));
#2479=EDGE_LOOP('',(#683,#684,#685,#686,#687,#688,#689,#690,#691,#692));
#2480=EDGE_LOOP('',(#693,#694,#695,#696));
#2481=EDGE_LOOP('',(#697));
#2482=EDGE_LOOP('',(#698,#699,#700,#701,#702,#703,#704,#705,#706,#707,#708,#709));
#2483=EDGE_LOOP('',(#710,#711,#712,#713));
#2484=EDGE_LOOP('',(#714,#715,#716,#717));
#2485=EDGE_LOOP('',(#718,#719,#720,#721));
#2486=EDGE_LOOP('',(#722,#723,#724,#725));
#2487=EDGE_LOOP('',(#726,#727,#728,#729));
#2488=EDGE_LOOP('',(#730,#731,#732,#733));
#2489=EDGE_LOOP('',(#734));
#2490=EDGE_LOOP('',(#735));
#2491=EDGE_LOOP('',(#736));
#2492=EDGE_LOOP('',(#737,#738,#739,#740,#741,#742,#743,#744,#745,#746));
#2493=EDGE_LOOP('',(#747));
#2494=EDGE_LOOP('',(#748));
#2495=EDGE_LOOP('',(#749,#750,#751,#752));
#2496=EDGE_LOOP('',(#753,#754,#755,#756));
#2497=EDGE_LOOP('',(#757,#758,#759,#760));
#2498=EDGE_LOOP('',(#761,#762,#763,#764));
#2499=EDGE_LOOP('',(#765,#766,#767,#768));
#2500=EDGE_LOOP('',(#769,#770,#771,#772));
#2501=EDGE_LOOP('',(#773));
#2502=EDGE_LOOP('',(#774,#775,#776,#777,#778,#779,#780,#781,#782,#783,#784,#785));
#2503=EDGE_LOOP('',(#786,#787,#788,#789));
#2504=EDGE_LOOP('',(#790));
#2505=EDGE_LOOP('',(#791));
#2506=EDGE_LOOP('',(#792));
#2507=EDGE_LOOP('',(#793));
#2508=EDGE_LOOP('',(#794));
#2509=EDGE_LOOP('',(#795));
#2510=EDGE_LOOP('',(#796));
#2511=EDGE_LOOP('',(#797));
#2512=EDGE_LOOP('',(#798,#799,#800,#801,#802,#803,#804,#805,#806,#807,#808,#809,#810,#811,#812,#813,#814,#815,#816,#817));
#2513=EDGE_LOOP('',(#818,#819,#820,#821,#822,#823,#824,#825,#826,#827,#828,#829,#830,#831,#832,#833,#834,#835,#836,#837,#838,#839));
#2514=EDGE_LOOP('',(#840,#841,#842,#843,#844,#845,#846,#847,#848,#849,#850,#851,#852,#853,#854,#855,#856,#857,#858,#859,#860,#861));
#2515=EDGE_LOOP('',(#862));
#2516=EDGE_LOOP('',(#863));
#2517=EDGE_LOOP('',(#864,#865,#866,#867,#868,#869,#870,#871,#872,#873,#874,#875,#876,#877,#878,#879,#880,#881,#882,#883,#884));
#2518=EDGE_LOOP('',(#885,#886,#887,#888,#889,#890,#891,#892,#893,#894,#895,#896));
#2519=EDGE_LOOP('',(#897));
#2520=EDGE_LOOP('',(#898));
#2521=EDGE_LOOP('',(#899,#900,#901,#902,#903,#904,#905,#906,#907,#908,#909,#910,#911,#912,#913,#914,#915,#916,#917,#918,#919));
#2522=EDGE_LOOP('',(#920,#921,#922,#923));
#2523=EDGE_LOOP('',(#924,#925,#926,#927));
#2524=EDGE_LOOP('',(#928,#929,#930,#931));
#2525=EDGE_LOOP('',(#932));
#2526=EDGE_LOOP('',(#933));
#2527=EDGE_LOOP('',(#934));
#2528=EDGE_LOOP('',(#935));
#2529=EDGE_LOOP('',(#936));
#2530=EDGE_LOOP('',(#937));
#2531=EDGE_LOOP('',(#938));
#2532=EDGE_LOOP('',(#939));
#2533=EDGE_LOOP('',(#940,#941,#942,#943));
#2534=EDGE_LOOP('',(#944,#945,#946,#947,#948,#949,#950));
#2535=EDGE_LOOP('',(#951,#952,#953,#954));
#2536=EDGE_LOOP('',(#955,#956,#957,#958));
#2537=EDGE_LOOP('',(#959,#960,#961,#962));
#2538=EDGE_LOOP('',(#963));
#2539=EDGE_LOOP('',(#964,#965));
#2540=EDGE_LOOP('',(#966,#967,#968,#969,#970,#971,#972));
#2541=EDGE_LOOP('',(#973,#974,#975,#976));
#2542=EDGE_LOOP('',(#977,#978,#979,#980));
#2543=EDGE_LOOP('',(#981,#982,#983,#984));
#2544=EDGE_LOOP('',(#985));
#2545=EDGE_LOOP('',(#986,#987));
#2546=EDGE_LOOP('',(#988,#989,#990,#991));
#2547=EDGE_LOOP('',(#992,#993,#994,#995));
#2548=EDGE_LOOP('',(#996,#997,#998,#999,#1000,#1001,#1002));
#2549=EDGE_LOOP('',(#1003,#1004,#1005,#1006));
#2550=EDGE_LOOP('',(#1007));
#2551=EDGE_LOOP('',(#1008,#1009));
#2552=EDGE_LOOP('',(#1010,#1011,#1012,#1013,#1014,#1015,#1016));
#2553=EDGE_LOOP('',(#1017,#1018,#1019,#1020));
#2554=EDGE_LOOP('',(#1021,#1022,#1023,#1024));
#2555=EDGE_LOOP('',(#1025,#1026,#1027,#1028));
#2556=EDGE_LOOP('',(#1029));
#2557=EDGE_LOOP('',(#1030,#1031));
#2558=EDGE_LOOP('',(#1032,#1033,#1034,#1035));
#2559=EDGE_LOOP('',(#1036,#1037,#1038,#1039));
#2560=EDGE_LOOP('',(#1040,#1041,#1042,#1043));
#2561=EDGE_LOOP('',(#1044,#1045,#1046,#1047));
#2562=EDGE_LOOP('',(#1048,#1049,#1050,#1051));
#2563=EDGE_LOOP('',(#1052,#1053,#1054,#1055));
#2564=EDGE_LOOP('',(#1056,#1057,#1058,#1059));
#2565=EDGE_LOOP('',(#1060,#1061,#1062,#1063,#1064,#1065,#1066,#1067,#1068,#1069,#1070,#1071,#1072,#1073,#1074,#1075));
#2566=EDGE_LOOP('',(#1076,#1077,#1078,#1079));
#2567=EDGE_LOOP('',(#1080,#1081,#1082,#1083));
#2568=EDGE_LOOP('',(#1084,#1085,#1086,#1087));
#2569=EDGE_LOOP('',(#1088,#1089,#1090,#1091));
#2570=EDGE_LOOP('',(#1092,#1093,#1094,#1095));
#2571=EDGE_LOOP('',(#1096,#1097,#1098,#1099));
#2572=EDGE_LOOP('',(#1100,#1101,#1102,#1103));
#2573=EDGE_LOOP('',(#1104,#1105,#1106,#1107,#1108,#1109,#1110,#1111,#1112,#1113,#1114,#1115,#1116,#1117,#1118,#1119));
#2574=EDGE_LOOP('',(#1120,#1121,#1122,#1123));
#2575=EDGE_LOOP('',(#1124,#1125,#1126,#1127));
#2576=EDGE_LOOP('',(#1128,#1129,#1130,#1131));
#2577=EDGE_LOOP('',(#1132,#1133,#1134,#1135));
#2578=EDGE_LOOP('',(#1136,#1137,#1138,#1139));
#2579=EDGE_LOOP('',(#1140,#1141,#1142,#1143));
#2580=EDGE_LOOP('',(#1144,#1145,#1146));
#2581=EDGE_LOOP('',(#1147,#1148,#1149,#1150));
#2582=EDGE_LOOP('',(#1151,#1152,#1153,#1154));
#2583=EDGE_LOOP('',(#1155,#1156,#1157));
#2584=EDGE_LOOP('',(#1158));
#2585=EDGE_LOOP('',(#1159));
#2586=EDGE_LOOP('',(#1160));
#2587=EDGE_LOOP('',(#1161));
#2588=EDGE_LOOP('',(#1162));
#2589=EDGE_LOOP('',(#1163));
#2590=EDGE_LOOP('',(#1164));
#2591=EDGE_LOOP('',(#1165));
#2592=EDGE_LOOP('',(#1166,#1167,#1168,#1169));
#2593=EDGE_LOOP('',(#1170,#1171,#1172,#1173));
#2594=EDGE_LOOP('',(#1174,#1175,#1176,#1177));
#2595=EDGE_LOOP('',(#1178));
#2596=EDGE_LOOP('',(#1179,#1180,#1181,#1182));
#2597=EDGE_LOOP('',(#1183));
#2598=EDGE_LOOP('',(#1184));
#2599=EDGE_LOOP('',(#1185));
#2600=EDGE_LOOP('',(#1186));
#2601=EDGE_LOOP('',(#1187,#1188,#1189,#1190));
#2602=EDGE_LOOP('',(#1191,#1192,#1193,#1194));
#2603=EDGE_LOOP('',(#1195,#1196,#1197,#1198));
#2604=EDGE_LOOP('',(#1199,#1200,#1201,#1202));
#2605=EDGE_LOOP('',(#1203));
#2606=EDGE_LOOP('',(#1204));
#2607=EDGE_LOOP('',(#1205));
#2608=EDGE_LOOP('',(#1206));
#2609=EDGE_LOOP('',(#1207));
#2610=EDGE_LOOP('',(#1208));
#2611=EDGE_LOOP('',(#1209));
#2612=EDGE_LOOP('',(#1210));
#2613=EDGE_LOOP('',(#1211));
#2614=EDGE_LOOP('',(#1212));
#2615=EDGE_LOOP('',(#1213));
#2616=EDGE_LOOP('',(#1214));
#2617=EDGE_LOOP('',(#1215));
#2618=EDGE_LOOP('',(#1216,#1217,#1218,#1219));
#2619=EDGE_LOOP('',(#1220,#1221,#1222,#1223));
#2620=EDGE_LOOP('',(#1224,#1225,#1226,#1227));
#2621=EDGE_LOOP('',(#1228));
#2622=EDGE_LOOP('',(#1229,#1230,#1231,#1232));
#2623=EDGE_LOOP('',(#1233));
#2624=EDGE_LOOP('',(#1234));
#2625=EDGE_LOOP('',(#1235));
#2626=EDGE_LOOP('',(#1236));
#2627=EDGE_LOOP('',(#1237,#1238,#1239,#1240));
#2628=EDGE_LOOP('',(#1241,#1242,#1243,#1244));
#2629=EDGE_LOOP('',(#1245,#1246,#1247,#1248));
#2630=EDGE_LOOP('',(#1249,#1250,#1251,#1252));
#2631=EDGE_LOOP('',(#1253));
#2632=EDGE_LOOP('',(#1254));
#2633=EDGE_LOOP('',(#1255));
#2634=EDGE_LOOP('',(#1256));
#2635=EDGE_LOOP('',(#1257));
#2636=EDGE_LOOP('',(#1258));
#2637=EDGE_LOOP('',(#1259,#1260,#1261,#1262,#1263,#1264,#1265,#1266,#1267,#1268));
#2638=EDGE_LOOP('',(#1269));
#2639=EDGE_LOOP('',(#1270));
#2640=EDGE_LOOP('',(#1271,#1272,#1273,#1274));
#2641=EDGE_LOOP('',(#1275,#1276,#1277,#1278));
#2642=EDGE_LOOP('',(#1279,#1280,#1281,#1282));
#2643=EDGE_LOOP('',(#1283,#1284,#1285,#1286));
#2644=EDGE_LOOP('',(#1287,#1288,#1289,#1290));
#2645=EDGE_LOOP('',(#1291,#1292,#1293,#1294));
#2646=EDGE_LOOP('',(#1295));
#2647=EDGE_LOOP('',(#1296,#1297,#1298,#1299,#1300,#1301,#1302,#1303,#1304,#1305,#1306,#1307));
#2648=EDGE_LOOP('',(#1308,#1309,#1310,#1311));
#2649=EDGE_LOOP('',(#1312));
#2650=EDGE_LOOP('',(#1313,#1314,#1315,#1316,#1317,#1318,#1319,#1320,#1321,#1322));
#2651=EDGE_LOOP('',(#1323));
#2652=EDGE_LOOP('',(#1324));
#2653=EDGE_LOOP('',(#1325,#1326,#1327,#1328));
#2654=EDGE_LOOP('',(#1329,#1330,#1331,#1332));
#2655=EDGE_LOOP('',(#1333,#1334,#1335,#1336));
#2656=EDGE_LOOP('',(#1337,#1338,#1339,#1340));
#2657=EDGE_LOOP('',(#1341,#1342,#1343,#1344));
#2658=EDGE_LOOP('',(#1345,#1346,#1347,#1348));
#2659=EDGE_LOOP('',(#1349));
#2660=EDGE_LOOP('',(#1350,#1351,#1352,#1353,#1354,#1355,#1356,#1357,#1358,#1359,#1360,#1361));
#2661=EDGE_LOOP('',(#1362,#1363,#1364,#1365));
#2662=EDGE_LOOP('',(#1366));
#2663=EDGE_LOOP('',(#1367));
#2664=EDGE_LOOP('',(#1368,#1369,#1370,#1371));
#2665=EDGE_LOOP('',(#1372,#1373));
#2666=EDGE_LOOP('',(#1374,#1375,#1376,#1377));
#2667=EDGE_LOOP('',(#1378,#1379,#1380,#1381));
#2668=EDGE_LOOP('',(#1382,#1383,#1384,#1385));
#2669=EDGE_LOOP('',(#1386,#1387));
#2670=EDGE_LOOP('',(#1388));
#2671=EDGE_LOOP('',(#1389));
#2672=EDGE_LOOP('',(#1390));
#2673=EDGE_LOOP('',(#1391));
#2674=EDGE_LOOP('',(#1392));
#2675=EDGE_LOOP('',(#1393));
#2676=EDGE_LOOP('',(#1394));
#2677=EDGE_LOOP('',(#1395));
#2678=EDGE_LOOP('',(#1396,#1397,#1398,#1399));
#2679=EDGE_LOOP('',(#1400,#1401,#1402,#1403));
#2680=EDGE_LOOP('',(#1404,#1405,#1406,#1407));
#2681=EDGE_LOOP('',(#1408,#1409,#1410,#1411,#1412));
#2682=EDGE_LOOP('',(#1413,#1414,#1415,#1416));
#2683=EDGE_LOOP('',(#1417,#1418,#1419,#1420));
#2684=EDGE_LOOP('',(#1421,#1422,#1423,#1424,#1425));
#2685=EDGE_LOOP('',(#1426,#1427,#1428,#1429,#1430,#1431,#1432,#1433));
#2686=EDGE_LOOP('',(#1434,#1435,#1436,#1437,#1438,#1439,#1440,#1441));
#2687=EDGE_LOOP('',(#1442,#1443,#1444,#1445));
#2688=EDGE_LOOP('',(#1446,#1447,#1448,#1449));
#2689=EDGE_LOOP('',(#1450,#1451,#1452,#1453));
#2690=EDGE_LOOP('',(#1454,#1455,#1456,#1457));
#2691=EDGE_LOOP('',(#1458,#1459,#1460,#1461));
#2692=EDGE_LOOP('',(#1462,#1463,#1464,#1465));
#2693=EDGE_LOOP('',(#1466,#1467,#1468,#1469,#1470,#1471,#1472,#1473));
#2694=EDGE_LOOP('',(#1474,#1475,#1476,#1477));
#2695=EDGE_LOOP('',(#1478,#1479,#1480,#1481));
#2696=EDGE_LOOP('',(#1482,#1483,#1484,#1485,#1486,#1487,#1488,#1489));
#2697=EDGE_LOOP('',(#1490,#1491,#1492,#1493,#1494));
#2698=EDGE_LOOP('',(#1495,#1496,#1497,#1498,#1499));
#2699=EDGE_LOOP('',(#1500,#1501,#1502,#1503));
#2700=EDGE_LOOP('',(#1504,#1505,#1506,#1507));
#2701=EDGE_LOOP('',(#1508,#1509,#1510,#1511));
#2702=EDGE_LOOP('',(#1512));
#2703=EDGE_LOOP('',(#1513));
#2704=EDGE_LOOP('',(#1514));
#2705=EDGE_LOOP('',(#1515));
#2706=EDGE_LOOP('',(#1516));
#2707=EDGE_LOOP('',(#1517));
#2708=EDGE_LOOP('',(#1518));
#2709=EDGE_LOOP('',(#1519));
#2710=EDGE_LOOP('',(#1520));
#2711=EDGE_LOOP('',(#1521));
#2712=EDGE_LOOP('',(#1522));
#2713=EDGE_LOOP('',(#1523));
#2714=EDGE_LOOP('',(#1524));
#2715=EDGE_LOOP('',(#1525));
#2716=EDGE_LOOP('',(#1526));
#2717=EDGE_LOOP('',(#1527));
#2718=EDGE_LOOP('',(#1528));
#2719=EDGE_LOOP('',(#1529));
#2720=EDGE_LOOP('',(#1530));
#2721=EDGE_LOOP('',(#1531));
#2722=EDGE_LOOP('',(#1532));
#2723=EDGE_LOOP('',(#1533));
#2724=EDGE_LOOP('',(#1534));
#2725=EDGE_LOOP('',(#1535));
#2726=EDGE_LOOP('',(#1536));
#2727=EDGE_LOOP('',(#1537));
#2728=EDGE_LOOP('',(#1538));
#2729=EDGE_LOOP('',(#1539));
#2730=EDGE_LOOP('',(#1540));
#2731=EDGE_LOOP('',(#1541));
#2732=EDGE_LOOP('',(#1542));
#2733=EDGE_LOOP('',(#1543));
#2734=EDGE_LOOP('',(#1544));
#2735=EDGE_LOOP('',(#1545));
#2736=EDGE_LOOP('',(#1546));
#2737=EDGE_LOOP('',(#1547));
#2738=EDGE_LOOP('',(#1548));
#2739=EDGE_LOOP('',(#1549));
#2740=EDGE_LOOP('',(#1550));
#2741=EDGE_LOOP('',(#1551));
#2742=FACE_BOUND('',#2470,.T.);
#2743=FACE_BOUND('',#2471,.T.);
#2744=FACE_BOUND('',#2472,.T.);
#2745=FACE_BOUND('',#2473,.T.);
#2746=FACE_BOUND('',#2474,.T.);
#2747=FACE_BOUND('',#2475,.T.);
#2748=FACE_BOUND('',#2476,.T.);
#2749=FACE_BOUND('',#2477,.T.);
#2750=FACE_BOUND('',#2478,.T.);
#2751=FACE_BOUND('',#2479,.T.);
#2752=FACE_BOUND('',#2480,.T.);
#2753=FACE_BOUND('',#2481,.T.);
#2754=FACE_BOUND('',#2482,.T.);
#2755=FACE_BOUND('',#2483,.T.);
#2756=FACE_BOUND('',#2484,.T.);
#2757=FACE_BOUND('',#2485,.T.);
#2758=FACE_BOUND('',#2486,.T.);
#2759=FACE_BOUND('',#2487,.T.);
#2760=FACE_BOUND('',#2488,.T.);
#2761=FACE_BOUND('',#2489,.T.);
#2762=FACE_BOUND('',#2490,.T.);
#2763=FACE_BOUND('',#2491,.T.);
#2764=FACE_BOUND('',#2492,.T.);
#2765=FACE_BOUND('',#2493,.T.);
#2766=FACE_BOUND('',#2494,.T.);
#2767=FACE_BOUND('',#2495,.T.);
#2768=FACE_BOUND('',#2496,.T.);
#2769=FACE_BOUND('',#2497,.T.);
#2770=FACE_BOUND('',#2498,.T.);
#2771=FACE_BOUND('',#2499,.T.);
#2772=FACE_BOUND('',#2500,.T.);
#2773=FACE_BOUND('',#2501,.T.);
#2774=FACE_BOUND('',#2502,.T.);
#2775=FACE_BOUND('',#2503,.T.);
#2776=FACE_BOUND('',#2504,.T.);
#2777=FACE_BOUND('',#2505,.T.);
#2778=FACE_BOUND('',#2506,.T.);
#2779=FACE_BOUND('',#2507,.T.);
#2780=FACE_BOUND('',#2508,.T.);
#2781=FACE_BOUND('',#2509,.T.);
#2782=FACE_BOUND('',#2510,.T.);
#2783=FACE_BOUND('',#2511,.T.);
#2784=FACE_BOUND('',#2512,.T.);
#2785=FACE_BOUND('',#2513,.T.);
#2786=FACE_BOUND('',#2514,.T.);
#2787=FACE_BOUND('',#2515,.T.);
#2788=FACE_BOUND('',#2516,.T.);
#2789=FACE_BOUND('',#2517,.T.);
#2790=FACE_BOUND('',#2518,.T.);
#2791=FACE_BOUND('',#2519,.T.);
#2792=FACE_BOUND('',#2520,.T.);
#2793=FACE_BOUND('',#2521,.T.);
#2794=FACE_BOUND('',#2522,.T.);
#2795=FACE_BOUND('',#2523,.T.);
#2796=FACE_BOUND('',#2524,.T.);
#2797=FACE_BOUND('',#2525,.T.);
#2798=FACE_BOUND('',#2526,.T.);
#2799=FACE_BOUND('',#2527,.T.);
#2800=FACE_BOUND('',#2528,.T.);
#2801=FACE_BOUND('',#2529,.T.);
#2802=FACE_BOUND('',#2530,.T.);
#2803=FACE_BOUND('',#2531,.T.);
#2804=FACE_BOUND('',#2532,.T.);
#2805=FACE_BOUND('',#2533,.T.);
#2806=FACE_BOUND('',#2534,.T.);
#2807=FACE_BOUND('',#2535,.T.);
#2808=FACE_BOUND('',#2536,.T.);
#2809=FACE_BOUND('',#2537,.T.);
#2810=FACE_BOUND('',#2538,.T.);
#2811=FACE_BOUND('',#2539,.T.);
#2812=FACE_BOUND('',#2540,.T.);
#2813=FACE_BOUND('',#2541,.T.);
#2814=FACE_BOUND('',#2542,.T.);
#2815=FACE_BOUND('',#2543,.T.);
#2816=FACE_BOUND('',#2544,.T.);
#2817=FACE_BOUND('',#2545,.T.);
#2818=FACE_BOUND('',#2546,.T.);
#2819=FACE_BOUND('',#2547,.T.);
#2820=FACE_BOUND('',#2548,.T.);
#2821=FACE_BOUND('',#2549,.T.);
#2822=FACE_BOUND('',#2550,.T.);
#2823=FACE_BOUND('',#2551,.T.);
#2824=FACE_BOUND('',#2552,.T.);
#2825=FACE_BOUND('',#2553,.T.);
#2826=FACE_BOUND('',#2554,.T.);
#2827=FACE_BOUND('',#2555,.T.);
#2828=FACE_BOUND('',#2556,.T.);
#2829=FACE_BOUND('',#2557,.T.);
#2830=FACE_BOUND('',#2558,.T.);
#2831=FACE_BOUND('',#2559,.T.);
#2832=FACE_BOUND('',#2560,.T.);
#2833=FACE_BOUND('',#2561,.T.);
#2834=FACE_BOUND('',#2562,.T.);
#2835=FACE_BOUND('',#2563,.T.);
#2836=FACE_BOUND('',#2564,.T.);
#2837=FACE_BOUND('',#2565,.T.);
#2838=FACE_BOUND('',#2566,.T.);
#2839=FACE_BOUND('',#2567,.T.);
#2840=FACE_BOUND('',#2568,.T.);
#2841=FACE_BOUND('',#2569,.T.);
#2842=FACE_BOUND('',#2570,.T.);
#2843=FACE_BOUND('',#2571,.T.);
#2844=FACE_BOUND('',#2572,.T.);
#2845=FACE_BOUND('',#2573,.T.);
#2846=FACE_BOUND('',#2574,.T.);
#2847=FACE_BOUND('',#2575,.T.);
#2848=FACE_BOUND('',#2576,.T.);
#2849=FACE_BOUND('',#2577,.T.);
#2850=FACE_BOUND('',#2578,.T.);
#2851=FACE_BOUND('',#2579,.T.);
#2852=FACE_BOUND('',#2580,.T.);
#2853=FACE_BOUND('',#2581,.T.);
#2854=FACE_BOUND('',#2582,.T.);
#2855=FACE_BOUND('',#2583,.T.);
#2856=FACE_BOUND('',#2584,.T.);
#2857=FACE_BOUND('',#2585,.T.);
#2858=FACE_BOUND('',#2586,.T.);
#2859=FACE_BOUND('',#2587,.T.);
#2860=FACE_BOUND('',#2588,.T.);
#2861=FACE_BOUND('',#2589,.T.);
#2862=FACE_BOUND('',#2590,.T.);
#2863=FACE_BOUND('',#2591,.T.);
#2864=FACE_BOUND('',#2592,.T.);
#2865=FACE_BOUND('',#2593,.T.);
#2866=FACE_BOUND('',#2594,.T.);
#2867=FACE_BOUND('',#2595,.T.);
#2868=FACE_BOUND('',#2596,.T.);
#2869=FACE_BOUND('',#2597,.T.);
#2870=FACE_BOUND('',#2598,.T.);
#2871=FACE_BOUND('',#2599,.T.);
#2872=FACE_BOUND('',#2600,.T.);
#2873=FACE_BOUND('',#2601,.T.);
#2874=FACE_BOUND('',#2602,.T.);
#2875=FACE_BOUND('',#2603,.T.);
#2876=FACE_BOUND('',#2604,.T.);
#2877=FACE_BOUND('',#2605,.T.);
#2878=FACE_BOUND('',#2606,.T.);
#2879=FACE_BOUND('',#2607,.T.);
#2880=FACE_BOUND('',#2608,.T.);
#2881=FACE_BOUND('',#2609,.T.);
#2882=FACE_BOUND('',#2610,.T.);
#2883=FACE_BOUND('',#2611,.T.);
#2884=FACE_BOUND('',#2612,.T.);
#2885=FACE_BOUND('',#2613,.T.);
#2886=FACE_BOUND('',#2614,.T.);
#2887=FACE_BOUND('',#2615,.T.);
#2888=FACE_BOUND('',#2616,.T.);
#2889=FACE_BOUND('',#2617,.T.);
#2890=FACE_BOUND('',#2618,.T.);
#2891=FACE_BOUND('',#2619,.T.);
#2892=FACE_BOUND('',#2620,.T.);
#2893=FACE_BOUND('',#2621,.T.);
#2894=FACE_BOUND('',#2622,.T.);
#2895=FACE_BOUND('',#2623,.T.);
#2896=FACE_BOUND('',#2624,.T.);
#2897=FACE_BOUND('',#2625,.T.);
#2898=FACE_BOUND('',#2626,.T.);
#2899=FACE_BOUND('',#2627,.T.);
#2900=FACE_BOUND('',#2628,.T.);
#2901=FACE_BOUND('',#2629,.T.);
#2902=FACE_BOUND('',#2630,.T.);
#2903=FACE_BOUND('',#2631,.T.);
#2904=FACE_BOUND('',#2632,.T.);
#2905=FACE_BOUND('',#2633,.T.);
#2906=FACE_BOUND('',#2634,.T.);
#2907=FACE_BOUND('',#2635,.T.);
#2908=FACE_BOUND('',#2636,.T.);
#2909=FACE_BOUND('',#2637,.T.);
#2910=FACE_BOUND('',#2638,.T.);
#2911=FACE_BOUND('',#2639,.T.);
#2912=FACE_BOUND('',#2640,.T.);
#2913=FACE_BOUND('',#2641,.T.);
#2914=FACE_BOUND('',#2642,.T.);
#2915=FACE_BOUND('',#2643,.T.);
#2916=FACE_BOUND('',#2644,.T.);
#2917=FACE_BOUND('',#2645,.T.);
#2918=FACE_BOUND('',#2646,.T.);
#2919=FACE_BOUND('',#2647,.T.);
#2920=FACE_BOUND('',#2648,.T.);
#2921=FACE_BOUND('',#2649,.T.);
#2922=FACE_BOUND('',#2650,.T.);
#2923=FACE_BOUND('',#2651,.T.);
#2924=FACE_BOUND('',#2652,.T.);
#2925=FACE_BOUND('',#2653,.T.);
#2926=FACE_BOUND('',#2654,.T.);
#2927=FACE_BOUND('',#2655,.T.);
#2928=FACE_BOUND('',#2656,.T.);
#2929=FACE_BOUND('',#2657,.T.);
#2930=FACE_BOUND('',#2658,.T.);
#2931=FACE_BOUND('',#2659,.T.);
#2932=FACE_BOUND('',#2660,.T.);
#2933=FACE_BOUND('',#2661,.T.);
#2934=FACE_BOUND('',#2662,.T.);
#2935=FACE_BOUND('',#2663,.T.);
#2936=FACE_BOUND('',#2664,.T.);
#2937=FACE_BOUND('',#2665,.T.);
#2938=FACE_BOUND('',#2666,.T.);
#2939=FACE_BOUND('',#2667,.T.);
#2940=FACE_BOUND('',#2668,.T.);
#2941=FACE_BOUND('',#2669,.T.);
#2942=FACE_BOUND('',#2670,.T.);
#2943=FACE_BOUND('',#2671,.T.);
#2944=FACE_BOUND('',#2672,.T.);
#2945=FACE_BOUND('',#2673,.T.);
#2946=FACE_BOUND('',#2674,.T.);
#2947=FACE_BOUND('',#2675,.T.);
#2948=FACE_BOUND('',#2676,.T.);
#2949=FACE_BOUND('',#2677,.T.);
#2950=FACE_BOUND('',#2678,.T.);
#2951=FACE_BOUND('',#2679,.T.);
#2952=FACE_BOUND('',#2680,.T.);
#2953=FACE_BOUND('',#2681,.T.);
#2954=FACE_BOUND('',#2682,.T.);
#2955=FACE_BOUND('',#2683,.T.);
#2956=FACE_BOUND('',#2684,.T.);
#2957=FACE_BOUND('',#2685,.T.);
#2958=FACE_BOUND('',#2686,.T.);
#2959=FACE_BOUND('',#2687,.T.);
#2960=FACE_BOUND('',#2688,.T.);
#2961=FACE_BOUND('',#2689,.T.);
#2962=FACE_BOUND('',#2690,.T.);
#2963=FACE_BOUND('',#2691,.T.);
#2964=FACE_BOUND('',#2692,.T.);
#2965=FACE_BOUND('',#2693,.T.);
#2966=FACE_BOUND('',#2694,.T.);
#2967=FACE_BOUND('',#2695,.T.);
#2968=FACE_BOUND('',#2696,.T.);
#2969=FACE_BOUND('',#2697,.T.);
#2970=FACE_BOUND('',#2698,.T.);
#2971=FACE_BOUND('',#2699,.T.);
#2972=FACE_BOUND('',#2700,.T.);
#2973=FACE_BOUND('',#2701,.T.);
#2974=FACE_BOUND('',#2702,.T.);
#2975=FACE_BOUND('',#2703,.T.);
#2976=FACE_BOUND('',#2704,.T.);
#2977=FACE_BOUND('',#2705,.T.);
#2978=FACE_BOUND('',#2706,.T.);
#2979=FACE_BOUND('',#2707,.T.);
#2980=FACE_BOUND('',#2708,.T.);
#2981=FACE_BOUND('',#2709,.T.);
#2982=FACE_BOUND('',#2710,.T.);
#2983=FACE_BOUND('',#2711,.T.);
#2984=FACE_BOUND('',#2712,.T.);
#2985=FACE_BOUND('',#2713,.T.);
#2986=FACE_BOUND('',#2714,.T.);
#2987=FACE_BOUND('',#2715,.T.);
#2988=FACE_BOUND('',#2716,.T.);
#2989=FACE_BOUND('',#2717,.T.);
#2990=FACE_BOUND('',#2718,.T.);
#2991=FACE_BOUND('',#2719,.T.);
#2992=FACE_BOUND('',#2720,.T.);
#2993=FACE_BOUND('',#2721,.T.);
#2994=FACE_BOUND('',#2722,.T.);
#2995=FACE_BOUND('',#2723,.T.);
#2996=FACE_BOUND('',#2724,.T.);
#2997=FACE_BOUND('',#2725,.T.);
#2998=FACE_BOUND('',#2726,.T.);
#2999=FACE_BOUND('',#2727,.T.);
#3000=FACE_BOUND('',#2728,.T.);
#3001=FACE_BOUND('',#2729,.T.);
#3002=FACE_BOUND('',#2730,.T.);
#3003=FACE_BOUND('',#2731,.T.);
#3004=FACE_BOUND('',#2732,.T.);
#3005=FACE_BOUND('',#2733,.T.);
#3006=FACE_BOUND('',#2734,.T.);
#3007=FACE_BOUND('',#2735,.T.);
#3008=FACE_BOUND('',#2736,.T.);
#3009=FACE_BOUND('',#2737,.T.);
#3010=FACE_BOUND('',#2738,.T.);
#3011=FACE_BOUND('',#2739,.T.);
#3012=FACE_BOUND('',#2740,.T.);
#3013=FACE_BOUND('',#2741,.T.);
#3014=PLANE('',#3315);
#3015=PLANE('',#3317);
#3016=PLANE('',#3319);
#3017=PLANE('',#3321);
#3018=PLANE('',#3324);
#3019=PLANE('',#3327);
#3020=PLANE('',#3330);
#3021=PLANE('',#3332);
#3022=PLANE('',#3335);
#3023=PLANE('',#3342);
#3024=PLANE('',#3345);
#3025=PLANE('',#3346);
#3026=PLANE('',#3348);
#3027=PLANE('',#3349);
#3028=PLANE('',#3353);
#3029=PLANE('',#3363);
#3030=PLANE('',#3364);
#3031=PLANE('',#3365);
#3032=PLANE('',#3367);
#3033=PLANE('',#3370);
#3034=PLANE('',#3371);
#3035=PLANE('',#3384);
#3036=PLANE('',#3389);
#3037=PLANE('',#3394);
#3038=PLANE('',#3403);
#3039=PLANE('',#3404);
#3040=PLANE('',#3413);
#3041=PLANE('',#3414);
#3042=PLANE('',#3415);
#3043=PLANE('',#3416);
#3044=PLANE('',#3425);
#3045=PLANE('',#3428);
#3046=PLANE('',#3429);
#3047=PLANE('',#3434);
#3048=PLANE('',#3437);
#3049=PLANE('',#3438);
#3050=PLANE('',#3443);
#3051=PLANE('',#3444);
#3052=PLANE('',#3445);
#3053=PLANE('',#3452);
#3054=PLANE('',#3455);
#3055=PLANE('',#3456);
#3056=PLANE('',#3461);
#3057=PLANE('',#3462);
#3058=PLANE('',#3465);
#3059=PLANE('',#3468);
#3060=PLANE('',#3469);
#3061=PLANE('',#3470);
#3062=PLANE('',#3471);
#3063=PLANE('',#3472);
#3064=PLANE('',#3473);
#3065=PLANE('',#3476);
#3066=PLANE('',#3479);
#3067=PLANE('',#3480);
#3068=PLANE('',#3485);
#3069=PLANE('',#3486);
#3070=PLANE('',#3487);
#3071=PLANE('',#3488);
#3072=PLANE('',#3489);
#3073=PLANE('',#3490);
#3074=PLANE('',#3506);
#3075=PLANE('',#3507);
#3076=PLANE('',#3508);
#3077=PLANE('',#3512);
#3078=PLANE('',#3513);
#3079=PLANE('',#3517);
#3080=PLANE('',#3518);
#3081=PLANE('',#3522);
#3082=PLANE('',#3538);
#3083=PLANE('',#3539);
#3084=PLANE('',#3540);
#3085=PLANE('',#3544);
#3086=PLANE('',#3545);
#3087=PLANE('',#3546);
#3088=PLANE('',#3550);
#3089=PLANE('',#3554);
#3090=PLANE('',#3555);
#3091=PLANE('',#3567);
#3092=PLANE('',#3568);
#3093=PLANE('',#3571);
#3094=PLANE('',#3572);
#3095=PLANE('',#3578);
#3096=PLANE('',#3579);
#3097=PLANE('',#3591);
#3098=PLANE('',#3592);
#3099=PLANE('',#3593);
#3100=PLANE('',#3596);
#3101=PLANE('',#3602);
#3102=PLANE('',#3603);
#3103=PLANE('',#3604);
#3104=PLANE('',#3605);
#3105=PLANE('',#3606);
#3106=PLANE('',#3607);
#3107=PLANE('',#3608);
#3108=PLANE('',#3609);
#3109=PLANE('',#3610);
#3110=ADVANCED_FACE('',(#2742),#3014,.F.);
#3111=ADVANCED_FACE('',(#2743),#3015,.F.);
#3112=ADVANCED_FACE('',(#2744),#3016,.T.);
#3113=ADVANCED_FACE('',(#2745),#3017,.T.);
#3114=ADVANCED_FACE('',(#2746),#3018,.T.);
#3115=ADVANCED_FACE('',(#2747),#3019,.T.);
#3116=ADVANCED_FACE('',(#2748),#3020,.T.);
#3117=ADVANCED_FACE('',(#2749),#3021,.T.);
#3118=ADVANCED_FACE('',(#2750,#2751),#3022,.F.);
#3119=ADVANCED_FACE('',(#2752),#3023,.T.);
#3120=ADVANCED_FACE('',(#2753,#2754),#60,.T.);
#3121=ADVANCED_FACE('',(#2755),#3024,.T.);
#3122=ADVANCED_FACE('',(#2756),#3025,.T.);
#3123=ADVANCED_FACE('',(#2757),#61,.F.);
#3124=ADVANCED_FACE('',(#2758),#3026,.T.);
#3125=ADVANCED_FACE('',(#2759),#3027,.T.);
#3126=ADVANCED_FACE('',(#2760),#62,.F.);
#3127=ADVANCED_FACE('',(#2761,#2762),#63,.F.);
#3128=ADVANCED_FACE('',(#2763,#2764),#3028,.F.);
#3129=ADVANCED_FACE('',(#2765,#2766),#64,.F.);
#3130=ADVANCED_FACE('',(#2767),#65,.F.);
#3131=ADVANCED_FACE('',(#2768),#3029,.T.);
#3132=ADVANCED_FACE('',(#2769),#3030,.T.);
#3133=ADVANCED_FACE('',(#2770),#3031,.T.);
#3134=ADVANCED_FACE('',(#2771),#66,.F.);
#3135=ADVANCED_FACE('',(#2772),#3032,.T.);
#3136=ADVANCED_FACE('',(#2773,#2774),#67,.T.);
#3137=ADVANCED_FACE('',(#2775),#3033,.T.);
#3138=ADVANCED_FACE('',(#2776,#2777,#2778,#2779,#2780,#2781,#2782,#2783,#2784),#3034,.F.);
#3139=ADVANCED_FACE('',(#2785),#3035,.F.);
#3140=ADVANCED_FACE('',(#2786),#3036,.F.);
#3141=ADVANCED_FACE('',(#2787,#2788,#2789),#3037,.F.);
#3142=ADVANCED_FACE('',(#2790),#3038,.T.);
#3143=ADVANCED_FACE('',(#2791,#2792,#2793),#3039,.F.);
#3144=ADVANCED_FACE('',(#2794),#3040,.F.);
#3145=ADVANCED_FACE('',(#2795),#3041,.F.);
#3146=ADVANCED_FACE('',(#2796),#3042,.F.);
#3147=ADVANCED_FACE('',(#2797,#2798,#2799,#2800,#2801,#2802,#2803,#2804,#2805),#3043,.T.);
#3148=ADVANCED_FACE('',(#2806),#3044,.T.);
#3149=ADVANCED_FACE('',(#2807),#3045,.T.);
#3150=ADVANCED_FACE('',(#2808),#3046,.F.);
#3151=ADVANCED_FACE('',(#2809),#68,.T.);
#3152=ADVANCED_FACE('',(#2810,#2811),#69,.F.);
#3153=ADVANCED_FACE('',(#2812),#3047,.T.);
#3154=ADVANCED_FACE('',(#2813),#3048,.T.);
#3155=ADVANCED_FACE('',(#2814),#3049,.F.);
#3156=ADVANCED_FACE('',(#2815),#70,.T.);
#3157=ADVANCED_FACE('',(#2816,#2817),#71,.F.);
#3158=ADVANCED_FACE('',(#2818),#3050,.T.);
#3159=ADVANCED_FACE('',(#2819),#3051,.F.);
#3160=ADVANCED_FACE('',(#2820),#3052,.T.);
#3161=ADVANCED_FACE('',(#2821),#72,.T.);
#3162=ADVANCED_FACE('',(#2822,#2823),#73,.F.);
#3163=ADVANCED_FACE('',(#2824),#3053,.T.);
#3164=ADVANCED_FACE('',(#2825),#3054,.T.);
#3165=ADVANCED_FACE('',(#2826),#3055,.F.);
#3166=ADVANCED_FACE('',(#2827),#74,.T.);
#3167=ADVANCED_FACE('',(#2828,#2829),#75,.F.);
#3168=ADVANCED_FACE('',(#2830),#3056,.T.);
#3169=ADVANCED_FACE('',(#2831),#3057,.F.);
#3170=ADVANCED_FACE('',(#2832),#76,.F.);
#3171=ADVANCED_FACE('',(#2833),#3058,.T.);
#3172=ADVANCED_FACE('',(#2834),#77,.F.);
#3173=ADVANCED_FACE('',(#2835),#3059,.T.);
#3174=ADVANCED_FACE('',(#2836),#3060,.T.);
#3175=ADVANCED_FACE('',(#2837),#3061,.T.);
#3176=ADVANCED_FACE('',(#2838),#3062,.F.);
#3177=ADVANCED_FACE('',(#2839),#3063,.F.);
#3178=ADVANCED_FACE('',(#2840),#3064,.F.);
#3179=ADVANCED_FACE('',(#2841),#78,.F.);
#3180=ADVANCED_FACE('',(#2842),#3065,.F.);
#3181=ADVANCED_FACE('',(#2843),#79,.F.);
#3182=ADVANCED_FACE('',(#2844),#3066,.T.);
#3183=ADVANCED_FACE('',(#2845),#3067,.T.);
#3184=ADVANCED_FACE('',(#2846),#80,.T.);
#3185=ADVANCED_FACE('',(#2847),#81,.T.);
#3186=ADVANCED_FACE('',(#2848),#82,.T.);
#3187=ADVANCED_FACE('',(#2849),#83,.T.);
#3188=ADVANCED_FACE('',(#2850),#3068,.T.);
#3189=ADVANCED_FACE('',(#2851),#3069,.F.);
#3190=ADVANCED_FACE('',(#2852),#3070,.T.);
#3191=ADVANCED_FACE('',(#2853),#3071,.F.);
#3192=ADVANCED_FACE('',(#2854),#3072,.T.);
#3193=ADVANCED_FACE('',(#2855),#3073,.T.);
#3194=ADVANCED_FACE('',(#2856,#2857),#84,.F.);
#3195=ADVANCED_FACE('',(#2858,#2859),#85,.F.);
#3196=ADVANCED_FACE('',(#2860,#2861),#86,.F.);
#3197=ADVANCED_FACE('',(#2862,#2863),#87,.F.);
#3198=ADVANCED_FACE('',(#2864),#88,.T.);
#3199=ADVANCED_FACE('',(#2865),#3074,.F.);
#3200=ADVANCED_FACE('',(#2866),#3075,.T.);
#3201=ADVANCED_FACE('',(#2867,#2868),#3076,.T.);
#3202=ADVANCED_FACE('',(#2869,#2870),#89,.T.);
#3203=ADVANCED_FACE('',(#2871,#2872),#3077,.T.);
#3204=ADVANCED_FACE('',(#2873),#3078,.T.);
#3205=ADVANCED_FACE('',(#2874),#90,.T.);
#3206=ADVANCED_FACE('',(#2875),#3079,.F.);
#3207=ADVANCED_FACE('',(#2876,#2877),#3080,.T.);
#3208=ADVANCED_FACE('',(#2878,#2879),#91,.T.);
#3209=ADVANCED_FACE('',(#2880,#2881),#3081,.T.);
#3210=ADVANCED_FACE('',(#2882,#2883),#92,.F.);
#3211=ADVANCED_FACE('',(#2884,#2885),#93,.F.);
#3212=ADVANCED_FACE('',(#2886,#2887),#94,.F.);
#3213=ADVANCED_FACE('',(#2888,#2889),#95,.F.);
#3214=ADVANCED_FACE('',(#2890),#96,.T.);
#3215=ADVANCED_FACE('',(#2891),#3082,.F.);
#3216=ADVANCED_FACE('',(#2892),#3083,.T.);
#3217=ADVANCED_FACE('',(#2893,#2894),#3084,.T.);
#3218=ADVANCED_FACE('',(#2895,#2896),#97,.T.);
#3219=ADVANCED_FACE('',(#2897,#2898),#3085,.T.);
#3220=ADVANCED_FACE('',(#2899),#3086,.F.);
#3221=ADVANCED_FACE('',(#2900),#3087,.T.);
#3222=ADVANCED_FACE('',(#2901),#98,.T.);
#3223=ADVANCED_FACE('',(#2902,#2903),#3088,.T.);
#3224=ADVANCED_FACE('',(#2904,#2905),#99,.T.);
#3225=ADVANCED_FACE('',(#2906,#2907),#3089,.T.);
#3226=ADVANCED_FACE('',(#2908,#2909),#3090,.F.);
#3227=ADVANCED_FACE('',(#2910,#2911),#100,.F.);
#3228=ADVANCED_FACE('',(#2912),#101,.F.);
#3229=ADVANCED_FACE('',(#2913),#3091,.T.);
#3230=ADVANCED_FACE('',(#2914),#3092,.T.);
#3231=ADVANCED_FACE('',(#2915),#102,.F.);
#3232=ADVANCED_FACE('',(#2916),#3093,.T.);
#3233=ADVANCED_FACE('',(#2917),#3094,.T.);
#3234=ADVANCED_FACE('',(#2918,#2919),#103,.T.);
#3235=ADVANCED_FACE('',(#2920),#3095,.T.);
#3236=ADVANCED_FACE('',(#2921,#2922),#3096,.F.);
#3237=ADVANCED_FACE('',(#2923,#2924),#104,.F.);
#3238=ADVANCED_FACE('',(#2925),#105,.F.);
#3239=ADVANCED_FACE('',(#2926),#3097,.T.);
#3240=ADVANCED_FACE('',(#2927),#3098,.T.);
#3241=ADVANCED_FACE('',(#2928),#3099,.T.);
#3242=ADVANCED_FACE('',(#2929),#106,.F.);
#3243=ADVANCED_FACE('',(#2930),#3100,.T.);
#3244=ADVANCED_FACE('',(#2931,#2932),#107,.T.);
#3245=ADVANCED_FACE('',(#2933),#3101,.T.);
#3246=ADVANCED_FACE('',(#2934),#3102,.F.);
#3247=ADVANCED_FACE('',(#2935),#3103,.F.);
#3248=ADVANCED_FACE('',(#2936),#3104,.T.);
#3249=ADVANCED_FACE('',(#2937),#3105,.T.);
#3250=ADVANCED_FACE('',(#2938),#3106,.T.);
#3251=ADVANCED_FACE('',(#2939),#3107,.T.);
#3252=ADVANCED_FACE('',(#2940),#3108,.T.);
#3253=ADVANCED_FACE('',(#2941),#3109,.T.);
#3254=ADVANCED_FACE('',(#2942,#2943),#40,.F.);
#3255=ADVANCED_FACE('',(#2944,#2945),#41,.F.);
#3256=ADVANCED_FACE('',(#2946,#2947),#42,.F.);
#3257=ADVANCED_FACE('',(#2948,#2949),#43,.F.);
#3258=ADVANCED_FACE('',(#2950),#108,.F.);
#3259=ADVANCED_FACE('',(#2951),#109,.F.);
#3260=ADVANCED_FACE('',(#2952),#110,.F.);
#3261=ADVANCED_FACE('',(#2953),#44,.F.);
#3262=ADVANCED_FACE('',(#2954),#111,.F.);
#3263=ADVANCED_FACE('',(#2955),#112,.F.);
#3264=ADVANCED_FACE('',(#2956),#45,.F.);
#3265=ADVANCED_FACE('',(#2957),#113,.F.);
#3266=ADVANCED_FACE('',(#2958),#114,.F.);
#3267=ADVANCED_FACE('',(#2959),#115,.F.);
#3268=ADVANCED_FACE('',(#2960),#116,.F.);
#3269=ADVANCED_FACE('',(#2961),#117,.F.);
#3270=ADVANCED_FACE('',(#2962),#118,.F.);
#3271=ADVANCED_FACE('',(#2963),#119,.F.);
#3272=ADVANCED_FACE('',(#2964),#120,.F.);
#3273=ADVANCED_FACE('',(#2965),#121,.F.);
#3274=ADVANCED_FACE('',(#2966),#122,.F.);
#3275=ADVANCED_FACE('',(#2967),#123,.F.);
#3276=ADVANCED_FACE('',(#2968),#124,.F.);
#3277=ADVANCED_FACE('',(#2969),#46,.F.);
#3278=ADVANCED_FACE('',(#2970),#47,.F.);
#3279=ADVANCED_FACE('',(#2971),#125,.F.);
#3280=ADVANCED_FACE('',(#2972),#126,.F.);
#3281=ADVANCED_FACE('',(#2973),#127,.F.);
#3282=ADVANCED_FACE('',(#2974,#2975),#48,.F.);
#3283=ADVANCED_FACE('',(#2976,#2977),#49,.F.);
#3284=ADVANCED_FACE('',(#2978,#2979),#50,.F.);
#3285=ADVANCED_FACE('',(#2980,#2981),#51,.F.);
#3286=ADVANCED_FACE('',(#2982,#2983),#12,.F.);
#3287=ADVANCED_FACE('',(#2984,#2985),#13,.F.);
#3288=ADVANCED_FACE('',(#2986,#2987),#14,.F.);
#3289=ADVANCED_FACE('',(#2988,#2989),#15,.F.);
#3290=ADVANCED_FACE('',(#2990,#2991),#16,.F.);
#3291=ADVANCED_FACE('',(#2992,#2993),#17,.F.);
#3292=ADVANCED_FACE('',(#2994,#2995),#18,.F.);
#3293=ADVANCED_FACE('',(#2996,#2997),#19,.F.);
#3294=ADVANCED_FACE('',(#2998,#2999),#20,.F.);
#3295=ADVANCED_FACE('',(#3000,#3001),#21,.F.);
#3296=ADVANCED_FACE('',(#3002,#3003),#22,.F.);
#3297=ADVANCED_FACE('',(#3004,#3005),#23,.F.);
#3298=ADVANCED_FACE('',(#3006,#3007),#24,.F.);
#3299=ADVANCED_FACE('',(#3008,#3009),#25,.F.);
#3300=ADVANCED_FACE('',(#3010,#3011),#26,.F.);
#3301=ADVANCED_FACE('',(#3012,#3013),#27,.F.);
#3302=CLOSED_SHELL('',(#3110,#3111,#3112,#3113,#3114,#3115,#3116,#3117,#3118,#3119,#3120,#3121,#3122,#3123,#3124,#3125,#3126,#3127,#3128,#3129,#3130,#3131,#3132,#3133,#3134,#3135,#3136,#3137,#3138,#3139,#3140,#3141,#3142,#3143,#3144,#3145,#3146,#3147,#3148,#3149,#3150,#3151,#3152,#3153,#3154,#3155,#3156,#3157,#3158,#3159,#3160,#3161,#3162,#3163,#3164,#3165,#3166,#3167,#3168,#3169,#3170,#3171,#3172,#3173,#3174,#3175,#3176,#3177,#3178,#3179,#3180,#3181,#3182,#3183,#3184,#3185,#3186,#3187,#3188,#3189,#3190,#3191,#3192,#3193,#3194,#3195,#3196,#3197,#3198,#3199,#3200,#3201,#3202,#3203,#3204,#3205,#3206,#3207,#3208,#3209,#3210,#3211,#3212,#3213,#3214,#3215,#3216,#3217,#3218,#3219,#3220,#3221,#3222,#3223,#3224,#3225,#3226,#3227,#3228,#3229,#3230,#3231,#3232,#3233,#3234,#3235,#3236,#3237,#3238,#3239,#3240,#3241,#3242,#3243,#3244,#3245,#3246,#3247,#3248,#3249,#3250,#3251,#3252,#3253,#3254,#3255,#3256,#3257,#3258,#3259,#3260,#3261,#3262,#3263,#3264,#3265,#3266,#3267,#3268,#3269,#3270,#3271,#3272,#3273,#3274,#3275,#3276,#3277,#3278,#3279,#3280,#3281,#3282,#3283,#3284,#3285,#3286,#3287,#3288,#3289,#3290,#3291,#3292,#3293,#3294,#3295,#3296,#3297,#3298,#3299,#3300,#3301));
#3303=STYLED_ITEM('',(#3304),#3311);
#3304=PRESENTATION_STYLE_ASSIGNMENT((#3305));
#3305=SURFACE_STYLE_USAGE(.BOTH.,#3306);
#3306=SURFACE_SIDE_STYLE('',(#3307));
#3307=SURFACE_STYLE_FILL_AREA(#3308);
#3308=FILL_AREA_STYLE('',(#3309));
#3309=FILL_AREA_STYLE_COLOUR('',#3310);
#3310=COLOUR_RGB('',0.972549019607843,0.529411764705882,0.00392156862745098);
#3311=MANIFOLD_SOLID_BREP('case',#3302);
#3312=SHAPE_DEFINITION_REPRESENTATION(#5660,#3313);
#3313=SHAPE_REPRESENTATION('case',(#3314),#5655);
#3314=AXIS2_PLACEMENT_3D('',#4675,#3679,#3680);
#3315=AXIS2_PLACEMENT_3D('',#4676,#3681,#3682);
#3316=AXIS2_PLACEMENT_3D('',#4677,#3683,#3684);
#3317=AXIS2_PLACEMENT_3D('',#4679,#3685,#3686);
#3318=AXIS2_PLACEMENT_3D('',#4680,#3687,#3688);
#3319=AXIS2_PLACEMENT_3D('',#4682,#3689,#3690);
#3320=AXIS2_PLACEMENT_3D('',#4686,#3692,#3693);
#3321=AXIS2_PLACEMENT_3D('',#4687,#3694,#3695);
#3322=AXIS2_PLACEMENT_3D('',#4691,#3697,#3698);
#3323=AXIS2_PLACEMENT_3D('',#4695,#3700,#3701);
#3324=AXIS2_PLACEMENT_3D('',#4696,#3702,#3703);
#3325=AXIS2_PLACEMENT_3D('',#4700,#3705,#3706);
#3326=AXIS2_PLACEMENT_3D('',#4704,#3708,#3709);
#3327=AXIS2_PLACEMENT_3D('',#4705,#3710,#3711);
#3328=AXIS2_PLACEMENT_3D('',#4709,#3713,#3714);
#3329=AXIS2_PLACEMENT_3D('',#4713,#3716,#3717);
#3330=AXIS2_PLACEMENT_3D('',#4714,#3718,#3719);
#3331=AXIS2_PLACEMENT_3D('',#4718,#3721,#3722);
#3332=AXIS2_PLACEMENT_3D('',#4719,#3723,#3724);
#3333=AXIS2_PLACEMENT_3D('',#4723,#3726,#3727);
#3334=AXIS2_PLACEMENT_3D('',#4727,#3729,#3730);
#3335=AXIS2_PLACEMENT_3D('',#4728,#3731,#3732);
#3336=AXIS2_PLACEMENT_3D('',#4729,#3733,#3734);
#3337=AXIS2_PLACEMENT_3D('',#4734,#3736,#3737);
#3338=AXIS2_PLACEMENT_3D('',#4738,#3739,#3740);
#3339=AXIS2_PLACEMENT_3D('',#4742,#3742,#3743);
#3340=AXIS2_PLACEMENT_3D('',#4746,#3745,#3746);
#3341=AXIS2_PLACEMENT_3D('',#4750,#3748,#3749);
#3342=AXIS2_PLACEMENT_3D('',#4751,#3750,#3751);
#3343=AXIS2_PLACEMENT_3D('',#4754,#3754,#3755);
#3344=AXIS2_PLACEMENT_3D('',#4755,#3756,#3757);
#3345=AXIS2_PLACEMENT_3D('',#4762,#3763,#3764);
#3346=AXIS2_PLACEMENT_3D('',#4763,#3765,#3766);
#3347=AXIS2_PLACEMENT_3D('',#4765,#3768,#3769);
#3348=AXIS2_PLACEMENT_3D('',#4767,#3771,#3772);
#3349=AXIS2_PLACEMENT_3D('',#4768,#3773,#3774);
#3350=AXIS2_PLACEMENT_3D('',#4770,#3776,#3777);
#3351=AXIS2_PLACEMENT_3D('',#4771,#3778,#3779);
#3352=AXIS2_PLACEMENT_3D('',#4772,#3780,#3781);
#3353=AXIS2_PLACEMENT_3D('',#4774,#3782,#3783);
#3354=AXIS2_PLACEMENT_3D('',#4775,#3784,#3785);
#3355=AXIS2_PLACEMENT_3D('',#4780,#3787,#3788);
#3356=AXIS2_PLACEMENT_3D('',#4784,#3790,#3791);
#3357=AXIS2_PLACEMENT_3D('',#4788,#3793,#3794);
#3358=AXIS2_PLACEMENT_3D('',#4792,#3796,#3797);
#3359=AXIS2_PLACEMENT_3D('',#4796,#3799,#3800);
#3360=AXIS2_PLACEMENT_3D('',#4797,#3801,#3802);
#3361=AXIS2_PLACEMENT_3D('',#4798,#3803,#3804);
#3362=AXIS2_PLACEMENT_3D('',#4800,#3805,#3806);
#3363=AXIS2_PLACEMENT_3D('',#4803,#3809,#3810);
#3364=AXIS2_PLACEMENT_3D('',#4805,#3812,#3813);
#3365=AXIS2_PLACEMENT_3D('',#4808,#3816,#3817);
#3366=AXIS2_PLACEMENT_3D('',#4811,#3820,#3821);
#3367=AXIS2_PLACEMENT_3D('',#4813,#3823,#3824);
#3368=AXIS2_PLACEMENT_3D('',#4815,#3826,#3827);
#3369=AXIS2_PLACEMENT_3D('',#4816,#3828,#3829);
#3370=AXIS2_PLACEMENT_3D('',#4819,#3831,#3832);
#3371=AXIS2_PLACEMENT_3D('',#4820,#3833,#3834);
#3372=AXIS2_PLACEMENT_3D('',#4821,#3835,#3836);
#3373=AXIS2_PLACEMENT_3D('',#4823,#3837,#3838);
#3374=AXIS2_PLACEMENT_3D('',#4825,#3839,#3840);
#3375=AXIS2_PLACEMENT_3D('',#4827,#3841,#3842);
#3376=AXIS2_PLACEMENT_3D('',#4829,#3843,#3844);
#3377=AXIS2_PLACEMENT_3D('',#4831,#3845,#3846);
#3378=AXIS2_PLACEMENT_3D('',#4833,#3847,#3848);
#3379=AXIS2_PLACEMENT_3D('',#4835,#3849,#3850);
#3380=AXIS2_PLACEMENT_3D('',#4837,#3851,#3852);
#3381=AXIS2_PLACEMENT_3D('',#4850,#3858,#3859);
#3382=AXIS2_PLACEMENT_3D('',#4858,#3863,#3864);
#3383=AXIS2_PLACEMENT_3D('',#4870,#3870,#3871);
#3384=AXIS2_PLACEMENT_3D('',#4877,#3875,#3876);
#3385=AXIS2_PLACEMENT_3D('',#4889,#3882,#3883);
#3386=AXIS2_PLACEMENT_3D('',#4891,#3884,#3885);
#3387=AXIS2_PLACEMENT_3D('',#4915,#3897,#3898);
#3388=AXIS2_PLACEMENT_3D('',#4917,#3899,#3900);
#3389=AXIS2_PLACEMENT_3D('',#4922,#3903,#3904);
#3390=AXIS2_PLACEMENT_3D('',#4934,#3910,#3911);
#3391=AXIS2_PLACEMENT_3D('',#4936,#3912,#3913);
#3392=AXIS2_PLACEMENT_3D('',#4960,#3925,#3926);
#3393=AXIS2_PLACEMENT_3D('',#4962,#3927,#3928);
#3394=AXIS2_PLACEMENT_3D('',#4967,#3931,#3932);
#3395=AXIS2_PLACEMENT_3D('',#4968,#3933,#3934);
#3396=AXIS2_PLACEMENT_3D('',#4970,#3935,#3936);
#3397=AXIS2_PLACEMENT_3D('',#4979,#3940,#3941);
#3398=AXIS2_PLACEMENT_3D('',#4986,#3945,#3946);
#3399=AXIS2_PLACEMENT_3D('',#4990,#3948,#3949);
#3400=AXIS2_PLACEMENT_3D('',#4997,#3953,#3954);
#3401=AXIS2_PLACEMENT_3D('',#5001,#3956,#3957);
#3402=AXIS2_PLACEMENT_3D('',#5005,#3959,#3960);
#3403=AXIS2_PLACEMENT_3D('',#5008,#3962,#3963);
#3404=AXIS2_PLACEMENT_3D('',#5027,#3974,#3975);
#3405=AXIS2_PLACEMENT_3D('',#5028,#3976,#3977);
#3406=AXIS2_PLACEMENT_3D('',#5030,#3978,#3979);
#3407=AXIS2_PLACEMENT_3D('',#5035,#3982,#3983);
#3408=AXIS2_PLACEMENT_3D('',#5039,#3985,#3986);
#3409=AXIS2_PLACEMENT_3D('',#5043,#3988,#3989);
#3410=AXIS2_PLACEMENT_3D('',#5050,#3993,#3994);
#3411=AXIS2_PLACEMENT_3D('',#5054,#3996,#3997);
#3412=AXIS2_PLACEMENT_3D('',#5061,#4001,#4002);
#3413=AXIS2_PLACEMENT_3D('',#5062,#4003,#4004);
#3414=AXIS2_PLACEMENT_3D('',#5064,#4006,#4007);
#3415=AXIS2_PLACEMENT_3D('',#5066,#4009,#4010);
#3416=AXIS2_PLACEMENT_3D('',#5069,#4013,#4014);
#3417=AXIS2_PLACEMENT_3D('',#5070,#4015,#4016);
#3418=AXIS2_PLACEMENT_3D('',#5072,#4017,#4018);
#3419=AXIS2_PLACEMENT_3D('',#5074,#4019,#4020);
#3420=AXIS2_PLACEMENT_3D('',#5076,#4021,#4022);
#3421=AXIS2_PLACEMENT_3D('',#5078,#4023,#4024);
#3422=AXIS2_PLACEMENT_3D('',#5080,#4025,#4026);
#3423=AXIS2_PLACEMENT_3D('',#5082,#4027,#4028);
#3424=AXIS2_PLACEMENT_3D('',#5084,#4029,#4030);
#3425=AXIS2_PLACEMENT_3D('',#5088,#4033,#4034);
#3426=AXIS2_PLACEMENT_3D('',#5094,#4037,#4038);
#3427=AXIS2_PLACEMENT_3D('',#5099,#4041,#4042);
#3428=AXIS2_PLACEMENT_3D('',#5100,#4043,#4044);
#3429=AXIS2_PLACEMENT_3D('',#5104,#4047,#4048);
#3430=AXIS2_PLACEMENT_3D('',#5110,#4052,#4053);
#3431=AXIS2_PLACEMENT_3D('',#5111,#4054,#4055);
#3432=AXIS2_PLACEMENT_3D('',#5112,#4056,#4057);
#3433=AXIS2_PLACEMENT_3D('',#5113,#4058,#4059);
#3434=AXIS2_PLACEMENT_3D('',#5120,#4060,#4061);
#3435=AXIS2_PLACEMENT_3D('',#5123,#4063,#4064);
#3436=AXIS2_PLACEMENT_3D('',#5129,#4067,#4068);
#3437=AXIS2_PLACEMENT_3D('',#5132,#4070,#4071);
#3438=AXIS2_PLACEMENT_3D('',#5138,#4075,#4076);
#3439=AXIS2_PLACEMENT_3D('',#5142,#4079,#4080);
#3440=AXIS2_PLACEMENT_3D('',#5143,#4081,#4082);
#3441=AXIS2_PLACEMENT_3D('',#5144,#4083,#4084);
#3442=AXIS2_PLACEMENT_3D('',#5145,#4085,#4086);
#3443=AXIS2_PLACEMENT_3D('',#5152,#4087,#4088);
#3444=AXIS2_PLACEMENT_3D('',#5161,#4093,#4094);
#3445=AXIS2_PLACEMENT_3D('',#5167,#4098,#4099);
#3446=AXIS2_PLACEMENT_3D('',#5170,#4101,#4102);
#3447=AXIS2_PLACEMENT_3D('',#5173,#4104,#4105);
#3448=AXIS2_PLACEMENT_3D('',#5174,#4106,#4107);
#3449=AXIS2_PLACEMENT_3D('',#5175,#4108,#4109);
#3450=AXIS2_PLACEMENT_3D('',#5176,#4110,#4111);
#3451=AXIS2_PLACEMENT_3D('',#5177,#4112,#4113);
#3452=AXIS2_PLACEMENT_3D('',#5184,#4114,#4115);
#3453=AXIS2_PLACEMENT_3D('',#5190,#4118,#4119);
#3454=AXIS2_PLACEMENT_3D('',#5195,#4122,#4123);
#3455=AXIS2_PLACEMENT_3D('',#5196,#4124,#4125);
#3456=AXIS2_PLACEMENT_3D('',#5200,#4128,#4129);
#3457=AXIS2_PLACEMENT_3D('',#5206,#4133,#4134);
#3458=AXIS2_PLACEMENT_3D('',#5207,#4135,#4136);
#3459=AXIS2_PLACEMENT_3D('',#5208,#4137,#4138);
#3460=AXIS2_PLACEMENT_3D('',#5209,#4139,#4140);
#3461=AXIS2_PLACEMENT_3D('',#5216,#4141,#4142);
#3462=AXIS2_PLACEMENT_3D('',#5220,#4145,#4146);
#3463=AXIS2_PLACEMENT_3D('',#5224,#4149,#4150);
#3464=AXIS2_PLACEMENT_3D('',#5227,#4152,#4153);
#3465=AXIS2_PLACEMENT_3D('',#5228,#4154,#4155);
#3466=AXIS2_PLACEMENT_3D('',#5232,#4158,#4159);
#3467=AXIS2_PLACEMENT_3D('',#5235,#4161,#4162);
#3468=AXIS2_PLACEMENT_3D('',#5236,#4163,#4164);
#3469=AXIS2_PLACEMENT_3D('',#5240,#4167,#4168);
#3470=AXIS2_PLACEMENT_3D('',#5242,#4170,#4171);
#3471=AXIS2_PLACEMENT_3D('',#5244,#4173,#4174);
#3472=AXIS2_PLACEMENT_3D('',#5248,#4177,#4178);
#3473=AXIS2_PLACEMENT_3D('',#5252,#4181,#4182);
#3474=AXIS2_PLACEMENT_3D('',#5256,#4185,#4186);
#3475=AXIS2_PLACEMENT_3D('',#5259,#4188,#4189);
#3476=AXIS2_PLACEMENT_3D('',#5260,#4190,#4191);
#3477=AXIS2_PLACEMENT_3D('',#5264,#4194,#4195);
#3478=AXIS2_PLACEMENT_3D('',#5267,#4197,#4198);
#3479=AXIS2_PLACEMENT_3D('',#5268,#4199,#4200);
#3480=AXIS2_PLACEMENT_3D('',#5270,#4202,#4203);
#3481=AXIS2_PLACEMENT_3D('',#5272,#4205,#4206);
#3482=AXIS2_PLACEMENT_3D('',#5273,#4207,#4208);
#3483=AXIS2_PLACEMENT_3D('',#5274,#4209,#4210);
#3484=AXIS2_PLACEMENT_3D('',#5275,#4211,#4212);
#3485=AXIS2_PLACEMENT_3D('',#5276,#4213,#4214);
#3486=AXIS2_PLACEMENT_3D('',#5280,#4217,#4218);
#3487=AXIS2_PLACEMENT_3D('',#5282,#4220,#4221);
#3488=AXIS2_PLACEMENT_3D('',#5283,#4222,#4223);
#3489=AXIS2_PLACEMENT_3D('',#5287,#4226,#4227);
#3490=AXIS2_PLACEMENT_3D('',#5289,#4229,#4230);
#3491=AXIS2_PLACEMENT_3D('',#5290,#4231,#4232);
#3492=AXIS2_PLACEMENT_3D('',#5291,#4233,#4234);
#3493=AXIS2_PLACEMENT_3D('',#5293,#4235,#4236);
#3494=AXIS2_PLACEMENT_3D('',#5295,#4237,#4238);
#3495=AXIS2_PLACEMENT_3D('',#5296,#4239,#4240);
#3496=AXIS2_PLACEMENT_3D('',#5298,#4241,#4242);
#3497=AXIS2_PLACEMENT_3D('',#5300,#4243,#4244);
#3498=AXIS2_PLACEMENT_3D('',#5301,#4245,#4246);
#3499=AXIS2_PLACEMENT_3D('',#5303,#4247,#4248);
#3500=AXIS2_PLACEMENT_3D('',#5305,#4249,#4250);
#3501=AXIS2_PLACEMENT_3D('',#5306,#4251,#4252);
#3502=AXIS2_PLACEMENT_3D('',#5308,#4253,#4254);
#3503=AXIS2_PLACEMENT_3D('',#5310,#4255,#4256);
#3504=AXIS2_PLACEMENT_3D('',#5314,#4258,#4259);
#3505=AXIS2_PLACEMENT_3D('',#5318,#4261,#4262);
#3506=AXIS2_PLACEMENT_3D('',#5319,#4263,#4264);
#3507=AXIS2_PLACEMENT_3D('',#5322,#4267,#4268);
#3508=AXIS2_PLACEMENT_3D('',#5325,#4271,#4272);
#3509=AXIS2_PLACEMENT_3D('',#5326,#4273,#4274);
#3510=AXIS2_PLACEMENT_3D('',#5327,#4275,#4276);
#3511=AXIS2_PLACEMENT_3D('',#5329,#4277,#4278);
#3512=AXIS2_PLACEMENT_3D('',#5331,#4279,#4280);
#3513=AXIS2_PLACEMENT_3D('',#5332,#4281,#4282);
#3514=AXIS2_PLACEMENT_3D('',#5338,#4286,#4287);
#3515=AXIS2_PLACEMENT_3D('',#5339,#4288,#4289);
#3516=AXIS2_PLACEMENT_3D('',#5343,#4291,#4292);
#3517=AXIS2_PLACEMENT_3D('',#5344,#4293,#4294);
#3518=AXIS2_PLACEMENT_3D('',#5347,#4297,#4298);
#3519=AXIS2_PLACEMENT_3D('',#5348,#4299,#4300);
#3520=AXIS2_PLACEMENT_3D('',#5349,#4301,#4302);
#3521=AXIS2_PLACEMENT_3D('',#5351,#4303,#4304);
#3522=AXIS2_PLACEMENT_3D('',#5353,#4305,#4306);
#3523=AXIS2_PLACEMENT_3D('',#5354,#4307,#4308);
#3524=AXIS2_PLACEMENT_3D('',#5355,#4309,#4310);
#3525=AXIS2_PLACEMENT_3D('',#5357,#4311,#4312);
#3526=AXIS2_PLACEMENT_3D('',#5359,#4313,#4314);
#3527=AXIS2_PLACEMENT_3D('',#5360,#4315,#4316);
#3528=AXIS2_PLACEMENT_3D('',#5362,#4317,#4318);
#3529=AXIS2_PLACEMENT_3D('',#5364,#4319,#4320);
#3530=AXIS2_PLACEMENT_3D('',#5365,#4321,#4322);
#3531=AXIS2_PLACEMENT_3D('',#5367,#4323,#4324);
#3532=AXIS2_PLACEMENT_3D('',#5369,#4325,#4326);
#3533=AXIS2_PLACEMENT_3D('',#5370,#4327,#4328);
#3534=AXIS2_PLACEMENT_3D('',#5372,#4329,#4330);
#3535=AXIS2_PLACEMENT_3D('',#5374,#4331,#4332);
#3536=AXIS2_PLACEMENT_3D('',#5378,#4334,#4335);
#3537=AXIS2_PLACEMENT_3D('',#5382,#4337,#4338);
#3538=AXIS2_PLACEMENT_3D('',#5383,#4339,#4340);
#3539=AXIS2_PLACEMENT_3D('',#5386,#4343,#4344);
#3540=AXIS2_PLACEMENT_3D('',#5389,#4347,#4348);
#3541=AXIS2_PLACEMENT_3D('',#5390,#4349,#4350);
#3542=AXIS2_PLACEMENT_3D('',#5391,#4351,#4352);
#3543=AXIS2_PLACEMENT_3D('',#5393,#4353,#4354);
#3544=AXIS2_PLACEMENT_3D('',#5395,#4355,#4356);
#3545=AXIS2_PLACEMENT_3D('',#5396,#4357,#4358);
#3546=AXIS2_PLACEMENT_3D('',#5402,#4362,#4363);
#3547=AXIS2_PLACEMENT_3D('',#5408,#4367,#4368);
#3548=AXIS2_PLACEMENT_3D('',#5409,#4369,#4370);
#3549=AXIS2_PLACEMENT_3D('',#5410,#4371,#4372);
#3550=AXIS2_PLACEMENT_3D('',#5411,#4373,#4374);
#3551=AXIS2_PLACEMENT_3D('',#5412,#4375,#4376);
#3552=AXIS2_PLACEMENT_3D('',#5413,#4377,#4378);
#3553=AXIS2_PLACEMENT_3D('',#5415,#4379,#4380);
#3554=AXIS2_PLACEMENT_3D('',#5417,#4381,#4382);
#3555=AXIS2_PLACEMENT_3D('',#5418,#4383,#4384);
#3556=AXIS2_PLACEMENT_3D('',#5419,#4385,#4386);
#3557=AXIS2_PLACEMENT_3D('',#5424,#4388,#4389);
#3558=AXIS2_PLACEMENT_3D('',#5428,#4391,#4392);
#3559=AXIS2_PLACEMENT_3D('',#5432,#4394,#4395);
#3560=AXIS2_PLACEMENT_3D('',#5436,#4397,#4398);
#3561=AXIS2_PLACEMENT_3D('',#5440,#4400,#4401);
#3562=AXIS2_PLACEMENT_3D('',#5441,#4402,#4403);
#3563=AXIS2_PLACEMENT_3D('',#5442,#4404,#4405);
#3564=AXIS2_PLACEMENT_3D('',#5444,#4406,#4407);
#3565=AXIS2_PLACEMENT_3D('',#5446,#4408,#4409);
#3566=AXIS2_PLACEMENT_3D('',#5447,#4410,#4411);
#3567=AXIS2_PLACEMENT_3D('',#5452,#4414,#4415);
#3568=AXIS2_PLACEMENT_3D('',#5456,#4418,#4419);
#3569=AXIS2_PLACEMENT_3D('',#5462,#4423,#4424);
#3570=AXIS2_PLACEMENT_3D('',#5463,#4425,#4426);
#3571=AXIS2_PLACEMENT_3D('',#5466,#4428,#4429);
#3572=AXIS2_PLACEMENT_3D('',#5470,#4432,#4433);
#3573=AXIS2_PLACEMENT_3D('',#5476,#4437,#4438);
#3574=AXIS2_PLACEMENT_3D('',#5477,#4439,#4440);
#3575=AXIS2_PLACEMENT_3D('',#5481,#4442,#4443);
#3576=AXIS2_PLACEMENT_3D('',#5482,#4444,#4445);
#3577=AXIS2_PLACEMENT_3D('',#5483,#4446,#4447);
#3578=AXIS2_PLACEMENT_3D('',#5484,#4448,#4449);
#3579=AXIS2_PLACEMENT_3D('',#5486,#4451,#4452);
#3580=AXIS2_PLACEMENT_3D('',#5487,#4453,#4454);
#3581=AXIS2_PLACEMENT_3D('',#5492,#4456,#4457);
#3582=AXIS2_PLACEMENT_3D('',#5496,#4459,#4460);
#3583=AXIS2_PLACEMENT_3D('',#5500,#4462,#4463);
#3584=AXIS2_PLACEMENT_3D('',#5504,#4465,#4466);
#3585=AXIS2_PLACEMENT_3D('',#5508,#4468,#4469);
#3586=AXIS2_PLACEMENT_3D('',#5509,#4470,#4471);
#3587=AXIS2_PLACEMENT_3D('',#5510,#4472,#4473);
#3588=AXIS2_PLACEMENT_3D('',#5512,#4474,#4475);
#3589=AXIS2_PLACEMENT_3D('',#5514,#4476,#4477);
#3590=AXIS2_PLACEMENT_3D('',#5515,#4478,#4479);
#3591=AXIS2_PLACEMENT_3D('',#5520,#4482,#4483);
#3592=AXIS2_PLACEMENT_3D('',#5524,#4486,#4487);
#3593=AXIS2_PLACEMENT_3D('',#5530,#4491,#4492);
#3594=AXIS2_PLACEMENT_3D('',#5536,#4496,#4497);
#3595=AXIS2_PLACEMENT_3D('',#5537,#4498,#4499);
#3596=AXIS2_PLACEMENT_3D('',#5540,#4501,#4502);
#3597=AXIS2_PLACEMENT_3D('',#5544,#4505,#4506);
#3598=AXIS2_PLACEMENT_3D('',#5545,#4507,#4508);
#3599=AXIS2_PLACEMENT_3D('',#5549,#4510,#4511);
#3600=AXIS2_PLACEMENT_3D('',#5550,#4512,#4513);
#3601=AXIS2_PLACEMENT_3D('',#5551,#4514,#4515);
#3602=AXIS2_PLACEMENT_3D('',#5552,#4516,#4517);
#3603=AXIS2_PLACEMENT_3D('',#5554,#4519,#4520);
#3604=AXIS2_PLACEMENT_3D('',#5555,#4521,#4522);
#3605=AXIS2_PLACEMENT_3D('',#5556,#4523,#4524);
#3606=AXIS2_PLACEMENT_3D('',#5557,#4525,#4526);
#3607=AXIS2_PLACEMENT_3D('',#5558,#4527,#4528);
#3608=AXIS2_PLACEMENT_3D('',#5559,#4529,#4530);
#3609=AXIS2_PLACEMENT_3D('',#5560,#4531,#4532);
#3610=AXIS2_PLACEMENT_3D('',#5561,#4533,#4534);
#3611=AXIS2_PLACEMENT_3D('',#5562,#4535,#4536);
#3612=AXIS2_PLACEMENT_3D('',#5563,#4537,#4538);
#3613=AXIS2_PLACEMENT_3D('',#5564,#4539,#4540);
#3614=AXIS2_PLACEMENT_3D('',#5565,#4541,#4542);
#3615=AXIS2_PLACEMENT_3D('',#5566,#4543,#4544);
#3616=AXIS2_PLACEMENT_3D('',#5567,#4545,#4546);
#3617=AXIS2_PLACEMENT_3D('',#5568,#4547,#4548);
#3618=AXIS2_PLACEMENT_3D('',#5569,#4549,#4550);
#3619=AXIS2_PLACEMENT_3D('',#5570,#4551,#4552);
#3620=AXIS2_PLACEMENT_3D('',#5571,#4553,#4554);
#3621=AXIS2_PLACEMENT_3D('',#5572,#4555,#4556);
#3622=AXIS2_PLACEMENT_3D('',#5573,#4557,#4558);
#3623=AXIS2_PLACEMENT_3D('',#5574,#4559,#4560);
#3624=AXIS2_PLACEMENT_3D('',#5580,#4561,#4562);
#3625=AXIS2_PLACEMENT_3D('',#5582,#4564,#4565);
#3626=AXIS2_PLACEMENT_3D('',#5583,#4566,#4567);
#3627=AXIS2_PLACEMENT_3D('',#5586,#4569,#4570);
#3628=AXIS2_PLACEMENT_3D('',#5591,#4571,#4572);
#3629=AXIS2_PLACEMENT_3D('',#5592,#4573,#4574);
#3630=AXIS2_PLACEMENT_3D('',#5593,#4575,#4576);
#3631=AXIS2_PLACEMENT_3D('',#5594,#4577,#4578);
#3632=AXIS2_PLACEMENT_3D('',#5595,#4579,#4580);
#3633=AXIS2_PLACEMENT_3D('',#5596,#4581,#4582);
#3634=AXIS2_PLACEMENT_3D('',#5597,#4583,#4584);
#3635=AXIS2_PLACEMENT_3D('',#5598,#4585,#4586);
#3636=AXIS2_PLACEMENT_3D('',#5599,#4587,#4588);
#3637=AXIS2_PLACEMENT_3D('',#5600,#4589,#4590);
#3638=AXIS2_PLACEMENT_3D('',#5601,#4591,#4592);
#3639=AXIS2_PLACEMENT_3D('',#5602,#4593,#4594);
#3640=AXIS2_PLACEMENT_3D('',#5603,#4595,#4596);
#3641=AXIS2_PLACEMENT_3D('',#5604,#4597,#4598);
#3642=AXIS2_PLACEMENT_3D('',#5605,#4599,#4600);
#3643=AXIS2_PLACEMENT_3D('',#5606,#4601,#4602);
#3644=AXIS2_PLACEMENT_3D('',#5607,#4603,#4604);
#3645=AXIS2_PLACEMENT_3D('',#5614,#4606,#4607);
#3646=AXIS2_PLACEMENT_3D('',#5615,#4608,#4609);
#3647=AXIS2_PLACEMENT_3D('',#5616,#4610,#4611);
#3648=AXIS2_PLACEMENT_3D('',#5619,#4613,#4614);
#3649=AXIS2_PLACEMENT_3D('',#5620,#4615,#4616);
#3650=AXIS2_PLACEMENT_3D('',#5625,#4617,#4618);
#3651=AXIS2_PLACEMENT_3D('',#5626,#4619,#4620);
#3652=AXIS2_PLACEMENT_3D('',#5627,#4621,#4622);
#3653=AXIS2_PLACEMENT_3D('',#5628,#4623,#4624);
#3654=AXIS2_PLACEMENT_3D('',#5629,#4625,#4626);
#3655=AXIS2_PLACEMENT_3D('',#5630,#4627,#4628);
#3656=AXIS2_PLACEMENT_3D('',#5631,#4629,#4630);
#3657=AXIS2_PLACEMENT_3D('',#5632,#4631,#4632);
#3658=AXIS2_PLACEMENT_3D('',#5633,#4633,#4634);
#3659=AXIS2_PLACEMENT_3D('',#5634,#4635,#4636);
#3660=AXIS2_PLACEMENT_3D('',#5635,#4637,#4638);
#3661=AXIS2_PLACEMENT_3D('',#5636,#4639,#4640);
#3662=AXIS2_PLACEMENT_3D('',#5637,#4641,#4642);
#3663=AXIS2_PLACEMENT_3D('',#5638,#4643,#4644);
#3664=AXIS2_PLACEMENT_3D('',#5639,#4645,#4646);
#3665=AXIS2_PLACEMENT_3D('',#5640,#4647,#4648);
#3666=AXIS2_PLACEMENT_3D('',#5641,#4649,#4650);
#3667=AXIS2_PLACEMENT_3D('',#5642,#4651,#4652);
#3668=AXIS2_PLACEMENT_3D('',#5643,#4653,#4654);
#3669=AXIS2_PLACEMENT_3D('',#5644,#4655,#4656);
#3670=AXIS2_PLACEMENT_3D('',#5645,#4657,#4658);
#3671=AXIS2_PLACEMENT_3D('',#5646,#4659,#4660);
#3672=AXIS2_PLACEMENT_3D('',#5647,#4661,#4662);
#3673=AXIS2_PLACEMENT_3D('',#5648,#4663,#4664);
#3674=AXIS2_PLACEMENT_3D('',#5649,#4665,#4666);
#3675=AXIS2_PLACEMENT_3D('',#5650,#4667,#4668);
#3676=AXIS2_PLACEMENT_3D('',#5651,#4669,#4670);
#3677=AXIS2_PLACEMENT_3D('',#5652,#4671,#4672);
#3678=AXIS2_PLACEMENT_3D('',#5653,#4673,#4674);
#3679=DIRECTION('',(0.,0.,1.));
#3680=DIRECTION('',(1.,0.,0.));
#3681=DIRECTION('',(0.,-1.19471313772619E-16,-1.));
#3682=DIRECTION('',(0.,1.,-1.19471313772619E-16));
#3683=DIRECTION('',(0.,-1.19471313772619E-16,-1.));
#3684=DIRECTION('',(0.,-1.,1.19471313772619E-16));
#3685=DIRECTION('',(0.,-1.19471313772619E-16,-1.));
#3686=DIRECTION('',(0.,1.,-1.19471313772619E-16));
#3687=DIRECTION('',(0.,-1.19471313772619E-16,-1.));
#3688=DIRECTION('',(0.,-1.,1.19471313772619E-16));
#3689=DIRECTION('',(0.,1.19471313772619E-16,1.));
#3690=DIRECTION('',(-1.,0.,0.));
#3691=DIRECTION('',(1.,0.,0.));
#3692=DIRECTION('',(0.,-1.19471313772619E-16,-1.));
#3693=DIRECTION('',(0.,-1.,1.19471313772619E-16));
#3694=DIRECTION('',(0.,1.19471313772619E-16,1.));
#3695=DIRECTION('',(-1.,0.,0.));
#3696=DIRECTION('',(0.,1.,-1.19471313772619E-16));
#3697=DIRECTION('',(0.,-1.19471313772619E-16,-1.));
#3698=DIRECTION('',(0.,-1.,1.19471313772619E-16));
#3699=DIRECTION('',(-1.,0.,0.));
#3700=DIRECTION('',(0.,-1.19471313772619E-16,-1.));
#3701=DIRECTION('',(0.,-1.,1.19471313772619E-16));
#3702=DIRECTION('',(0.,1.19471313772619E-16,1.));
#3703=DIRECTION('',(-1.,0.,0.));
#3704=DIRECTION('',(-1.,0.,0.));
#3705=DIRECTION('',(0.,-1.19471313772619E-16,-1.));
#3706=DIRECTION('',(0.,-1.,1.19471313772619E-16));
#3707=DIRECTION('',(0.,-1.,1.19471313772619E-16));
#3708=DIRECTION('',(0.,-1.19471313772619E-16,-1.));
#3709=DIRECTION('',(0.,-1.,1.19471313772619E-16));
#3710=DIRECTION('',(0.,1.19471313772619E-16,1.));
#3711=DIRECTION('',(-1.,0.,0.));
#3712=DIRECTION('',(-1.,0.,0.));
#3713=DIRECTION('',(0.,-1.19471313772619E-16,-1.));
#3714=DIRECTION('',(0.,-1.,1.19471313772619E-16));
#3715=DIRECTION('',(0.,-1.,1.19471313772619E-16));
#3716=DIRECTION('',(0.,-1.19471313772619E-16,-1.));
#3717=DIRECTION('',(0.,-1.,1.19471313772619E-16));
#3718=DIRECTION('',(0.,1.19471313772619E-16,1.));
#3719=DIRECTION('',(-1.,0.,0.));
#3720=DIRECTION('',(1.,0.,0.));
#3721=DIRECTION('',(0.,-1.19471313772619E-16,-1.));
#3722=DIRECTION('',(0.,-1.,1.19471313772619E-16));
#3723=DIRECTION('',(0.,1.19471313772619E-16,1.));
#3724=DIRECTION('',(-1.,0.,0.));
#3725=DIRECTION('',(0.,1.,-1.19471313772619E-16));
#3726=DIRECTION('',(0.,-1.19471313772619E-16,-1.));
#3727=DIRECTION('',(0.,-1.,1.19471313772619E-16));
#3728=DIRECTION('',(-1.,0.,0.));
#3729=DIRECTION('',(0.,-1.19471313772619E-16,-1.));
#3730=DIRECTION('',(0.,-1.,1.19471313772619E-16));
#3731=DIRECTION('',(0.,0.,-1.));
#3732=DIRECTION('',(1.,0.,0.));
#3733=DIRECTION('',(0.,0.,-1.));
#3734=DIRECTION('',(-1.,0.,0.));
#3735=DIRECTION('',(1.,0.,0.));
#3736=DIRECTION('',(0.,0.,1.));
#3737=DIRECTION('',(1.,0.,0.));
#3738=DIRECTION('',(0.,-1.,0.));
#3739=DIRECTION('',(0.,0.,1.));
#3740=DIRECTION('',(1.,0.,0.));
#3741=DIRECTION('',(0.,1.,0.));
#3742=DIRECTION('',(0.,0.,1.));
#3743=DIRECTION('',(1.,0.,0.));
#3744=DIRECTION('',(1.,0.,0.));
#3745=DIRECTION('',(0.,0.,1.));
#3746=DIRECTION('',(1.,0.,0.));
#3747=DIRECTION('',(-1.,0.,0.));
#3748=DIRECTION('',(0.,0.,1.));
#3749=DIRECTION('',(1.,0.,0.));
#3750=DIRECTION('',(0.,1.,-1.19471313772619E-16));
#3751=DIRECTION('',(0.,1.19471313772619E-16,1.));
#3752=DIRECTION('',(0.,-1.19471313772619E-16,-1.));
#3753=DIRECTION('',(0.,-1.19471313772619E-16,-1.));
#3754=DIRECTION('',(0.,-1.19471313772619E-16,-1.));
#3755=DIRECTION('',(0.,1.,-1.19471313772619E-16));
#3756=DIRECTION('',(0.,-1.19471313772619E-16,-1.));
#3757=DIRECTION('',(0.,1.,-1.19471313772619E-16));
#3758=DIRECTION('',(0.,-1.19471313772619E-16,-1.));
#3759=DIRECTION('',(0.,-1.19471313772619E-16,-1.));
#3760=DIRECTION('',(0.,-1.19471313772619E-16,-1.));
#3761=DIRECTION('',(0.,-1.19471313772619E-16,-1.));
#3762=DIRECTION('',(0.,-1.19471313772619E-16,-1.));
#3763=DIRECTION('',(0.,-1.,1.19471313772619E-16));
#3764=DIRECTION('',(0.,-1.19471313772619E-16,-1.));
#3765=DIRECTION('',(0.,1.,-1.19471313772619E-16));
#3766=DIRECTION('',(0.,1.19471313772619E-16,1.));
#3767=DIRECTION('',(0.,-1.19471313772619E-16,-1.));
#3768=DIRECTION('',(0.,-1.19471313772619E-16,-1.));
#3769=DIRECTION('',(0.,1.,-1.19471313772619E-16));
#3770=DIRECTION('',(0.,-1.19471313772619E-16,-1.));
#3771=DIRECTION('',(-1.,0.,0.));
#3772=DIRECTION('',(0.,0.,-1.));
#3773=DIRECTION('',(1.,0.,0.));
#3774=DIRECTION('',(0.,0.,1.));
#3775=DIRECTION('',(0.,-1.19471313772619E-16,-1.));
#3776=DIRECTION('',(0.,-1.19471313772619E-16,-1.));
#3777=DIRECTION('',(0.,1.,-1.19471313772619E-16));
#3778=DIRECTION('',(0.,-1.19471313772619E-16,-1.));
#3779=DIRECTION('',(0.,1.,-1.19471313772619E-16));
#3780=DIRECTION('',(0.,0.,-1.));
#3781=DIRECTION('',(-1.,0.,0.));
#3782=DIRECTION('',(0.,0.,-1.));
#3783=DIRECTION('',(1.,0.,0.));
#3784=DIRECTION('',(0.,0.,-1.));
#3785=DIRECTION('',(-1.,0.,0.));
#3786=DIRECTION('',(0.,1.,0.));
#3787=DIRECTION('',(0.,0.,1.));
#3788=DIRECTION('',(1.,0.,0.));
#3789=DIRECTION('',(1.,0.,0.));
#3790=DIRECTION('',(0.,0.,1.));
#3791=DIRECTION('',(1.,0.,0.));
#3792=DIRECTION('',(-1.,0.,0.));
#3793=DIRECTION('',(0.,0.,1.));
#3794=DIRECTION('',(1.,0.,0.));
#3795=DIRECTION('',(1.,0.,0.));
#3796=DIRECTION('',(0.,0.,1.));
#3797=DIRECTION('',(1.,0.,0.));
#3798=DIRECTION('',(0.,-1.,0.));
#3799=DIRECTION('',(0.,0.,1.));
#3800=DIRECTION('',(1.,0.,0.));
#3801=DIRECTION('',(0.,-1.19471313772619E-16,-1.));
#3802=DIRECTION('',(0.,1.,-1.19471313772619E-16));
#3803=DIRECTION('',(0.,0.,-1.));
#3804=DIRECTION('',(-1.,0.,0.));
#3805=DIRECTION('',(0.,-1.19471313772619E-16,-1.));
#3806=DIRECTION('',(0.,1.,-1.19471313772619E-16));
#3807=DIRECTION('',(0.,-1.19471313772619E-16,-1.));
#3808=DIRECTION('',(0.,-1.19471313772619E-16,-1.));
#3809=DIRECTION('',(0.,1.,-1.19471313772619E-16));
#3810=DIRECTION('',(0.,1.19471313772619E-16,1.));
#3811=DIRECTION('',(0.,-1.19471313772619E-16,-1.));
#3812=DIRECTION('',(0.,-1.,1.19471313772619E-16));
#3813=DIRECTION('',(0.,-1.19471313772619E-16,-1.));
#3814=DIRECTION('',(0.,-1.19471313772619E-16,-1.));
#3815=DIRECTION('',(0.,-1.19471313772619E-16,-1.));
#3816=DIRECTION('',(0.,1.,-1.19471313772619E-16));
#3817=DIRECTION('',(0.,1.19471313772619E-16,1.));
#3818=DIRECTION('',(0.,-1.19471313772619E-16,-1.));
#3819=DIRECTION('',(0.,-1.19471313772619E-16,-1.));
#3820=DIRECTION('',(0.,-1.19471313772619E-16,-1.));
#3821=DIRECTION('',(0.,1.,-1.19471313772619E-16));
#3822=DIRECTION('',(0.,-1.19471313772619E-16,-1.));
#3823=DIRECTION('',(1.,0.,0.));
#3824=DIRECTION('',(0.,0.,1.));
#3825=DIRECTION('',(0.,-1.19471313772619E-16,-1.));
#3826=DIRECTION('',(0.,-1.19471313772619E-16,-1.));
#3827=DIRECTION('',(0.,1.,-1.19471313772619E-16));
#3828=DIRECTION('',(0.,-1.19471313772619E-16,-1.));
#3829=DIRECTION('',(0.,1.,-1.19471313772619E-16));
#3830=DIRECTION('',(0.,-1.19471313772619E-16,-1.));
#3831=DIRECTION('',(-1.,0.,0.));
#3832=DIRECTION('',(0.,0.,-1.));
#3833=DIRECTION('',(0.,-1.19471313772619E-16,-1.));
#3834=DIRECTION('',(0.,1.,-1.19471313772619E-16));
#3835=DIRECTION('',(0.,-1.19471313772619E-16,-1.));
#3836=DIRECTION('',(0.,1.,-1.19471313772619E-16));
#3837=DIRECTION('',(0.,-1.19471313772619E-16,-1.));
#3838=DIRECTION('',(0.,1.,-1.19471313772619E-16));
#3839=DIRECTION('',(0.,-1.19471313772619E-16,-1.));
#3840=DIRECTION('',(0.,1.,-1.19471313772619E-16));
#3841=DIRECTION('',(0.,-1.19471313772619E-16,-1.));
#3842=DIRECTION('',(0.,1.,-1.19471313772619E-16));
#3843=DIRECTION('',(0.,-1.19471313772619E-16,-1.));
#3844=DIRECTION('',(0.,1.,-1.19471313772619E-16));
#3845=DIRECTION('',(0.,-1.19471313772619E-16,-1.));
#3846=DIRECTION('',(0.,1.,-1.19471313772619E-16));
#3847=DIRECTION('',(0.,-1.19471313772619E-16,-1.));
#3848=DIRECTION('',(0.,1.,-1.19471313772619E-16));
#3849=DIRECTION('',(0.,-1.19471313772619E-16,-1.));
#3850=DIRECTION('',(0.,1.,-1.19471313772619E-16));
#3851=DIRECTION('',(0.,-1.19471313772619E-16,-1.));
#3852=DIRECTION('',(0.,1.,-1.19471313772619E-16));
#3853=DIRECTION('',(0.,-1.,1.19471313772619E-16));
#3854=DIRECTION('',(1.,0.,0.));
#3855=DIRECTION('',(0.,-1.,1.19471313772619E-16));
#3856=DIRECTION('',(1.,0.,0.));
#3857=DIRECTION('',(0.,-1.,1.19471313772619E-16));
#3858=DIRECTION('',(0.,-1.19471313772619E-16,-1.));
#3859=DIRECTION('',(0.,1.,-1.19471313772619E-16));
#3860=DIRECTION('',(0.,-1.,1.19471313772619E-16));
#3861=DIRECTION('',(1.,0.,0.));
#3862=DIRECTION('',(0.,-1.,1.19471313772619E-16));
#3863=DIRECTION('',(0.,-1.19471313772619E-16,-1.));
#3864=DIRECTION('',(0.,1.,-1.19471313772619E-16));
#3865=DIRECTION('',(0.,1.,-1.19471313772619E-16));
#3866=DIRECTION('',(-1.,0.,0.));
#3867=DIRECTION('',(0.,-1.,1.19471313772619E-16));
#3868=DIRECTION('',(-1.,0.,0.));
#3869=DIRECTION('',(0.,1.,-1.19471313772619E-16));
#3870=DIRECTION('',(0.,-1.19471313772619E-16,-1.));
#3871=DIRECTION('',(0.,1.,-1.19471313772619E-16));
#3872=DIRECTION('',(0.,1.,-1.19471313772619E-16));
#3873=DIRECTION('',(1.,0.,0.));
#3874=DIRECTION('',(0.,1.,-1.19471313772619E-16));
#3875=DIRECTION('',(0.,-1.,0.));
#3876=DIRECTION('',(0.,0.,-1.));
#3877=DIRECTION('',(0.,-1.19471313772619E-16,-1.));
#3878=DIRECTION('',(1.,0.,0.));
#3879=DIRECTION('',(0.,-1.19471313772619E-16,-1.));
#3880=DIRECTION('',(1.,0.,0.));
#3881=DIRECTION('',(0.,-1.19471313772619E-16,-1.));
#3882=DIRECTION('',(0.,-1.,0.));
#3883=DIRECTION('',(0.,0.,-1.));
#3884=DIRECTION('',(0.,-1.,0.));
#3885=DIRECTION('',(0.,0.,-1.));
#3886=DIRECTION('',(0.,0.,1.));
#3887=DIRECTION('',(1.,0.,0.));
#3888=DIRECTION('',(0.,0.,-1.));
#3889=DIRECTION('',(-1.,0.,0.));
#3890=DIRECTION('',(0.,0.,1.));
#3891=DIRECTION('',(1.,0.,0.));
#3892=DIRECTION('',(0.,0.,-1.));
#3893=DIRECTION('',(1.,0.,0.));
#3894=DIRECTION('',(0.,0.,-1.));
#3895=DIRECTION('',(-1.,0.,0.));
#3896=DIRECTION('',(0.,0.,-1.));
#3897=DIRECTION('',(0.,-1.,0.));
#3898=DIRECTION('',(0.,0.,-1.));
#3899=DIRECTION('',(0.,-1.,0.));
#3900=DIRECTION('',(0.,0.,-1.));
#3901=DIRECTION('',(0.,-1.19471313772619E-16,-1.));
#3902=DIRECTION('',(-1.,0.,0.));
#3903=DIRECTION('',(0.,1.,0.));
#3904=DIRECTION('',(0.,0.,1.));
#3905=DIRECTION('',(0.,-1.19471313772619E-16,-1.));
#3906=DIRECTION('',(1.,0.,0.));
#3907=DIRECTION('',(0.,-1.19471313772619E-16,-1.));
#3908=DIRECTION('',(-1.,0.,0.));
#3909=DIRECTION('',(0.,-1.19471313772619E-16,-1.));
#3910=DIRECTION('',(0.,1.,0.));
#3911=DIRECTION('',(0.,0.,1.));
#3912=DIRECTION('',(0.,1.,0.));
#3913=DIRECTION('',(0.,0.,1.));
#3914=DIRECTION('',(0.,0.,1.));
#3915=DIRECTION('',(-1.,0.,0.));
#3916=DIRECTION('',(0.,0.,1.));
#3917=DIRECTION('',(1.,0.,0.));
#3918=DIRECTION('',(0.,0.,1.));
#3919=DIRECTION('',(1.,0.,0.));
#3920=DIRECTION('',(0.,0.,-1.));
#3921=DIRECTION('',(-1.,0.,0.));
#3922=DIRECTION('',(0.,0.,1.));
#3923=DIRECTION('',(1.,0.,0.));
#3924=DIRECTION('',(0.,0.,-1.));
#3925=DIRECTION('',(0.,1.,0.));
#3926=DIRECTION('',(0.,0.,1.));
#3927=DIRECTION('',(0.,1.,0.));
#3928=DIRECTION('',(0.,0.,1.));
#3929=DIRECTION('',(0.,-1.19471313772619E-16,-1.));
#3930=DIRECTION('',(1.,0.,0.));
#3931=DIRECTION('',(-1.,0.,0.));
#3932=DIRECTION('',(0.,-1.,0.));
#3933=DIRECTION('',(-1.,0.,0.));
#3934=DIRECTION('',(0.,0.,1.));
#3935=DIRECTION('',(-1.,0.,0.));
#3936=DIRECTION('',(0.,0.,1.));
#3937=DIRECTION('',(0.,0.707106781186548,-0.707106781186548));
#3938=DIRECTION('',(0.,0.707106781186548,0.707106781186548));
#3939=DIRECTION('',(0.,0.,1.));
#3940=DIRECTION('',(-1.,0.,0.));
#3941=DIRECTION('',(0.,0.,1.));
#3942=DIRECTION('',(0.,1.,0.));
#3943=DIRECTION('',(0.,1.,0.));
#3944=DIRECTION('',(0.,0.,-1.));
#3945=DIRECTION('',(-1.,0.,0.));
#3946=DIRECTION('',(0.,0.,1.));
#3947=DIRECTION('',(0.,1.,5.23152459149648E-16));
#3948=DIRECTION('',(-1.,0.,0.));
#3949=DIRECTION('',(0.,0.,1.));
#3950=DIRECTION('',(0.,0.,-1.));
#3951=DIRECTION('',(0.,1.,0.));
#3952=DIRECTION('',(0.,1.,0.));
#3953=DIRECTION('',(-1.,0.,0.));
#3954=DIRECTION('',(0.,0.,1.));
#3955=DIRECTION('',(0.,0.,1.));
#3956=DIRECTION('',(-1.,0.,0.));
#3957=DIRECTION('',(0.,0.,1.));
#3958=DIRECTION('',(0.,1.,0.));
#3959=DIRECTION('',(-1.,0.,0.));
#3960=DIRECTION('',(0.,0.,1.));
#3961=DIRECTION('',(0.,0.,1.));
#3962=DIRECTION('',(0.,1.,0.));
#3963=DIRECTION('',(0.,0.,1.));
#3964=DIRECTION('',(0.,0.,-1.));
#3965=DIRECTION('',(1.,0.,0.));
#3966=DIRECTION('',(1.,0.,0.));
#3967=DIRECTION('',(0.,0.,-1.));
#3968=DIRECTION('',(-1.,0.,0.));
#3969=DIRECTION('',(0.,0.,-1.));
#3970=DIRECTION('',(-1.,0.,0.));
#3971=DIRECTION('',(0.,0.,-1.));
#3972=DIRECTION('',(1.,0.,0.));
#3973=DIRECTION('',(1.,0.,0.));
#3974=DIRECTION('',(1.,0.,0.));
#3975=DIRECTION('',(0.,-1.,0.));
#3976=DIRECTION('',(1.,0.,0.));
#3977=DIRECTION('',(0.,0.,-1.));
#3978=DIRECTION('',(1.,0.,0.));
#3979=DIRECTION('',(0.,0.,-1.));
#3980=DIRECTION('',(0.,0.707106781186548,0.707106781186548));
#3981=DIRECTION('',(0.,0.707106781186548,-0.707106781186548));
#3982=DIRECTION('',(1.,0.,0.));
#3983=DIRECTION('',(0.,0.,-1.));
#3984=DIRECTION('',(0.,-1.,0.));
#3985=DIRECTION('',(1.,0.,0.));
#3986=DIRECTION('',(0.,0.,-1.));
#3987=DIRECTION('',(0.,0.,-1.));
#3988=DIRECTION('',(1.,0.,0.));
#3989=DIRECTION('',(0.,0.,-1.));
#3990=DIRECTION('',(0.,-1.,0.));
#3991=DIRECTION('',(0.,1.,0.));
#3992=DIRECTION('',(0.,0.,-1.));
#3993=DIRECTION('',(-1.,0.,0.));
#3994=DIRECTION('',(0.,0.,1.));
#3995=DIRECTION('',(0.,1.,5.23152459149648E-16));
#3996=DIRECTION('',(-1.,0.,0.));
#3997=DIRECTION('',(0.,0.,1.));
#3998=DIRECTION('',(0.,0.,-1.));
#3999=DIRECTION('',(0.,1.,0.));
#4000=DIRECTION('',(0.,-1.,0.));
#4001=DIRECTION('',(1.,0.,0.));
#4002=DIRECTION('',(0.,0.,-1.));
#4003=DIRECTION('',(0.,0.,-1.));
#4004=DIRECTION('',(-1.,0.,0.));
#4005=DIRECTION('',(1.,0.,0.));
#4006=DIRECTION('',(0.,0.,-1.));
#4007=DIRECTION('',(-1.,0.,0.));
#4008=DIRECTION('',(1.,0.,0.));
#4009=DIRECTION('',(0.,1.,0.));
#4010=DIRECTION('',(0.,0.,1.));
#4011=DIRECTION('',(1.,0.,0.));
#4012=DIRECTION('',(1.,0.,0.));
#4013=DIRECTION('',(0.,0.,-1.));
#4014=DIRECTION('',(-1.,0.,0.));
#4015=DIRECTION('',(0.,0.,-1.));
#4016=DIRECTION('',(-1.,0.,0.));
#4017=DIRECTION('',(0.,0.,-1.));
#4018=DIRECTION('',(-1.,0.,0.));
#4019=DIRECTION('',(0.,0.,-1.));
#4020=DIRECTION('',(-1.,0.,0.));
#4021=DIRECTION('',(0.,0.,-1.));
#4022=DIRECTION('',(-1.,0.,0.));
#4023=DIRECTION('',(0.,0.,-1.));
#4024=DIRECTION('',(-1.,0.,0.));
#4025=DIRECTION('',(0.,0.,-1.));
#4026=DIRECTION('',(-1.,0.,0.));
#4027=DIRECTION('',(0.,0.,-1.));
#4028=DIRECTION('',(-1.,0.,0.));
#4029=DIRECTION('',(0.,0.,-1.));
#4030=DIRECTION('',(-1.,0.,0.));
#4031=DIRECTION('',(1.,0.,0.));
#4032=DIRECTION('',(1.,0.,0.));
#4033=DIRECTION('',(-1.,0.,0.));
#4034=DIRECTION('',(0.,-1.,0.));
#4035=DIRECTION('',(0.,0.,-1.));
#4036=DIRECTION('',(0.,1.,-1.19471313772619E-16));
#4037=DIRECTION('',(-1.,0.,0.));
#4038=DIRECTION('',(0.,0.,1.));
#4039=DIRECTION('',(0.,1.,-1.19471313772619E-16));
#4040=DIRECTION('',(0.,-1.,0.));
#4041=DIRECTION('',(-1.,0.,0.));
#4042=DIRECTION('',(0.,0.,1.));
#4043=DIRECTION('',(0.,0.,1.));
#4044=DIRECTION('',(1.,0.,0.));
#4045=DIRECTION('',(0.,-1.,0.));
#4046=DIRECTION('',(1.,0.,0.));
#4047=DIRECTION('',(0.,-1.,0.));
#4048=DIRECTION('',(0.,0.,-1.));
#4049=DIRECTION('',(0.,0.,-1.));
#4050=DIRECTION('',(-1.,0.,0.));
#4051=DIRECTION('',(1.,0.,0.));
#4052=DIRECTION('',(1.,0.,0.));
#4053=DIRECTION('',(0.,0.,-1.));
#4054=DIRECTION('',(1.,0.,0.));
#4055=DIRECTION('',(0.,0.,-1.));
#4056=DIRECTION('',(1.,0.,0.));
#4057=DIRECTION('',(0.,0.,-1.));
#4058=DIRECTION('',(-1.,0.,0.));
#4059=DIRECTION('',(0.,0.,1.));
#4060=DIRECTION('',(-1.,0.,0.));
#4061=DIRECTION('',(0.,1.,0.));
#4062=DIRECTION('',(0.,1.,-1.19471313772619E-16));
#4063=DIRECTION('',(1.,0.,0.));
#4064=DIRECTION('',(0.,0.,1.));
#4065=DIRECTION('',(0.,1.,-1.19471313772619E-16));
#4066=DIRECTION('',(0.,0.,-1.));
#4067=DIRECTION('',(1.,0.,0.));
#4068=DIRECTION('',(0.,0.,1.));
#4069=DIRECTION('',(0.,1.,0.));
#4070=DIRECTION('',(0.,-1.,0.));
#4071=DIRECTION('',(0.,0.,-1.));
#4072=DIRECTION('',(-1.,0.,0.));
#4073=DIRECTION('',(0.,0.,-1.));
#4074=DIRECTION('',(1.,0.,0.));
#4075=DIRECTION('',(0.,0.,-1.));
#4076=DIRECTION('',(-1.,0.,0.));
#4077=DIRECTION('',(1.,0.,0.));
#4078=DIRECTION('',(0.,1.,0.));
#4079=DIRECTION('',(1.,0.,0.));
#4080=DIRECTION('',(0.,0.,-1.));
#4081=DIRECTION('',(1.,0.,0.));
#4082=DIRECTION('',(0.,0.,-1.));
#4083=DIRECTION('',(1.,0.,0.));
#4084=DIRECTION('',(0.,0.,-1.));
#4085=DIRECTION('',(-1.,0.,0.));
#4086=DIRECTION('',(0.,0.,1.));
#4087=DIRECTION('',(0.,1.,0.));
#4088=DIRECTION('',(0.,0.,1.));
#4089=DIRECTION('',(0.,0.,-1.));
#4090=DIRECTION('',(1.,0.,0.));
#4091=DIRECTION('',(0.,0.,-1.));
#4092=DIRECTION('',(-1.,0.,0.));
#4093=DIRECTION('',(0.,0.,-1.));
#4094=DIRECTION('',(-1.,0.,0.));
#4095=DIRECTION('',(-1.,0.,0.));
#4096=DIRECTION('',(0.,-1.,0.));
#4097=DIRECTION('',(0.,-1.,0.));
#4098=DIRECTION('',(1.,0.,0.));
#4099=DIRECTION('',(0.,-1.,0.));
#4100=DIRECTION('',(0.,-1.,1.19471313772619E-16));
#4101=DIRECTION('',(-1.,0.,0.));
#4102=DIRECTION('',(0.,0.,1.));
#4103=DIRECTION('',(0.,-1.,1.19471313772619E-16));
#4104=DIRECTION('',(-1.,0.,0.));
#4105=DIRECTION('',(0.,0.,1.));
#4106=DIRECTION('',(-1.,0.,0.));
#4107=DIRECTION('',(0.,0.,1.));
#4108=DIRECTION('',(1.,0.,0.));
#4109=DIRECTION('',(0.,0.,-1.));
#4110=DIRECTION('',(-1.,0.,0.));
#4111=DIRECTION('',(0.,0.,1.));
#4112=DIRECTION('',(1.,0.,0.));
#4113=DIRECTION('',(0.,0.,-1.));
#4114=DIRECTION('',(1.,0.,0.));
#4115=DIRECTION('',(0.,1.,0.));
#4116=DIRECTION('',(0.,0.,-1.));
#4117=DIRECTION('',(0.,-1.,1.19471313772619E-16));
#4118=DIRECTION('',(1.,0.,0.));
#4119=DIRECTION('',(0.,0.,1.));
#4120=DIRECTION('',(0.,-1.,1.19471313772619E-16));
#4121=DIRECTION('',(0.,1.,0.));
#4122=DIRECTION('',(1.,0.,0.));
#4123=DIRECTION('',(0.,0.,1.));
#4124=DIRECTION('',(0.,0.,1.));
#4125=DIRECTION('',(1.,0.,0.));
#4126=DIRECTION('',(0.,1.,0.));
#4127=DIRECTION('',(-1.,0.,0.));
#4128=DIRECTION('',(0.,1.,0.));
#4129=DIRECTION('',(0.,0.,1.));
#4130=DIRECTION('',(0.,0.,-1.));
#4131=DIRECTION('',(1.,0.,0.));
#4132=DIRECTION('',(-1.,0.,0.));
#4133=DIRECTION('',(-1.,0.,0.));
#4134=DIRECTION('',(0.,0.,1.));
#4135=DIRECTION('',(1.,0.,0.));
#4136=DIRECTION('',(0.,0.,-1.));
#4137=DIRECTION('',(-1.,0.,0.));
#4138=DIRECTION('',(0.,0.,1.));
#4139=DIRECTION('',(1.,0.,0.));
#4140=DIRECTION('',(0.,0.,-1.));
#4141=DIRECTION('',(0.,0.,1.));
#4142=DIRECTION('',(1.,0.,0.));
#4143=DIRECTION('',(-1.,0.,0.));
#4144=DIRECTION('',(0.,1.,0.));
#4145=DIRECTION('',(0.,1.,0.));
#4146=DIRECTION('',(0.,0.,1.));
#4147=DIRECTION('',(-1.,0.,0.));
#4148=DIRECTION('',(0.,0.,-1.));
#4149=DIRECTION('',(-1.,0.,0.));
#4150=DIRECTION('',(0.,0.,1.));
#4151=DIRECTION('',(-1.,0.,0.));
#4152=DIRECTION('',(-1.,0.,0.));
#4153=DIRECTION('',(0.,0.,1.));
#4154=DIRECTION('',(0.,-5.23152459149648E-16,1.));
#4155=DIRECTION('',(0.,-1.,-5.23152459149648E-16));
#4156=DIRECTION('',(-1.,0.,0.));
#4157=DIRECTION('',(0.,1.,5.23152459149648E-16));
#4158=DIRECTION('',(-1.,0.,0.));
#4159=DIRECTION('',(0.,0.,1.));
#4160=DIRECTION('',(-1.,0.,0.));
#4161=DIRECTION('',(-1.,0.,0.));
#4162=DIRECTION('',(0.,0.,1.));
#4163=DIRECTION('',(0.,1.,0.));
#4164=DIRECTION('',(0.,0.,1.));
#4165=DIRECTION('',(-1.,0.,0.));
#4166=DIRECTION('',(0.,0.,-1.));
#4167=DIRECTION('',(0.,0.,1.));
#4168=DIRECTION('',(1.,0.,0.));
#4169=DIRECTION('',(0.,1.,0.));
#4170=DIRECTION('',(1.,0.,0.));
#4171=DIRECTION('',(0.,1.,0.));
#4172=DIRECTION('',(0.,-1.,1.19471313772619E-16));
#4173=DIRECTION('',(0.,0.,-1.));
#4174=DIRECTION('',(-1.,0.,0.));
#4175=DIRECTION('',(0.,1.,0.));
#4176=DIRECTION('',(1.,0.,0.));
#4177=DIRECTION('',(0.,0.,-1.));
#4178=DIRECTION('',(-1.,0.,0.));
#4179=DIRECTION('',(1.,0.,0.));
#4180=DIRECTION('',(0.,1.,0.));
#4181=DIRECTION('',(0.,-1.,0.));
#4182=DIRECTION('',(0.,0.,-1.));
#4183=DIRECTION('',(1.,0.,0.));
#4184=DIRECTION('',(0.,0.,-1.));
#4185=DIRECTION('',(1.,0.,0.));
#4186=DIRECTION('',(0.,0.,-1.));
#4187=DIRECTION('',(1.,0.,0.));
#4188=DIRECTION('',(-1.,0.,0.));
#4189=DIRECTION('',(0.,0.,1.));
#4190=DIRECTION('',(0.,5.23152459149648E-16,-1.));
#4191=DIRECTION('',(0.,1.,5.23152459149648E-16));
#4192=DIRECTION('',(1.,0.,0.));
#4193=DIRECTION('',(0.,1.,5.23152459149648E-16));
#4194=DIRECTION('',(1.,0.,0.));
#4195=DIRECTION('',(0.,0.,-1.));
#4196=DIRECTION('',(1.,0.,0.));
#4197=DIRECTION('',(-1.,0.,0.));
#4198=DIRECTION('',(0.,0.,1.));
#4199=DIRECTION('',(0.,-1.,0.));
#4200=DIRECTION('',(0.,0.,-1.));
#4201=DIRECTION('',(0.,0.,-1.));
#4202=DIRECTION('',(-1.,0.,0.));
#4203=DIRECTION('',(0.,1.,0.));
#4204=DIRECTION('',(0.,-1.,1.19471313772619E-16));
#4205=DIRECTION('',(1.,0.,0.));
#4206=DIRECTION('',(0.,0.,-1.));
#4207=DIRECTION('',(-1.,0.,0.));
#4208=DIRECTION('',(0.,0.,1.));
#4209=DIRECTION('',(1.,0.,0.));
#4210=DIRECTION('',(0.,0.,-1.));
#4211=DIRECTION('',(-1.,0.,0.));
#4212=DIRECTION('',(0.,0.,1.));
#4213=DIRECTION('',(0.,0.707106781186548,0.707106781186548));
#4214=DIRECTION('',(0.,-0.707106781186548,0.707106781186548));
#4215=DIRECTION('',(-1.,0.,0.));
#4216=DIRECTION('',(0.,0.707106781186548,-0.707106781186548));
#4217=DIRECTION('',(0.,-0.707106781186548,0.707106781186548));
#4218=DIRECTION('',(0.,-0.707106781186548,-0.707106781186548));
#4219=DIRECTION('',(0.,0.707106781186548,0.707106781186548));
#4220=DIRECTION('',(-1.,0.,0.));
#4221=DIRECTION('',(0.,-1.,0.));
#4222=DIRECTION('',(0.,-0.707106781186548,-0.707106781186548));
#4223=DIRECTION('',(0.,0.707106781186548,-0.707106781186548));
#4224=DIRECTION('',(0.,0.707106781186548,-0.707106781186548));
#4225=DIRECTION('',(1.,0.,0.));
#4226=DIRECTION('',(0.,0.707106781186548,-0.707106781186548));
#4227=DIRECTION('',(0.,0.707106781186548,0.707106781186548));
#4228=DIRECTION('',(0.,0.707106781186548,0.707106781186548));
#4229=DIRECTION('',(1.,0.,0.));
#4230=DIRECTION('',(0.,-1.,0.));
#4231=DIRECTION('',(0.,0.,-1.));
#4232=DIRECTION('',(-1.,0.,0.));
#4233=DIRECTION('',(0.,0.,-1.));
#4234=DIRECTION('',(-1.,0.,0.));
#4235=DIRECTION('',(0.,-1.19471313772619E-16,-1.));
#4236=DIRECTION('',(0.,1.,-1.19471313772619E-16));
#4237=DIRECTION('',(0.,0.,-1.));
#4238=DIRECTION('',(-1.,0.,0.));
#4239=DIRECTION('',(0.,0.,-1.));
#4240=DIRECTION('',(-1.,0.,0.));
#4241=DIRECTION('',(0.,-1.19471313772619E-16,-1.));
#4242=DIRECTION('',(0.,1.,-1.19471313772619E-16));
#4243=DIRECTION('',(0.,0.,-1.));
#4244=DIRECTION('',(-1.,0.,0.));
#4245=DIRECTION('',(0.,0.,-1.));
#4246=DIRECTION('',(-1.,0.,0.));
#4247=DIRECTION('',(0.,-1.19471313772619E-16,-1.));
#4248=DIRECTION('',(0.,1.,-1.19471313772619E-16));
#4249=DIRECTION('',(0.,0.,-1.));
#4250=DIRECTION('',(-1.,0.,0.));
#4251=DIRECTION('',(0.,0.,-1.));
#4252=DIRECTION('',(-1.,0.,0.));
#4253=DIRECTION('',(0.,-1.19471313772619E-16,-1.));
#4254=DIRECTION('',(0.,1.,-1.19471313772619E-16));
#4255=DIRECTION('',(0.,-1.19471313772619E-16,-1.));
#4256=DIRECTION('',(0.,1.,-1.19471313772619E-16));
#4257=DIRECTION('',(0.,-1.19471313772619E-16,-1.));
#4258=DIRECTION('',(0.,-1.19471313772619E-16,-1.));
#4259=DIRECTION('',(0.,1.,-1.19471313772619E-16));
#4260=DIRECTION('',(0.,-1.19471313772619E-16,-1.));
#4261=DIRECTION('',(0.,1.19471313772619E-16,1.));
#4262=DIRECTION('',(0.,-1.,1.19471313772619E-16));
#4263=DIRECTION('',(1.,0.,0.));
#4264=DIRECTION('',(0.,0.,-1.));
#4265=DIRECTION('',(0.,-1.,1.19471313772619E-16));
#4266=DIRECTION('',(0.,-1.,1.19471313772619E-16));
#4267=DIRECTION('',(1.,0.,0.));
#4268=DIRECTION('',(0.,0.,-1.));
#4269=DIRECTION('',(0.,-1.,1.19471313772619E-16));
#4270=DIRECTION('',(0.,-1.,1.19471313772619E-16));
#4271=DIRECTION('',(0.,1.19471313772619E-16,1.));
#4272=DIRECTION('',(1.,0.,0.));
#4273=DIRECTION('',(0.,-1.19471313772619E-16,-1.));
#4274=DIRECTION('',(0.,1.,-1.19471313772619E-16));
#4275=DIRECTION('',(0.,-1.19471313772619E-16,-1.));
#4276=DIRECTION('',(0.,1.,-1.19471313772619E-16));
#4277=DIRECTION('',(0.,1.19471313772619E-16,1.));
#4278=DIRECTION('',(0.,-1.,1.19471313772619E-16));
#4279=DIRECTION('',(0.,1.19471313772619E-16,1.));
#4280=DIRECTION('',(1.,0.,0.));
#4281=DIRECTION('',(-1.,0.,0.));
#4282=DIRECTION('',(0.,0.,1.));
#4283=DIRECTION('',(0.,-1.,1.19471313772619E-16));
#4284=DIRECTION('',(0.,-1.19471313772619E-16,-1.));
#4285=DIRECTION('',(0.,1.,-1.19471313772619E-16));
#4286=DIRECTION('',(0.,-1.19471313772619E-16,-1.));
#4287=DIRECTION('',(0.,1.,-1.19471313772619E-16));
#4288=DIRECTION('',(0.,-1.19471313772619E-16,-1.));
#4289=DIRECTION('',(0.,1.,-1.19471313772619E-16));
#4290=DIRECTION('',(0.,-1.19471313772619E-16,-1.));
#4291=DIRECTION('',(0.,1.19471313772619E-16,1.));
#4292=DIRECTION('',(0.,-1.,1.19471313772619E-16));
#4293=DIRECTION('',(-1.,0.,0.));
#4294=DIRECTION('',(0.,0.,1.));
#4295=DIRECTION('',(0.,1.,-1.19471313772619E-16));
#4296=DIRECTION('',(0.,1.,-1.19471313772619E-16));
#4297=DIRECTION('',(0.,1.19471313772619E-16,1.));
#4298=DIRECTION('',(1.,0.,0.));
#4299=DIRECTION('',(0.,-1.19471313772619E-16,-1.));
#4300=DIRECTION('',(0.,1.,-1.19471313772619E-16));
#4301=DIRECTION('',(0.,-1.19471313772619E-16,-1.));
#4302=DIRECTION('',(0.,1.,-1.19471313772619E-16));
#4303=DIRECTION('',(0.,1.19471313772619E-16,1.));
#4304=DIRECTION('',(0.,-1.,1.19471313772619E-16));
#4305=DIRECTION('',(0.,1.19471313772619E-16,1.));
#4306=DIRECTION('',(1.,0.,0.));
#4307=DIRECTION('',(0.,0.,-1.));
#4308=DIRECTION('',(-1.,0.,0.));
#4309=DIRECTION('',(0.,0.,-1.));
#4310=DIRECTION('',(-1.,0.,0.));
#4311=DIRECTION('',(0.,1.19471313772619E-16,1.));
#4312=DIRECTION('',(0.,1.,-1.19471313772619E-16));
#4313=DIRECTION('',(0.,0.,-1.));
#4314=DIRECTION('',(-1.,0.,0.));
#4315=DIRECTION('',(0.,0.,-1.));
#4316=DIRECTION('',(-1.,0.,0.));
#4317=DIRECTION('',(0.,1.19471313772619E-16,1.));
#4318=DIRECTION('',(0.,1.,-1.19471313772619E-16));
#4319=DIRECTION('',(0.,0.,-1.));
#4320=DIRECTION('',(-1.,0.,0.));
#4321=DIRECTION('',(0.,0.,-1.));
#4322=DIRECTION('',(-1.,0.,0.));
#4323=DIRECTION('',(0.,1.19471313772619E-16,1.));
#4324=DIRECTION('',(0.,1.,-1.19471313772619E-16));
#4325=DIRECTION('',(0.,0.,-1.));
#4326=DIRECTION('',(-1.,0.,0.));
#4327=DIRECTION('',(0.,0.,-1.));
#4328=DIRECTION('',(-1.,0.,0.));
#4329=DIRECTION('',(0.,1.19471313772619E-16,1.));
#4330=DIRECTION('',(0.,1.,-1.19471313772619E-16));
#4331=DIRECTION('',(0.,-1.19471313772619E-16,-1.));
#4332=DIRECTION('',(0.,1.,-1.19471313772619E-16));
#4333=DIRECTION('',(0.,-1.19471313772619E-16,-1.));
#4334=DIRECTION('',(0.,-1.19471313772619E-16,-1.));
#4335=DIRECTION('',(0.,1.,-1.19471313772619E-16));
#4336=DIRECTION('',(0.,-1.19471313772619E-16,-1.));
#4337=DIRECTION('',(0.,-1.19471313772619E-16,-1.));
#4338=DIRECTION('',(0.,-1.,1.19471313772619E-16));
#4339=DIRECTION('',(1.,0.,0.));
#4340=DIRECTION('',(0.,0.,-1.));
#4341=DIRECTION('',(0.,-1.,1.19471313772619E-16));
#4342=DIRECTION('',(0.,-1.,1.19471313772619E-16));
#4343=DIRECTION('',(1.,0.,0.));
#4344=DIRECTION('',(0.,0.,-1.));
#4345=DIRECTION('',(0.,-1.,1.19471313772619E-16));
#4346=DIRECTION('',(0.,-1.,1.19471313772619E-16));
#4347=DIRECTION('',(0.,1.19471313772619E-16,1.));
#4348=DIRECTION('',(-1.,0.,0.));
#4349=DIRECTION('',(0.,-1.19471313772619E-16,-1.));
#4350=DIRECTION('',(0.,1.,-1.19471313772619E-16));
#4351=DIRECTION('',(0.,-1.19471313772619E-16,-1.));
#4352=DIRECTION('',(0.,1.,-1.19471313772619E-16));
#4353=DIRECTION('',(0.,-1.19471313772619E-16,-1.));
#4354=DIRECTION('',(0.,-1.,1.19471313772619E-16));
#4355=DIRECTION('',(0.,1.19471313772619E-16,1.));
#4356=DIRECTION('',(-1.,0.,0.));
#4357=DIRECTION('',(-1.,0.,0.));
#4358=DIRECTION('',(0.,0.,1.));
#4359=DIRECTION('',(0.,-1.19471313772619E-16,-1.));
#4360=DIRECTION('',(0.,-1.,1.19471313772619E-16));
#4361=DIRECTION('',(0.,1.,-1.19471313772619E-16));
#4362=DIRECTION('',(-1.,0.,0.));
#4363=DIRECTION('',(0.,0.,1.));
#4364=DIRECTION('',(0.,1.,-1.19471313772619E-16));
#4365=DIRECTION('',(0.,-1.19471313772619E-16,-1.));
#4366=DIRECTION('',(0.,1.,-1.19471313772619E-16));
#4367=DIRECTION('',(0.,-1.19471313772619E-16,-1.));
#4368=DIRECTION('',(0.,1.,-1.19471313772619E-16));
#4369=DIRECTION('',(0.,-1.19471313772619E-16,-1.));
#4370=DIRECTION('',(0.,1.,-1.19471313772619E-16));
#4371=DIRECTION('',(0.,-1.19471313772619E-16,-1.));
#4372=DIRECTION('',(0.,-1.,1.19471313772619E-16));
#4373=DIRECTION('',(0.,1.19471313772619E-16,1.));
#4374=DIRECTION('',(-1.,0.,0.));
#4375=DIRECTION('',(0.,-1.19471313772619E-16,-1.));
#4376=DIRECTION('',(0.,1.,-1.19471313772619E-16));
#4377=DIRECTION('',(0.,-1.19471313772619E-16,-1.));
#4378=DIRECTION('',(0.,1.,-1.19471313772619E-16));
#4379=DIRECTION('',(0.,-1.19471313772619E-16,-1.));
#4380=DIRECTION('',(0.,-1.,1.19471313772619E-16));
#4381=DIRECTION('',(0.,1.19471313772619E-16,1.));
#4382=DIRECTION('',(-1.,0.,0.));
#4383=DIRECTION('',(0.,0.,-1.));
#4384=DIRECTION('',(-1.,0.,0.));
#4385=DIRECTION('',(0.,0.,-1.));
#4386=DIRECTION('',(-1.,0.,0.));
#4387=DIRECTION('',(-1.,0.,0.));
#4388=DIRECTION('',(0.,0.,-1.));
#4389=DIRECTION('',(-1.,0.,0.));
#4390=DIRECTION('',(1.,0.,0.));
#4391=DIRECTION('',(0.,0.,-1.));
#4392=DIRECTION('',(-1.,0.,0.));
#4393=DIRECTION('',(-1.,0.,0.));
#4394=DIRECTION('',(0.,0.,-1.));
#4395=DIRECTION('',(-1.,0.,0.));
#4396=DIRECTION('',(0.,1.,0.));
#4397=DIRECTION('',(0.,0.,-1.));
#4398=DIRECTION('',(-1.,0.,0.));
#4399=DIRECTION('',(0.,-1.,0.));
#4400=DIRECTION('',(0.,0.,-1.));
#4401=DIRECTION('',(-1.,0.,0.));
#4402=DIRECTION('',(0.,-1.19471313772619E-16,-1.));
#4403=DIRECTION('',(0.,1.,-1.19471313772619E-16));
#4404=DIRECTION('',(0.,0.,-1.));
#4405=DIRECTION('',(-1.,0.,0.));
#4406=DIRECTION('',(0.,1.19471313772619E-16,1.));
#4407=DIRECTION('',(0.,-1.,1.19471313772619E-16));
#4408=DIRECTION('',(0.,-1.19471313772619E-16,-1.));
#4409=DIRECTION('',(0.,1.,-1.19471313772619E-16));
#4410=DIRECTION('',(0.,1.19471313772619E-16,1.));
#4411=DIRECTION('',(0.,-1.,1.19471313772619E-16));
#4412=DIRECTION('',(0.,-1.19471313772619E-16,-1.));
#4413=DIRECTION('',(0.,-1.19471313772619E-16,-1.));
#4414=DIRECTION('',(-1.,0.,0.));
#4415=DIRECTION('',(0.,0.,1.));
#4416=DIRECTION('',(0.,1.,-1.19471313772619E-16));
#4417=DIRECTION('',(0.,-1.19471313772619E-16,-1.));
#4418=DIRECTION('',(1.,0.,0.));
#4419=DIRECTION('',(0.,0.,-1.));
#4420=DIRECTION('',(0.,-1.,1.19471313772619E-16));
#4421=DIRECTION('',(0.,-1.19471313772619E-16,-1.));
#4422=DIRECTION('',(0.,-1.19471313772619E-16,-1.));
#4423=DIRECTION('',(0.,-1.19471313772619E-16,-1.));
#4424=DIRECTION('',(0.,1.,-1.19471313772619E-16));
#4425=DIRECTION('',(0.,1.19471313772619E-16,1.));
#4426=DIRECTION('',(0.,-1.,1.19471313772619E-16));
#4427=DIRECTION('',(0.,-1.19471313772619E-16,-1.));
#4428=DIRECTION('',(0.,1.,-1.19471313772619E-16));
#4429=DIRECTION('',(0.,1.19471313772619E-16,1.));
#4430=DIRECTION('',(1.,0.,0.));
#4431=DIRECTION('',(0.,-1.19471313772619E-16,-1.));
#4432=DIRECTION('',(0.,-1.,1.19471313772619E-16));
#4433=DIRECTION('',(0.,-1.19471313772619E-16,-1.));
#4434=DIRECTION('',(-1.,0.,0.));
#4435=DIRECTION('',(0.,-1.19471313772619E-16,-1.));
#4436=DIRECTION('',(0.,-1.19471313772619E-16,-1.));
#4437=DIRECTION('',(0.,-1.19471313772619E-16,-1.));
#4438=DIRECTION('',(0.,1.,-1.19471313772619E-16));
#4439=DIRECTION('',(0.,-1.19471313772619E-16,-1.));
#4440=DIRECTION('',(0.,1.,-1.19471313772619E-16));
#4441=DIRECTION('',(0.,-1.19471313772619E-16,-1.));
#4442=DIRECTION('',(0.,1.19471313772619E-16,1.));
#4443=DIRECTION('',(0.,-1.,1.19471313772619E-16));
#4444=DIRECTION('',(0.,1.19471313772619E-16,1.));
#4445=DIRECTION('',(0.,-1.,1.19471313772619E-16));
#4446=DIRECTION('',(0.,1.19471313772619E-16,1.));
#4447=DIRECTION('',(0.,-1.,1.19471313772619E-16));
#4448=DIRECTION('',(0.,1.,-1.19471313772619E-16));
#4449=DIRECTION('',(0.,1.19471313772619E-16,1.));
#4450=DIRECTION('',(1.,0.,0.));
#4451=DIRECTION('',(0.,0.,-1.));
#4452=DIRECTION('',(-1.,0.,0.));
#4453=DIRECTION('',(0.,0.,-1.));
#4454=DIRECTION('',(-1.,0.,0.));
#4455=DIRECTION('',(0.,1.,0.));
#4456=DIRECTION('',(0.,0.,-1.));
#4457=DIRECTION('',(-1.,0.,0.));
#4458=DIRECTION('',(0.,-1.,0.));
#4459=DIRECTION('',(0.,0.,-1.));
#4460=DIRECTION('',(-1.,0.,0.));
#4461=DIRECTION('',(-1.,0.,0.));
#4462=DIRECTION('',(0.,0.,-1.));
#4463=DIRECTION('',(-1.,0.,0.));
#4464=DIRECTION('',(1.,0.,0.));
#4465=DIRECTION('',(0.,0.,-1.));
#4466=DIRECTION('',(-1.,0.,0.));
#4467=DIRECTION('',(-1.,0.,0.));
#4468=DIRECTION('',(0.,0.,-1.));
#4469=DIRECTION('',(-1.,0.,0.));
#4470=DIRECTION('',(0.,-1.19471313772619E-16,-1.));
#4471=DIRECTION('',(0.,1.,-1.19471313772619E-16));
#4472=DIRECTION('',(0.,0.,-1.));
#4473=DIRECTION('',(-1.,0.,0.));
#4474=DIRECTION('',(0.,1.19471313772619E-16,1.));
#4475=DIRECTION('',(0.,-1.,1.19471313772619E-16));
#4476=DIRECTION('',(0.,-1.19471313772619E-16,-1.));
#4477=DIRECTION('',(0.,1.,-1.19471313772619E-16));
#4478=DIRECTION('',(0.,1.19471313772619E-16,1.));
#4479=DIRECTION('',(0.,-1.,1.19471313772619E-16));
#4480=DIRECTION('',(0.,-1.19471313772619E-16,-1.));
#4481=DIRECTION('',(0.,-1.19471313772619E-16,-1.));
#4482=DIRECTION('',(0.,1.,-1.19471313772619E-16));
#4483=DIRECTION('',(0.,1.19471313772619E-16,1.));
#4484=DIRECTION('',(1.,0.,0.));
#4485=DIRECTION('',(0.,-1.19471313772619E-16,-1.));
#4486=DIRECTION('',(0.,-1.,1.19471313772619E-16));
#4487=DIRECTION('',(0.,-1.19471313772619E-16,-1.));
#4488=DIRECTION('',(-1.,0.,0.));
#4489=DIRECTION('',(0.,-1.19471313772619E-16,-1.));
#4490=DIRECTION('',(0.,-1.19471313772619E-16,-1.));
#4491=DIRECTION('',(0.,1.,-1.19471313772619E-16));
#4492=DIRECTION('',(0.,1.19471313772619E-16,1.));
#4493=DIRECTION('',(1.,0.,0.));
#4494=DIRECTION('',(0.,-1.19471313772619E-16,-1.));
#4495=DIRECTION('',(0.,-1.19471313772619E-16,-1.));
#4496=DIRECTION('',(0.,-1.19471313772619E-16,-1.));
#4497=DIRECTION('',(0.,1.,-1.19471313772619E-16));
#4498=DIRECTION('',(0.,1.19471313772619E-16,1.));
#4499=DIRECTION('',(0.,-1.,1.19471313772619E-16));
#4500=DIRECTION('',(0.,-1.19471313772619E-16,-1.));
#4501=DIRECTION('',(-1.,0.,0.));
#4502=DIRECTION('',(0.,0.,1.));
#4503=DIRECTION('',(0.,1.,-1.19471313772619E-16));
#4504=DIRECTION('',(0.,-1.19471313772619E-16,-1.));
#4505=DIRECTION('',(0.,-1.19471313772619E-16,-1.));
#4506=DIRECTION('',(0.,1.,-1.19471313772619E-16));
#4507=DIRECTION('',(0.,-1.19471313772619E-16,-1.));
#4508=DIRECTION('',(0.,1.,-1.19471313772619E-16));
#4509=DIRECTION('',(0.,-1.19471313772619E-16,-1.));
#4510=DIRECTION('',(0.,1.19471313772619E-16,1.));
#4511=DIRECTION('',(0.,-1.,1.19471313772619E-16));
#4512=DIRECTION('',(0.,1.19471313772619E-16,1.));
#4513=DIRECTION('',(0.,-1.,1.19471313772619E-16));
#4514=DIRECTION('',(0.,1.19471313772619E-16,1.));
#4515=DIRECTION('',(0.,-1.,1.19471313772619E-16));
#4516=DIRECTION('',(1.,0.,0.));
#4517=DIRECTION('',(0.,0.,-1.));
#4518=DIRECTION('',(0.,-1.,1.19471313772619E-16));
#4519=DIRECTION('',(0.,-1.19471313772619E-16,-1.));
#4520=DIRECTION('',(0.,1.,-1.19471313772619E-16));
#4521=DIRECTION('',(0.,-1.19471313772619E-16,-1.));
#4522=DIRECTION('',(0.,1.,-1.19471313772619E-16));
#4523=DIRECTION('',(0.,1.19471313772619E-16,1.));
#4524=DIRECTION('',(1.,0.,0.));
#4525=DIRECTION('',(0.,1.19471313772619E-16,1.));
#4526=DIRECTION('',(1.,0.,0.));
#4527=DIRECTION('',(0.,1.19471313772619E-16,1.));
#4528=DIRECTION('',(1.,0.,0.));
#4529=DIRECTION('',(0.,1.19471313772619E-16,1.));
#4530=DIRECTION('',(1.,0.,0.));
#4531=DIRECTION('',(0.,1.19471313772619E-16,1.));
#4532=DIRECTION('',(1.,0.,0.));
#4533=DIRECTION('',(0.,1.19471313772619E-16,1.));
#4534=DIRECTION('',(1.,0.,0.));
#4535=DIRECTION('',(0.,-1.19471313772619E-16,-1.));
#4536=DIRECTION('',(0.,1.,-1.19471313772619E-16));
#4537=DIRECTION('',(0.,-1.19471313772619E-16,-1.));
#4538=DIRECTION('',(0.,1.,-1.19471313772619E-16));
#4539=DIRECTION('',(0.,-1.19471313772619E-16,-1.));
#4540=DIRECTION('',(0.,1.,-1.19471313772619E-16));
#4541=DIRECTION('',(0.,-1.19471313772619E-16,-1.));
#4542=DIRECTION('',(0.,1.,-1.19471313772619E-16));
#4543=DIRECTION('',(-1.,0.,0.));
#4544=DIRECTION('',(0.,0.,1.));
#4545=DIRECTION('',(-0.707106781186548,-0.707106781186548,8.44789761258848E-17));
#4546=DIRECTION('',(-0.707106781186548,0.707106781186548,-8.44789761258848E-17));
#4547=DIRECTION('',(-0.707106781186548,0.707106781186548,-8.44789761258848E-17));
#4548=DIRECTION('',(-0.707106781186548,-0.707106781186548,8.44789761258848E-17));
#4549=DIRECTION('',(0.,-1.,1.19471313772619E-16));
#4550=DIRECTION('',(0.,-1.19471313772619E-16,-1.));
#4551=DIRECTION('',(0.,-1.,0.));
#4552=DIRECTION('',(0.,0.,-1.));
#4553=DIRECTION('',(0.,1.,-1.19471313772619E-16));
#4554=DIRECTION('',(0.,1.19471313772619E-16,1.));
#4555=DIRECTION('',(0.,-1.,0.));
#4556=DIRECTION('',(0.,0.,-1.));
#4557=DIRECTION('',(0.,-1.19471313772619E-16,-1.));
#4558=DIRECTION('',(0.,1.,-1.19471313772619E-16));
#4559=DIRECTION('',(0.,1.,0.));
#4560=DIRECTION('',(0.,0.,1.));
#4561=DIRECTION('',(0.,1.,-1.19471313772619E-16));
#4562=DIRECTION('',(0.,1.19471313772619E-16,1.));
#4563=DIRECTION('',(0.,1.,-1.19471313772619E-16));
#4564=DIRECTION('',(0.,-1.,1.19471313772619E-16));
#4565=DIRECTION('',(0.,-1.19471313772619E-16,-1.));
#4566=DIRECTION('',(0.,-1.,0.));
#4567=DIRECTION('',(0.,0.,-1.));
#4568=DIRECTION('',(0.,-1.,1.19471313772619E-16));
#4569=DIRECTION('',(0.,-1.19471313772619E-16,-1.));
#4570=DIRECTION('',(0.,1.,-1.19471313772619E-16));
#4571=DIRECTION('',(0.,-1.,1.19471313772619E-16));
#4572=DIRECTION('',(0.,-1.19471313772619E-16,-1.));
#4573=DIRECTION('',(0.707106781186548,-0.707106781186548,8.44789761258848E-17));
#4574=DIRECTION('',(-0.707106781186548,-0.707106781186548,8.44789761258848E-17));
#4575=DIRECTION('',(0.,1.,-1.19471313772619E-16));
#4576=DIRECTION('',(0.,1.19471313772619E-16,1.));
#4577=DIRECTION('',(0.707106781186548,0.707106781186548,-8.44789761258848E-17));
#4578=DIRECTION('',(-0.707106781186548,0.707106781186548,-8.44789761258848E-17));
#4579=DIRECTION('',(1.,0.,0.));
#4580=DIRECTION('',(0.,0.,-1.));
#4581=DIRECTION('',(0.707106781186548,-0.707106781186548,8.44789761258848E-17));
#4582=DIRECTION('',(0.707106781186548,0.707106781186548,-8.44789761258848E-17));
#4583=DIRECTION('',(1.,0.,0.));
#4584=DIRECTION('',(0.,0.,-1.));
#4585=DIRECTION('',(0.707106781186548,0.707106781186548,-8.44789761258848E-17));
#4586=DIRECTION('',(0.707106781186548,-0.707106781186548,8.44789761258848E-17));
#4587=DIRECTION('',(0.,-1.,1.19471313772619E-16));
#4588=DIRECTION('',(0.,-1.19471313772619E-16,-1.));
#4589=DIRECTION('',(-0.707106781186548,-0.707106781186548,8.44789761258848E-17));
#4590=DIRECTION('',(-0.707106781186548,0.707106781186548,-8.44789761258848E-17));
#4591=DIRECTION('',(0.,-1.,1.19471313772619E-16));
#4592=DIRECTION('',(0.,-1.19471313772619E-16,-1.));
#4593=DIRECTION('',(-0.707106781186548,0.707106781186548,-8.44789761258848E-17));
#4594=DIRECTION('',(-0.707106781186548,-0.707106781186548,8.44789761258848E-17));
#4595=DIRECTION('',(-1.,0.,0.));
#4596=DIRECTION('',(0.,0.,1.));
#4597=DIRECTION('',(-0.707106781186548,-0.707106781186548,8.44789761258848E-17));
#4598=DIRECTION('',(0.707106781186548,-0.707106781186548,8.44789761258848E-17));
#4599=DIRECTION('',(-1.,0.,0.));
#4600=DIRECTION('',(0.,0.,1.));
#4601=DIRECTION('',(-0.707106781186548,0.707106781186548,-8.44789761258848E-17));
#4602=DIRECTION('',(0.707106781186548,0.707106781186548,-8.44789761258848E-17));
#4603=DIRECTION('',(0.,-1.,1.19471313772619E-16));
#4604=DIRECTION('',(0.,-1.19471313772619E-16,-1.));
#4605=DIRECTION('',(0.,1.,-1.19471313772619E-16));
#4606=DIRECTION('',(0.,-1.,1.19471313772619E-16));
#4607=DIRECTION('',(0.,-1.19471313772619E-16,-1.));
#4608=DIRECTION('',(0.,1.,0.));
#4609=DIRECTION('',(0.,0.,1.));
#4610=DIRECTION('',(0.,1.,-1.19471313772619E-16));
#4611=DIRECTION('',(0.,1.19471313772619E-16,1.));
#4612=DIRECTION('',(0.,-1.,1.19471313772619E-16));
#4613=DIRECTION('',(0.,1.,0.));
#4614=DIRECTION('',(0.,0.,1.));
#4615=DIRECTION('',(0.,1.,-1.19471313772619E-16));
#4616=DIRECTION('',(0.,1.19471313772619E-16,1.));
#4617=DIRECTION('',(0.,-1.19471313772619E-16,-1.));
#4618=DIRECTION('',(0.,1.,-1.19471313772619E-16));
#4619=DIRECTION('',(0.,-1.,0.));
#4620=DIRECTION('',(0.,0.,-1.));
#4621=DIRECTION('',(0.,-1.19471313772619E-16,-1.));
#4622=DIRECTION('',(0.,1.,-1.19471313772619E-16));
#4623=DIRECTION('',(0.,-1.,0.));
#4624=DIRECTION('',(0.,0.,-1.));
#4625=DIRECTION('',(0.,-1.,1.19471313772619E-16));
#4626=DIRECTION('',(0.,-1.19471313772619E-16,-1.));
#4627=DIRECTION('',(-0.707106781186548,-0.707106781186548,8.44789761258848E-17));
#4628=DIRECTION('',(-0.707106781186548,0.707106781186548,-8.44789761258848E-17));
#4629=DIRECTION('',(0.,1.,-1.19471313772619E-16));
#4630=DIRECTION('',(0.,1.19471313772619E-16,1.));
#4631=DIRECTION('',(-0.707106781186548,0.707106781186548,-8.44789761258848E-17));
#4632=DIRECTION('',(-0.707106781186548,-0.707106781186548,8.44789761258848E-17));
#4633=DIRECTION('',(-1.,0.,0.));
#4634=DIRECTION('',(0.,0.,1.));
#4635=DIRECTION('',(0.,-1.19471313772619E-16,-1.));
#4636=DIRECTION('',(0.,1.,-1.19471313772619E-16));
#4637=DIRECTION('',(0.,-1.19471313772619E-16,-1.));
#4638=DIRECTION('',(0.,1.,-1.19471313772619E-16));
#4639=DIRECTION('',(0.,-1.19471313772619E-16,-1.));
#4640=DIRECTION('',(0.,1.,-1.19471313772619E-16));
#4641=DIRECTION('',(0.,-1.19471313772619E-16,-1.));
#4642=DIRECTION('',(0.,1.,-1.19471313772619E-16));
#4643=DIRECTION('',(0.,0.,1.));
#4644=DIRECTION('',(1.,0.,0.));
#4645=DIRECTION('',(0.,0.,1.));
#4646=DIRECTION('',(1.,0.,0.));
#4647=DIRECTION('',(0.,0.,1.));
#4648=DIRECTION('',(1.,0.,0.));
#4649=DIRECTION('',(0.,0.,1.));
#4650=DIRECTION('',(1.,0.,0.));
#4651=DIRECTION('',(0.,0.,-1.));
#4652=DIRECTION('',(-1.,0.,0.));
#4653=DIRECTION('',(0.,0.,-1.));
#4654=DIRECTION('',(-1.,0.,0.));
#4655=DIRECTION('',(0.,0.,-1.));
#4656=DIRECTION('',(-1.,0.,0.));
#4657=DIRECTION('',(0.,0.,-1.));
#4658=DIRECTION('',(-1.,0.,0.));
#4659=DIRECTION('',(0.,0.,-1.));
#4660=DIRECTION('',(-1.,0.,0.));
#4661=DIRECTION('',(0.,0.,-1.));
#4662=DIRECTION('',(-1.,0.,0.));
#4663=DIRECTION('',(0.,0.,-1.));
#4664=DIRECTION('',(-1.,0.,0.));
#4665=DIRECTION('',(0.,0.,-1.));
#4666=DIRECTION('',(-1.,0.,0.));
#4667=DIRECTION('',(-1.,0.,0.));
#4668=DIRECTION('',(0.,0.,1.));
#4669=DIRECTION('',(-1.,0.,0.));
#4670=DIRECTION('',(0.,0.,1.));
#4671=DIRECTION('',(1.,0.,0.));
#4672=DIRECTION('',(0.,0.,-1.));
#4673=DIRECTION('',(1.,0.,0.));
#4674=DIRECTION('',(0.,0.,-1.));
#4675=CARTESIAN_POINT('',(0.,0.,0.));
#4676=CARTESIAN_POINT('',(0.021598,-0.063150002999965,-0.006889802));
#4677=CARTESIAN_POINT('',(0.048575,-0.043365908,-0.006889802));
#4678=CARTESIAN_POINT('',(0.048575,-0.044990908,-0.006889802));
#4679=CARTESIAN_POINT('',(0.021598,-0.063150002999965,-0.006889802));
#4680=CARTESIAN_POINT('',(0.048575,-0.081465908,-0.006889802));
#4681=CARTESIAN_POINT('',(0.048575,-0.083090908,-0.006889802));
#4682=CARTESIAN_POINT('',(0.086675,-0.063150002999965,0.003110198));
#4683=CARTESIAN_POINT('',(0.048575,-0.046125003,0.003110198));
#4684=CARTESIAN_POINT('',(0.0459620716081425,-0.046125003,0.003110198));
#4685=CARTESIAN_POINT('',(0.0511879283918575,-0.046125003,0.003110198));
#4686=CARTESIAN_POINT('',(0.048575,-0.043365908,0.003110198));
#4687=CARTESIAN_POINT('',(0.086675,-0.063150002999965,0.003110198));
#4688=CARTESIAN_POINT('',(0.0506,-0.0406627110639265,0.003110198));
#4689=CARTESIAN_POINT('',(0.050599999999999,-0.04117500398167,0.003110198));
#4690=CARTESIAN_POINT('',(0.0506,-0.040150418146183,0.003110198));
#4691=CARTESIAN_POINT('',(0.05149999901833,-0.04117500398167,0.003110198));
#4692=CARTESIAN_POINT('',(0.05149999901833,-0.042075003000001,0.003110198));
#4693=CARTESIAN_POINT('',(0.0518245056843764,-0.042075003,0.003110198));
#4694=CARTESIAN_POINT('',(0.0521490123504228,-0.042075003,0.003110198));
#4695=CARTESIAN_POINT('',(0.048575,-0.043365908,0.003110198));
#4696=CARTESIAN_POINT('',(0.086675,-0.063150002999965,0.003110198));
#4697=CARTESIAN_POINT('',(0.0453254943156236,-0.042075003,0.003110198));
#4698=CARTESIAN_POINT('',(0.04565000098167,-0.042075003,0.003110198));
#4699=CARTESIAN_POINT('',(0.0450009876495772,-0.042075003,0.003110198));
#4700=CARTESIAN_POINT('',(0.04565000098167,-0.04117500398167,0.003110198));
#4701=CARTESIAN_POINT('',(0.046550000000001,-0.04117500398167,0.003110198));
#4702=CARTESIAN_POINT('',(0.04655,-0.0406627110639265,0.003110198));
#4703=CARTESIAN_POINT('',(0.04655,-0.040150418146183,0.003110198));
#4704=CARTESIAN_POINT('',(0.048575,-0.043365908,0.003110198));
#4705=CARTESIAN_POINT('',(0.086675,-0.063150002999965,0.003110198));
#4706=CARTESIAN_POINT('',(0.0453254943156236,-0.080175003,0.003110198));
#4707=CARTESIAN_POINT('',(0.04565000098167,-0.080175003000001,0.003110198));
#4708=CARTESIAN_POINT('',(0.0450009876495772,-0.080175003,0.003110198));
#4709=CARTESIAN_POINT('',(0.04565000098167,-0.07927500398167,0.003110198));
#4710=CARTESIAN_POINT('',(0.046550000000001,-0.07927500398167,0.003110198));
#4711=CARTESIAN_POINT('',(0.04655,-0.0787627110639265,0.003110198));
#4712=CARTESIAN_POINT('',(0.04655,-0.078250418146183,0.003110198));
#4713=CARTESIAN_POINT('',(0.048575,-0.081465908,0.003110198));
#4714=CARTESIAN_POINT('',(0.086675,-0.063150002999965,0.003110198));
#4715=CARTESIAN_POINT('',(0.048575,-0.084225003,0.003110198));
#4716=CARTESIAN_POINT('',(0.0459620716081425,-0.084225003,0.003110198));
#4717=CARTESIAN_POINT('',(0.0511879283918575,-0.084225003,0.003110198));
#4718=CARTESIAN_POINT('',(0.048575,-0.081465908,0.003110198));
#4719=CARTESIAN_POINT('',(0.086675,-0.063150002999965,0.003110198));
#4720=CARTESIAN_POINT('',(0.0506,-0.0787627110639265,0.003110198));
#4721=CARTESIAN_POINT('',(0.0506,-0.07927500398167,0.003110198));
#4722=CARTESIAN_POINT('',(0.0506,-0.078250418146183,0.003110198));
#4723=CARTESIAN_POINT('',(0.05149999901833,-0.07927500398167,0.003110198));
#4724=CARTESIAN_POINT('',(0.05149999901833,-0.080175003000001,0.003110198));
#4725=CARTESIAN_POINT('',(0.0518245056843764,-0.080175003,0.003110198));
#4726=CARTESIAN_POINT('',(0.0521490123504228,-0.080175003,0.003110198));
#4727=CARTESIAN_POINT('',(0.048575,-0.081465908,0.003110198));
#4728=CARTESIAN_POINT('',(0.151752,-0.100350002999931,0.005510198));
#4729=CARTESIAN_POINT('',(0.048575,-0.043365908,0.005510198));
#4730=CARTESIAN_POINT('',(0.04635,-0.043365908,0.005510198));
#4731=CARTESIAN_POINT('',(0.0518245056843764,-0.042075003,0.005510198));
#4732=CARTESIAN_POINT('',(0.05149999901833,-0.042075003000001,0.005510198));
#4733=CARTESIAN_POINT('',(0.0521490123504228,-0.042075003,0.005510198));
#4734=CARTESIAN_POINT('',(0.05149999901833,-0.04117500398167,0.005510198));
#4735=CARTESIAN_POINT('',(0.0506,-0.04117500398167,0.005510198));
#4736=CARTESIAN_POINT('',(0.0506,-0.0406627110639265,0.005510198));
#4737=CARTESIAN_POINT('',(0.0506,-0.040150418146183,0.005510198));
#4738=CARTESIAN_POINT('',(0.048575,-0.043365908,0.005510198));
#4739=CARTESIAN_POINT('',(0.04655,-0.040150418146183,0.005510198));
#4740=CARTESIAN_POINT('',(0.04655,-0.0406627110639265,0.005510198));
#4741=CARTESIAN_POINT('',(0.046550000000001,-0.04117500398167,0.005510198));
#4742=CARTESIAN_POINT('',(0.04565000098167,-0.04117500398167,0.005510198));
#4743=CARTESIAN_POINT('',(0.04565000098167,-0.042075003,0.005510198));
#4744=CARTESIAN_POINT('',(0.0453254943156236,-0.042075003,0.005510198));
#4745=CARTESIAN_POINT('',(0.0450009876495772,-0.042075003,0.005510198));
#4746=CARTESIAN_POINT('',(0.048575,-0.043365908,0.005510198));
#4747=CARTESIAN_POINT('',(0.0459620716081425,-0.046125003,0.005510198));
#4748=CARTESIAN_POINT('',(0.048575,-0.046125003,0.005510198));
#4749=CARTESIAN_POINT('',(0.0511879283918575,-0.046125003,0.005510198));
#4750=CARTESIAN_POINT('',(0.048575,-0.043365908,0.005510198));
#4751=CARTESIAN_POINT('',(0.0518245056843764,-0.042075003,0.005512198));
#4752=CARTESIAN_POINT('',(0.05149999901833,-0.042075003000001,0.005512198));
#4753=CARTESIAN_POINT('',(0.0521490123504228,-0.042075003,0.005512198));
#4754=CARTESIAN_POINT('',(0.048575,-0.043365908,0.005512198));
#4755=CARTESIAN_POINT('',(0.048575,-0.043365908,-0.005089802));
#4756=CARTESIAN_POINT('',(0.048575,-0.039565908,-0.005089802));
#4757=CARTESIAN_POINT('',(0.0511879283918575,-0.046125003,0.005512198));
#4758=CARTESIAN_POINT('',(0.0459620716081425,-0.046125003,0.005512198));
#4759=CARTESIAN_POINT('',(0.0450009876495772,-0.042075003,0.005512198));
#4760=CARTESIAN_POINT('',(0.04655,-0.040150418146183,0.005512198));
#4761=CARTESIAN_POINT('',(0.0506,-0.040150418146183,0.005512198));
#4762=CARTESIAN_POINT('',(0.048575,-0.046125003,0.005512198));
#4763=CARTESIAN_POINT('',(0.0453254943156236,-0.042075003,0.005512198));
#4764=CARTESIAN_POINT('',(0.04565000098167,-0.042075003,0.005512198));
#4765=CARTESIAN_POINT('',(0.04565000098167,-0.04117500398167,0.005512198));
#4766=CARTESIAN_POINT('',(0.046550000000001,-0.04117500398167,0.005512198));
#4767=CARTESIAN_POINT('',(0.04655,-0.0406627110639265,0.005512198));
#4768=CARTESIAN_POINT('',(0.0506,-0.0406627110639265,0.005512198));
#4769=CARTESIAN_POINT('',(0.0506,-0.04117500398167,0.005512198));
#4770=CARTESIAN_POINT('',(0.05149999901833,-0.04117500398167,0.005512198));
#4771=CARTESIAN_POINT('',(0.048575,-0.043365908,0.005512198));
#4772=CARTESIAN_POINT('',(0.048575,-0.043365908,0.004910198));
#4773=CARTESIAN_POINT('',(0.04695,-0.043365908,0.004910198));
#4774=CARTESIAN_POINT('',(0.151752,-0.100350002999931,0.005510198));
#4775=CARTESIAN_POINT('',(0.048575,-0.081465908,0.005510198));
#4776=CARTESIAN_POINT('',(0.04635,-0.081465908,0.005510198));
#4777=CARTESIAN_POINT('',(0.04655,-0.0787627110639265,0.005510198));
#4778=CARTESIAN_POINT('',(0.046550000000001,-0.07927500398167,0.005510198));
#4779=CARTESIAN_POINT('',(0.04655,-0.078250418146183,0.005510198));
#4780=CARTESIAN_POINT('',(0.04565000098167,-0.07927500398167,0.005510198));
#4781=CARTESIAN_POINT('',(0.04565000098167,-0.080175003,0.005510198));
#4782=CARTESIAN_POINT('',(0.0453254943156236,-0.080175003,0.005510198));
#4783=CARTESIAN_POINT('',(0.0450009876495772,-0.080175003,0.005510198));
#4784=CARTESIAN_POINT('',(0.048575,-0.081465908,0.005510198));
#4785=CARTESIAN_POINT('',(0.0459620716081425,-0.084225003,0.005510198));
#4786=CARTESIAN_POINT('',(0.048575,-0.084225003,0.005510198));
#4787=CARTESIAN_POINT('',(0.0511879283918575,-0.084225003,0.005510198));
#4788=CARTESIAN_POINT('',(0.048575,-0.081465908,0.005510198));
#4789=CARTESIAN_POINT('',(0.0521490123504228,-0.080175003,0.005510198));
#4790=CARTESIAN_POINT('',(0.0518245056843764,-0.080175003,0.005510198));
#4791=CARTESIAN_POINT('',(0.05149999901833,-0.080175003000001,0.005510198));
#4792=CARTESIAN_POINT('',(0.05149999901833,-0.07927500398167,0.005510198));
#4793=CARTESIAN_POINT('',(0.0506,-0.07927500398167,0.005510198));
#4794=CARTESIAN_POINT('',(0.0506,-0.0787627110639265,0.005510198));
#4795=CARTESIAN_POINT('',(0.0506,-0.078250418146183,0.005510198));
#4796=CARTESIAN_POINT('',(0.048575,-0.0814659079999999,0.005510198));
#4797=CARTESIAN_POINT('',(0.048575,-0.081465908,0.005512198));
#4798=CARTESIAN_POINT('',(0.048575,-0.081465908,0.004910198));
#4799=CARTESIAN_POINT('',(0.04695,-0.081465908,0.004910198));
#4800=CARTESIAN_POINT('',(0.04565000098167,-0.07927500398167,0.005512198));
#4801=CARTESIAN_POINT('',(0.04565000098167,-0.080175003,0.005512198));
#4802=CARTESIAN_POINT('',(0.046550000000001,-0.07927500398167,0.005512198));
#4803=CARTESIAN_POINT('',(0.0453254943156236,-0.080175003,0.005512198));
#4804=CARTESIAN_POINT('',(0.0450009876495772,-0.080175003,0.005512198));
#4805=CARTESIAN_POINT('',(0.048575,-0.084225003,0.005512198));
#4806=CARTESIAN_POINT('',(0.0511879283918575,-0.084225003,0.005512198));
#4807=CARTESIAN_POINT('',(0.0459620716081425,-0.084225003,0.005512198));
#4808=CARTESIAN_POINT('',(0.0518245056843764,-0.080175003,0.005512198));
#4809=CARTESIAN_POINT('',(0.05149999901833,-0.080175003000001,0.005512198));
#4810=CARTESIAN_POINT('',(0.0521490123504228,-0.080175003,0.005512198));
#4811=CARTESIAN_POINT('',(0.05149999901833,-0.07927500398167,0.005512198));
#4812=CARTESIAN_POINT('',(0.0506,-0.07927500398167,0.005512198));
#4813=CARTESIAN_POINT('',(0.0506,-0.0787627110639265,0.005512198));
#4814=CARTESIAN_POINT('',(0.0506,-0.078250418146183,0.005512198));
#4815=CARTESIAN_POINT('',(0.048575,-0.0814659079999999,0.005512198));
#4816=CARTESIAN_POINT('',(0.048575,-0.0814659079999999,-0.005089802));
#4817=CARTESIAN_POINT('',(0.048575,-0.0776659079999999,-0.005089802));
#4818=CARTESIAN_POINT('',(0.04655,-0.078250418146183,0.005512198));
#4819=CARTESIAN_POINT('',(0.04655,-0.0787627110639265,0.005512198));
#4820=CARTESIAN_POINT('',(0.021598,-0.063150002999965,-0.006889802));
#4821=CARTESIAN_POINT('',(0.048575,-0.043365908,-0.006889802));
#4822=CARTESIAN_POINT('',(0.048575,-0.037765908,-0.006889802));
#4823=CARTESIAN_POINT('',(0.048575,-0.0814659079999999,-0.006889802));
#4824=CARTESIAN_POINT('',(0.048575,-0.0758659079999999,-0.006889802));
#4825=CARTESIAN_POINT('',(0.124775,-0.043365908,-0.006889802));
#4826=CARTESIAN_POINT('',(0.124775,-0.037765908,-0.006889802));
#4827=CARTESIAN_POINT('',(0.124775,-0.0814659079999999,-0.006889802));
#4828=CARTESIAN_POINT('',(0.124775,-0.0758659079999999,-0.006889802));
#4829=CARTESIAN_POINT('',(0.1089,-0.063150002999965,-0.006889802));
#4830=CARTESIAN_POINT('',(0.1089,-0.057550002999965,-0.006889802));
#4831=CARTESIAN_POINT('',(0.1343,-0.063150002999965,-0.006889802));
#4832=CARTESIAN_POINT('',(0.1343,-0.057550002999965,-0.006889802));
#4833=CARTESIAN_POINT('',(0.06445,-0.063150002999965,-0.006889802));
#4834=CARTESIAN_POINT('',(0.06445,-0.057550002999965,-0.006889802));
#4835=CARTESIAN_POINT('',(0.03905,-0.063150002999965,-0.006889802));
#4836=CARTESIAN_POINT('',(0.03905,-0.057550002999965,-0.006889802));
#4837=CARTESIAN_POINT('',(0.0327,-0.031400002999965,-0.006889802));
#4838=CARTESIAN_POINT('',(0.0383,-0.031400002999965,-0.006889802));
#4839=CARTESIAN_POINT('',(0.0284,-0.0349874812228954,-0.006889802));
#4840=CARTESIAN_POINT('',(0.0284,-0.063150002999965,-0.006889802));
#4841=CARTESIAN_POINT('',(0.0284,-0.035150002999999,-0.006889802));
#4842=CARTESIAN_POINT('',(0.0234,-0.035150002999999,-0.006889802));
#4843=CARTESIAN_POINT('',(0.0252,-0.035150002999999,-0.006889802));
#4844=CARTESIAN_POINT('',(0.0252,-0.063150002999965,-0.006889802));
#4845=CARTESIAN_POINT('',(0.0252,-0.091150002999931,-0.006889802));
#4846=CARTESIAN_POINT('',(0.021598,-0.091150002999931,-0.006889802));
#4847=CARTESIAN_POINT('',(0.0284,-0.091150002999931,-0.006889802));
#4848=CARTESIAN_POINT('',(0.0284,-0.063150002999965,-0.006889802));
#4849=CARTESIAN_POINT('',(0.0284,-0.0913125247770346,-0.006889802));
#4850=CARTESIAN_POINT('',(0.0327,-0.094900002999965,-0.006889802));
#4851=CARTESIAN_POINT('',(0.0383,-0.094900002999965,-0.006889802));
#4852=CARTESIAN_POINT('',(0.0383,-0.063150002999965,-0.006889802));
#4853=CARTESIAN_POINT('',(0.0383,-0.097650002999931,-0.006889802));
#4854=CARTESIAN_POINT('',(0.13685,-0.097650002999931,-0.006889802));
#4855=CARTESIAN_POINT('',(0.13505,-0.097650002999931,-0.006889802));
#4856=CARTESIAN_POINT('',(0.13505,-0.094900002999965,-0.006889802));
#4857=CARTESIAN_POINT('',(0.13505,-0.094900002999965,-0.006889802));
#4858=CARTESIAN_POINT('',(0.14065,-0.094900002999965,-0.006889802));
#4859=CARTESIAN_POINT('',(0.14495,-0.0913125247770346,-0.006889802));
#4860=CARTESIAN_POINT('',(0.14495,-0.063150002999965,-0.006889802));
#4861=CARTESIAN_POINT('',(0.14495,-0.091150002999931,-0.006889802));
#4862=CARTESIAN_POINT('',(0.14995,-0.091150002999931,-0.006889802));
#4863=CARTESIAN_POINT('',(0.14815,-0.091150002999931,-0.006889802));
#4864=CARTESIAN_POINT('',(0.14815,-0.063150002999965,-0.006889802));
#4865=CARTESIAN_POINT('',(0.14815,-0.035150002999999,-0.006889802));
#4866=CARTESIAN_POINT('',(0.021598,-0.035150002999999,-0.006889802));
#4867=CARTESIAN_POINT('',(0.14495,-0.035150002999999,-0.006889802));
#4868=CARTESIAN_POINT('',(0.14495,-0.063150002999965,-0.006889802));
#4869=CARTESIAN_POINT('',(0.14495,-0.0349874812228954,-0.006889802));
#4870=CARTESIAN_POINT('',(0.14065,-0.031400002999965,-0.006889802));
#4871=CARTESIAN_POINT('',(0.13505,-0.031400002999965,-0.006889802));
#4872=CARTESIAN_POINT('',(0.13505,-0.063150002999965,-0.006889802));
#4873=CARTESIAN_POINT('',(0.13505,-0.028650002999999,-0.006889802));
#4874=CARTESIAN_POINT('',(0.0365,-0.028650002999999,-0.006889802));
#4875=CARTESIAN_POINT('',(0.0383,-0.028650002999999,-0.006889802));
#4876=CARTESIAN_POINT('',(0.0383,-0.031400002999965,-0.006889802));
#4877=CARTESIAN_POINT('',(0.021598,-0.099450002999931,-0.000689802));
#4878=CARTESIAN_POINT('',(0.13685,-0.099450002999931,-0.002689802));
#4879=CARTESIAN_POINT('',(0.13685,-0.099450002999931,-0.002689802));
#4880=CARTESIAN_POINT('',(0.13685,-0.099450002999931,-0.005089802));
#4881=CARTESIAN_POINT('',(0.0365,-0.099450002999931,-0.005089802));
#4882=CARTESIAN_POINT('',(0.0365,-0.099450002999931,-0.005089802));
#4883=CARTESIAN_POINT('',(0.0365,-0.099450002999931,-0.002689802));
#4884=CARTESIAN_POINT('',(0.0365,-0.099450002999931,-0.002689802));
#4885=CARTESIAN_POINT('',(0.021598,-0.099450002999931,-0.002689802));
#4886=CARTESIAN_POINT('',(0.0289,-0.099450002999931,-0.002689802));
#4887=CARTESIAN_POINT('',(0.0289,-0.099450002999931,-0.002689802));
#4888=CARTESIAN_POINT('',(0.0289,-0.099450002999931,-0.005089802));
#4889=CARTESIAN_POINT('',(0.0271,-0.099450002999931,-0.005089802));
#4890=CARTESIAN_POINT('',(0.02775,-0.099450002999931,-0.00676834303315946));
#4891=CARTESIAN_POINT('',(0.0284,-0.099450002999931,-0.005089802));
#4892=CARTESIAN_POINT('',(0.0266,-0.099450002999931,-0.005089802));
#4893=CARTESIAN_POINT('',(0.0266,-0.099450002999931,-0.000689802));
#4894=CARTESIAN_POINT('',(0.0266,-0.099450002999931,-0.000289801999999991));
#4895=CARTESIAN_POINT('',(0.021598,-0.099450002999931,-0.000289802));
#4896=CARTESIAN_POINT('',(0.0234,-0.099450002999931,-0.000289802));
#4897=CARTESIAN_POINT('',(0.0234,-0.099450002999931,-0.000144901));
#4898=CARTESIAN_POINT('',(0.0234,-0.099450002999931,0.));
#4899=CARTESIAN_POINT('',(0.0234,-0.099450002999931,0.));
#4900=CARTESIAN_POINT('',(0.0216,-0.099450002999931,0.));
#4901=CARTESIAN_POINT('',(0.0216,-0.099450002999931,-0.000689802));
#4902=CARTESIAN_POINT('',(0.0216,-0.099450002999931,0.005510198));
#4903=CARTESIAN_POINT('',(0.021598,-0.099450002999931,0.005510198));
#4904=CARTESIAN_POINT('',(0.15175,-0.099450002999931,0.005510198));
#4905=CARTESIAN_POINT('',(0.15175,-0.099450002999931,-0.000689802));
#4906=CARTESIAN_POINT('',(0.15175,-0.099450002999931,0.));
#4907=CARTESIAN_POINT('',(0.14995,-0.099450002999931,0.));
#4908=CARTESIAN_POINT('',(0.14995,-0.099450002999931,0.));
#4909=CARTESIAN_POINT('',(0.14995,-0.099450002999931,-0.000144901));
#4910=CARTESIAN_POINT('',(0.14995,-0.099450002999931,-0.000289802));
#4911=CARTESIAN_POINT('',(0.021598,-0.099450002999931,-0.000289802));
#4912=CARTESIAN_POINT('',(0.14675,-0.099450002999931,-0.000289802));
#4913=CARTESIAN_POINT('',(0.14675,-0.099450002999931,-0.000689802));
#4914=CARTESIAN_POINT('',(0.14675,-0.099450002999931,-0.005089802));
#4915=CARTESIAN_POINT('',(0.14495,-0.099450002999931,-0.005089802));
#4916=CARTESIAN_POINT('',(0.1456,-0.099450002999931,-0.00676834303315946));
#4917=CARTESIAN_POINT('',(0.14625,-0.099450002999931,-0.005089802));
#4918=CARTESIAN_POINT('',(0.14445,-0.099450002999931,-0.005089802));
#4919=CARTESIAN_POINT('',(0.14445,-0.099450002999931,-0.002689802));
#4920=CARTESIAN_POINT('',(0.14445,-0.099450002999931,-0.002689802));
#4921=CARTESIAN_POINT('',(0.151752,-0.099450002999931,-0.002689802));
#4922=CARTESIAN_POINT('',(0.021598,-0.026850002999999,-0.000689802));
#4923=CARTESIAN_POINT('',(0.0365,-0.026850002999999,-0.002689802));
#4924=CARTESIAN_POINT('',(0.0365,-0.026850002999999,-0.002689802));
#4925=CARTESIAN_POINT('',(0.0365,-0.026850002999999,-0.005089802));
#4926=CARTESIAN_POINT('',(0.13685,-0.026850002999999,-0.005089802));
#4927=CARTESIAN_POINT('',(0.13685,-0.026850002999999,-0.005089802));
#4928=CARTESIAN_POINT('',(0.13685,-0.026850002999999,-0.002689802));
#4929=CARTESIAN_POINT('',(0.13685,-0.026850002999999,-0.002689802));
#4930=CARTESIAN_POINT('',(0.151752,-0.026850002999999,-0.002689802));
#4931=CARTESIAN_POINT('',(0.14445,-0.026850002999999,-0.002689802));
#4932=CARTESIAN_POINT('',(0.14445,-0.026850002999999,-0.002689802));
#4933=CARTESIAN_POINT('',(0.14445,-0.026850002999999,-0.005089802));
#4934=CARTESIAN_POINT('',(0.14625,-0.026850002999999,-0.005089802));
#4935=CARTESIAN_POINT('',(0.1456,-0.026850002999999,-0.00676834303315947));
#4936=CARTESIAN_POINT('',(0.14495,-0.026850002999999,-0.005089802));
#4937=CARTESIAN_POINT('',(0.14675,-0.026850002999999,-0.005089802));
#4938=CARTESIAN_POINT('',(0.14675,-0.026850002999999,-0.000689802));
#4939=CARTESIAN_POINT('',(0.14675,-0.026850002999999,-0.000289801999999991));
#4940=CARTESIAN_POINT('',(0.021598,-0.026850002999999,-0.000289802));
#4941=CARTESIAN_POINT('',(0.14995,-0.026850002999999,-0.000289802));
#4942=CARTESIAN_POINT('',(0.14995,-0.026850002999999,-0.000144901));
#4943=CARTESIAN_POINT('',(0.14995,-0.026850002999999,0.));
#4944=CARTESIAN_POINT('',(0.14995,-0.026850002999999,0.));
#4945=CARTESIAN_POINT('',(0.15175,-0.026850002999999,0.));
#4946=CARTESIAN_POINT('',(0.15175,-0.026850002999999,-0.000689802));
#4947=CARTESIAN_POINT('',(0.15175,-0.026850002999999,0.005510198));
#4948=CARTESIAN_POINT('',(0.021598,-0.026850002999999,0.005510198));
#4949=CARTESIAN_POINT('',(0.0216,-0.026850002999999,0.005510198));
#4950=CARTESIAN_POINT('',(0.0216,-0.026850002999999,-0.000689802));
#4951=CARTESIAN_POINT('',(0.0216,-0.026850002999999,0.));
#4952=CARTESIAN_POINT('',(0.0234,-0.026850002999999,0.));
#4953=CARTESIAN_POINT('',(0.0234,-0.026850002999999,0.));
#4954=CARTESIAN_POINT('',(0.0234,-0.026850002999999,-0.000144901));
#4955=CARTESIAN_POINT('',(0.0234,-0.026850002999999,-0.000289802));
#4956=CARTESIAN_POINT('',(0.021598,-0.026850002999999,-0.000289802));
#4957=CARTESIAN_POINT('',(0.0266,-0.026850002999999,-0.000289802));
#4958=CARTESIAN_POINT('',(0.0266,-0.026850002999999,-0.000689802));
#4959=CARTESIAN_POINT('',(0.0266,-0.026850002999999,-0.005089802));
#4960=CARTESIAN_POINT('',(0.0284,-0.026850002999999,-0.005089802));
#4961=CARTESIAN_POINT('',(0.02775,-0.026850002999999,-0.00676834303315947));
#4962=CARTESIAN_POINT('',(0.0271,-0.026850002999999,-0.005089802));
#4963=CARTESIAN_POINT('',(0.0289,-0.026850002999999,-0.005089802));
#4964=CARTESIAN_POINT('',(0.0289,-0.026850002999999,-0.002689802));
#4965=CARTESIAN_POINT('',(0.0289,-0.026850002999999,-0.002689802));
#4966=CARTESIAN_POINT('',(0.021598,-0.026850002999999,-0.002689802));
#4967=CARTESIAN_POINT('',(0.15175,-0.063150002999965,-0.001089802));
#4968=CARTESIAN_POINT('',(0.15175,-0.029550002999999,-0.004089802));
#4969=CARTESIAN_POINT('',(0.15175,-0.029550002999999,-0.001864802));
#4970=CARTESIAN_POINT('',(0.15175,-0.096750002999931,-0.004089802));
#4971=CARTESIAN_POINT('',(0.15175,-0.096750002999931,-0.001864802));
#4972=CARTESIAN_POINT('',(0.15175,-0.025550002999999,-0.001589802));
#4973=CARTESIAN_POINT('',(0.15175,-0.026050002999999,-0.001089802));
#4974=CARTESIAN_POINT('',(0.15175,-0.025050002999999,-0.002089802));
#4975=CARTESIAN_POINT('',(0.15175,-0.025550002999999,-0.000589802));
#4976=CARTESIAN_POINT('',(0.15175,-0.025050002999999,-8.9802E-05));
#4977=CARTESIAN_POINT('',(0.15175,-0.025050002999999,-0.001089802));
#4978=CARTESIAN_POINT('',(0.15175,-0.025050002999999,0.005110198));
#4979=CARTESIAN_POINT('',(0.15175,-0.025450002999999,0.005110198));
#4980=CARTESIAN_POINT('',(0.15175,-0.025450002999999,0.005510198));
#4981=CARTESIAN_POINT('',(0.15175,-0.025950002999999,0.005510198));
#4982=CARTESIAN_POINT('',(0.15175,-0.0418681937245892,0.));
#4983=CARTESIAN_POINT('',(0.15175,-0.0565181944491785,0.));
#4984=CARTESIAN_POINT('',(0.15175,-0.0565181944491785,-0.001089802));
#4985=CARTESIAN_POINT('',(0.15175,-0.0565181944491785,-0.003889802));
#4986=CARTESIAN_POINT('',(0.15175,-0.0569181944491785,-0.003889802));
#4987=CARTESIAN_POINT('',(0.15175,-0.0569181944491785,-0.004289802));
#4988=CARTESIAN_POINT('',(0.15175,-0.0664659072753582,-0.004289802));
#4989=CARTESIAN_POINT('',(0.15175,-0.0693818115507515,-0.004289802));
#4990=CARTESIAN_POINT('',(0.15175,-0.0693818115507515,-0.003889802));
#4991=CARTESIAN_POINT('',(0.15175,-0.0697818115507515,-0.003889802));
#4992=CARTESIAN_POINT('',(0.15175,-0.0697818115507515,-0.001089802));
#4993=CARTESIAN_POINT('',(0.15175,-0.0697818115507515,0.));
#4994=CARTESIAN_POINT('',(0.15175,-0.0844000022753758,0.));
#4995=CARTESIAN_POINT('',(0.15175,-0.100350002999931,0.005510198));
#4996=CARTESIAN_POINT('',(0.15175,-0.100850002999931,0.005510198));
#4997=CARTESIAN_POINT('',(0.15175,-0.100850002999931,0.005110198));
#4998=CARTESIAN_POINT('',(0.15175,-0.101250002999931,0.005110198));
#4999=CARTESIAN_POINT('',(0.15175,-0.101250002999931,-0.001089802));
#5000=CARTESIAN_POINT('',(0.15175,-0.101250002999931,-0.007289802));
#5001=CARTESIAN_POINT('',(0.15175,-0.100850002999931,-0.007289802));
#5002=CARTESIAN_POINT('',(0.15175,-0.100850002999931,-0.007689802));
#5003=CARTESIAN_POINT('',(0.15175,-0.063150002999965,-0.007689802));
#5004=CARTESIAN_POINT('',(0.15175,-0.025450002999999,-0.007689802));
#5005=CARTESIAN_POINT('',(0.15175,-0.025450002999999,-0.007289802));
#5006=CARTESIAN_POINT('',(0.15175,-0.025050002999999,-0.007289802));
#5007=CARTESIAN_POINT('',(0.15175,-0.025050002999999,-0.001089802));
#5008=CARTESIAN_POINT('',(0.021598,-0.025050002999999,-0.001089802));
#5009=CARTESIAN_POINT('',(0.14675,-0.025050002999999,-0.001089802));
#5010=CARTESIAN_POINT('',(0.14675,-0.025050002999999,-8.9802E-05));
#5011=CARTESIAN_POINT('',(0.14675,-0.025050002999999,-0.002089802));
#5012=CARTESIAN_POINT('',(0.14675,-0.025050002999999,-0.002089802));
#5013=CARTESIAN_POINT('',(0.021598,-0.025050002999999,-0.007289802));
#5014=CARTESIAN_POINT('',(0.0216,-0.025050002999999,-0.007289802));
#5015=CARTESIAN_POINT('',(0.0216,-0.025050002999999,-0.001089802));
#5016=CARTESIAN_POINT('',(0.0216,-0.025050002999999,-0.002089802));
#5017=CARTESIAN_POINT('',(0.0266,-0.025050002999999,-0.002089802));
#5018=CARTESIAN_POINT('',(0.0266,-0.025050002999999,-0.002089802));
#5019=CARTESIAN_POINT('',(0.0266,-0.025050002999999,-0.001089802));
#5020=CARTESIAN_POINT('',(0.0266,-0.025050002999999,-8.9802E-05));
#5021=CARTESIAN_POINT('',(0.0266,-0.025050002999999,-8.9802E-05));
#5022=CARTESIAN_POINT('',(0.0216,-0.025050002999999,-8.9802E-05));
#5023=CARTESIAN_POINT('',(0.0216,-0.025050002999999,-0.001089802));
#5024=CARTESIAN_POINT('',(0.0216,-0.025050002999999,0.005110198));
#5025=CARTESIAN_POINT('',(0.15175,-0.025050002999999,0.005110198));
#5026=CARTESIAN_POINT('',(0.14675,-0.025050002999999,-8.9802E-05));
#5027=CARTESIAN_POINT('',(0.0216,-0.063150002999965,-0.001089802));
#5028=CARTESIAN_POINT('',(0.0216,-0.029550002999999,-0.004089802));
#5029=CARTESIAN_POINT('',(0.0216,-0.029550002999999,-0.006314802));
#5030=CARTESIAN_POINT('',(0.0216,-0.096750002999931,-0.004089802));
#5031=CARTESIAN_POINT('',(0.0216,-0.096750002999931,-0.006314802));
#5032=CARTESIAN_POINT('',(0.0216,-0.025550002999999,-0.000589802));
#5033=CARTESIAN_POINT('',(0.0216,-0.026050002999999,-0.001089802));
#5034=CARTESIAN_POINT('',(0.0216,-0.025550002999999,-0.001589802));
#5035=CARTESIAN_POINT('',(0.0216,-0.025450002999999,-0.007289802));
#5036=CARTESIAN_POINT('',(0.0216,-0.025450002999999,-0.007689802));
#5037=CARTESIAN_POINT('',(0.0216,-0.063150002999965,-0.007689802));
#5038=CARTESIAN_POINT('',(0.0216,-0.100850002999931,-0.007689802));
#5039=CARTESIAN_POINT('',(0.0216,-0.100850002999931,-0.007289802));
#5040=CARTESIAN_POINT('',(0.0216,-0.101250002999931,-0.007289802));
#5041=CARTESIAN_POINT('',(0.0216,-0.101250002999931,-0.001089802));
#5042=CARTESIAN_POINT('',(0.0216,-0.101250002999931,0.005110198));
#5043=CARTESIAN_POINT('',(0.0216,-0.100850002999931,0.005110198));
#5044=CARTESIAN_POINT('',(0.0216,-0.100850002999931,0.005510198));
#5045=CARTESIAN_POINT('',(0.0216,-0.100350002999931,0.005510198));
#5046=CARTESIAN_POINT('',(0.0216,-0.0844000022753758,0.));
#5047=CARTESIAN_POINT('',(0.0216,-0.0697818115507515,0.));
#5048=CARTESIAN_POINT('',(0.0216,-0.0697818115507515,-0.001089802));
#5049=CARTESIAN_POINT('',(0.0216,-0.0697818115507515,-0.003889802));
#5050=CARTESIAN_POINT('',(0.0216,-0.0693818115507515,-0.003889802));
#5051=CARTESIAN_POINT('',(0.0216,-0.0693818115507515,-0.004289802));
#5052=CARTESIAN_POINT('',(0.0216,-0.0664659072753582,-0.004289802));
#5053=CARTESIAN_POINT('',(0.0216,-0.0569181944491785,-0.004289802));
#5054=CARTESIAN_POINT('',(0.0216,-0.0569181944491785,-0.003889802));
#5055=CARTESIAN_POINT('',(0.0216,-0.0565181944491785,-0.003889802));
#5056=CARTESIAN_POINT('',(0.0216,-0.0565181944491785,-0.001089802));
#5057=CARTESIAN_POINT('',(0.0216,-0.0565181944491785,0.));
#5058=CARTESIAN_POINT('',(0.0216,-0.0418681937245892,0.));
#5059=CARTESIAN_POINT('',(0.0216,-0.025950002999999,0.005510198));
#5060=CARTESIAN_POINT('',(0.0216,-0.025450002999999,0.005510198));
#5061=CARTESIAN_POINT('',(0.0216,-0.025450002999999,0.005110198));
#5062=CARTESIAN_POINT('',(0.021598,-0.025950002999999,0.005510198));
#5063=CARTESIAN_POINT('',(0.0216,-0.025450002999999,0.005510198));
#5064=CARTESIAN_POINT('',(0.021598,-0.100350002999931,0.005510198));
#5065=CARTESIAN_POINT('',(0.021598,-0.100850002999931,0.005510198));
#5066=CARTESIAN_POINT('',(0.021598,-0.101250002999931,-0.001089802));
#5067=CARTESIAN_POINT('',(0.021598,-0.101250002999931,0.005110198));
#5068=CARTESIAN_POINT('',(0.15175,-0.101250002999931,-0.007289802));
#5069=CARTESIAN_POINT('',(0.021598,-0.063150002999965,-0.007689802));
#5070=CARTESIAN_POINT('',(0.1343,-0.063150002999965,-0.007689802));
#5071=CARTESIAN_POINT('',(0.132075,-0.063150002999965,-0.007689802));
#5072=CARTESIAN_POINT('',(0.14065,-0.031400002999965,-0.007689802));
#5073=CARTESIAN_POINT('',(0.138425,-0.031400002999965,-0.007689802));
#5074=CARTESIAN_POINT('',(0.1089,-0.063150002999965,-0.007689802));
#5075=CARTESIAN_POINT('',(0.106675,-0.063150002999965,-0.007689802));
#5076=CARTESIAN_POINT('',(0.14065,-0.094900002999965,-0.007689802));
#5077=CARTESIAN_POINT('',(0.138425,-0.094900002999965,-0.007689802));
#5078=CARTESIAN_POINT('',(0.03905,-0.063150002999965,-0.007689802));
#5079=CARTESIAN_POINT('',(0.036825,-0.063150002999965,-0.007689802));
#5080=CARTESIAN_POINT('',(0.0327,-0.031400002999965,-0.007689802));
#5081=CARTESIAN_POINT('',(0.030475,-0.031400002999965,-0.007689802));
#5082=CARTESIAN_POINT('',(0.06445,-0.063150002999965,-0.007689802));
#5083=CARTESIAN_POINT('',(0.062225,-0.063150002999965,-0.007689802));
#5084=CARTESIAN_POINT('',(0.0327,-0.094900002999965,-0.007689802));
#5085=CARTESIAN_POINT('',(0.030475,-0.094900002999965,-0.007689802));
#5086=CARTESIAN_POINT('',(0.021598,-0.025450002999999,-0.007689802));
#5087=CARTESIAN_POINT('',(0.0216,-0.100850002999931,-0.007689802));
#5088=CARTESIAN_POINT('',(0.14675,-0.063150002999965,-0.001089802));
#5089=CARTESIAN_POINT('',(0.14675,-0.092950002999931,-0.005889802));
#5090=CARTESIAN_POINT('',(0.14675,-0.092950002999931,-0.004089802));
#5091=CARTESIAN_POINT('',(0.14675,-0.092950002999931,-0.005089802));
#5092=CARTESIAN_POINT('',(0.14675,-0.063150002999965,-0.005089802));
#5093=CARTESIAN_POINT('',(0.14675,-0.095469134154186,-0.005089802));
#5094=CARTESIAN_POINT('',(0.14675,-0.096750002999931,-0.004089802));
#5095=CARTESIAN_POINT('',(0.14675,-0.098030871845676,-0.005089802));
#5096=CARTESIAN_POINT('',(0.14675,-0.063150002999965,-0.005089802));
#5097=CARTESIAN_POINT('',(0.14675,-0.099000002999931,-0.000289802));
#5098=CARTESIAN_POINT('',(0.14675,-0.096750002999931,-0.000289802));
#5099=CARTESIAN_POINT('',(0.14675,-0.096750002999931,-0.004089802));
#5100=CARTESIAN_POINT('',(0.14675,-0.099000002999931,-0.000289802));
#5101=CARTESIAN_POINT('',(0.14995,-0.098100002999931,-0.000289802));
#5102=CARTESIAN_POINT('',(0.14995,-0.096750002999931,-0.000289802));
#5103=CARTESIAN_POINT('',(0.14675,-0.096750002999931,-0.000289802));
#5104=CARTESIAN_POINT('',(0.14675,-0.092950002999931,-0.005889802));
#5105=CARTESIAN_POINT('',(0.14995,-0.092950002999931,-0.005489802));
#5106=CARTESIAN_POINT('',(0.14995,-0.092950002999931,-0.004089802));
#5107=CARTESIAN_POINT('',(0.14995,-0.092950002999931,-0.005089802));
#5108=CARTESIAN_POINT('',(0.14675,-0.092950002999931,-0.005089802));
#5109=CARTESIAN_POINT('',(0.14675,-0.092950002999931,-0.004089802));
#5110=CARTESIAN_POINT('',(0.14675,-0.096750002999931,-0.004089802));
#5111=CARTESIAN_POINT('',(0.14995,-0.096750002999931,-0.004089802));
#5112=CARTESIAN_POINT('',(0.14675,-0.096750002999931,-0.004089802));
#5113=CARTESIAN_POINT('',(0.15115,-0.096750002999931,-0.004089802));
#5114=CARTESIAN_POINT('',(0.15115,-0.096750002999931,-0.002464802));
#5115=CARTESIAN_POINT('',(0.14675,-0.095469134154186,-0.005089802));
#5116=CARTESIAN_POINT('',(0.14675,-0.0957758997583316,-0.00548272850529618));
#5117=CARTESIAN_POINT('',(0.146526019192867,-0.0967460847247195,-0.00594700867148237));
#5118=CARTESIAN_POINT('',(0.14675,-0.0977243176808559,-0.00548245767925144));
#5119=CARTESIAN_POINT('',(0.14675,-0.098030871845676,-0.005089802));
#5120=CARTESIAN_POINT('',(0.14675,-0.063150002999965,-0.001089802));
#5121=CARTESIAN_POINT('',(0.14675,-0.063150002999965,-0.005089802));
#5122=CARTESIAN_POINT('',(0.14675,-0.028269134154254,-0.005089802));
#5123=CARTESIAN_POINT('',(0.14675,-0.029550002999999,-0.004089802));
#5124=CARTESIAN_POINT('',(0.14675,-0.0308308718457439,-0.005089802));
#5125=CARTESIAN_POINT('',(0.14675,-0.063150002999965,-0.005089802));
#5126=CARTESIAN_POINT('',(0.14675,-0.033350002999999,-0.005089802));
#5127=CARTESIAN_POINT('',(0.14675,-0.033350002999999,-0.005889802));
#5128=CARTESIAN_POINT('',(0.14675,-0.033350002999999,-0.004089802));
#5129=CARTESIAN_POINT('',(0.14675,-0.029550002999999,-0.004089802));
#5130=CARTESIAN_POINT('',(0.14675,-0.029550002999999,-0.000289802));
#5131=CARTESIAN_POINT('',(0.14675,-0.027300002999999,-0.000289802));
#5132=CARTESIAN_POINT('',(0.14675,-0.033350002999999,-0.005889802));
#5133=CARTESIAN_POINT('',(0.14675,-0.033350002999999,-0.005089802));
#5134=CARTESIAN_POINT('',(0.14995,-0.033350002999999,-0.005089802));
#5135=CARTESIAN_POINT('',(0.14995,-0.033350002999999,-0.005489802));
#5136=CARTESIAN_POINT('',(0.14995,-0.033350002999999,-0.004089802));
#5137=CARTESIAN_POINT('',(0.14675,-0.033350002999999,-0.004089802));
#5138=CARTESIAN_POINT('',(0.14675,-0.027300002999999,-0.000289802));
#5139=CARTESIAN_POINT('',(0.14675,-0.029550002999999,-0.000289802));
#5140=CARTESIAN_POINT('',(0.14995,-0.029550002999999,-0.000289802));
#5141=CARTESIAN_POINT('',(0.14995,-0.028200002999999,-0.000289802));
#5142=CARTESIAN_POINT('',(0.14675,-0.029550002999999,-0.004089802));
#5143=CARTESIAN_POINT('',(0.14995,-0.029550002999999,-0.004089802));
#5144=CARTESIAN_POINT('',(0.14675,-0.029550002999999,-0.004089802));
#5145=CARTESIAN_POINT('',(0.15115,-0.029550002999999,-0.004089802));
#5146=CARTESIAN_POINT('',(0.15115,-0.029550002999999,-0.002464802));
#5147=CARTESIAN_POINT('',(0.14675,-0.028269134154254,-0.005089802));
#5148=CARTESIAN_POINT('',(0.14675,-0.0285758997583996,-0.00548272850529616));
#5149=CARTESIAN_POINT('',(0.146526019192867,-0.0295460847247875,-0.00594700867148239));
#5150=CARTESIAN_POINT('',(0.14675,-0.0305243176809239,-0.00548245767925142));
#5151=CARTESIAN_POINT('',(0.14675,-0.0308308718457439,-0.005089802));
#5152=CARTESIAN_POINT('',(0.0266,-0.092950002999931,-0.005889802));
#5153=CARTESIAN_POINT('',(0.0266,-0.092950002999931,-0.005889802));
#5154=CARTESIAN_POINT('',(0.0266,-0.092950002999931,-0.004089802));
#5155=CARTESIAN_POINT('',(0.0266,-0.092950002999931,-0.005089802));
#5156=CARTESIAN_POINT('',(0.0266,-0.092950002999931,-0.005089802));
#5157=CARTESIAN_POINT('',(0.0234,-0.092950002999931,-0.005089802));
#5158=CARTESIAN_POINT('',(0.0234,-0.092950002999931,-0.005489802));
#5159=CARTESIAN_POINT('',(0.0234,-0.092950002999931,-0.004089802));
#5160=CARTESIAN_POINT('',(0.0266,-0.092950002999931,-0.004089802));
#5161=CARTESIAN_POINT('',(0.0266,-0.099000002999931,-0.000289802));
#5162=CARTESIAN_POINT('',(0.0266,-0.096750002999931,-0.000289802));
#5163=CARTESIAN_POINT('',(0.0266,-0.096750002999931,-0.000289802));
#5164=CARTESIAN_POINT('',(0.0234,-0.096750002999931,-0.000289802));
#5165=CARTESIAN_POINT('',(0.0234,-0.098100002999931,-0.000289802));
#5166=CARTESIAN_POINT('',(0.0266,-0.099000002999931,-0.000289802));
#5167=CARTESIAN_POINT('',(0.0266,-0.063150002999965,-0.001089802));
#5168=CARTESIAN_POINT('',(0.0266,-0.063150002999965,-0.005089802));
#5169=CARTESIAN_POINT('',(0.0266,-0.098030871845676,-0.005089802));
#5170=CARTESIAN_POINT('',(0.0266,-0.096750002999931,-0.004089802));
#5171=CARTESIAN_POINT('',(0.0266,-0.095469134154186,-0.005089802));
#5172=CARTESIAN_POINT('',(0.0266,-0.063150002999965,-0.005089802));
#5173=CARTESIAN_POINT('',(0.0266,-0.096750002999931,-0.004089802));
#5174=CARTESIAN_POINT('',(0.0266,-0.096750002999931,-0.004089802));
#5175=CARTESIAN_POINT('',(0.0234,-0.096750002999931,-0.004089802));
#5176=CARTESIAN_POINT('',(0.0266,-0.096750002999931,-0.004089802));
#5177=CARTESIAN_POINT('',(0.0222,-0.096750002999931,-0.004089802));
#5178=CARTESIAN_POINT('',(0.0222,-0.096750002999931,-0.005714802));
#5179=CARTESIAN_POINT('',(0.0266,-0.098030871845676,-0.005089802));
#5180=CARTESIAN_POINT('',(0.0266,-0.0977241062415305,-0.00548272850529618));
#5181=CARTESIAN_POINT('',(0.0268239808071333,-0.0967539212751425,-0.00594700867148237));
#5182=CARTESIAN_POINT('',(0.0266,-0.0957756883190061,-0.00548245767925144));
#5183=CARTESIAN_POINT('',(0.0266,-0.095469134154186,-0.005089802));
#5184=CARTESIAN_POINT('',(0.0266,-0.063150002999965,-0.001089802));
#5185=CARTESIAN_POINT('',(0.0266,-0.033350002999999,-0.005889802));
#5186=CARTESIAN_POINT('',(0.0266,-0.033350002999999,-0.004089802));
#5187=CARTESIAN_POINT('',(0.0266,-0.033350002999999,-0.005089802));
#5188=CARTESIAN_POINT('',(0.0266,-0.063150002999965,-0.005089802));
#5189=CARTESIAN_POINT('',(0.0266,-0.0308308718457439,-0.005089802));
#5190=CARTESIAN_POINT('',(0.0266,-0.029550002999999,-0.004089802));
#5191=CARTESIAN_POINT('',(0.0266,-0.028269134154254,-0.005089802));
#5192=CARTESIAN_POINT('',(0.0266,-0.063150002999965,-0.005089802));
#5193=CARTESIAN_POINT('',(0.0266,-0.027300002999999,-0.000289802));
#5194=CARTESIAN_POINT('',(0.0266,-0.029550002999999,-0.000289802));
#5195=CARTESIAN_POINT('',(0.0266,-0.029550002999999,-0.004089802));
#5196=CARTESIAN_POINT('',(0.0266,-0.027300002999999,-0.000289802));
#5197=CARTESIAN_POINT('',(0.0234,-0.028200002999999,-0.000289802));
#5198=CARTESIAN_POINT('',(0.0234,-0.029550002999999,-0.000289801999999991));
#5199=CARTESIAN_POINT('',(0.0266,-0.029550002999999,-0.000289802));
#5200=CARTESIAN_POINT('',(0.0266,-0.033350002999999,-0.005889802));
#5201=CARTESIAN_POINT('',(0.0234,-0.033350002999999,-0.005489802));
#5202=CARTESIAN_POINT('',(0.0234,-0.033350002999999,-0.004089802));
#5203=CARTESIAN_POINT('',(0.0234,-0.033350002999999,-0.005089802));
#5204=CARTESIAN_POINT('',(0.0266,-0.033350002999999,-0.005089802));
#5205=CARTESIAN_POINT('',(0.0266,-0.033350002999999,-0.004089802));
#5206=CARTESIAN_POINT('',(0.0266,-0.029550002999999,-0.004089802));
#5207=CARTESIAN_POINT('',(0.0234,-0.029550002999999,-0.004089802));
#5208=CARTESIAN_POINT('',(0.0266,-0.029550002999999,-0.004089802));
#5209=CARTESIAN_POINT('',(0.0222,-0.029550002999999,-0.004089802));
#5210=CARTESIAN_POINT('',(0.0222,-0.029550002999999,-0.005714802));
#5211=CARTESIAN_POINT('',(0.0266,-0.0308308718457439,-0.005089802));
#5212=CARTESIAN_POINT('',(0.0266,-0.0305241062415984,-0.00548272850529616));
#5213=CARTESIAN_POINT('',(0.0268239808071333,-0.0295539212752105,-0.00594700867148239));
#5214=CARTESIAN_POINT('',(0.0266,-0.0285756883190741,-0.00548245767925142));
#5215=CARTESIAN_POINT('',(0.0266,-0.028269134154254,-0.005089802));
#5216=CARTESIAN_POINT('',(0.0234,-0.0418681937245892,0.));
#5217=CARTESIAN_POINT('',(0.0234,-0.0565181944491785,0.));
#5218=CARTESIAN_POINT('',(0.0234,-0.0565181944491785,0.));
#5219=CARTESIAN_POINT('',(0.0234,-0.0418681937245892,0.));
#5220=CARTESIAN_POINT('',(0.0234,-0.0565181944491785,-0.001089802));
#5221=CARTESIAN_POINT('',(0.0234,-0.0565181944491785,-0.003889802));
#5222=CARTESIAN_POINT('',(0.0234,-0.0565181944491785,-0.003889802));
#5223=CARTESIAN_POINT('',(0.0234,-0.0565181944491785,-0.001089802));
#5224=CARTESIAN_POINT('',(0.0234,-0.0569181944491785,-0.003889802));
#5225=CARTESIAN_POINT('',(0.0234,-0.0569181944491785,-0.004289802));
#5226=CARTESIAN_POINT('',(0.0234,-0.0569181944491785,-0.004289802));
#5227=CARTESIAN_POINT('',(0.0234,-0.0569181944491785,-0.003889802));
#5228=CARTESIAN_POINT('',(0.0234,-0.0664659072753582,-0.004289802));
#5229=CARTESIAN_POINT('',(0.0234,-0.0693818115507515,-0.004289802));
#5230=CARTESIAN_POINT('',(0.0234,-0.0693818115507515,-0.004289802));
#5231=CARTESIAN_POINT('',(0.0234,-0.0664659072753582,-0.004289802));
#5232=CARTESIAN_POINT('',(0.0234,-0.0693818115507515,-0.003889802));
#5233=CARTESIAN_POINT('',(0.0234,-0.0697818115507515,-0.003889802));
#5234=CARTESIAN_POINT('',(0.0234,-0.0697818115507515,-0.003889802));
#5235=CARTESIAN_POINT('',(0.0234,-0.0693818115507515,-0.003889802));
#5236=CARTESIAN_POINT('',(0.0234,-0.0697818115507515,-0.001089802));
#5237=CARTESIAN_POINT('',(0.0234,-0.0697818115507515,0.));
#5238=CARTESIAN_POINT('',(0.0234,-0.0697818115507515,0.));
#5239=CARTESIAN_POINT('',(0.0234,-0.0697818115507515,-0.001089802));
#5240=CARTESIAN_POINT('',(0.0234,-0.0844000022753758,0.));
#5241=CARTESIAN_POINT('',(0.0234,-0.0844000022753758,0.));
#5242=CARTESIAN_POINT('',(0.0234,-0.063150002999965,-0.001089802));
#5243=CARTESIAN_POINT('',(0.0234,-0.063150002999965,-0.005089802));
#5244=CARTESIAN_POINT('',(0.14995,-0.0418681937245892,0.));
#5245=CARTESIAN_POINT('',(0.14995,-0.0418681937245892,0.));
#5246=CARTESIAN_POINT('',(0.14995,-0.0565181944491785,0.));
#5247=CARTESIAN_POINT('',(0.14995,-0.0565181944491785,0.));
#5248=CARTESIAN_POINT('',(0.14995,-0.0844000022753758,0.));
#5249=CARTESIAN_POINT('',(0.14995,-0.0697818115507515,0.));
#5250=CARTESIAN_POINT('',(0.14995,-0.0697818115507515,0.));
#5251=CARTESIAN_POINT('',(0.14995,-0.0844000022753758,0.));
#5252=CARTESIAN_POINT('',(0.14995,-0.0697818115507515,-0.001089802));
#5253=CARTESIAN_POINT('',(0.14995,-0.0697818115507515,-0.003889802));
#5254=CARTESIAN_POINT('',(0.14995,-0.0697818115507515,-0.003889802));
#5255=CARTESIAN_POINT('',(0.14995,-0.0697818115507515,-0.001089802));
#5256=CARTESIAN_POINT('',(0.14995,-0.0693818115507515,-0.003889802));
#5257=CARTESIAN_POINT('',(0.14995,-0.0693818115507515,-0.004289802));
#5258=CARTESIAN_POINT('',(0.14995,-0.0693818115507515,-0.004289802));
#5259=CARTESIAN_POINT('',(0.14995,-0.0693818115507515,-0.003889802));
#5260=CARTESIAN_POINT('',(0.14995,-0.0664659072753582,-0.004289802));
#5261=CARTESIAN_POINT('',(0.14995,-0.0569181944491785,-0.004289802));
#5262=CARTESIAN_POINT('',(0.14995,-0.0569181944491785,-0.004289802));
#5263=CARTESIAN_POINT('',(0.14995,-0.0664659072753582,-0.004289802));
#5264=CARTESIAN_POINT('',(0.14995,-0.0569181944491785,-0.003889802));
#5265=CARTESIAN_POINT('',(0.14995,-0.0565181944491785,-0.003889802));
#5266=CARTESIAN_POINT('',(0.14995,-0.0565181944491785,-0.003889802));
#5267=CARTESIAN_POINT('',(0.14995,-0.0569181944491785,-0.003889802));
#5268=CARTESIAN_POINT('',(0.14995,-0.0565181944491785,-0.001089802));
#5269=CARTESIAN_POINT('',(0.14995,-0.0565181944491785,-0.001089802));
#5270=CARTESIAN_POINT('',(0.14995,-0.063150002999965,-0.001089802));
#5271=CARTESIAN_POINT('',(0.14995,-0.063150002999965,-0.005089802));
#5272=CARTESIAN_POINT('',(0.021598,-0.100850002999931,0.005110198));
#5273=CARTESIAN_POINT('',(0.021598,-0.025450002999999,0.005110198));
#5274=CARTESIAN_POINT('',(0.021598,-0.025450002999999,-0.007289802));
#5275=CARTESIAN_POINT('',(0.021598,-0.100850002999931,-0.007289802));
#5276=CARTESIAN_POINT('',(0.0266,-0.025550002999999,-0.001589802));
#5277=CARTESIAN_POINT('',(0.0266,-0.026050002999999,-0.001089802));
#5278=CARTESIAN_POINT('',(0.0266,-0.026050002999999,-0.001089802));
#5279=CARTESIAN_POINT('',(0.0266,-0.025550002999999,-0.001589802));
#5280=CARTESIAN_POINT('',(0.0266,-0.025550002999999,-0.000589802));
#5281=CARTESIAN_POINT('',(0.0266,-0.025550002999999,-0.000589802));
#5282=CARTESIAN_POINT('',(0.0266,-0.063150002999965,-0.001089802));
#5283=CARTESIAN_POINT('',(0.14675,-0.025550002999999,-0.001589802));
#5284=CARTESIAN_POINT('',(0.14675,-0.025550002999999,-0.001589802));
#5285=CARTESIAN_POINT('',(0.14675,-0.026050002999999,-0.001089802));
#5286=CARTESIAN_POINT('',(0.14675,-0.026050002999999,-0.001089802));
#5287=CARTESIAN_POINT('',(0.14675,-0.025550002999999,-0.000589802));
#5288=CARTESIAN_POINT('',(0.14675,-0.025550002999999,-0.000589802));
#5289=CARTESIAN_POINT('',(0.14675,-0.063150002999965,-0.001089802));
#5290=CARTESIAN_POINT('',(0.06445,-0.063150002999965,-0.006887802));
#5291=CARTESIAN_POINT('',(0.06445,-0.063150002999965,-0.007089802));
#5292=CARTESIAN_POINT('',(0.062825,-0.063150002999965,-0.007089802));
#5293=CARTESIAN_POINT('',(0.06445,-0.063150002999965,-0.002689802));
#5294=CARTESIAN_POINT('',(0.06445,-0.061525002999965,-0.002689802));
#5295=CARTESIAN_POINT('',(0.0327,-0.031400002999965,-0.006887802));
#5296=CARTESIAN_POINT('',(0.0327,-0.031400002999965,-0.007089802));
#5297=CARTESIAN_POINT('',(0.031075,-0.031400002999965,-0.007089802));
#5298=CARTESIAN_POINT('',(0.0327,-0.031400002999965,-0.002689802));
#5299=CARTESIAN_POINT('',(0.0327,-0.029775002999965,-0.002689802));
#5300=CARTESIAN_POINT('',(0.03905,-0.063150002999965,-0.006887802));
#5301=CARTESIAN_POINT('',(0.03905,-0.063150002999965,-0.007089802));
#5302=CARTESIAN_POINT('',(0.037425,-0.063150002999965,-0.007089802));
#5303=CARTESIAN_POINT('',(0.03905,-0.063150002999965,-0.002689802));
#5304=CARTESIAN_POINT('',(0.03905,-0.061525002999965,-0.002689802));
#5305=CARTESIAN_POINT('',(0.0327,-0.094900002999965,-0.006887802));
#5306=CARTESIAN_POINT('',(0.0327,-0.094900002999965,-0.007089802));
#5307=CARTESIAN_POINT('',(0.031075,-0.094900002999965,-0.007089802));
#5308=CARTESIAN_POINT('',(0.0327,-0.094900002999965,-0.002689802));
#5309=CARTESIAN_POINT('',(0.0327,-0.093275002999965,-0.002689802));
#5310=CARTESIAN_POINT('',(0.0327,-0.094900002999965,-0.002689802));
#5311=CARTESIAN_POINT('',(0.0365,-0.094900002999965,-0.002689802));
#5312=CARTESIAN_POINT('',(0.0365,-0.094900002999965,-0.002689802));
#5313=CARTESIAN_POINT('',(0.0365,-0.094900002999965,-0.005089802));
#5314=CARTESIAN_POINT('',(0.0327,-0.094900002999965,-0.005089802));
#5315=CARTESIAN_POINT('',(0.0289,-0.094900002999965,-0.005089802));
#5316=CARTESIAN_POINT('',(0.0289,-0.094900002999965,-0.002689802));
#5317=CARTESIAN_POINT('',(0.0289,-0.094900002999965,-0.002689802));
#5318=CARTESIAN_POINT('',(0.0327,-0.094900002999965,-0.002689802));
#5319=CARTESIAN_POINT('',(0.0289,-0.097175002999948,-0.002689802));
#5320=CARTESIAN_POINT('',(0.0289,-0.094900002999965,-0.005089802));
#5321=CARTESIAN_POINT('',(0.0289,-0.097175002999948,-0.002689802));
#5322=CARTESIAN_POINT('',(0.0365,-0.097175002999948,-0.002689802));
#5323=CARTESIAN_POINT('',(0.0365,-0.097175002999948,-0.005089802));
#5324=CARTESIAN_POINT('',(0.0365,-0.097175002999948,-0.002689802));
#5325=CARTESIAN_POINT('',(0.086675,-0.063150002999965,-0.002689802));
#5326=CARTESIAN_POINT('',(0.03905,-0.063150002999965,-0.002689802));
#5327=CARTESIAN_POINT('',(0.03905,-0.063150002999965,-0.005089802));
#5328=CARTESIAN_POINT('',(0.03905,-0.059350002999965,-0.005089802));
#5329=CARTESIAN_POINT('',(0.03905,-0.063150002999965,-0.002689802));
#5330=CARTESIAN_POINT('',(0.03905,-0.066950002999965,-0.002689802));
#5331=CARTESIAN_POINT('',(0.086675,-0.063150002999965,-0.002689802));
#5332=CARTESIAN_POINT('',(0.0289,-0.029125002999982,-0.002689802));
#5333=CARTESIAN_POINT('',(0.0289,-0.029125002999982,-0.005089802));
#5334=CARTESIAN_POINT('',(0.0289,-0.031400002999965,-0.005089802));
#5335=CARTESIAN_POINT('',(0.0289,-0.031400002999965,-0.002689802));
#5336=CARTESIAN_POINT('',(0.0289,-0.031400002999965,-0.002689802));
#5337=CARTESIAN_POINT('',(0.0289,-0.029125002999982,-0.002689802));
#5338=CARTESIAN_POINT('',(0.0327,-0.031400002999965,-0.002689802));
#5339=CARTESIAN_POINT('',(0.0327,-0.031400002999965,-0.005089802));
#5340=CARTESIAN_POINT('',(0.0365,-0.031400002999965,-0.005089802));
#5341=CARTESIAN_POINT('',(0.0365,-0.031400002999965,-0.002689802));
#5342=CARTESIAN_POINT('',(0.0365,-0.031400002999965,-0.002689802));
#5343=CARTESIAN_POINT('',(0.0327,-0.031400002999965,-0.002689802));
#5344=CARTESIAN_POINT('',(0.0365,-0.029125002999982,-0.002689802));
#5345=CARTESIAN_POINT('',(0.0365,-0.026850002999999,-0.005089802));
#5346=CARTESIAN_POINT('',(0.0365,-0.029125002999982,-0.002689802));
#5347=CARTESIAN_POINT('',(0.086675,-0.063150002999965,-0.002689802));
#5348=CARTESIAN_POINT('',(0.06445,-0.063150002999965,-0.002689802));
#5349=CARTESIAN_POINT('',(0.06445,-0.063150002999965,-0.005089802));
#5350=CARTESIAN_POINT('',(0.06445,-0.059350002999965,-0.005089802));
#5351=CARTESIAN_POINT('',(0.06445,-0.063150002999965,-0.002689802));
#5352=CARTESIAN_POINT('',(0.06445,-0.066950002999965,-0.002689802));
#5353=CARTESIAN_POINT('',(0.086675,-0.063150002999965,-0.002689802));
#5354=CARTESIAN_POINT('',(0.1089,-0.063150002999965,-0.006887802));
#5355=CARTESIAN_POINT('',(0.1089,-0.063150002999965,-0.007089802));
#5356=CARTESIAN_POINT('',(0.107275,-0.063150002999965,-0.007089802));
#5357=CARTESIAN_POINT('',(0.1089,-0.063150002999965,-0.002689802));
#5358=CARTESIAN_POINT('',(0.1089,-0.061525002999965,-0.002689802));
#5359=CARTESIAN_POINT('',(0.14065,-0.031400002999965,-0.006887802));
#5360=CARTESIAN_POINT('',(0.14065,-0.031400002999965,-0.007089802));
#5361=CARTESIAN_POINT('',(0.139025,-0.031400002999965,-0.007089802));
#5362=CARTESIAN_POINT('',(0.14065,-0.031400002999965,-0.002689802));
#5363=CARTESIAN_POINT('',(0.14065,-0.029775002999965,-0.002689802));
#5364=CARTESIAN_POINT('',(0.1343,-0.063150002999965,-0.006887802));
#5365=CARTESIAN_POINT('',(0.1343,-0.063150002999965,-0.007089802));
#5366=CARTESIAN_POINT('',(0.132675,-0.063150002999965,-0.007089802));
#5367=CARTESIAN_POINT('',(0.1343,-0.063150002999965,-0.002689802));
#5368=CARTESIAN_POINT('',(0.1343,-0.061525002999965,-0.002689802));
#5369=CARTESIAN_POINT('',(0.14065,-0.094900002999965,-0.006887802));
#5370=CARTESIAN_POINT('',(0.14065,-0.094900002999965,-0.007089802));
#5371=CARTESIAN_POINT('',(0.139025,-0.094900002999965,-0.007089802));
#5372=CARTESIAN_POINT('',(0.14065,-0.094900002999965,-0.002689802));
#5373=CARTESIAN_POINT('',(0.14065,-0.093275002999965,-0.002689802));
#5374=CARTESIAN_POINT('',(0.14065,-0.094900002999965,-0.002689802));
#5375=CARTESIAN_POINT('',(0.14445,-0.094900002999965,-0.002689802));
#5376=CARTESIAN_POINT('',(0.14445,-0.094900002999965,-0.002689802));
#5377=CARTESIAN_POINT('',(0.14445,-0.094900002999965,-0.005089802));
#5378=CARTESIAN_POINT('',(0.14065,-0.094900002999965,-0.005089802));
#5379=CARTESIAN_POINT('',(0.13685,-0.094900002999965,-0.005089802));
#5380=CARTESIAN_POINT('',(0.13685,-0.094900002999965,-0.002689802));
#5381=CARTESIAN_POINT('',(0.13685,-0.094900002999965,-0.002689802));
#5382=CARTESIAN_POINT('',(0.14065,-0.094900002999965,-0.002689802));
#5383=CARTESIAN_POINT('',(0.13685,-0.097175002999948,-0.002689802));
#5384=CARTESIAN_POINT('',(0.13685,-0.099450002999931,-0.005089802));
#5385=CARTESIAN_POINT('',(0.13685,-0.097175002999948,-0.002689802));
#5386=CARTESIAN_POINT('',(0.14445,-0.097175002999948,-0.002689802));
#5387=CARTESIAN_POINT('',(0.14445,-0.097175002999948,-0.005089802));
#5388=CARTESIAN_POINT('',(0.14445,-0.097175002999948,-0.002689802));
#5389=CARTESIAN_POINT('',(0.086675,-0.063150002999965,-0.002689802));
#5390=CARTESIAN_POINT('',(0.1343,-0.063150002999965,-0.002689802));
#5391=CARTESIAN_POINT('',(0.1343,-0.063150002999965,-0.005089802));
#5392=CARTESIAN_POINT('',(0.1343,-0.059350002999965,-0.005089802));
#5393=CARTESIAN_POINT('',(0.1343,-0.063150002999965,-0.002689802));
#5394=CARTESIAN_POINT('',(0.1343,-0.066950002999965,-0.002689802));
#5395=CARTESIAN_POINT('',(0.086675,-0.063150002999965,-0.002689802));
#5396=CARTESIAN_POINT('',(0.14445,-0.029125002999982,-0.002689802));
#5397=CARTESIAN_POINT('',(0.14445,-0.031400002999965,-0.002689802));
#5398=CARTESIAN_POINT('',(0.14445,-0.031400002999965,-0.002689802));
#5399=CARTESIAN_POINT('',(0.14445,-0.031400002999965,-0.005089802));
#5400=CARTESIAN_POINT('',(0.14445,-0.031400002999965,-0.005089802));
#5401=CARTESIAN_POINT('',(0.14445,-0.029125002999982,-0.002689802));
#5402=CARTESIAN_POINT('',(0.13685,-0.029125002999982,-0.002689802));
#5403=CARTESIAN_POINT('',(0.13685,-0.029125002999982,-0.005089802));
#5404=CARTESIAN_POINT('',(0.13685,-0.031400002999965,-0.005089802));
#5405=CARTESIAN_POINT('',(0.13685,-0.031400002999965,-0.002689802));
#5406=CARTESIAN_POINT('',(0.13685,-0.031400002999965,-0.002689802));
#5407=CARTESIAN_POINT('',(0.13685,-0.029125002999982,-0.002689802));
#5408=CARTESIAN_POINT('',(0.14065,-0.031400002999965,-0.002689802));
#5409=CARTESIAN_POINT('',(0.14065,-0.031400002999965,-0.005089802));
#5410=CARTESIAN_POINT('',(0.14065,-0.031400002999965,-0.002689802));
#5411=CARTESIAN_POINT('',(0.086675,-0.063150002999965,-0.002689802));
#5412=CARTESIAN_POINT('',(0.1089,-0.063150002999965,-0.002689802));
#5413=CARTESIAN_POINT('',(0.1089,-0.063150002999965,-0.005089802));
#5414=CARTESIAN_POINT('',(0.1089,-0.059350002999965,-0.005089802));
#5415=CARTESIAN_POINT('',(0.1089,-0.063150002999965,-0.002689802));
#5416=CARTESIAN_POINT('',(0.1089,-0.066950002999965,-0.002689802));
#5417=CARTESIAN_POINT('',(0.086675,-0.063150002999965,-0.002689802));
#5418=CARTESIAN_POINT('',(0.021598,-0.100350002999931,0.005510198));
#5419=CARTESIAN_POINT('',(0.124775,-0.043365908,0.005510198));
#5420=CARTESIAN_POINT('',(0.12255,-0.043365908,0.005510198));
#5421=CARTESIAN_POINT('',(0.121525494315624,-0.042075003,0.005510198));
#5422=CARTESIAN_POINT('',(0.12185000098167,-0.042075003000001,0.005510198));
#5423=CARTESIAN_POINT('',(0.121200987649577,-0.042075003,0.005510198));
#5424=CARTESIAN_POINT('',(0.124775,-0.043365908,0.005510198));
#5425=CARTESIAN_POINT('',(0.122162071608142,-0.046125003,0.005510198));
#5426=CARTESIAN_POINT('',(0.124775,-0.046125003,0.005510198));
#5427=CARTESIAN_POINT('',(0.127387928391857,-0.046125003,0.005510198));
#5428=CARTESIAN_POINT('',(0.124775,-0.043365908,0.005510198));
#5429=CARTESIAN_POINT('',(0.128349012350423,-0.042075003,0.005510198));
#5430=CARTESIAN_POINT('',(0.128024505684376,-0.042075003,0.005510198));
#5431=CARTESIAN_POINT('',(0.12769999901833,-0.042075003,0.005510198));
#5432=CARTESIAN_POINT('',(0.12769999901833,-0.04117500398167,0.005510198));
#5433=CARTESIAN_POINT('',(0.1268,-0.04117500398167,0.005510198));
#5434=CARTESIAN_POINT('',(0.1268,-0.0406627110639265,0.005510198));
#5435=CARTESIAN_POINT('',(0.1268,-0.040150418146183,0.005510198));
#5436=CARTESIAN_POINT('',(0.124775,-0.043365908,0.005510198));
#5437=CARTESIAN_POINT('',(0.12275,-0.040150418146183,0.005510198));
#5438=CARTESIAN_POINT('',(0.12275,-0.0406627110639265,0.005510198));
#5439=CARTESIAN_POINT('',(0.12275,-0.04117500398167,0.005510198));
#5440=CARTESIAN_POINT('',(0.12185000098167,-0.04117500398167,0.005510198));
#5441=CARTESIAN_POINT('',(0.124775,-0.043365908,0.005512198));
#5442=CARTESIAN_POINT('',(0.124775,-0.043365908,0.004910198));
#5443=CARTESIAN_POINT('',(0.12315,-0.043365908,0.004910198));
#5444=CARTESIAN_POINT('',(0.124775,-0.043365908,-0.006889802));
#5445=CARTESIAN_POINT('',(0.124775,-0.044990908,-0.006889802));
#5446=CARTESIAN_POINT('',(0.12185000098167,-0.04117500398167,0.005512198));
#5447=CARTESIAN_POINT('',(0.12185000098167,-0.04117500398167,0.003110198));
#5448=CARTESIAN_POINT('',(0.12185000098167,-0.042075003000001,0.003110198));
#5449=CARTESIAN_POINT('',(0.12275,-0.04117500398167,0.003110198));
#5450=CARTESIAN_POINT('',(0.12185000098167,-0.042075003000001,0.005512198));
#5451=CARTESIAN_POINT('',(0.12275,-0.04117500398167,0.005512198));
#5452=CARTESIAN_POINT('',(0.12275,-0.0406627110639265,0.005512198));
#5453=CARTESIAN_POINT('',(0.12275,-0.0406627110639265,0.003110198));
#5454=CARTESIAN_POINT('',(0.12275,-0.040150418146183,0.003110198));
#5455=CARTESIAN_POINT('',(0.12275,-0.040150418146183,0.005512198));
#5456=CARTESIAN_POINT('',(0.1268,-0.0406627110639265,0.005512198));
#5457=CARTESIAN_POINT('',(0.1268,-0.0406627110639265,0.003110198));
#5458=CARTESIAN_POINT('',(0.1268,-0.040150418146183,0.003110198));
#5459=CARTESIAN_POINT('',(0.1268,-0.04117500398167,0.003110198));
#5460=CARTESIAN_POINT('',(0.1268,-0.040150418146183,0.005512198));
#5461=CARTESIAN_POINT('',(0.1268,-0.04117500398167,0.005512198));
#5462=CARTESIAN_POINT('',(0.12769999901833,-0.04117500398167,0.005512198));
#5463=CARTESIAN_POINT('',(0.12769999901833,-0.04117500398167,0.003110198));
#5464=CARTESIAN_POINT('',(0.12769999901833,-0.042075003,0.003110198));
#5465=CARTESIAN_POINT('',(0.12769999901833,-0.042075003,0.005512198));
#5466=CARTESIAN_POINT('',(0.128024505684376,-0.042075003,0.005512198));
#5467=CARTESIAN_POINT('',(0.128024505684376,-0.042075003,0.003110198));
#5468=CARTESIAN_POINT('',(0.128349012350423,-0.042075003,0.003110198));
#5469=CARTESIAN_POINT('',(0.128349012350423,-0.042075003,0.005512198));
#5470=CARTESIAN_POINT('',(0.124775,-0.046125003,0.005512198));
#5471=CARTESIAN_POINT('',(0.124775,-0.046125003,0.003110198));
#5472=CARTESIAN_POINT('',(0.127387928391857,-0.046125003,0.003110198));
#5473=CARTESIAN_POINT('',(0.122162071608142,-0.046125003,0.003110198));
#5474=CARTESIAN_POINT('',(0.127387928391857,-0.046125003,0.005512198));
#5475=CARTESIAN_POINT('',(0.122162071608142,-0.046125003,0.005512198));
#5476=CARTESIAN_POINT('',(0.124775,-0.043365908,0.005512198));
#5477=CARTESIAN_POINT('',(0.124775,-0.043365908,-0.005089802));
#5478=CARTESIAN_POINT('',(0.124775,-0.039565908,-0.005089802));
#5479=CARTESIAN_POINT('',(0.121200987649577,-0.042075003,0.005512198));
#5480=CARTESIAN_POINT('',(0.121200987649577,-0.042075003,0.003110198));
#5481=CARTESIAN_POINT('',(0.124775,-0.043365908,0.003110198));
#5482=CARTESIAN_POINT('',(0.124775,-0.043365908,0.003110198));
#5483=CARTESIAN_POINT('',(0.124775,-0.043365908,0.003110198));
#5484=CARTESIAN_POINT('',(0.121525494315624,-0.042075003,0.005512198));
#5485=CARTESIAN_POINT('',(0.121525494315624,-0.042075003,0.003110198));
#5486=CARTESIAN_POINT('',(0.021598,-0.100350002999931,0.005510198));
#5487=CARTESIAN_POINT('',(0.124775,-0.081465908,0.005510198));
#5488=CARTESIAN_POINT('',(0.12255,-0.081465908,0.005510198));
#5489=CARTESIAN_POINT('',(0.1268,-0.0787627110639265,0.005510198));
#5490=CARTESIAN_POINT('',(0.1268,-0.07927500398167,0.005510198));
#5491=CARTESIAN_POINT('',(0.1268,-0.078250418146183,0.005510198));
#5492=CARTESIAN_POINT('',(0.124775,-0.0814659079999999,0.005510198));
#5493=CARTESIAN_POINT('',(0.12275,-0.078250418146183,0.005510198));
#5494=CARTESIAN_POINT('',(0.12275,-0.0787627110639265,0.005510198));
#5495=CARTESIAN_POINT('',(0.12275,-0.07927500398167,0.005510198));
#5496=CARTESIAN_POINT('',(0.12185000098167,-0.07927500398167,0.005510198));
#5497=CARTESIAN_POINT('',(0.12185000098167,-0.080175003000001,0.005510198));
#5498=CARTESIAN_POINT('',(0.121525494315624,-0.080175003,0.005510198));
#5499=CARTESIAN_POINT('',(0.121200987649577,-0.080175003,0.005510198));
#5500=CARTESIAN_POINT('',(0.124775,-0.081465908,0.005510198));
#5501=CARTESIAN_POINT('',(0.122162071608142,-0.084225003,0.005510198));
#5502=CARTESIAN_POINT('',(0.124775,-0.084225003,0.005510198));
#5503=CARTESIAN_POINT('',(0.127387928391857,-0.084225003,0.005510198));
#5504=CARTESIAN_POINT('',(0.124775,-0.081465908,0.005510198));
#5505=CARTESIAN_POINT('',(0.128349012350423,-0.080175003,0.005510198));
#5506=CARTESIAN_POINT('',(0.128024505684376,-0.080175003,0.005510198));
#5507=CARTESIAN_POINT('',(0.12769999901833,-0.080175003,0.005510198));
#5508=CARTESIAN_POINT('',(0.12769999901833,-0.07927500398167,0.005510198));
#5509=CARTESIAN_POINT('',(0.124775,-0.081465908,0.005512198));
#5510=CARTESIAN_POINT('',(0.124775,-0.081465908,0.004910198));
#5511=CARTESIAN_POINT('',(0.12315,-0.081465908,0.004910198));
#5512=CARTESIAN_POINT('',(0.124775,-0.081465908,-0.006889802));
#5513=CARTESIAN_POINT('',(0.124775,-0.083090908,-0.006889802));
#5514=CARTESIAN_POINT('',(0.12769999901833,-0.07927500398167,0.005512198));
#5515=CARTESIAN_POINT('',(0.12769999901833,-0.07927500398167,0.003110198));
#5516=CARTESIAN_POINT('',(0.1268,-0.07927500398167,0.003110198));
#5517=CARTESIAN_POINT('',(0.12769999901833,-0.080175003000001,0.003110198));
#5518=CARTESIAN_POINT('',(0.1268,-0.07927500398167,0.005512198));
#5519=CARTESIAN_POINT('',(0.12769999901833,-0.080175003,0.005512198));
#5520=CARTESIAN_POINT('',(0.128024505684376,-0.080175003,0.005512198));
#5521=CARTESIAN_POINT('',(0.128024505684376,-0.080175003,0.003110198));
#5522=CARTESIAN_POINT('',(0.128349012350423,-0.080175003,0.003110198));
#5523=CARTESIAN_POINT('',(0.128349012350423,-0.080175003,0.005512198));
#5524=CARTESIAN_POINT('',(0.124775,-0.084225003,0.005512198));
#5525=CARTESIAN_POINT('',(0.124775,-0.084225003,0.003110198));
#5526=CARTESIAN_POINT('',(0.127387928391857,-0.084225003,0.003110198));
#5527=CARTESIAN_POINT('',(0.122162071608142,-0.084225003,0.003110198));
#5528=CARTESIAN_POINT('',(0.127387928391857,-0.084225003,0.005512198));
#5529=CARTESIAN_POINT('',(0.122162071608142,-0.084225003,0.005512198));
#5530=CARTESIAN_POINT('',(0.121525494315624,-0.080175003,0.005512198));
#5531=CARTESIAN_POINT('',(0.121525494315624,-0.080175003,0.003110198));
#5532=CARTESIAN_POINT('',(0.121200987649577,-0.080175003,0.003110198));
#5533=CARTESIAN_POINT('',(0.12185000098167,-0.080175003000001,0.003110198));
#5534=CARTESIAN_POINT('',(0.121200987649577,-0.080175003,0.005512198));
#5535=CARTESIAN_POINT('',(0.12185000098167,-0.080175003000001,0.005512198));
#5536=CARTESIAN_POINT('',(0.12185000098167,-0.07927500398167,0.005512198));
#5537=CARTESIAN_POINT('',(0.12185000098167,-0.07927500398167,0.003110198));
#5538=CARTESIAN_POINT('',(0.12275,-0.07927500398167,0.003110198));
#5539=CARTESIAN_POINT('',(0.12275,-0.07927500398167,0.005512198));
#5540=CARTESIAN_POINT('',(0.12275,-0.0787627110639265,0.005512198));
#5541=CARTESIAN_POINT('',(0.12275,-0.0787627110639265,0.003110198));
#5542=CARTESIAN_POINT('',(0.12275,-0.078250418146183,0.003110198));
#5543=CARTESIAN_POINT('',(0.12275,-0.078250418146183,0.005512198));
#5544=CARTESIAN_POINT('',(0.124775,-0.0814659079999999,0.005512198));
#5545=CARTESIAN_POINT('',(0.124775,-0.0814659079999999,-0.005089802));
#5546=CARTESIAN_POINT('',(0.124775,-0.0776659079999999,-0.005089802));
#5547=CARTESIAN_POINT('',(0.1268,-0.078250418146183,0.005512198));
#5548=CARTESIAN_POINT('',(0.1268,-0.078250418146183,0.003110198));
#5549=CARTESIAN_POINT('',(0.124775,-0.081465908,0.003110198));
#5550=CARTESIAN_POINT('',(0.124775,-0.081465908,0.003110198));
#5551=CARTESIAN_POINT('',(0.124775,-0.081465908,0.003110198));
#5552=CARTESIAN_POINT('',(0.1268,-0.0787627110639265,0.005512198));
#5553=CARTESIAN_POINT('',(0.1268,-0.0787627110639265,0.003110198));
#5554=CARTESIAN_POINT('',(0.021598,-0.063150002999965,-0.006889802));
#5555=CARTESIAN_POINT('',(0.021598,-0.063150002999965,-0.006889802));
#5556=CARTESIAN_POINT('',(0.086675,-0.063150002999965,0.003110198));
#5557=CARTESIAN_POINT('',(0.086675,-0.063150002999965,0.003110198));
#5558=CARTESIAN_POINT('',(0.086675,-0.063150002999965,0.003110198));
#5559=CARTESIAN_POINT('',(0.086675,-0.063150002999965,0.003110198));
#5560=CARTESIAN_POINT('',(0.086675,-0.063150002999965,0.003110198));
#5561=CARTESIAN_POINT('',(0.086675,-0.063150002999965,0.003110198));
#5562=CARTESIAN_POINT('',(0.048575,-0.043365908,-0.005089802));
#5563=CARTESIAN_POINT('',(0.048575,-0.0814659079999999,-0.005089802));
#5564=CARTESIAN_POINT('',(0.124775,-0.043365908,-0.005089802));
#5565=CARTESIAN_POINT('',(0.124775,-0.0814659079999999,-0.005089802));
#5566=CARTESIAN_POINT('',(0.021598,-0.097650002999931,-0.005089802));
#5567=CARTESIAN_POINT('',(0.13505,-0.097650002999931,-0.005089802));
#5568=CARTESIAN_POINT('',(0.0383,-0.097650002999931,-0.005089802));
#5569=CARTESIAN_POINT('',(0.0383,-0.063150002999965,-0.005089802));
#5570=CARTESIAN_POINT('',(0.0383,-0.094900002999965,-0.005089802));
#5571=CARTESIAN_POINT('',(0.13505,-0.097175002999948,-0.005089802));
#5572=CARTESIAN_POINT('',(0.13505,-0.094900002999965,-0.005089802));
#5573=CARTESIAN_POINT('',(0.0327,-0.094900002999965,-0.005089802));
#5574=CARTESIAN_POINT('',(0.0271,-0.094900002999965,-0.005089802));
#5575=CARTESIAN_POINT('',(0.02775,-0.0949000029999649,-0.00676834303315946));
#5576=CARTESIAN_POINT('',(0.0277499999999999,-0.0949000029999649,-0.0067683430331596));
#5577=CARTESIAN_POINT('',(0.0277499999999999,-0.0936649018425656,-0.00676834303315961));
#5578=CARTESIAN_POINT('',(0.0279847316653989,-0.0924583393666917,-0.006889802));
#5579=CARTESIAN_POINT('',(0.0284,-0.0913125247770346,-0.006889802));
#5580=CARTESIAN_POINT('',(0.0271,-0.097175002999948,-0.005089802));
#5581=CARTESIAN_POINT('',(0.02775,-0.063150002999965,-0.00676834303315946));
#5582=CARTESIAN_POINT('',(0.14625,-0.063150002999965,-0.005089802));
#5583=CARTESIAN_POINT('',(0.14625,-0.094900002999965,-0.005089802));
#5584=CARTESIAN_POINT('',(0.1456,-0.094900002999965,-0.00676834303315946));
#5585=CARTESIAN_POINT('',(0.1456,-0.063150002999965,-0.00676834303315947));
#5586=CARTESIAN_POINT('',(0.14065,-0.094900002999965,-0.005089802));
#5587=CARTESIAN_POINT('',(0.1456,-0.094900002999965,-0.0067683430331596));
#5588=CARTESIAN_POINT('',(0.1456,-0.0936649018425668,-0.0067683430331596));
#5589=CARTESIAN_POINT('',(0.145365268306858,-0.0924583393767492,-0.006889802));
#5590=CARTESIAN_POINT('',(0.14495,-0.0913125247770346,-0.006889802));
#5591=CARTESIAN_POINT('',(0.0284,-0.063150002999965,-0.005089802));
#5592=CARTESIAN_POINT('',(0.0284,-0.091150002999931,-0.005089802));
#5593=CARTESIAN_POINT('',(0.14495,-0.063150002999965,-0.005089802));
#5594=CARTESIAN_POINT('',(0.14495,-0.091150002999931,-0.005089802));
#5595=CARTESIAN_POINT('',(0.021598,-0.091150002999931,-0.005089802));
#5596=CARTESIAN_POINT('',(0.0252,-0.091150002999931,-0.005089802));
#5597=CARTESIAN_POINT('',(0.14675,-0.091150002999931,-0.005089802));
#5598=CARTESIAN_POINT('',(0.14815,-0.091150002999931,-0.005089802));
#5599=CARTESIAN_POINT('',(0.0252,-0.063150002999965,-0.005089802));
#5600=CARTESIAN_POINT('',(0.0252,-0.035150002999999,-0.005089802));
#5601=CARTESIAN_POINT('',(0.14815,-0.063150002999965,-0.005089802));
#5602=CARTESIAN_POINT('',(0.14815,-0.035150002999999,-0.005089802));
#5603=CARTESIAN_POINT('',(0.0266,-0.035150002999999,-0.005089802));
#5604=CARTESIAN_POINT('',(0.0284,-0.035150002999999,-0.005089802));
#5605=CARTESIAN_POINT('',(0.021598,-0.035150002999999,-0.005089802));
#5606=CARTESIAN_POINT('',(0.14495,-0.035150002999999,-0.005089802));
#5607=CARTESIAN_POINT('',(0.0284,-0.063150002999965,-0.005089802));
#5608=CARTESIAN_POINT('',(0.02775,-0.063150002999965,-0.00676834303315946));
#5609=CARTESIAN_POINT('',(0.02775,-0.031400002999965,-0.00676834303315947));
#5610=CARTESIAN_POINT('',(0.0277499999999999,-0.031400002999965,-0.00676834303315961));
#5611=CARTESIAN_POINT('',(0.0277499999999999,-0.032635104157356,-0.00676834303315961));
#5612=CARTESIAN_POINT('',(0.0279848519634439,-0.0338416230417134,-0.006889802));
#5613=CARTESIAN_POINT('',(0.0284,-0.0349874812228954,-0.006889802));
#5614=CARTESIAN_POINT('',(0.0271,-0.029125002999982,-0.005089802));
#5615=CARTESIAN_POINT('',(0.0271,-0.031400002999965,-0.005089802));
#5616=CARTESIAN_POINT('',(0.14625,-0.063150002999965,-0.005089802));
#5617=CARTESIAN_POINT('',(0.1456,-0.063150002999965,-0.00676834303315947));
#5618=CARTESIAN_POINT('',(0.1456,-0.0314000029999651,-0.00676834303315954));
#5619=CARTESIAN_POINT('',(0.14625,-0.031400002999965,-0.005089802));
#5620=CARTESIAN_POINT('',(0.14495,-0.063150002999965,-0.005089802));
#5621=CARTESIAN_POINT('',(0.1456,-0.0314000029999651,-0.00676834303315961));
#5622=CARTESIAN_POINT('',(0.1456,-0.0326351041573566,-0.00676834303315961));
#5623=CARTESIAN_POINT('',(0.145365148122109,-0.0338416230727106,-0.006889802));
#5624=CARTESIAN_POINT('',(0.14495,-0.0349874812228954,-0.006889802));
#5625=CARTESIAN_POINT('',(0.0327,-0.031400002999965,-0.005089802));
#5626=CARTESIAN_POINT('',(0.0383,-0.031400002999965,-0.005089802));
#5627=CARTESIAN_POINT('',(0.14065,-0.031400002999965,-0.005089802));
#5628=CARTESIAN_POINT('',(0.13505,-0.031400002999965,-0.005089802));
#5629=CARTESIAN_POINT('',(0.0383,-0.029125002999982,-0.005089802));
#5630=CARTESIAN_POINT('',(0.0383,-0.028650002999999,-0.005089802));
#5631=CARTESIAN_POINT('',(0.13505,-0.063150002999965,-0.005089802));
#5632=CARTESIAN_POINT('',(0.13505,-0.028650002999999,-0.005089802));
#5633=CARTESIAN_POINT('',(0.021598,-0.028650002999999,-0.005089802));
#5634=CARTESIAN_POINT('',(0.1089,-0.063150002999965,-0.005089802));
#5635=CARTESIAN_POINT('',(0.1343,-0.063150002999965,-0.005089802));
#5636=CARTESIAN_POINT('',(0.06445,-0.063150002999965,-0.005089802));
#5637=CARTESIAN_POINT('',(0.03905,-0.063150002999965,-0.005089802));
#5638=CARTESIAN_POINT('',(0.048575,-0.043365908,0.004910198));
#5639=CARTESIAN_POINT('',(0.048575,-0.081465908,0.004910198));
#5640=CARTESIAN_POINT('',(0.124775,-0.043365908,0.005510198));
#5641=CARTESIAN_POINT('',(0.124775,-0.081465908,0.005510198));
#5642=CARTESIAN_POINT('',(0.1343,-0.063150002999965,-0.007689802));
#5643=CARTESIAN_POINT('',(0.14065,-0.031400002999965,-0.007689802));
#5644=CARTESIAN_POINT('',(0.1089,-0.063150002999965,-0.007689802));
#5645=CARTESIAN_POINT('',(0.14065,-0.094900002999965,-0.007689802));
#5646=CARTESIAN_POINT('',(0.03905,-0.063150002999965,-0.007089802));
#5647=CARTESIAN_POINT('',(0.0327,-0.031400002999965,-0.007089802));
#5648=CARTESIAN_POINT('',(0.06445,-0.063150002999965,-0.007089802));
#5649=CARTESIAN_POINT('',(0.0327,-0.094900002999965,-0.007089802));
#5650=CARTESIAN_POINT('',(0.0216,-0.029550002999999,-0.004089802));
#5651=CARTESIAN_POINT('',(0.0222,-0.096750002999931,-0.004089802));
#5652=CARTESIAN_POINT('',(0.15115,-0.029550002999999,-0.004089802));
#5653=CARTESIAN_POINT('',(0.15175,-0.096750002999931,-0.004089802));
#5654=MECHANICAL_DESIGN_GEOMETRIC_PRESENTATION_REPRESENTATION('',(#3303),#5655);
#5655=(
GEOMETRIC_REPRESENTATION_CONTEXT(3)
GLOBAL_UNCERTAINTY_ASSIGNED_CONTEXT((#5656))
GLOBAL_UNIT_ASSIGNED_CONTEXT((#5659,#5658,#5657))
REPRESENTATION_CONTEXT('case','TOP_LEVEL_ASSEMBLY_PART')
);
#5656=UNCERTAINTY_MEASURE_WITH_UNIT(LENGTH_MEASURE(2.E-05),#5659,'DISTANCE_ACCURACY_VALUE','Maximum Tolerance applied to model');
#5657=(
NAMED_UNIT(*)
SI_UNIT($,.STERADIAN.)
SOLID_ANGLE_UNIT()
);
#5658=(
NAMED_UNIT(*)
PLANE_ANGLE_UNIT()
SI_UNIT($,.RADIAN.)
);
#5659=(
LENGTH_UNIT()
NAMED_UNIT(*)
SI_UNIT($,.METRE.)
);
#5660=PRODUCT_DEFINITION_SHAPE('','',#5661);
#5661=PRODUCT_DEFINITION('','',#5663,#5662);
#5662=PRODUCT_DEFINITION_CONTEXT('',#5669,'design');
#5663=PRODUCT_DEFINITION_FORMATION_WITH_SPECIFIED_SOURCE('','',#5665,.NOT_KNOWN.);
#5664=PRODUCT_RELATED_PRODUCT_CATEGORY('','',(#5665));
#5665=PRODUCT('case','case','case',(#5667));
#5666=PRODUCT_CATEGORY('','');
#5667=PRODUCT_CONTEXT('',#5669,'mechanical');
#5668=APPLICATION_PROTOCOL_DEFINITION('international standard','ap242_managed_model_based_3d_engineering',2020,#5669);
#5669=APPLICATION_CONTEXT('managed model based 3d engineering');
ENDSEC;
END-ISO-10303-21;
