ISO-10303-21;
HEADER;
/*Generated by software containing ST-Developer
 * from STEP Tools, Inc. (www.steptools.com) 
 */
/*OPTION: using custom renumber hook */
/*description */
/*implementation_level */
FILE_DESCRIPTION(('STEP AP242 Edition 2','STEP AP242 Edition 2''CAx-IF Rec.Pracs.---Representation and Presentation of Product Manufa
cturing Information (PMI)---4.0---2014-10-13','STEP AP242 Edition 2''CAx-IF Rec.Pracs.---Representation and Presentation of Product Manufa
cturing Information (PMI)---4.0---2014-10-13''CAx-IF Rec.Pracs.---3D Tessellated Geometry---0.4---2014-09-14','STEP AP242 Edition 2''CAx-IF Rec.Pracs.---Representation and Presentation of Product Manufa
cturing Information (PMI)---4.0---2014-10-13''CAx-IF Rec.Pracs.---3D Tessellated Geometry---0.4---2014-09-14''2;1','STEP AP242 Edition 2''CAx-IF Rec.Pracs.---Representation and Presentation of Product Manufa
cturing Information (PMI)---4.0---2014-10-13''CAx-IF Rec.Pracs.---3D Tessellated Geometry---0.4---2014-09-14''2;1''CAx-IF Rec.Pracs.---User Defined Attributes---1.5---2016-08-15'),'2;1');
/*name */
/*time_stamp */
/*author */
/*organization */
/*preprocessor_version */
/*originating_system */
/*authorisation */
FILE_NAME('/vol/tmp/translate-5522791597510682612/core - case.step','2026-03-26T10:54:16',(''),(''),'ST-DEVELOPER v20','ONSHAPE BY PTC INC, 1.212','  ');
FILE_SCHEMA(('AP242_MANAGED_MODEL_BASED_3D_ENGINEERING_MIM_LF { 1 0 10303 442 3 1 4 }'));
ENDSEC;
DATA;
#10=SHAPE_REPRESENTATION_RELATIONSHIP('','',#2355,#11);
#11=ADVANCED_BREP_SHAPE_REPRESENTATION('',(#2353),#4003);
#12=CONICAL_SURFACE('',#2559,0.001625,0.785398163397449);
#13=CONICAL_SURFACE('',#2560,0.002225,0.785398163397449);
#14=CONICAL_SURFACE('',#2561,0.002225,0.785398163397449);
#15=CONICAL_SURFACE('',#2562,0.001625,0.785398163397449);
#16=CONICAL_SURFACE('',#2563,0.001625,0.78539816339745);
#17=CONICAL_SURFACE('',#2564,0.001625,0.78539816339745);
#18=CONICAL_SURFACE('',#2565,0.001625,0.78539816339745);
#19=CONICAL_SURFACE('',#2566,0.001625,0.78539816339745);
#20=CONICAL_SURFACE('',#2567,0.001625,0.78539816339745);
#21=CONICAL_SURFACE('',#2568,0.001625,0.78539816339745);
#22=CONICAL_SURFACE('',#2569,0.001625,0.78539816339745);
#23=CONICAL_SURFACE('',#2570,0.001625,0.78539816339745);
#24=CONICAL_SURFACE('',#2571,0.002225,0.7853981633974);
#25=CONICAL_SURFACE('',#2572,0.001625,0.7853981633974);
#26=CONICAL_SURFACE('',#2573,0.001625,0.785398163397446);
#27=CONICAL_SURFACE('',#2574,0.002225,0.785398163397446);
#28=B_SPLINE_CURVE_WITH_KNOTS('',3,(#3789,#3790,#3791,#3792),.UNSPECIFIED.,.F.,.F.,(4,4),(0.,0.0010344687430202),.UNSPECIFIED.);
#29=B_SPLINE_CURVE_WITH_KNOTS('',3,(#3796,#3797,#3798,#3799),.UNSPECIFIED.,.F.,.F.,(4,4),(0.,0.0010344686425403),.UNSPECIFIED.);
#30=B_SPLINE_CURVE_WITH_KNOTS('',3,(#3812,#3813,#3814,#3815,#3816,#3817,#3818,#3819,#3820,#3821,#3822,#3823,#3824),.UNSPECIFIED.,.F.,.F.,(4,1,1,1,1,1,1,1,1,1,4),(0.,0.00100551762568586,0.00201103525137173,0.00301655287705759,0.00351931168990052,0.00402207050274346,0.00452482931558639,0.00502758812842932,0.00603310575411519,0.00703862337980105,0.00804414100548691),.UNSPECIFIED.);
#31=B_SPLINE_CURVE_WITH_KNOTS('',3,(#3840,#3841,#3842,#3843,#3844,#3845,#3846,#3847,#3848,#3849,#3850,#3851,#3852),.UNSPECIFIED.,.F.,.F.,(4,1,1,1,1,1,1,1,1,1,4),(0.,0.0010055176256859,0.00201103525137179,0.00301655287705769,0.00351931168990064,0.00402207050274358,0.00452482931558653,0.00502758812842948,0.00603310575411537,0.00703862337980127,0.00804414100548717),.UNSPECIFIED.);
#32=B_SPLINE_CURVE_WITH_KNOTS('',3,(#3854,#3855,#3856,#3857),.UNSPECIFIED.,.F.,.F.,(4,4),(0.,0.00103446874302023),.UNSPECIFIED.);
#33=B_SPLINE_CURVE_WITH_KNOTS('',3,(#3861,#3862,#3863,#3864),.UNSPECIFIED.,.F.,.F.,(4,4),(0.,0.00103446864254031),.UNSPECIFIED.);
#34=B_SPLINE_CURVE_WITH_KNOTS('',3,(#3881,#3882,#3883,#3884,#3885,#3886,#3887,#3888,#3889,#3890,#3891,#3892,#3893),.UNSPECIFIED.,.F.,.F.,(4,1,1,1,1,1,1,1,1,1,4),(0.,0.0010055176256859,0.00201103525137179,0.00301655287705769,0.00351931168990063,0.00402207050274358,0.00452482931558653,0.00502758812842948,0.00603310575411537,0.00703862337980127,0.00804414100548716),.UNSPECIFIED.);
#35=B_SPLINE_CURVE_WITH_KNOTS('',3,(#3895,#3896,#3897,#3898),.UNSPECIFIED.,.F.,.F.,(4,4),(0.,0.00103446874302024),.UNSPECIFIED.);
#36=B_SPLINE_CURVE_WITH_KNOTS('',3,(#3902,#3903,#3904,#3905),.UNSPECIFIED.,.F.,.F.,(4,4),(0.,0.00103446864254031),.UNSPECIFIED.);
#37=B_SPLINE_CURVE_WITH_KNOTS('',3,(#3912,#3913,#3914,#3915),.UNSPECIFIED.,.F.,.F.,(4,4),(0.,0.00103446874302023),.UNSPECIFIED.);
#38=B_SPLINE_CURVE_WITH_KNOTS('',3,(#3919,#3920,#3921,#3922),.UNSPECIFIED.,.F.,.F.,(4,4),(0.,0.00103446864254032),.UNSPECIFIED.);
#39=B_SPLINE_CURVE_WITH_KNOTS('',3,(#3933,#3934,#3935,#3936,#3937,#3938,#3939,#3940,#3941,#3942,#3943,#3944,#3945),.UNSPECIFIED.,.F.,.F.,(4,1,1,1,1,1,1,1,1,1,4),(0.,0.00100551762568587,0.00201103525137174,0.00301655287705761,0.00351931168990055,0.00402207050274348,0.00452482931558642,0.00502758812842936,0.00603310575411523,0.0070386233798011,0.00804414100548697),.UNSPECIFIED.);
#40=CYLINDRICAL_SURFACE('',#2422,0.0038);
#41=CYLINDRICAL_SURFACE('',#2425,0.001625);
#42=CYLINDRICAL_SURFACE('',#2430,0.001625);
#43=CYLINDRICAL_SURFACE('',#2433,0.0038);
#44=CYLINDRICAL_SURFACE('',#2439,0.0004);
#45=CYLINDRICAL_SURFACE('',#2442,0.0004);
#46=CYLINDRICAL_SURFACE('',#2447,0.001625);
#47=CYLINDRICAL_SURFACE('',#2450,0.0038);
#48=CYLINDRICAL_SURFACE('',#2454,0.0038);
#49=CYLINDRICAL_SURFACE('',#2457,0.001625);
#50=CYLINDRICAL_SURFACE('',#2463,0.0004);
#51=CYLINDRICAL_SURFACE('',#2466,0.0004);
#52=CYLINDRICAL_SURFACE('',#2472,0.0038);
#53=CYLINDRICAL_SURFACE('',#2478,0.0038);
#54=CYLINDRICAL_SURFACE('',#2483,0.001625);
#55=CYLINDRICAL_SURFACE('',#2485,0.001625);
#56=CYLINDRICAL_SURFACE('',#2487,0.001625);
#57=CYLINDRICAL_SURFACE('',#2490,0.001625);
#58=CYLINDRICAL_SURFACE('',#2493,0.001625);
#59=CYLINDRICAL_SURFACE('',#2496,0.001625);
#60=CYLINDRICAL_SURFACE('',#2499,0.001625);
#61=CYLINDRICAL_SURFACE('',#2502,0.001625);
#62=CYLINDRICAL_SURFACE('',#2505,0.0038);
#63=CYLINDRICAL_SURFACE('',#2508,0.0038);
#64=CYLINDRICAL_SURFACE('',#2511,0.0038);
#65=CYLINDRICAL_SURFACE('',#2514,0.0038);
#66=CYLINDRICAL_SURFACE('',#2517,0.0038);
#67=CYLINDRICAL_SURFACE('',#2520,0.0038);
#68=CYLINDRICAL_SURFACE('',#2523,0.00395);
#69=CYLINDRICAL_SURFACE('',#2527,0.001625);
#70=CYLINDRICAL_SURFACE('',#2531,0.003);
#71=CYLINDRICAL_SURFACE('',#2534,0.001625);
#72=CYLINDRICAL_SURFACE('',#2537,0.00395);
#73=CYLINDRICAL_SURFACE('',#2540,0.003);
#74=CYLINDRICAL_SURFACE('',#2543,0.001625);
#75=CYLINDRICAL_SURFACE('',#2546,0.00395);
#76=CYLINDRICAL_SURFACE('',#2549,0.003);
#77=CYLINDRICAL_SURFACE('',#2550,0.00395);
#78=CYLINDRICAL_SURFACE('',#2554,0.001625);
#79=CYLINDRICAL_SURFACE('',#2558,0.003);
#80=CYLINDRICAL_SURFACE('',#2581,0.0035);
#81=CYLINDRICAL_SURFACE('',#2584,0.0035);
#82=CYLINDRICAL_SURFACE('',#2585,0.001);
#83=CYLINDRICAL_SURFACE('',#2586,0.001);
#84=CYLINDRICAL_SURFACE('',#2587,0.001);
#85=CYLINDRICAL_SURFACE('',#2588,0.001);
#86=LINE('',#3269,#276);
#87=LINE('',#3272,#277);
#88=LINE('',#3274,#278);
#89=LINE('',#3276,#279);
#90=LINE('',#3280,#280);
#91=LINE('',#3282,#281);
#92=LINE('',#3286,#282);
#93=LINE('',#3288,#283);
#94=LINE('',#3290,#284);
#95=LINE('',#3294,#285);
#96=LINE('',#3298,#286);
#97=LINE('',#3300,#287);
#98=LINE('',#3302,#288);
#99=LINE('',#3306,#289);
#100=LINE('',#3308,#290);
#101=LINE('',#3312,#291);
#102=LINE('',#3314,#292);
#103=LINE('',#3316,#293);
#104=LINE('',#3318,#294);
#105=LINE('',#3320,#295);
#106=LINE('',#3322,#296);
#107=LINE('',#3324,#297);
#108=LINE('',#3329,#298);
#109=LINE('',#3333,#299);
#110=LINE('',#3337,#300);
#111=LINE('',#3343,#301);
#112=LINE('',#3345,#302);
#113=LINE('',#3347,#303);
#114=LINE('',#3351,#304);
#115=LINE('',#3353,#305);
#116=LINE('',#3355,#306);
#117=LINE('',#3357,#307);
#118=LINE('',#3359,#308);
#119=LINE('',#3361,#309);
#120=LINE('',#3363,#310);
#121=LINE('',#3365,#311);
#122=LINE('',#3367,#312);
#123=LINE('',#3369,#313);
#124=LINE('',#3371,#314);
#125=LINE('',#3372,#315);
#126=LINE('',#3374,#316);
#127=LINE('',#3377,#317);
#128=LINE('',#3378,#318);
#129=LINE('',#3380,#319);
#130=LINE('',#3382,#320);
#131=LINE('',#3384,#321);
#132=LINE('',#3386,#322);
#133=LINE('',#3388,#323);
#134=LINE('',#3390,#324);
#135=LINE('',#3391,#325);
#136=LINE('',#3396,#326);
#137=LINE('',#3401,#327);
#138=LINE('',#3405,#328);
#139=LINE('',#3409,#329);
#140=LINE('',#3413,#330);
#141=LINE('',#3416,#331);
#142=LINE('',#3417,#332);
#143=LINE('',#3419,#333);
#144=LINE('',#3421,#334);
#145=LINE('',#3423,#335);
#146=LINE('',#3425,#336);
#147=LINE('',#3427,#337);
#148=LINE('',#3429,#338);
#149=LINE('',#3431,#339);
#150=LINE('',#3433,#340);
#151=LINE('',#3435,#341);
#152=LINE('',#3437,#342);
#153=LINE('',#3439,#343);
#154=LINE('',#3441,#344);
#155=LINE('',#3458,#345);
#156=LINE('',#3459,#346);
#157=LINE('',#3461,#347);
#158=LINE('',#3463,#348);
#159=LINE('',#3465,#349);
#160=LINE('',#3467,#350);
#161=LINE('',#3468,#351);
#162=LINE('',#3472,#352);
#163=LINE('',#3473,#353);
#164=LINE('',#3475,#354);
#165=LINE('',#3477,#355);
#166=LINE('',#3479,#356);
#167=LINE('',#3481,#357);
#168=LINE('',#3482,#358);
#169=LINE('',#3484,#359);
#170=LINE('',#3486,#360);
#171=LINE('',#3487,#361);
#172=LINE('',#3489,#362);
#173=LINE('',#3491,#363);
#174=LINE('',#3493,#364);
#175=LINE('',#3495,#365);
#176=LINE('',#3497,#366);
#177=LINE('',#3499,#367);
#178=LINE('',#3501,#368);
#179=LINE('',#3504,#369);
#180=LINE('',#3505,#370);
#181=LINE('',#3507,#371);
#182=LINE('',#3509,#372);
#183=LINE('',#3515,#373);
#184=LINE('',#3517,#374);
#185=LINE('',#3518,#375);
#186=LINE('',#3520,#376);
#187=LINE('',#3522,#377);
#188=LINE('',#3524,#378);
#189=LINE('',#3527,#379);
#190=LINE('',#3530,#380);
#191=LINE('',#3532,#381);
#192=LINE('',#3536,#382);
#193=LINE('',#3540,#383);
#194=LINE('',#3542,#384);
#195=LINE('',#3545,#385);
#196=LINE('',#3548,#386);
#197=LINE('',#3550,#387);
#198=LINE('',#3558,#388);
#199=LINE('',#3559,#389);
#200=LINE('',#3567,#390);
#201=LINE('',#3570,#391);
#202=LINE('',#3573,#392);
#203=LINE('',#3575,#393);
#204=LINE('',#3594,#394);
#205=LINE('',#3598,#395);
#206=LINE('',#3606,#396);
#207=LINE('',#3608,#397);
#208=LINE('',#3618,#398);
#209=LINE('',#3620,#399);
#210=LINE('',#3622,#400);
#211=LINE('',#3624,#401);
#212=LINE('',#3626,#402);
#213=LINE('',#3628,#403);
#214=LINE('',#3630,#404);
#215=LINE('',#3634,#405);
#216=LINE('',#3636,#406);
#217=LINE('',#3638,#407);
#218=LINE('',#3642,#408);
#219=LINE('',#3645,#409);
#220=LINE('',#3647,#410);
#221=LINE('',#3657,#411);
#222=LINE('',#3659,#412);
#223=LINE('',#3660,#413);
#224=LINE('',#3662,#414);
#225=LINE('',#3664,#415);
#226=LINE('',#3668,#416);
#227=LINE('',#3676,#417);
#228=LINE('',#3678,#418);
#229=LINE('',#3680,#419);
#230=LINE('',#3682,#420);
#231=LINE('',#3684,#421);
#232=LINE('',#3688,#422);
#233=LINE('',#3690,#423);
#234=LINE('',#3692,#424);
#235=LINE('',#3696,#425);
#236=LINE('',#3698,#426);
#237=LINE('',#3700,#427);
#238=LINE('',#3703,#428);
#239=LINE('',#3705,#429);
#240=LINE('',#3709,#430);
#241=LINE('',#3711,#431);
#242=LINE('',#3716,#432);
#243=LINE('',#3718,#433);
#244=LINE('',#3722,#434);
#245=LINE('',#3724,#435);
#246=LINE('',#3801,#436);
#247=LINE('',#3805,#437);
#248=LINE('',#3826,#438);
#249=LINE('',#3827,#439);
#250=LINE('',#3829,#440);
#251=LINE('',#3833,#441);
#252=LINE('',#3866,#442);
#253=LINE('',#3867,#443);
#254=LINE('',#3870,#444);
#255=LINE('',#3874,#445);
#256=LINE('',#3907,#446);
#257=LINE('',#3908,#447);
#258=LINE('',#3910,#448);
#259=LINE('',#3924,#449);
#260=LINE('',#3947,#450);
#261=LINE('',#3948,#451);
#262=LINE('',#3967,#452);
#263=LINE('',#3968,#453);
#264=LINE('',#3970,#454);
#265=LINE('',#3971,#455);
#266=LINE('',#3973,#456);
#267=LINE('',#3974,#457);
#268=LINE('',#3976,#458);
#269=LINE('',#3977,#459);
#270=LINE('',#3989,#460);
#271=LINE('',#3991,#461);
#272=LINE('',#3993,#462);
#273=LINE('',#3996,#463);
#274=LINE('',#3998,#464);
#275=LINE('',#4000,#465);
#276=VECTOR('',#2603,1.);
#277=VECTOR('',#2604,1.);
#278=VECTOR('',#2605,1.);
#279=VECTOR('',#2606,1.);
#280=VECTOR('',#2609,1.);
#281=VECTOR('',#2610,1.);
#282=VECTOR('',#2613,1.);
#283=VECTOR('',#2614,1.);
#284=VECTOR('',#2615,1.);
#285=VECTOR('',#2618,1.);
#286=VECTOR('',#2621,1.);
#287=VECTOR('',#2622,1.);
#288=VECTOR('',#2623,1.);
#289=VECTOR('',#2626,1.);
#290=VECTOR('',#2627,1.);
#291=VECTOR('',#2630,1.);
#292=VECTOR('',#2631,1.);
#293=VECTOR('',#2632,1.);
#294=VECTOR('',#2633,1.);
#295=VECTOR('',#2634,1.);
#296=VECTOR('',#2635,1.);
#297=VECTOR('',#2638,1.);
#298=VECTOR('',#2641,1.);
#299=VECTOR('',#2644,1.);
#300=VECTOR('',#2647,1.);
#301=VECTOR('',#2652,1.);
#302=VECTOR('',#2653,1.);
#303=VECTOR('',#2654,1.);
#304=VECTOR('',#2657,1.);
#305=VECTOR('',#2658,1.);
#306=VECTOR('',#2659,1.);
#307=VECTOR('',#2660,1.);
#308=VECTOR('',#2661,1.);
#309=VECTOR('',#2662,1.);
#310=VECTOR('',#2663,1.);
#311=VECTOR('',#2664,1.);
#312=VECTOR('',#2665,1.);
#313=VECTOR('',#2666,1.);
#314=VECTOR('',#2667,1.);
#315=VECTOR('',#2668,1.);
#316=VECTOR('',#2671,1.);
#317=VECTOR('',#2672,1.);
#318=VECTOR('',#2673,1.);
#319=VECTOR('',#2674,1.);
#320=VECTOR('',#2675,1.);
#321=VECTOR('',#2676,1.);
#322=VECTOR('',#2677,1.);
#323=VECTOR('',#2678,1.);
#324=VECTOR('',#2679,1.);
#325=VECTOR('',#2680,1.);
#326=VECTOR('',#2685,1.);
#327=VECTOR('',#2688,1.);
#328=VECTOR('',#2691,1.);
#329=VECTOR('',#2694,1.);
#330=VECTOR('',#2699,1.);
#331=VECTOR('',#2700,1.);
#332=VECTOR('',#2701,1.);
#333=VECTOR('',#2702,1.);
#334=VECTOR('',#2703,1.);
#335=VECTOR('',#2704,1.);
#336=VECTOR('',#2705,1.);
#337=VECTOR('',#2706,1.);
#338=VECTOR('',#2707,1.);
#339=VECTOR('',#2708,1.);
#340=VECTOR('',#2709,1.);
#341=VECTOR('',#2710,1.);
#342=VECTOR('',#2711,1.);
#343=VECTOR('',#2712,1.);
#344=VECTOR('',#2713,1.);
#345=VECTOR('',#2730,1.);
#346=VECTOR('',#2731,1.);
#347=VECTOR('',#2732,1.);
#348=VECTOR('',#2733,1.);
#349=VECTOR('',#2734,1.);
#350=VECTOR('',#2735,1.);
#351=VECTOR('',#2736,1.);
#352=VECTOR('',#2739,1.);
#353=VECTOR('',#2740,1.);
#354=VECTOR('',#2741,1.);
#355=VECTOR('',#2742,1.);
#356=VECTOR('',#2743,1.);
#357=VECTOR('',#2744,1.);
#358=VECTOR('',#2745,1.);
#359=VECTOR('',#2748,1.);
#360=VECTOR('',#2749,1.);
#361=VECTOR('',#2750,1.);
#362=VECTOR('',#2751,1.);
#363=VECTOR('',#2754,1.);
#364=VECTOR('',#2755,1.);
#365=VECTOR('',#2756,1.);
#366=VECTOR('',#2757,1.);
#367=VECTOR('',#2758,1.);
#368=VECTOR('',#2761,1.);
#369=VECTOR('',#2762,1.);
#370=VECTOR('',#2763,1.);
#371=VECTOR('',#2764,1.);
#372=VECTOR('',#2765,1.);
#373=VECTOR('',#2772,1.);
#374=VECTOR('',#2773,1.);
#375=VECTOR('',#2774,1.);
#376=VECTOR('',#2775,1.);
#377=VECTOR('',#2776,1.);
#378=VECTOR('',#2777,1.);
#379=VECTOR('',#2780,1.);
#380=VECTOR('',#2783,1.);
#381=VECTOR('',#2784,1.);
#382=VECTOR('',#2787,1.);
#383=VECTOR('',#2790,1.);
#384=VECTOR('',#2791,1.);
#385=VECTOR('',#2794,1.);
#386=VECTOR('',#2797,1.);
#387=VECTOR('',#2798,1.);
#388=VECTOR('',#2807,1.);
#389=VECTOR('',#2808,1.);
#390=VECTOR('',#2817,1.);
#391=VECTOR('',#2820,1.);
#392=VECTOR('',#2823,1.);
#393=VECTOR('',#2826,1.);
#394=VECTOR('',#2847,1.);
#395=VECTOR('',#2852,1.);
#396=VECTOR('',#2863,1.);
#397=VECTOR('',#2864,1.);
#398=VECTOR('',#2879,1.);
#399=VECTOR('',#2880,1.);
#400=VECTOR('',#2883,1.);
#401=VECTOR('',#2884,1.);
#402=VECTOR('',#2887,1.);
#403=VECTOR('',#2888,1.);
#404=VECTOR('',#2891,1.);
#405=VECTOR('',#2896,1.);
#406=VECTOR('',#2897,1.);
#407=VECTOR('',#2900,1.);
#408=VECTOR('',#2905,1.);
#409=VECTOR('',#2910,1.);
#410=VECTOR('',#2911,1.);
#411=VECTOR('',#2926,1.);
#412=VECTOR('',#2927,1.);
#413=VECTOR('',#2928,1.);
#414=VECTOR('',#2929,1.);
#415=VECTOR('',#2932,1.);
#416=VECTOR('',#2937,1.);
#417=VECTOR('',#2948,1.);
#418=VECTOR('',#2949,1.);
#419=VECTOR('',#2952,1.);
#420=VECTOR('',#2953,1.);
#421=VECTOR('',#2956,1.);
#422=VECTOR('',#2961,1.);
#423=VECTOR('',#2962,1.);
#424=VECTOR('',#2965,1.);
#425=VECTOR('',#2970,1.);
#426=VECTOR('',#2971,1.);
#427=VECTOR('',#2974,1.);
#428=VECTOR('',#2979,1.);
#429=VECTOR('',#2980,1.);
#430=VECTOR('',#2985,1.);
#431=VECTOR('',#2988,1.);
#432=VECTOR('',#2995,1.);
#433=VECTOR('',#2996,1.);
#434=VECTOR('',#3001,1.);
#435=VECTOR('',#3004,1.);
#436=VECTOR('',#3093,1.);
#437=VECTOR('',#3098,1.);
#438=VECTOR('',#3107,1.);
#439=VECTOR('',#3108,1.);
#440=VECTOR('',#3111,1.);
#441=VECTOR('',#3116,1.);
#442=VECTOR('',#3129,1.);
#443=VECTOR('',#3130,1.);
#444=VECTOR('',#3135,1.);
#445=VECTOR('',#3138,1.);
#446=VECTOR('',#3151,1.);
#447=VECTOR('',#3152,1.);
#448=VECTOR('',#3155,1.);
#449=VECTOR('',#3160,1.);
#450=VECTOR('',#3173,1.);
#451=VECTOR('',#3174,1.);
#452=VECTOR('',#3211,1.);
#453=VECTOR('',#3212,1.);
#454=VECTOR('',#3215,1.);
#455=VECTOR('',#3216,1.);
#456=VECTOR('',#3219,1.);
#457=VECTOR('',#3220,1.);
#458=VECTOR('',#3223,1.);
#459=VECTOR('',#3224,1.);
#460=VECTOR('',#3247,1.);
#461=VECTOR('',#3248,1.);
#462=VECTOR('',#3251,1.);
#463=VECTOR('',#3256,1.);
#464=VECTOR('',#3257,1.);
#465=VECTOR('',#3260,1.);
#466=ORIENTED_EDGE('',*,*,#1090,.T.);
#467=ORIENTED_EDGE('',*,*,#1091,.T.);
#468=ORIENTED_EDGE('',*,*,#1092,.F.);
#469=ORIENTED_EDGE('',*,*,#1093,.F.);
#470=ORIENTED_EDGE('',*,*,#1094,.F.);
#471=ORIENTED_EDGE('',*,*,#1095,.F.);
#472=ORIENTED_EDGE('',*,*,#1096,.T.);
#473=ORIENTED_EDGE('',*,*,#1097,.F.);
#474=ORIENTED_EDGE('',*,*,#1098,.F.);
#475=ORIENTED_EDGE('',*,*,#1099,.F.);
#476=ORIENTED_EDGE('',*,*,#1100,.T.);
#477=ORIENTED_EDGE('',*,*,#1101,.F.);
#478=ORIENTED_EDGE('',*,*,#1102,.F.);
#479=ORIENTED_EDGE('',*,*,#1103,.F.);
#480=ORIENTED_EDGE('',*,*,#1104,.T.);
#481=ORIENTED_EDGE('',*,*,#1105,.F.);
#482=ORIENTED_EDGE('',*,*,#1106,.F.);
#483=ORIENTED_EDGE('',*,*,#1107,.F.);
#484=ORIENTED_EDGE('',*,*,#1108,.F.);
#485=ORIENTED_EDGE('',*,*,#1109,.T.);
#486=ORIENTED_EDGE('',*,*,#1110,.T.);
#487=ORIENTED_EDGE('',*,*,#1111,.F.);
#488=ORIENTED_EDGE('',*,*,#1112,.T.);
#489=ORIENTED_EDGE('',*,*,#1113,.T.);
#490=ORIENTED_EDGE('',*,*,#1114,.F.);
#491=ORIENTED_EDGE('',*,*,#1115,.F.);
#492=ORIENTED_EDGE('',*,*,#1116,.F.);
#493=ORIENTED_EDGE('',*,*,#1117,.F.);
#494=ORIENTED_EDGE('',*,*,#1118,.F.);
#495=ORIENTED_EDGE('',*,*,#1119,.T.);
#496=ORIENTED_EDGE('',*,*,#1120,.T.);
#497=ORIENTED_EDGE('',*,*,#1121,.T.);
#498=ORIENTED_EDGE('',*,*,#1122,.T.);
#499=ORIENTED_EDGE('',*,*,#1123,.T.);
#500=ORIENTED_EDGE('',*,*,#1124,.T.);
#501=ORIENTED_EDGE('',*,*,#1125,.T.);
#502=ORIENTED_EDGE('',*,*,#1126,.T.);
#503=ORIENTED_EDGE('',*,*,#1127,.F.);
#504=ORIENTED_EDGE('',*,*,#1128,.T.);
#505=ORIENTED_EDGE('',*,*,#1129,.F.);
#506=ORIENTED_EDGE('',*,*,#1130,.F.);
#507=ORIENTED_EDGE('',*,*,#1131,.F.);
#508=ORIENTED_EDGE('',*,*,#1132,.T.);
#509=ORIENTED_EDGE('',*,*,#1133,.T.);
#510=ORIENTED_EDGE('',*,*,#1134,.F.);
#511=ORIENTED_EDGE('',*,*,#1135,.F.);
#512=ORIENTED_EDGE('',*,*,#1136,.T.);
#513=ORIENTED_EDGE('',*,*,#1137,.F.);
#514=ORIENTED_EDGE('',*,*,#1138,.T.);
#515=ORIENTED_EDGE('',*,*,#1139,.T.);
#516=ORIENTED_EDGE('',*,*,#1140,.T.);
#517=ORIENTED_EDGE('',*,*,#1141,.T.);
#518=ORIENTED_EDGE('',*,*,#1142,.T.);
#519=ORIENTED_EDGE('',*,*,#1097,.T.);
#520=ORIENTED_EDGE('',*,*,#1143,.T.);
#521=ORIENTED_EDGE('',*,*,#1144,.F.);
#522=ORIENTED_EDGE('',*,*,#1145,.T.);
#523=ORIENTED_EDGE('',*,*,#1117,.T.);
#524=ORIENTED_EDGE('',*,*,#1146,.F.);
#525=ORIENTED_EDGE('',*,*,#1147,.T.);
#526=ORIENTED_EDGE('',*,*,#1148,.F.);
#527=ORIENTED_EDGE('',*,*,#1149,.T.);
#528=ORIENTED_EDGE('',*,*,#1150,.T.);
#529=ORIENTED_EDGE('',*,*,#1151,.T.);
#530=ORIENTED_EDGE('',*,*,#1152,.T.);
#531=ORIENTED_EDGE('',*,*,#1093,.T.);
#532=ORIENTED_EDGE('',*,*,#1153,.F.);
#533=ORIENTED_EDGE('',*,*,#1154,.F.);
#534=ORIENTED_EDGE('',*,*,#1155,.F.);
#535=ORIENTED_EDGE('',*,*,#1156,.T.);
#536=ORIENTED_EDGE('',*,*,#1157,.T.);
#537=ORIENTED_EDGE('',*,*,#1158,.T.);
#538=ORIENTED_EDGE('',*,*,#1159,.T.);
#539=ORIENTED_EDGE('',*,*,#1160,.T.);
#540=ORIENTED_EDGE('',*,*,#1161,.T.);
#541=ORIENTED_EDGE('',*,*,#1162,.T.);
#542=ORIENTED_EDGE('',*,*,#1163,.T.);
#543=ORIENTED_EDGE('',*,*,#1164,.F.);
#544=ORIENTED_EDGE('',*,*,#1165,.T.);
#545=ORIENTED_EDGE('',*,*,#1111,.T.);
#546=ORIENTED_EDGE('',*,*,#1166,.F.);
#547=ORIENTED_EDGE('',*,*,#1167,.F.);
#548=ORIENTED_EDGE('',*,*,#1168,.F.);
#549=ORIENTED_EDGE('',*,*,#1169,.F.);
#550=ORIENTED_EDGE('',*,*,#1170,.F.);
#551=ORIENTED_EDGE('',*,*,#1171,.T.);
#552=ORIENTED_EDGE('',*,*,#1172,.F.);
#553=ORIENTED_EDGE('',*,*,#1173,.T.);
#554=ORIENTED_EDGE('',*,*,#1174,.T.);
#555=ORIENTED_EDGE('',*,*,#1175,.T.);
#556=ORIENTED_EDGE('',*,*,#1176,.T.);
#557=ORIENTED_EDGE('',*,*,#1177,.T.);
#558=ORIENTED_EDGE('',*,*,#1178,.T.);
#559=ORIENTED_EDGE('',*,*,#1179,.F.);
#560=ORIENTED_EDGE('',*,*,#1180,.F.);
#561=ORIENTED_EDGE('',*,*,#1181,.F.);
#562=ORIENTED_EDGE('',*,*,#1182,.F.);
#563=ORIENTED_EDGE('',*,*,#1183,.F.);
#564=ORIENTED_EDGE('',*,*,#1184,.F.);
#565=ORIENTED_EDGE('',*,*,#1185,.F.);
#566=ORIENTED_EDGE('',*,*,#1186,.T.);
#567=ORIENTED_EDGE('',*,*,#1136,.F.);
#568=ORIENTED_EDGE('',*,*,#1187,.F.);
#569=ORIENTED_EDGE('',*,*,#1188,.T.);
#570=ORIENTED_EDGE('',*,*,#1189,.T.);
#571=ORIENTED_EDGE('',*,*,#1190,.F.);
#572=ORIENTED_EDGE('',*,*,#1191,.T.);
#573=ORIENTED_EDGE('',*,*,#1172,.T.);
#574=ORIENTED_EDGE('',*,*,#1192,.F.);
#575=ORIENTED_EDGE('',*,*,#1193,.F.);
#576=ORIENTED_EDGE('',*,*,#1194,.T.);
#577=ORIENTED_EDGE('',*,*,#1168,.T.);
#578=ORIENTED_EDGE('',*,*,#1195,.F.);
#579=ORIENTED_EDGE('',*,*,#1196,.T.);
#580=ORIENTED_EDGE('',*,*,#1197,.F.);
#581=ORIENTED_EDGE('',*,*,#1198,.F.);
#582=ORIENTED_EDGE('',*,*,#1199,.T.);
#583=ORIENTED_EDGE('',*,*,#1140,.F.);
#584=ORIENTED_EDGE('',*,*,#1200,.F.);
#585=ORIENTED_EDGE('',*,*,#1201,.F.);
#586=ORIENTED_EDGE('',*,*,#1202,.F.);
#587=ORIENTED_EDGE('',*,*,#1196,.F.);
#588=ORIENTED_EDGE('',*,*,#1203,.F.);
#589=ORIENTED_EDGE('',*,*,#1204,.T.);
#590=ORIENTED_EDGE('',*,*,#1108,.T.);
#591=ORIENTED_EDGE('',*,*,#1190,.T.);
#592=ORIENTED_EDGE('',*,*,#1205,.T.);
#593=ORIENTED_EDGE('',*,*,#1206,.T.);
#594=ORIENTED_EDGE('',*,*,#1207,.F.);
#595=ORIENTED_EDGE('',*,*,#1208,.F.);
#596=ORIENTED_EDGE('',*,*,#1209,.T.);
#597=ORIENTED_EDGE('',*,*,#1210,.F.);
#598=ORIENTED_EDGE('',*,*,#1211,.T.);
#599=ORIENTED_EDGE('',*,*,#1188,.F.);
#600=ORIENTED_EDGE('',*,*,#1212,.F.);
#601=ORIENTED_EDGE('',*,*,#1213,.T.);
#602=ORIENTED_EDGE('',*,*,#1214,.T.);
#603=ORIENTED_EDGE('',*,*,#1215,.T.);
#604=ORIENTED_EDGE('',*,*,#1216,.T.);
#605=ORIENTED_EDGE('',*,*,#1151,.F.);
#606=ORIENTED_EDGE('',*,*,#1217,.T.);
#607=ORIENTED_EDGE('',*,*,#1218,.T.);
#608=ORIENTED_EDGE('',*,*,#1147,.F.);
#609=ORIENTED_EDGE('',*,*,#1219,.F.);
#610=ORIENTED_EDGE('',*,*,#1220,.F.);
#611=ORIENTED_EDGE('',*,*,#1221,.F.);
#612=ORIENTED_EDGE('',*,*,#1222,.F.);
#613=ORIENTED_EDGE('',*,*,#1223,.T.);
#614=ORIENTED_EDGE('',*,*,#1175,.F.);
#615=ORIENTED_EDGE('',*,*,#1224,.F.);
#616=ORIENTED_EDGE('',*,*,#1225,.F.);
#617=ORIENTED_EDGE('',*,*,#1207,.T.);
#618=ORIENTED_EDGE('',*,*,#1226,.T.);
#619=ORIENTED_EDGE('',*,*,#1227,.T.);
#620=ORIENTED_EDGE('',*,*,#1228,.T.);
#621=ORIENTED_EDGE('',*,*,#1229,.F.);
#622=ORIENTED_EDGE('',*,*,#1230,.T.);
#623=ORIENTED_EDGE('',*,*,#1231,.T.);
#624=ORIENTED_EDGE('',*,*,#1232,.T.);
#625=ORIENTED_EDGE('',*,*,#1214,.F.);
#626=ORIENTED_EDGE('',*,*,#1233,.T.);
#627=ORIENTED_EDGE('',*,*,#1234,.T.);
#628=ORIENTED_EDGE('',*,*,#1133,.F.);
#629=ORIENTED_EDGE('',*,*,#1235,.T.);
#630=ORIENTED_EDGE('',*,*,#1236,.T.);
#631=ORIENTED_EDGE('',*,*,#1237,.F.);
#632=ORIENTED_EDGE('',*,*,#1238,.T.);
#633=ORIENTED_EDGE('',*,*,#1239,.T.);
#634=ORIENTED_EDGE('',*,*,#1152,.F.);
#635=ORIENTED_EDGE('',*,*,#1237,.T.);
#636=ORIENTED_EDGE('',*,*,#1240,.T.);
#637=ORIENTED_EDGE('',*,*,#1241,.T.);
#638=ORIENTED_EDGE('',*,*,#1129,.T.);
#639=ORIENTED_EDGE('',*,*,#1242,.F.);
#640=ORIENTED_EDGE('',*,*,#1243,.F.);
#641=ORIENTED_EDGE('',*,*,#1094,.T.);
#642=ORIENTED_EDGE('',*,*,#1244,.T.);
#643=ORIENTED_EDGE('',*,*,#1245,.T.);
#644=ORIENTED_EDGE('',*,*,#1178,.F.);
#645=ORIENTED_EDGE('',*,*,#1246,.F.);
#646=ORIENTED_EDGE('',*,*,#1247,.F.);
#647=ORIENTED_EDGE('',*,*,#1221,.T.);
#648=ORIENTED_EDGE('',*,*,#1248,.T.);
#649=ORIENTED_EDGE('',*,*,#1114,.T.);
#650=ORIENTED_EDGE('',*,*,#1249,.T.);
#651=ORIENTED_EDGE('',*,*,#1250,.T.);
#652=ORIENTED_EDGE('',*,*,#1248,.F.);
#653=ORIENTED_EDGE('',*,*,#1220,.T.);
#654=ORIENTED_EDGE('',*,*,#1251,.T.);
#655=ORIENTED_EDGE('',*,*,#1115,.T.);
#656=ORIENTED_EDGE('',*,*,#1252,.T.);
#657=ORIENTED_EDGE('',*,*,#1253,.T.);
#658=ORIENTED_EDGE('',*,*,#1254,.T.);
#659=ORIENTED_EDGE('',*,*,#1255,.T.);
#660=ORIENTED_EDGE('',*,*,#1256,.T.);
#661=ORIENTED_EDGE('',*,*,#1257,.T.);
#662=ORIENTED_EDGE('',*,*,#1258,.F.);
#663=ORIENTED_EDGE('',*,*,#1259,.F.);
#664=ORIENTED_EDGE('',*,*,#1251,.F.);
#665=ORIENTED_EDGE('',*,*,#1219,.T.);
#666=ORIENTED_EDGE('',*,*,#1146,.T.);
#667=ORIENTED_EDGE('',*,*,#1116,.T.);
#668=ORIENTED_EDGE('',*,*,#1225,.T.);
#669=ORIENTED_EDGE('',*,*,#1260,.F.);
#670=ORIENTED_EDGE('',*,*,#1261,.F.);
#671=ORIENTED_EDGE('',*,*,#1208,.T.);
#672=ORIENTED_EDGE('',*,*,#1224,.T.);
#673=ORIENTED_EDGE('',*,*,#1174,.F.);
#674=ORIENTED_EDGE('',*,*,#1262,.F.);
#675=ORIENTED_EDGE('',*,*,#1260,.T.);
#676=ORIENTED_EDGE('',*,*,#1263,.T.);
#677=ORIENTED_EDGE('',*,*,#1264,.T.);
#678=ORIENTED_EDGE('',*,*,#1264,.F.);
#679=ORIENTED_EDGE('',*,*,#1209,.F.);
#680=ORIENTED_EDGE('',*,*,#1261,.T.);
#681=ORIENTED_EDGE('',*,*,#1262,.T.);
#682=ORIENTED_EDGE('',*,*,#1173,.F.);
#683=ORIENTED_EDGE('',*,*,#1191,.F.);
#684=ORIENTED_EDGE('',*,*,#1234,.F.);
#685=ORIENTED_EDGE('',*,*,#1265,.F.);
#686=ORIENTED_EDGE('',*,*,#1266,.T.);
#687=ORIENTED_EDGE('',*,*,#1134,.T.);
#688=ORIENTED_EDGE('',*,*,#1267,.T.);
#689=ORIENTED_EDGE('',*,*,#1268,.F.);
#690=ORIENTED_EDGE('',*,*,#1233,.F.);
#691=ORIENTED_EDGE('',*,*,#1213,.F.);
#692=ORIENTED_EDGE('',*,*,#1269,.T.);
#693=ORIENTED_EDGE('',*,*,#1265,.T.);
#694=ORIENTED_EDGE('',*,*,#1268,.T.);
#695=ORIENTED_EDGE('',*,*,#1212,.T.);
#696=ORIENTED_EDGE('',*,*,#1187,.T.);
#697=ORIENTED_EDGE('',*,*,#1135,.T.);
#698=ORIENTED_EDGE('',*,*,#1266,.F.);
#699=ORIENTED_EDGE('',*,*,#1269,.F.);
#700=ORIENTED_EDGE('',*,*,#1226,.F.);
#701=ORIENTED_EDGE('',*,*,#1206,.F.);
#702=ORIENTED_EDGE('',*,*,#1270,.T.);
#703=ORIENTED_EDGE('',*,*,#1271,.T.);
#704=ORIENTED_EDGE('',*,*,#1232,.F.);
#705=ORIENTED_EDGE('',*,*,#1272,.F.);
#706=ORIENTED_EDGE('',*,*,#1273,.T.);
#707=ORIENTED_EDGE('',*,*,#1210,.T.);
#708=ORIENTED_EDGE('',*,*,#1231,.F.);
#709=ORIENTED_EDGE('',*,*,#1274,.F.);
#710=ORIENTED_EDGE('',*,*,#1275,.T.);
#711=ORIENTED_EDGE('',*,*,#1272,.T.);
#712=ORIENTED_EDGE('',*,*,#1230,.F.);
#713=ORIENTED_EDGE('',*,*,#1276,.F.);
#714=ORIENTED_EDGE('',*,*,#1277,.T.);
#715=ORIENTED_EDGE('',*,*,#1274,.T.);
#716=ORIENTED_EDGE('',*,*,#1229,.T.);
#717=ORIENTED_EDGE('',*,*,#1278,.F.);
#718=ORIENTED_EDGE('',*,*,#1279,.F.);
#719=ORIENTED_EDGE('',*,*,#1276,.T.);
#720=ORIENTED_EDGE('',*,*,#1228,.F.);
#721=ORIENTED_EDGE('',*,*,#1280,.F.);
#722=ORIENTED_EDGE('',*,*,#1281,.T.);
#723=ORIENTED_EDGE('',*,*,#1278,.T.);
#724=ORIENTED_EDGE('',*,*,#1227,.F.);
#725=ORIENTED_EDGE('',*,*,#1271,.F.);
#726=ORIENTED_EDGE('',*,*,#1282,.T.);
#727=ORIENTED_EDGE('',*,*,#1280,.T.);
#728=ORIENTED_EDGE('',*,*,#1270,.F.);
#729=ORIENTED_EDGE('',*,*,#1205,.F.);
#730=ORIENTED_EDGE('',*,*,#1189,.F.);
#731=ORIENTED_EDGE('',*,*,#1211,.F.);
#732=ORIENTED_EDGE('',*,*,#1273,.F.);
#733=ORIENTED_EDGE('',*,*,#1275,.F.);
#734=ORIENTED_EDGE('',*,*,#1277,.F.);
#735=ORIENTED_EDGE('',*,*,#1279,.T.);
#736=ORIENTED_EDGE('',*,*,#1281,.F.);
#737=ORIENTED_EDGE('',*,*,#1282,.F.);
#738=ORIENTED_EDGE('',*,*,#1110,.F.);
#739=ORIENTED_EDGE('',*,*,#1283,.F.);
#740=ORIENTED_EDGE('',*,*,#1284,.T.);
#741=ORIENTED_EDGE('',*,*,#1166,.T.);
#742=ORIENTED_EDGE('',*,*,#1285,.T.);
#743=ORIENTED_EDGE('',*,*,#1286,.F.);
#744=ORIENTED_EDGE('',*,*,#1109,.F.);
#745=ORIENTED_EDGE('',*,*,#1204,.F.);
#746=ORIENTED_EDGE('',*,*,#1287,.T.);
#747=ORIENTED_EDGE('',*,*,#1283,.T.);
#748=ORIENTED_EDGE('',*,*,#1286,.T.);
#749=ORIENTED_EDGE('',*,*,#1203,.T.);
#750=ORIENTED_EDGE('',*,*,#1195,.T.);
#751=ORIENTED_EDGE('',*,*,#1167,.T.);
#752=ORIENTED_EDGE('',*,*,#1284,.F.);
#753=ORIENTED_EDGE('',*,*,#1287,.F.);
#754=ORIENTED_EDGE('',*,*,#1288,.F.);
#755=ORIENTED_EDGE('',*,*,#1289,.T.);
#756=ORIENTED_EDGE('',*,*,#1100,.F.);
#757=ORIENTED_EDGE('',*,*,#1290,.F.);
#758=ORIENTED_EDGE('',*,*,#1291,.T.);
#759=ORIENTED_EDGE('',*,*,#1198,.T.);
#760=ORIENTED_EDGE('',*,*,#1099,.T.);
#761=ORIENTED_EDGE('',*,*,#1292,.F.);
#762=ORIENTED_EDGE('',*,*,#1293,.F.);
#763=ORIENTED_EDGE('',*,*,#1290,.T.);
#764=ORIENTED_EDGE('',*,*,#1098,.T.);
#765=ORIENTED_EDGE('',*,*,#1142,.F.);
#766=ORIENTED_EDGE('',*,*,#1294,.F.);
#767=ORIENTED_EDGE('',*,*,#1292,.T.);
#768=ORIENTED_EDGE('',*,*,#1295,.T.);
#769=ORIENTED_EDGE('',*,*,#1296,.T.);
#770=ORIENTED_EDGE('',*,*,#1296,.F.);
#771=ORIENTED_EDGE('',*,*,#1291,.F.);
#772=ORIENTED_EDGE('',*,*,#1293,.T.);
#773=ORIENTED_EDGE('',*,*,#1294,.T.);
#774=ORIENTED_EDGE('',*,*,#1141,.F.);
#775=ORIENTED_EDGE('',*,*,#1199,.F.);
#776=ORIENTED_EDGE('',*,*,#1107,.T.);
#777=ORIENTED_EDGE('',*,*,#1297,.F.);
#778=ORIENTED_EDGE('',*,*,#1298,.F.);
#779=ORIENTED_EDGE('',*,*,#1201,.T.);
#780=ORIENTED_EDGE('',*,*,#1106,.T.);
#781=ORIENTED_EDGE('',*,*,#1299,.F.);
#782=ORIENTED_EDGE('',*,*,#1300,.F.);
#783=ORIENTED_EDGE('',*,*,#1297,.T.);
#784=ORIENTED_EDGE('',*,*,#1105,.T.);
#785=ORIENTED_EDGE('',*,*,#1301,.F.);
#786=ORIENTED_EDGE('',*,*,#1302,.F.);
#787=ORIENTED_EDGE('',*,*,#1299,.T.);
#788=ORIENTED_EDGE('',*,*,#1104,.F.);
#789=ORIENTED_EDGE('',*,*,#1303,.F.);
#790=ORIENTED_EDGE('',*,*,#1304,.T.);
#791=ORIENTED_EDGE('',*,*,#1301,.T.);
#792=ORIENTED_EDGE('',*,*,#1103,.T.);
#793=ORIENTED_EDGE('',*,*,#1305,.F.);
#794=ORIENTED_EDGE('',*,*,#1306,.F.);
#795=ORIENTED_EDGE('',*,*,#1303,.T.);
#796=ORIENTED_EDGE('',*,*,#1102,.T.);
#797=ORIENTED_EDGE('',*,*,#1307,.F.);
#798=ORIENTED_EDGE('',*,*,#1308,.F.);
#799=ORIENTED_EDGE('',*,*,#1305,.T.);
#800=ORIENTED_EDGE('',*,*,#1101,.T.);
#801=ORIENTED_EDGE('',*,*,#1289,.F.);
#802=ORIENTED_EDGE('',*,*,#1309,.F.);
#803=ORIENTED_EDGE('',*,*,#1307,.T.);
#804=ORIENTED_EDGE('',*,*,#1298,.T.);
#805=ORIENTED_EDGE('',*,*,#1300,.T.);
#806=ORIENTED_EDGE('',*,*,#1302,.T.);
#807=ORIENTED_EDGE('',*,*,#1304,.F.);
#808=ORIENTED_EDGE('',*,*,#1306,.T.);
#809=ORIENTED_EDGE('',*,*,#1308,.T.);
#810=ORIENTED_EDGE('',*,*,#1309,.T.);
#811=ORIENTED_EDGE('',*,*,#1288,.T.);
#812=ORIENTED_EDGE('',*,*,#1197,.T.);
#813=ORIENTED_EDGE('',*,*,#1202,.T.);
#814=ORIENTED_EDGE('',*,*,#1310,.F.);
#815=ORIENTED_EDGE('',*,*,#1311,.T.);
#816=ORIENTED_EDGE('',*,*,#1200,.T.);
#817=ORIENTED_EDGE('',*,*,#1139,.F.);
#818=ORIENTED_EDGE('',*,*,#1312,.F.);
#819=ORIENTED_EDGE('',*,*,#1313,.T.);
#820=ORIENTED_EDGE('',*,*,#1185,.T.);
#821=ORIENTED_EDGE('',*,*,#1311,.F.);
#822=ORIENTED_EDGE('',*,*,#1313,.F.);
#823=ORIENTED_EDGE('',*,*,#1314,.T.);
#824=ORIENTED_EDGE('',*,*,#1137,.T.);
#825=ORIENTED_EDGE('',*,*,#1186,.F.);
#826=ORIENTED_EDGE('',*,*,#1315,.T.);
#827=ORIENTED_EDGE('',*,*,#1314,.F.);
#828=ORIENTED_EDGE('',*,*,#1312,.T.);
#829=ORIENTED_EDGE('',*,*,#1310,.T.);
#830=ORIENTED_EDGE('',*,*,#1138,.F.);
#831=ORIENTED_EDGE('',*,*,#1316,.F.);
#832=ORIENTED_EDGE('',*,*,#1317,.T.);
#833=ORIENTED_EDGE('',*,*,#1169,.T.);
#834=ORIENTED_EDGE('',*,*,#1194,.F.);
#835=ORIENTED_EDGE('',*,*,#1318,.F.);
#836=ORIENTED_EDGE('',*,*,#1316,.T.);
#837=ORIENTED_EDGE('',*,*,#1193,.T.);
#838=ORIENTED_EDGE('',*,*,#1319,.F.);
#839=ORIENTED_EDGE('',*,*,#1320,.F.);
#840=ORIENTED_EDGE('',*,*,#1319,.T.);
#841=ORIENTED_EDGE('',*,*,#1192,.T.);
#842=ORIENTED_EDGE('',*,*,#1171,.F.);
#843=ORIENTED_EDGE('',*,*,#1321,.T.);
#844=ORIENTED_EDGE('',*,*,#1317,.F.);
#845=ORIENTED_EDGE('',*,*,#1318,.T.);
#846=ORIENTED_EDGE('',*,*,#1320,.T.);
#847=ORIENTED_EDGE('',*,*,#1170,.T.);
#848=ORIENTED_EDGE('',*,*,#1322,.T.);
#849=ORIENTED_EDGE('',*,*,#1259,.T.);
#850=ORIENTED_EDGE('',*,*,#1323,.T.);
#851=ORIENTED_EDGE('',*,*,#1258,.T.);
#852=ORIENTED_EDGE('',*,*,#1324,.T.);
#853=ORIENTED_EDGE('',*,*,#1325,.T.);
#854=ORIENTED_EDGE('',*,*,#1326,.T.);
#855=ORIENTED_EDGE('',*,*,#1327,.T.);
#856=ORIENTED_EDGE('',*,*,#1328,.T.);
#857=ORIENTED_EDGE('',*,*,#1329,.T.);
#858=ORIENTED_EDGE('',*,*,#1330,.T.);
#859=ORIENTED_EDGE('',*,*,#1331,.T.);
#860=ORIENTED_EDGE('',*,*,#1332,.T.);
#861=ORIENTED_EDGE('',*,*,#1333,.T.);
#862=ORIENTED_EDGE('',*,*,#1334,.T.);
#863=ORIENTED_EDGE('',*,*,#1335,.T.);
#864=ORIENTED_EDGE('',*,*,#1183,.T.);
#865=ORIENTED_EDGE('',*,*,#1336,.F.);
#866=ORIENTED_EDGE('',*,*,#1336,.T.);
#867=ORIENTED_EDGE('',*,*,#1335,.F.);
#868=ORIENTED_EDGE('',*,*,#1184,.T.);
#869=ORIENTED_EDGE('',*,*,#1337,.F.);
#870=ORIENTED_EDGE('',*,*,#1337,.T.);
#871=ORIENTED_EDGE('',*,*,#1333,.F.);
#872=ORIENTED_EDGE('',*,*,#1180,.T.);
#873=ORIENTED_EDGE('',*,*,#1338,.F.);
#874=ORIENTED_EDGE('',*,*,#1338,.T.);
#875=ORIENTED_EDGE('',*,*,#1331,.F.);
#876=ORIENTED_EDGE('',*,*,#1181,.T.);
#877=ORIENTED_EDGE('',*,*,#1339,.F.);
#878=ORIENTED_EDGE('',*,*,#1339,.T.);
#879=ORIENTED_EDGE('',*,*,#1329,.F.);
#880=ORIENTED_EDGE('',*,*,#1182,.T.);
#881=ORIENTED_EDGE('',*,*,#1340,.F.);
#882=ORIENTED_EDGE('',*,*,#1340,.T.);
#883=ORIENTED_EDGE('',*,*,#1327,.F.);
#884=ORIENTED_EDGE('',*,*,#1179,.T.);
#885=ORIENTED_EDGE('',*,*,#1341,.F.);
#886=ORIENTED_EDGE('',*,*,#1341,.T.);
#887=ORIENTED_EDGE('',*,*,#1325,.F.);
#888=ORIENTED_EDGE('',*,*,#1240,.F.);
#889=ORIENTED_EDGE('',*,*,#1236,.F.);
#890=ORIENTED_EDGE('',*,*,#1342,.T.);
#891=ORIENTED_EDGE('',*,*,#1343,.T.);
#892=ORIENTED_EDGE('',*,*,#1344,.T.);
#893=ORIENTED_EDGE('',*,*,#1345,.T.);
#894=ORIENTED_EDGE('',*,*,#1241,.F.);
#895=ORIENTED_EDGE('',*,*,#1345,.F.);
#896=ORIENTED_EDGE('',*,*,#1346,.T.);
#897=ORIENTED_EDGE('',*,*,#1347,.T.);
#898=ORIENTED_EDGE('',*,*,#1130,.T.);
#899=ORIENTED_EDGE('',*,*,#1348,.T.);
#900=ORIENTED_EDGE('',*,*,#1349,.F.);
#901=ORIENTED_EDGE('',*,*,#1350,.T.);
#902=ORIENTED_EDGE('',*,*,#1343,.F.);
#903=ORIENTED_EDGE('',*,*,#1351,.T.);
#904=ORIENTED_EDGE('',*,*,#1349,.T.);
#905=ORIENTED_EDGE('',*,*,#1352,.T.);
#906=ORIENTED_EDGE('',*,*,#1350,.F.);
#907=ORIENTED_EDGE('',*,*,#1351,.F.);
#908=ORIENTED_EDGE('',*,*,#1342,.F.);
#909=ORIENTED_EDGE('',*,*,#1235,.F.);
#910=ORIENTED_EDGE('',*,*,#1132,.F.);
#911=ORIENTED_EDGE('',*,*,#1353,.F.);
#912=ORIENTED_EDGE('',*,*,#1346,.F.);
#913=ORIENTED_EDGE('',*,*,#1344,.F.);
#914=ORIENTED_EDGE('',*,*,#1352,.F.);
#915=ORIENTED_EDGE('',*,*,#1246,.T.);
#916=ORIENTED_EDGE('',*,*,#1177,.F.);
#917=ORIENTED_EDGE('',*,*,#1354,.T.);
#918=ORIENTED_EDGE('',*,*,#1355,.T.);
#919=ORIENTED_EDGE('',*,*,#1356,.T.);
#920=ORIENTED_EDGE('',*,*,#1357,.T.);
#921=ORIENTED_EDGE('',*,*,#1358,.T.);
#922=ORIENTED_EDGE('',*,*,#1247,.T.);
#923=ORIENTED_EDGE('',*,*,#1355,.F.);
#924=ORIENTED_EDGE('',*,*,#1359,.T.);
#925=ORIENTED_EDGE('',*,*,#1360,.F.);
#926=ORIENTED_EDGE('',*,*,#1361,.T.);
#927=ORIENTED_EDGE('',*,*,#1222,.T.);
#928=ORIENTED_EDGE('',*,*,#1360,.T.);
#929=ORIENTED_EDGE('',*,*,#1362,.T.);
#930=ORIENTED_EDGE('',*,*,#1357,.F.);
#931=ORIENTED_EDGE('',*,*,#1363,.T.);
#932=ORIENTED_EDGE('',*,*,#1354,.F.);
#933=ORIENTED_EDGE('',*,*,#1176,.F.);
#934=ORIENTED_EDGE('',*,*,#1223,.F.);
#935=ORIENTED_EDGE('',*,*,#1361,.F.);
#936=ORIENTED_EDGE('',*,*,#1363,.F.);
#937=ORIENTED_EDGE('',*,*,#1358,.F.);
#938=ORIENTED_EDGE('',*,*,#1362,.F.);
#939=ORIENTED_EDGE('',*,*,#1359,.F.);
#940=ORIENTED_EDGE('',*,*,#1242,.T.);
#941=ORIENTED_EDGE('',*,*,#1128,.F.);
#942=ORIENTED_EDGE('',*,*,#1364,.F.);
#943=ORIENTED_EDGE('',*,*,#1365,.T.);
#944=ORIENTED_EDGE('',*,*,#1366,.T.);
#945=ORIENTED_EDGE('',*,*,#1367,.T.);
#946=ORIENTED_EDGE('',*,*,#1368,.T.);
#947=ORIENTED_EDGE('',*,*,#1369,.T.);
#948=ORIENTED_EDGE('',*,*,#1243,.T.);
#949=ORIENTED_EDGE('',*,*,#1366,.F.);
#950=ORIENTED_EDGE('',*,*,#1370,.T.);
#951=ORIENTED_EDGE('',*,*,#1371,.F.);
#952=ORIENTED_EDGE('',*,*,#1372,.T.);
#953=ORIENTED_EDGE('',*,*,#1095,.T.);
#954=ORIENTED_EDGE('',*,*,#1371,.T.);
#955=ORIENTED_EDGE('',*,*,#1373,.T.);
#956=ORIENTED_EDGE('',*,*,#1368,.F.);
#957=ORIENTED_EDGE('',*,*,#1374,.T.);
#958=ORIENTED_EDGE('',*,*,#1365,.F.);
#959=ORIENTED_EDGE('',*,*,#1375,.F.);
#960=ORIENTED_EDGE('',*,*,#1143,.F.);
#961=ORIENTED_EDGE('',*,*,#1096,.F.);
#962=ORIENTED_EDGE('',*,*,#1372,.F.);
#963=ORIENTED_EDGE('',*,*,#1374,.F.);
#964=ORIENTED_EDGE('',*,*,#1369,.F.);
#965=ORIENTED_EDGE('',*,*,#1373,.F.);
#966=ORIENTED_EDGE('',*,*,#1370,.F.);
#967=ORIENTED_EDGE('',*,*,#1249,.F.);
#968=ORIENTED_EDGE('',*,*,#1113,.F.);
#969=ORIENTED_EDGE('',*,*,#1376,.T.);
#970=ORIENTED_EDGE('',*,*,#1377,.T.);
#971=ORIENTED_EDGE('',*,*,#1378,.T.);
#972=ORIENTED_EDGE('',*,*,#1379,.T.);
#973=ORIENTED_EDGE('',*,*,#1250,.F.);
#974=ORIENTED_EDGE('',*,*,#1379,.F.);
#975=ORIENTED_EDGE('',*,*,#1380,.T.);
#976=ORIENTED_EDGE('',*,*,#1164,.T.);
#977=ORIENTED_EDGE('',*,*,#1381,.T.);
#978=ORIENTED_EDGE('',*,*,#1382,.F.);
#979=ORIENTED_EDGE('',*,*,#1383,.T.);
#980=ORIENTED_EDGE('',*,*,#1377,.F.);
#981=ORIENTED_EDGE('',*,*,#1384,.T.);
#982=ORIENTED_EDGE('',*,*,#1382,.T.);
#983=ORIENTED_EDGE('',*,*,#1385,.T.);
#984=ORIENTED_EDGE('',*,*,#1383,.F.);
#985=ORIENTED_EDGE('',*,*,#1384,.F.);
#986=ORIENTED_EDGE('',*,*,#1376,.F.);
#987=ORIENTED_EDGE('',*,*,#1112,.F.);
#988=ORIENTED_EDGE('',*,*,#1165,.F.);
#989=ORIENTED_EDGE('',*,*,#1380,.F.);
#990=ORIENTED_EDGE('',*,*,#1378,.F.);
#991=ORIENTED_EDGE('',*,*,#1385,.F.);
#992=ORIENTED_EDGE('',*,*,#1244,.F.);
#993=ORIENTED_EDGE('',*,*,#1381,.F.);
#994=ORIENTED_EDGE('',*,*,#1367,.F.);
#995=ORIENTED_EDGE('',*,*,#1238,.F.);
#996=ORIENTED_EDGE('',*,*,#1356,.F.);
#997=ORIENTED_EDGE('',*,*,#1245,.F.);
#998=ORIENTED_EDGE('',*,*,#1239,.F.);
#999=ORIENTED_EDGE('',*,*,#1348,.F.);
#1000=ORIENTED_EDGE('',*,*,#1252,.F.);
#1001=ORIENTED_EDGE('',*,*,#1326,.F.);
#1002=ORIENTED_EDGE('',*,*,#1253,.F.);
#1003=ORIENTED_EDGE('',*,*,#1328,.F.);
#1004=ORIENTED_EDGE('',*,*,#1254,.F.);
#1005=ORIENTED_EDGE('',*,*,#1330,.F.);
#1006=ORIENTED_EDGE('',*,*,#1255,.F.);
#1007=ORIENTED_EDGE('',*,*,#1332,.F.);
#1008=ORIENTED_EDGE('',*,*,#1256,.F.);
#1009=ORIENTED_EDGE('',*,*,#1334,.F.);
#1010=ORIENTED_EDGE('',*,*,#1257,.F.);
#1011=ORIENTED_EDGE('',*,*,#1324,.F.);
#1012=ORIENTED_EDGE('',*,*,#1321,.F.);
#1013=ORIENTED_EDGE('',*,*,#1322,.F.);
#1014=ORIENTED_EDGE('',*,*,#1315,.F.);
#1015=ORIENTED_EDGE('',*,*,#1323,.F.);
#1016=ORIENTED_EDGE('',*,*,#1295,.F.);
#1017=ORIENTED_EDGE('',*,*,#1091,.F.);
#1018=ORIENTED_EDGE('',*,*,#1090,.F.);
#1019=ORIENTED_EDGE('',*,*,#1285,.F.);
#1020=ORIENTED_EDGE('',*,*,#1215,.F.);
#1021=ORIENTED_EDGE('',*,*,#1267,.F.);
#1022=ORIENTED_EDGE('',*,*,#1263,.F.);
#1023=ORIENTED_EDGE('',*,*,#1216,.F.);
#1024=ORIENTED_EDGE('',*,*,#1162,.F.);
#1025=ORIENTED_EDGE('',*,*,#1386,.T.);
#1026=ORIENTED_EDGE('',*,*,#1125,.F.);
#1027=ORIENTED_EDGE('',*,*,#1387,.T.);
#1028=ORIENTED_EDGE('',*,*,#1156,.F.);
#1029=ORIENTED_EDGE('',*,*,#1388,.T.);
#1030=ORIENTED_EDGE('',*,*,#1123,.F.);
#1031=ORIENTED_EDGE('',*,*,#1389,.T.);
#1032=ORIENTED_EDGE('',*,*,#1160,.F.);
#1033=ORIENTED_EDGE('',*,*,#1390,.T.);
#1034=ORIENTED_EDGE('',*,*,#1119,.F.);
#1035=ORIENTED_EDGE('',*,*,#1391,.T.);
#1036=ORIENTED_EDGE('',*,*,#1121,.F.);
#1037=ORIENTED_EDGE('',*,*,#1392,.T.);
#1038=ORIENTED_EDGE('',*,*,#1158,.F.);
#1039=ORIENTED_EDGE('',*,*,#1393,.T.);
#1040=ORIENTED_EDGE('',*,*,#1353,.T.);
#1041=ORIENTED_EDGE('',*,*,#1394,.F.);
#1042=ORIENTED_EDGE('',*,*,#1347,.F.);
#1043=ORIENTED_EDGE('',*,*,#1394,.T.);
#1044=ORIENTED_EDGE('',*,*,#1131,.T.);
#1045=ORIENTED_EDGE('',*,*,#1155,.T.);
#1046=ORIENTED_EDGE('',*,*,#1375,.T.);
#1047=ORIENTED_EDGE('',*,*,#1364,.T.);
#1048=ORIENTED_EDGE('',*,*,#1395,.F.);
#1049=ORIENTED_EDGE('',*,*,#1395,.T.);
#1050=ORIENTED_EDGE('',*,*,#1127,.T.);
#1051=ORIENTED_EDGE('',*,*,#1154,.T.);
#1052=ORIENTED_EDGE('',*,*,#1120,.F.);
#1053=ORIENTED_EDGE('',*,*,#1390,.F.);
#1054=ORIENTED_EDGE('',*,*,#1159,.F.);
#1055=ORIENTED_EDGE('',*,*,#1392,.F.);
#1056=ORIENTED_EDGE('',*,*,#1126,.F.);
#1057=ORIENTED_EDGE('',*,*,#1386,.F.);
#1058=ORIENTED_EDGE('',*,*,#1161,.F.);
#1059=ORIENTED_EDGE('',*,*,#1391,.F.);
#1060=ORIENTED_EDGE('',*,*,#1124,.F.);
#1061=ORIENTED_EDGE('',*,*,#1388,.F.);
#1062=ORIENTED_EDGE('',*,*,#1163,.F.);
#1063=ORIENTED_EDGE('',*,*,#1387,.F.);
#1064=ORIENTED_EDGE('',*,*,#1122,.F.);
#1065=ORIENTED_EDGE('',*,*,#1393,.F.);
#1066=ORIENTED_EDGE('',*,*,#1157,.F.);
#1067=ORIENTED_EDGE('',*,*,#1389,.F.);
#1068=ORIENTED_EDGE('',*,*,#1217,.F.);
#1069=ORIENTED_EDGE('',*,*,#1150,.F.);
#1070=ORIENTED_EDGE('',*,*,#1396,.T.);
#1071=ORIENTED_EDGE('',*,*,#1397,.T.);
#1072=ORIENTED_EDGE('',*,*,#1218,.F.);
#1073=ORIENTED_EDGE('',*,*,#1397,.F.);
#1074=ORIENTED_EDGE('',*,*,#1398,.T.);
#1075=ORIENTED_EDGE('',*,*,#1148,.T.);
#1076=ORIENTED_EDGE('',*,*,#1396,.F.);
#1077=ORIENTED_EDGE('',*,*,#1149,.F.);
#1078=ORIENTED_EDGE('',*,*,#1398,.F.);
#1079=ORIENTED_EDGE('',*,*,#1092,.T.);
#1080=ORIENTED_EDGE('',*,*,#1399,.F.);
#1081=ORIENTED_EDGE('',*,*,#1400,.F.);
#1082=ORIENTED_EDGE('',*,*,#1153,.T.);
#1083=ORIENTED_EDGE('',*,*,#1118,.T.);
#1084=ORIENTED_EDGE('',*,*,#1145,.F.);
#1085=ORIENTED_EDGE('',*,*,#1401,.F.);
#1086=ORIENTED_EDGE('',*,*,#1399,.T.);
#1087=ORIENTED_EDGE('',*,*,#1400,.T.);
#1088=ORIENTED_EDGE('',*,*,#1401,.T.);
#1089=ORIENTED_EDGE('',*,*,#1144,.T.);
#1090=EDGE_CURVE('',#1402,#1402,#1628,.T.);
#1091=EDGE_CURVE('',#1403,#1403,#1629,.T.);
#1092=EDGE_CURVE('',#1404,#1405,#86,.T.);
#1093=EDGE_CURVE('',#1406,#1404,#87,.T.);
#1094=EDGE_CURVE('',#1407,#1406,#88,.T.);
#1095=EDGE_CURVE('',#1408,#1407,#89,.T.);
#1096=EDGE_CURVE('',#1408,#1409,#1630,.T.);
#1097=EDGE_CURVE('',#1410,#1409,#90,.T.);
#1098=EDGE_CURVE('',#1411,#1410,#91,.T.);
#1099=EDGE_CURVE('',#1412,#1411,#1631,.T.);
#1100=EDGE_CURVE('',#1412,#1413,#92,.T.);
#1101=EDGE_CURVE('',#1414,#1413,#93,.T.);
#1102=EDGE_CURVE('',#1415,#1414,#94,.T.);
#1103=EDGE_CURVE('',#1416,#1415,#1632,.F.);
#1104=EDGE_CURVE('',#1416,#1417,#95,.T.);
#1105=EDGE_CURVE('',#1418,#1417,#1633,.F.);
#1106=EDGE_CURVE('',#1419,#1418,#96,.T.);
#1107=EDGE_CURVE('',#1420,#1419,#97,.T.);
#1108=EDGE_CURVE('',#1421,#1420,#98,.T.);
#1109=EDGE_CURVE('',#1421,#1422,#1634,.T.);
#1110=EDGE_CURVE('',#1422,#1423,#99,.T.);
#1111=EDGE_CURVE('',#1424,#1423,#100,.T.);
#1112=EDGE_CURVE('',#1424,#1425,#1635,.T.);
#1113=EDGE_CURVE('',#1425,#1426,#101,.T.);
#1114=EDGE_CURVE('',#1427,#1426,#102,.T.);
#1115=EDGE_CURVE('',#1428,#1427,#103,.T.);
#1116=EDGE_CURVE('',#1429,#1428,#104,.T.);
#1117=EDGE_CURVE('',#1430,#1429,#105,.T.);
#1118=EDGE_CURVE('',#1405,#1430,#106,.T.);
#1119=EDGE_CURVE('',#1431,#1432,#107,.T.);
#1120=EDGE_CURVE('',#1432,#1433,#1636,.T.);
#1121=EDGE_CURVE('',#1433,#1434,#108,.T.);
#1122=EDGE_CURVE('',#1434,#1435,#1637,.T.);
#1123=EDGE_CURVE('',#1435,#1436,#109,.T.);
#1124=EDGE_CURVE('',#1436,#1437,#1638,.T.);
#1125=EDGE_CURVE('',#1437,#1438,#110,.T.);
#1126=EDGE_CURVE('',#1438,#1431,#1639,.T.);
#1127=EDGE_CURVE('',#1439,#1440,#1640,.F.);
#1128=EDGE_CURVE('',#1439,#1441,#111,.T.);
#1129=EDGE_CURVE('',#1442,#1441,#112,.T.);
#1130=EDGE_CURVE('',#1443,#1442,#113,.T.);
#1131=EDGE_CURVE('',#1444,#1443,#1641,.F.);
#1132=EDGE_CURVE('',#1444,#1445,#114,.T.);
#1133=EDGE_CURVE('',#1445,#1446,#115,.T.);
#1134=EDGE_CURVE('',#1447,#1446,#116,.T.);
#1135=EDGE_CURVE('',#1448,#1447,#117,.T.);
#1136=EDGE_CURVE('',#1448,#1449,#118,.T.);
#1137=EDGE_CURVE('',#1450,#1449,#119,.T.);
#1138=EDGE_CURVE('',#1450,#1451,#120,.T.);
#1139=EDGE_CURVE('',#1451,#1452,#121,.T.);
#1140=EDGE_CURVE('',#1452,#1453,#122,.T.);
#1141=EDGE_CURVE('',#1453,#1454,#123,.T.);
#1142=EDGE_CURVE('',#1454,#1410,#124,.T.);
#1143=EDGE_CURVE('',#1409,#1440,#125,.F.);
#1144=EDGE_CURVE('',#1455,#1456,#126,.T.);
#1145=EDGE_CURVE('',#1455,#1430,#127,.T.);
#1146=EDGE_CURVE('',#1457,#1429,#128,.T.);
#1147=EDGE_CURVE('',#1457,#1458,#129,.T.);
#1148=EDGE_CURVE('',#1459,#1458,#130,.T.);
#1149=EDGE_CURVE('',#1459,#1460,#131,.T.);
#1150=EDGE_CURVE('',#1460,#1461,#132,.T.);
#1151=EDGE_CURVE('',#1461,#1462,#133,.T.);
#1152=EDGE_CURVE('',#1462,#1406,#134,.T.);
#1153=EDGE_CURVE('',#1456,#1404,#135,.T.);
#1154=EDGE_CURVE('',#1463,#1463,#1642,.T.);
#1155=EDGE_CURVE('',#1464,#1464,#1643,.T.);
#1156=EDGE_CURVE('',#1465,#1466,#136,.T.);
#1157=EDGE_CURVE('',#1466,#1467,#1644,.T.);
#1158=EDGE_CURVE('',#1467,#1468,#137,.T.);
#1159=EDGE_CURVE('',#1468,#1469,#1645,.T.);
#1160=EDGE_CURVE('',#1469,#1470,#138,.T.);
#1161=EDGE_CURVE('',#1470,#1471,#1646,.T.);
#1162=EDGE_CURVE('',#1471,#1472,#139,.T.);
#1163=EDGE_CURVE('',#1472,#1465,#1647,.T.);
#1164=EDGE_CURVE('',#1473,#1474,#140,.T.);
#1165=EDGE_CURVE('',#1473,#1424,#141,.T.);
#1166=EDGE_CURVE('',#1475,#1423,#142,.T.);
#1167=EDGE_CURVE('',#1476,#1475,#143,.T.);
#1168=EDGE_CURVE('',#1477,#1476,#144,.T.);
#1169=EDGE_CURVE('',#1478,#1477,#145,.T.);
#1170=EDGE_CURVE('',#1479,#1478,#146,.T.);
#1171=EDGE_CURVE('',#1479,#1480,#147,.T.);
#1172=EDGE_CURVE('',#1481,#1480,#148,.T.);
#1173=EDGE_CURVE('',#1481,#1482,#149,.T.);
#1174=EDGE_CURVE('',#1482,#1483,#150,.T.);
#1175=EDGE_CURVE('',#1483,#1484,#151,.T.);
#1176=EDGE_CURVE('',#1484,#1485,#152,.F.);
#1177=EDGE_CURVE('',#1485,#1486,#153,.T.);
#1178=EDGE_CURVE('',#1486,#1474,#154,.T.);
#1179=EDGE_CURVE('',#1487,#1487,#1648,.F.);
#1180=EDGE_CURVE('',#1488,#1488,#1649,.F.);
#1181=EDGE_CURVE('',#1489,#1489,#1650,.F.);
#1182=EDGE_CURVE('',#1490,#1490,#1651,.F.);
#1183=EDGE_CURVE('',#1491,#1491,#1652,.F.);
#1184=EDGE_CURVE('',#1492,#1492,#1653,.F.);
#1185=EDGE_CURVE('',#1493,#1494,#1654,.T.);
#1186=EDGE_CURVE('',#1493,#1449,#155,.T.);
#1187=EDGE_CURVE('',#1495,#1448,#156,.T.);
#1188=EDGE_CURVE('',#1495,#1496,#157,.T.);
#1189=EDGE_CURVE('',#1496,#1497,#158,.T.);
#1190=EDGE_CURVE('',#1498,#1497,#159,.T.);
#1191=EDGE_CURVE('',#1498,#1481,#160,.T.);
#1192=EDGE_CURVE('',#1499,#1480,#161,.T.);
#1193=EDGE_CURVE('',#1500,#1499,#1655,.T.);
#1194=EDGE_CURVE('',#1500,#1477,#162,.T.);
#1195=EDGE_CURVE('',#1501,#1476,#163,.T.);
#1196=EDGE_CURVE('',#1501,#1502,#164,.T.);
#1197=EDGE_CURVE('',#1503,#1502,#165,.T.);
#1198=EDGE_CURVE('',#1504,#1503,#166,.T.);
#1199=EDGE_CURVE('',#1504,#1453,#167,.T.);
#1200=EDGE_CURVE('',#1494,#1452,#168,.T.);
#1201=EDGE_CURVE('',#1505,#1420,#169,.T.);
#1202=EDGE_CURVE('',#1502,#1505,#170,.T.);
#1203=EDGE_CURVE('',#1506,#1501,#171,.T.);
#1204=EDGE_CURVE('',#1506,#1421,#172,.T.);
#1205=EDGE_CURVE('',#1497,#1507,#173,.T.);
#1206=EDGE_CURVE('',#1507,#1508,#174,.T.);
#1207=EDGE_CURVE('',#1509,#1508,#175,.T.);
#1208=EDGE_CURVE('',#1510,#1509,#176,.T.);
#1209=EDGE_CURVE('',#1510,#1498,#177,.T.);
#1210=EDGE_CURVE('',#1511,#1512,#178,.T.);
#1211=EDGE_CURVE('',#1511,#1496,#179,.T.);
#1212=EDGE_CURVE('',#1513,#1495,#180,.T.);
#1213=EDGE_CURVE('',#1513,#1514,#181,.T.);
#1214=EDGE_CURVE('',#1514,#1512,#182,.T.);
#1215=EDGE_CURVE('',#1515,#1515,#1656,.T.);
#1216=EDGE_CURVE('',#1516,#1516,#1657,.T.);
#1217=EDGE_CURVE('',#1461,#1517,#183,.T.);
#1218=EDGE_CURVE('',#1517,#1458,#184,.T.);
#1219=EDGE_CURVE('',#1518,#1457,#185,.T.);
#1220=EDGE_CURVE('',#1519,#1518,#186,.T.);
#1221=EDGE_CURVE('',#1520,#1519,#187,.T.);
#1222=EDGE_CURVE('',#1521,#1520,#188,.T.);
#1223=EDGE_CURVE('',#1521,#1484,#1658,.T.);
#1224=EDGE_CURVE('',#1522,#1483,#189,.T.);
#1225=EDGE_CURVE('',#1509,#1522,#1659,.T.);
#1226=EDGE_CURVE('',#1508,#1523,#190,.T.);
#1227=EDGE_CURVE('',#1523,#1524,#191,.T.);
#1228=EDGE_CURVE('',#1524,#1525,#1660,.F.);
#1229=EDGE_CURVE('',#1526,#1525,#192,.T.);
#1230=EDGE_CURVE('',#1526,#1527,#1661,.F.);
#1231=EDGE_CURVE('',#1527,#1528,#193,.T.);
#1232=EDGE_CURVE('',#1528,#1512,#194,.T.);
#1233=EDGE_CURVE('',#1514,#1529,#1662,.T.);
#1234=EDGE_CURVE('',#1529,#1446,#195,.T.);
#1235=EDGE_CURVE('',#1445,#1530,#1663,.T.);
#1236=EDGE_CURVE('',#1530,#1531,#196,.T.);
#1237=EDGE_CURVE('',#1462,#1531,#197,.T.);
#1238=EDGE_CURVE('',#1532,#1532,#1664,.T.);
#1239=EDGE_CURVE('',#1533,#1533,#1665,.T.);
#1240=EDGE_CURVE('',#1531,#1534,#1666,.T.);
#1241=EDGE_CURVE('',#1534,#1442,#198,.T.);
#1242=EDGE_CURVE('',#1535,#1441,#199,.T.);
#1243=EDGE_CURVE('',#1407,#1535,#1667,.T.);
#1244=EDGE_CURVE('',#1536,#1536,#1668,.T.);
#1245=EDGE_CURVE('',#1537,#1537,#1669,.T.);
#1246=EDGE_CURVE('',#1538,#1486,#200,.T.);
#1247=EDGE_CURVE('',#1520,#1538,#1670,.T.);
#1248=EDGE_CURVE('',#1519,#1427,#201,.T.);
#1249=EDGE_CURVE('',#1426,#1539,#1671,.T.);
#1250=EDGE_CURVE('',#1539,#1474,#202,.T.);
#1251=EDGE_CURVE('',#1518,#1428,#203,.T.);
#1252=EDGE_CURVE('',#1540,#1540,#1672,.T.);
#1253=EDGE_CURVE('',#1541,#1541,#1673,.T.);
#1254=EDGE_CURVE('',#1542,#1542,#1674,.T.);
#1255=EDGE_CURVE('',#1543,#1543,#1675,.T.);
#1256=EDGE_CURVE('',#1544,#1544,#1676,.T.);
#1257=EDGE_CURVE('',#1545,#1545,#1677,.T.);
#1258=EDGE_CURVE('',#1546,#1546,#1678,.F.);
#1259=EDGE_CURVE('',#1547,#1547,#1679,.F.);
#1260=EDGE_CURVE('',#1548,#1522,#204,.T.);
#1261=EDGE_CURVE('',#1510,#1548,#1680,.T.);
#1262=EDGE_CURVE('',#1548,#1482,#205,.T.);
#1263=EDGE_CURVE('',#1549,#1549,#1681,.F.);
#1264=EDGE_CURVE('',#1550,#1550,#1682,.T.);
#1265=EDGE_CURVE('',#1551,#1529,#206,.T.);
#1266=EDGE_CURVE('',#1551,#1447,#207,.T.);
#1267=EDGE_CURVE('',#1552,#1552,#1683,.F.);
#1268=EDGE_CURVE('',#1553,#1553,#1684,.T.);
#1269=EDGE_CURVE('',#1513,#1551,#1685,.T.);
#1270=EDGE_CURVE('',#1507,#1554,#208,.T.);
#1271=EDGE_CURVE('',#1554,#1523,#209,.T.);
#1272=EDGE_CURVE('',#1555,#1528,#210,.T.);
#1273=EDGE_CURVE('',#1555,#1511,#211,.T.);
#1274=EDGE_CURVE('',#1556,#1527,#212,.T.);
#1275=EDGE_CURVE('',#1556,#1555,#213,.T.);
#1276=EDGE_CURVE('',#1557,#1526,#214,.T.);
#1277=EDGE_CURVE('',#1557,#1556,#1686,.F.);
#1278=EDGE_CURVE('',#1558,#1525,#215,.T.);
#1279=EDGE_CURVE('',#1557,#1558,#216,.T.);
#1280=EDGE_CURVE('',#1559,#1524,#217,.T.);
#1281=EDGE_CURVE('',#1559,#1558,#1687,.F.);
#1282=EDGE_CURVE('',#1554,#1559,#218,.T.);
#1283=EDGE_CURVE('',#1560,#1422,#219,.T.);
#1284=EDGE_CURVE('',#1560,#1475,#220,.T.);
#1285=EDGE_CURVE('',#1561,#1561,#1688,.F.);
#1286=EDGE_CURVE('',#1562,#1562,#1689,.T.);
#1287=EDGE_CURVE('',#1506,#1560,#1690,.T.);
#1288=EDGE_CURVE('',#1563,#1503,#221,.T.);
#1289=EDGE_CURVE('',#1563,#1413,#222,.T.);
#1290=EDGE_CURVE('',#1564,#1412,#223,.T.);
#1291=EDGE_CURVE('',#1564,#1504,#224,.T.);
#1292=EDGE_CURVE('',#1565,#1411,#225,.T.);
#1293=EDGE_CURVE('',#1564,#1565,#1691,.T.);
#1294=EDGE_CURVE('',#1565,#1454,#226,.T.);
#1295=EDGE_CURVE('',#1566,#1566,#1692,.F.);
#1296=EDGE_CURVE('',#1567,#1567,#1693,.T.);
#1297=EDGE_CURVE('',#1568,#1419,#227,.T.);
#1298=EDGE_CURVE('',#1505,#1568,#228,.T.);
#1299=EDGE_CURVE('',#1569,#1418,#229,.T.);
#1300=EDGE_CURVE('',#1568,#1569,#230,.T.);
#1301=EDGE_CURVE('',#1570,#1417,#231,.T.);
#1302=EDGE_CURVE('',#1569,#1570,#1694,.F.);
#1303=EDGE_CURVE('',#1571,#1416,#232,.T.);
#1304=EDGE_CURVE('',#1571,#1570,#233,.T.);
#1305=EDGE_CURVE('',#1572,#1415,#234,.T.);
#1306=EDGE_CURVE('',#1571,#1572,#1695,.F.);
#1307=EDGE_CURVE('',#1573,#1414,#235,.T.);
#1308=EDGE_CURVE('',#1572,#1573,#236,.T.);
#1309=EDGE_CURVE('',#1573,#1563,#237,.T.);
#1310=EDGE_CURVE('',#1574,#1451,#238,.T.);
#1311=EDGE_CURVE('',#1574,#1494,#239,.T.);
#1312=EDGE_CURVE('',#1575,#1574,#1696,.T.);
#1313=EDGE_CURVE('',#1575,#1493,#240,.T.);
#1314=EDGE_CURVE('',#1575,#1450,#241,.T.);
#1315=EDGE_CURVE('',#1576,#1576,#1697,.F.);
#1316=EDGE_CURVE('',#1577,#1500,#242,.T.);
#1317=EDGE_CURVE('',#1577,#1478,#243,.T.);
#1318=EDGE_CURVE('',#1577,#1578,#1698,.T.);
#1319=EDGE_CURVE('',#1578,#1499,#244,.T.);
#1320=EDGE_CURVE('',#1578,#1479,#245,.T.);
#1321=EDGE_CURVE('',#1579,#1579,#1699,.F.);
#1322=EDGE_CURVE('',#1580,#1580,#1700,.T.);
#1323=EDGE_CURVE('',#1581,#1581,#1701,.T.);
#1324=EDGE_CURVE('',#1582,#1582,#1702,.F.);
#1325=EDGE_CURVE('',#1583,#1583,#1703,.T.);
#1326=EDGE_CURVE('',#1584,#1584,#1704,.F.);
#1327=EDGE_CURVE('',#1585,#1585,#1705,.T.);
#1328=EDGE_CURVE('',#1586,#1586,#1706,.F.);
#1329=EDGE_CURVE('',#1587,#1587,#1707,.T.);
#1330=EDGE_CURVE('',#1588,#1588,#1708,.F.);
#1331=EDGE_CURVE('',#1589,#1589,#1709,.T.);
#1332=EDGE_CURVE('',#1590,#1590,#1710,.F.);
#1333=EDGE_CURVE('',#1591,#1591,#1711,.T.);
#1334=EDGE_CURVE('',#1592,#1592,#1712,.F.);
#1335=EDGE_CURVE('',#1593,#1593,#1713,.T.);
#1336=EDGE_CURVE('',#1594,#1594,#1714,.T.);
#1337=EDGE_CURVE('',#1595,#1595,#1715,.T.);
#1338=EDGE_CURVE('',#1596,#1596,#1716,.T.);
#1339=EDGE_CURVE('',#1597,#1597,#1717,.T.);
#1340=EDGE_CURVE('',#1598,#1598,#1718,.T.);
#1341=EDGE_CURVE('',#1599,#1599,#1719,.T.);
#1342=EDGE_CURVE('',#1530,#1600,#28,.T.);
#1343=EDGE_CURVE('',#1600,#1601,#1720,.T.);
#1344=EDGE_CURVE('',#1601,#1602,#29,.T.);
#1345=EDGE_CURVE('',#1602,#1534,#246,.T.);
#1346=EDGE_CURVE('',#1602,#1603,#1721,.F.);
#1347=EDGE_CURVE('',#1603,#1443,#247,.T.);
#1348=EDGE_CURVE('',#1604,#1604,#1722,.F.);
#1349=EDGE_CURVE('',#1605,#1606,#1723,.T.);
#1350=EDGE_CURVE('',#1605,#1606,#30,.T.);
#1351=EDGE_CURVE('',#1600,#1605,#248,.F.);
#1352=EDGE_CURVE('',#1606,#1601,#249,.F.);
#1353=EDGE_CURVE('',#1603,#1444,#250,.T.);
#1354=EDGE_CURVE('',#1485,#1607,#1724,.T.);
#1355=EDGE_CURVE('',#1607,#1538,#251,.T.);
#1356=EDGE_CURVE('',#1608,#1608,#1725,.F.);
#1357=EDGE_CURVE('',#1609,#1610,#1726,.T.);
#1358=EDGE_CURVE('',#1610,#1609,#31,.T.);
#1359=EDGE_CURVE('',#1607,#1611,#32,.T.);
#1360=EDGE_CURVE('',#1612,#1611,#1727,.T.);
#1361=EDGE_CURVE('',#1612,#1521,#33,.T.);
#1362=EDGE_CURVE('',#1611,#1610,#252,.T.);
#1363=EDGE_CURVE('',#1609,#1612,#253,.T.);
#1364=EDGE_CURVE('',#1613,#1439,#254,.T.);
#1365=EDGE_CURVE('',#1613,#1614,#1728,.T.);
#1366=EDGE_CURVE('',#1614,#1535,#255,.T.);
#1367=EDGE_CURVE('',#1615,#1615,#1729,.F.);
#1368=EDGE_CURVE('',#1616,#1617,#1730,.T.);
#1369=EDGE_CURVE('',#1617,#1616,#34,.T.);
#1370=EDGE_CURVE('',#1614,#1618,#35,.T.);
#1371=EDGE_CURVE('',#1619,#1618,#1731,.T.);
#1372=EDGE_CURVE('',#1619,#1408,#36,.T.);
#1373=EDGE_CURVE('',#1618,#1617,#256,.T.);
#1374=EDGE_CURVE('',#1616,#1619,#257,.T.);
#1375=EDGE_CURVE('',#1440,#1613,#258,.F.);
#1376=EDGE_CURVE('',#1425,#1620,#37,.T.);
#1377=EDGE_CURVE('',#1620,#1621,#1732,.T.);
#1378=EDGE_CURVE('',#1621,#1622,#38,.T.);
#1379=EDGE_CURVE('',#1622,#1539,#259,.T.);
#1380=EDGE_CURVE('',#1622,#1473,#1733,.F.);
#1381=EDGE_CURVE('',#1623,#1623,#1734,.F.);
#1382=EDGE_CURVE('',#1624,#1625,#1735,.T.);
#1383=EDGE_CURVE('',#1624,#1625,#39,.T.);
#1384=EDGE_CURVE('',#1620,#1624,#260,.F.);
#1385=EDGE_CURVE('',#1625,#1621,#261,.F.);
#1386=EDGE_CURVE('',#1471,#1438,#262,.F.);
#1387=EDGE_CURVE('',#1437,#1472,#263,.T.);
#1388=EDGE_CURVE('',#1465,#1436,#264,.F.);
#1389=EDGE_CURVE('',#1435,#1466,#265,.T.);
#1390=EDGE_CURVE('',#1469,#1432,#266,.F.);
#1391=EDGE_CURVE('',#1431,#1470,#267,.T.);
#1392=EDGE_CURVE('',#1433,#1468,#268,.T.);
#1393=EDGE_CURVE('',#1467,#1434,#269,.F.);
#1394=EDGE_CURVE('',#1443,#1444,#1736,.F.);
#1395=EDGE_CURVE('',#1440,#1439,#1737,.F.);
#1396=EDGE_CURVE('',#1460,#1626,#270,.T.);
#1397=EDGE_CURVE('',#1626,#1517,#271,.T.);
#1398=EDGE_CURVE('',#1626,#1459,#272,.T.);
#1399=EDGE_CURVE('',#1627,#1405,#273,.T.);
#1400=EDGE_CURVE('',#1456,#1627,#274,.T.);
#1401=EDGE_CURVE('',#1627,#1455,#275,.T.);
#1402=VERTEX_POINT('',#3266);
#1403=VERTEX_POINT('',#3268);
#1404=VERTEX_POINT('',#3270);
#1405=VERTEX_POINT('',#3271);
#1406=VERTEX_POINT('',#3273);
#1407=VERTEX_POINT('',#3275);
#1408=VERTEX_POINT('',#3277);
#1409=VERTEX_POINT('',#3279);
#1410=VERTEX_POINT('',#3281);
#1411=VERTEX_POINT('',#3283);
#1412=VERTEX_POINT('',#3285);
#1413=VERTEX_POINT('',#3287);
#1414=VERTEX_POINT('',#3289);
#1415=VERTEX_POINT('',#3291);
#1416=VERTEX_POINT('',#3293);
#1417=VERTEX_POINT('',#3295);
#1418=VERTEX_POINT('',#3297);
#1419=VERTEX_POINT('',#3299);
#1420=VERTEX_POINT('',#3301);
#1421=VERTEX_POINT('',#3303);
#1422=VERTEX_POINT('',#3305);
#1423=VERTEX_POINT('',#3307);
#1424=VERTEX_POINT('',#3309);
#1425=VERTEX_POINT('',#3311);
#1426=VERTEX_POINT('',#3313);
#1427=VERTEX_POINT('',#3315);
#1428=VERTEX_POINT('',#3317);
#1429=VERTEX_POINT('',#3319);
#1430=VERTEX_POINT('',#3321);
#1431=VERTEX_POINT('',#3325);
#1432=VERTEX_POINT('',#3326);
#1433=VERTEX_POINT('',#3328);
#1434=VERTEX_POINT('',#3330);
#1435=VERTEX_POINT('',#3332);
#1436=VERTEX_POINT('',#3334);
#1437=VERTEX_POINT('',#3336);
#1438=VERTEX_POINT('',#3338);
#1439=VERTEX_POINT('',#3341);
#1440=VERTEX_POINT('',#3342);
#1441=VERTEX_POINT('',#3344);
#1442=VERTEX_POINT('',#3346);
#1443=VERTEX_POINT('',#3348);
#1444=VERTEX_POINT('',#3350);
#1445=VERTEX_POINT('',#3352);
#1446=VERTEX_POINT('',#3354);
#1447=VERTEX_POINT('',#3356);
#1448=VERTEX_POINT('',#3358);
#1449=VERTEX_POINT('',#3360);
#1450=VERTEX_POINT('',#3362);
#1451=VERTEX_POINT('',#3364);
#1452=VERTEX_POINT('',#3366);
#1453=VERTEX_POINT('',#3368);
#1454=VERTEX_POINT('',#3370);
#1455=VERTEX_POINT('',#3375);
#1456=VERTEX_POINT('',#3376);
#1457=VERTEX_POINT('',#3379);
#1458=VERTEX_POINT('',#3381);
#1459=VERTEX_POINT('',#3383);
#1460=VERTEX_POINT('',#3385);
#1461=VERTEX_POINT('',#3387);
#1462=VERTEX_POINT('',#3389);
#1463=VERTEX_POINT('',#3393);
#1464=VERTEX_POINT('',#3395);
#1465=VERTEX_POINT('',#3397);
#1466=VERTEX_POINT('',#3398);
#1467=VERTEX_POINT('',#3400);
#1468=VERTEX_POINT('',#3402);
#1469=VERTEX_POINT('',#3404);
#1470=VERTEX_POINT('',#3406);
#1471=VERTEX_POINT('',#3408);
#1472=VERTEX_POINT('',#3410);
#1473=VERTEX_POINT('',#3414);
#1474=VERTEX_POINT('',#3415);
#1475=VERTEX_POINT('',#3418);
#1476=VERTEX_POINT('',#3420);
#1477=VERTEX_POINT('',#3422);
#1478=VERTEX_POINT('',#3424);
#1479=VERTEX_POINT('',#3426);
#1480=VERTEX_POINT('',#3428);
#1481=VERTEX_POINT('',#3430);
#1482=VERTEX_POINT('',#3432);
#1483=VERTEX_POINT('',#3434);
#1484=VERTEX_POINT('',#3436);
#1485=VERTEX_POINT('',#3438);
#1486=VERTEX_POINT('',#3440);
#1487=VERTEX_POINT('',#3444);
#1488=VERTEX_POINT('',#3446);
#1489=VERTEX_POINT('',#3448);
#1490=VERTEX_POINT('',#3450);
#1491=VERTEX_POINT('',#3452);
#1492=VERTEX_POINT('',#3454);
#1493=VERTEX_POINT('',#3456);
#1494=VERTEX_POINT('',#3457);
#1495=VERTEX_POINT('',#3460);
#1496=VERTEX_POINT('',#3462);
#1497=VERTEX_POINT('',#3464);
#1498=VERTEX_POINT('',#3466);
#1499=VERTEX_POINT('',#3469);
#1500=VERTEX_POINT('',#3471);
#1501=VERTEX_POINT('',#3474);
#1502=VERTEX_POINT('',#3476);
#1503=VERTEX_POINT('',#3478);
#1504=VERTEX_POINT('',#3480);
#1505=VERTEX_POINT('',#3485);
#1506=VERTEX_POINT('',#3488);
#1507=VERTEX_POINT('',#3492);
#1508=VERTEX_POINT('',#3494);
#1509=VERTEX_POINT('',#3496);
#1510=VERTEX_POINT('',#3498);
#1511=VERTEX_POINT('',#3502);
#1512=VERTEX_POINT('',#3503);
#1513=VERTEX_POINT('',#3506);
#1514=VERTEX_POINT('',#3508);
#1515=VERTEX_POINT('',#3512);
#1516=VERTEX_POINT('',#3514);
#1517=VERTEX_POINT('',#3516);
#1518=VERTEX_POINT('',#3519);
#1519=VERTEX_POINT('',#3521);
#1520=VERTEX_POINT('',#3523);
#1521=VERTEX_POINT('',#3525);
#1522=VERTEX_POINT('',#3528);
#1523=VERTEX_POINT('',#3531);
#1524=VERTEX_POINT('',#3533);
#1525=VERTEX_POINT('',#3535);
#1526=VERTEX_POINT('',#3537);
#1527=VERTEX_POINT('',#3539);
#1528=VERTEX_POINT('',#3541);
#1529=VERTEX_POINT('',#3544);
#1530=VERTEX_POINT('',#3547);
#1531=VERTEX_POINT('',#3549);
#1532=VERTEX_POINT('',#3553);
#1533=VERTEX_POINT('',#3555);
#1534=VERTEX_POINT('',#3557);
#1535=VERTEX_POINT('',#3560);
#1536=VERTEX_POINT('',#3564);
#1537=VERTEX_POINT('',#3566);
#1538=VERTEX_POINT('',#3568);
#1539=VERTEX_POINT('',#3572);
#1540=VERTEX_POINT('',#3578);
#1541=VERTEX_POINT('',#3580);
#1542=VERTEX_POINT('',#3582);
#1543=VERTEX_POINT('',#3584);
#1544=VERTEX_POINT('',#3586);
#1545=VERTEX_POINT('',#3588);
#1546=VERTEX_POINT('',#3590);
#1547=VERTEX_POINT('',#3592);
#1548=VERTEX_POINT('',#3595);
#1549=VERTEX_POINT('',#3601);
#1550=VERTEX_POINT('',#3603);
#1551=VERTEX_POINT('',#3607);
#1552=VERTEX_POINT('',#3611);
#1553=VERTEX_POINT('',#3613);
#1554=VERTEX_POINT('',#3619);
#1555=VERTEX_POINT('',#3623);
#1556=VERTEX_POINT('',#3627);
#1557=VERTEX_POINT('',#3631);
#1558=VERTEX_POINT('',#3635);
#1559=VERTEX_POINT('',#3639);
#1560=VERTEX_POINT('',#3646);
#1561=VERTEX_POINT('',#3650);
#1562=VERTEX_POINT('',#3652);
#1563=VERTEX_POINT('',#3658);
#1564=VERTEX_POINT('',#3661);
#1565=VERTEX_POINT('',#3665);
#1566=VERTEX_POINT('',#3671);
#1567=VERTEX_POINT('',#3673);
#1568=VERTEX_POINT('',#3677);
#1569=VERTEX_POINT('',#3681);
#1570=VERTEX_POINT('',#3685);
#1571=VERTEX_POINT('',#3689);
#1572=VERTEX_POINT('',#3693);
#1573=VERTEX_POINT('',#3697);
#1574=VERTEX_POINT('',#3704);
#1575=VERTEX_POINT('',#3708);
#1576=VERTEX_POINT('',#3714);
#1577=VERTEX_POINT('',#3717);
#1578=VERTEX_POINT('',#3721);
#1579=VERTEX_POINT('',#3727);
#1580=VERTEX_POINT('',#3730);
#1581=VERTEX_POINT('',#3733);
#1582=VERTEX_POINT('',#3736);
#1583=VERTEX_POINT('',#3738);
#1584=VERTEX_POINT('',#3741);
#1585=VERTEX_POINT('',#3743);
#1586=VERTEX_POINT('',#3746);
#1587=VERTEX_POINT('',#3748);
#1588=VERTEX_POINT('',#3751);
#1589=VERTEX_POINT('',#3753);
#1590=VERTEX_POINT('',#3756);
#1591=VERTEX_POINT('',#3758);
#1592=VERTEX_POINT('',#3761);
#1593=VERTEX_POINT('',#3763);
#1594=VERTEX_POINT('',#3766);
#1595=VERTEX_POINT('',#3770);
#1596=VERTEX_POINT('',#3774);
#1597=VERTEX_POINT('',#3778);
#1598=VERTEX_POINT('',#3782);
#1599=VERTEX_POINT('',#3786);
#1600=VERTEX_POINT('',#3793);
#1601=VERTEX_POINT('',#3795);
#1602=VERTEX_POINT('',#3800);
#1603=VERTEX_POINT('',#3804);
#1604=VERTEX_POINT('',#3808);
#1605=VERTEX_POINT('',#3810);
#1606=VERTEX_POINT('',#3811);
#1607=VERTEX_POINT('',#3832);
#1608=VERTEX_POINT('',#3836);
#1609=VERTEX_POINT('',#3838);
#1610=VERTEX_POINT('',#3839);
#1611=VERTEX_POINT('',#3858);
#1612=VERTEX_POINT('',#3860);
#1613=VERTEX_POINT('',#3871);
#1614=VERTEX_POINT('',#3873);
#1615=VERTEX_POINT('',#3877);
#1616=VERTEX_POINT('',#3879);
#1617=VERTEX_POINT('',#3880);
#1618=VERTEX_POINT('',#3899);
#1619=VERTEX_POINT('',#3901);
#1620=VERTEX_POINT('',#3916);
#1621=VERTEX_POINT('',#3918);
#1622=VERTEX_POINT('',#3923);
#1623=VERTEX_POINT('',#3929);
#1624=VERTEX_POINT('',#3931);
#1625=VERTEX_POINT('',#3932);
#1626=VERTEX_POINT('',#3990);
#1627=VERTEX_POINT('',#3997);
#1628=CIRCLE('',#2358,0.002225);
#1629=CIRCLE('',#2359,0.002225);
#1630=CIRCLE('',#2360,0.003);
#1631=CIRCLE('',#2361,0.0038);
#1632=CIRCLE('',#2362,0.0004);
#1633=CIRCLE('',#2363,0.0004);
#1634=CIRCLE('',#2364,0.0038);
#1635=CIRCLE('',#2365,0.003);
#1636=CIRCLE('',#2367,0.001);
#1637=CIRCLE('',#2368,0.001);
#1638=CIRCLE('',#2369,0.001);
#1639=CIRCLE('',#2370,0.001);
#1640=CIRCLE('',#2371,0.0035);
#1641=CIRCLE('',#2372,0.0035);
#1642=CIRCLE('',#2374,0.0035);
#1643=CIRCLE('',#2375,0.0035);
#1644=CIRCLE('',#2376,0.001);
#1645=CIRCLE('',#2377,0.001);
#1646=CIRCLE('',#2378,0.001);
#1647=CIRCLE('',#2379,0.001);
#1648=CIRCLE('',#2382,0.0038);
#1649=CIRCLE('',#2383,0.0038);
#1650=CIRCLE('',#2384,0.0038);
#1651=CIRCLE('',#2385,0.0038);
#1652=CIRCLE('',#2386,0.0038);
#1653=CIRCLE('',#2387,0.0038);
#1654=CIRCLE('',#2388,0.0038);
#1655=CIRCLE('',#2389,0.0038);
#1656=CIRCLE('',#2394,0.002225);
#1657=CIRCLE('',#2395,0.002225);
#1658=CIRCLE('',#2396,0.003);
#1659=CIRCLE('',#2397,0.0038);
#1660=CIRCLE('',#2398,0.0004);
#1661=CIRCLE('',#2399,0.0004);
#1662=CIRCLE('',#2400,0.0038);
#1663=CIRCLE('',#2401,0.003);
#1664=CIRCLE('',#2403,0.002225);
#1665=CIRCLE('',#2404,0.002225);
#1666=CIRCLE('',#2405,0.00395);
#1667=CIRCLE('',#2406,0.00395);
#1668=CIRCLE('',#2408,0.002225);
#1669=CIRCLE('',#2409,0.002225);
#1670=CIRCLE('',#2410,0.00395);
#1671=CIRCLE('',#2411,0.00395);
#1672=CIRCLE('',#2414,0.002225);
#1673=CIRCLE('',#2415,0.002225);
#1674=CIRCLE('',#2416,0.002225);
#1675=CIRCLE('',#2417,0.002225);
#1676=CIRCLE('',#2418,0.002225);
#1677=CIRCLE('',#2419,0.002225);
#1678=CIRCLE('',#2420,0.001625);
#1679=CIRCLE('',#2421,0.001625);
#1680=CIRCLE('',#2423,0.0038);
#1681=CIRCLE('',#2426,0.001625);
#1682=CIRCLE('',#2427,0.001625);
#1683=CIRCLE('',#2431,0.001625);
#1684=CIRCLE('',#2432,0.001625);
#1685=CIRCLE('',#2434,0.0038);
#1686=CIRCLE('',#2440,0.0004);
#1687=CIRCLE('',#2443,0.0004);
#1688=CIRCLE('',#2448,0.001625);
#1689=CIRCLE('',#2449,0.001625);
#1690=CIRCLE('',#2451,0.0038);
#1691=CIRCLE('',#2455,0.0038);
#1692=CIRCLE('',#2458,0.001625);
#1693=CIRCLE('',#2459,0.001625);
#1694=CIRCLE('',#2464,0.0004);
#1695=CIRCLE('',#2467,0.0004);
#1696=CIRCLE('',#2473,0.0038);
#1697=CIRCLE('',#2476,0.002225);
#1698=CIRCLE('',#2479,0.0038);
#1699=CIRCLE('',#2482,0.002225);
#1700=CIRCLE('',#2484,0.001625);
#1701=CIRCLE('',#2486,0.001625);
#1702=CIRCLE('',#2488,0.001625);
#1703=CIRCLE('',#2489,0.001625);
#1704=CIRCLE('',#2491,0.001625);
#1705=CIRCLE('',#2492,0.001625);
#1706=CIRCLE('',#2494,0.001625);
#1707=CIRCLE('',#2495,0.001625);
#1708=CIRCLE('',#2497,0.001625);
#1709=CIRCLE('',#2498,0.001625);
#1710=CIRCLE('',#2500,0.001625);
#1711=CIRCLE('',#2501,0.001625);
#1712=CIRCLE('',#2503,0.001625);
#1713=CIRCLE('',#2504,0.001625);
#1714=CIRCLE('',#2506,0.0038);
#1715=CIRCLE('',#2509,0.0038);
#1716=CIRCLE('',#2512,0.0038);
#1717=CIRCLE('',#2515,0.0038);
#1718=CIRCLE('',#2518,0.0038);
#1719=CIRCLE('',#2521,0.0038);
#1720=CIRCLE('',#2524,0.00395);
#1721=CIRCLE('',#2526,0.003);
#1722=CIRCLE('',#2528,0.001625);
#1723=CIRCLE('',#2529,0.001625);
#1724=CIRCLE('',#2533,0.003);
#1725=CIRCLE('',#2535,0.001625);
#1726=CIRCLE('',#2536,0.001625);
#1727=CIRCLE('',#2538,0.00395);
#1728=CIRCLE('',#2542,0.003);
#1729=CIRCLE('',#2544,0.001625);
#1730=CIRCLE('',#2545,0.001625);
#1731=CIRCLE('',#2547,0.00395);
#1732=CIRCLE('',#2551,0.00395);
#1733=CIRCLE('',#2553,0.003);
#1734=CIRCLE('',#2555,0.001625);
#1735=CIRCLE('',#2556,0.001625);
#1736=CIRCLE('',#2580,0.0035);
#1737=CIRCLE('',#2583,0.0035);
#1738=EDGE_LOOP('',(#466));
#1739=EDGE_LOOP('',(#467));
#1740=EDGE_LOOP('',(#468,#469,#470,#471,#472,#473,#474,#475,#476,#477,#478,#479,#480,#481,#482,#483,#484,#485,#486,#487,#488,#489,#490,#491,#492,#493,#494));
#1741=EDGE_LOOP('',(#495,#496,#497,#498,#499,#500,#501,#502));
#1742=EDGE_LOOP('',(#503,#504,#505,#506,#507,#508,#509,#510,#511,#512,#513,#514,#515,#516,#517,#518,#519,#520));
#1743=EDGE_LOOP('',(#521,#522,#523,#524,#525,#526,#527,#528,#529,#530,#531,#532));
#1744=EDGE_LOOP('',(#533));
#1745=EDGE_LOOP('',(#534));
#1746=EDGE_LOOP('',(#535,#536,#537,#538,#539,#540,#541,#542));
#1747=EDGE_LOOP('',(#543,#544,#545,#546,#547,#548,#549,#550,#551,#552,#553,#554,#555,#556,#557,#558));
#1748=EDGE_LOOP('',(#559));
#1749=EDGE_LOOP('',(#560));
#1750=EDGE_LOOP('',(#561));
#1751=EDGE_LOOP('',(#562));
#1752=EDGE_LOOP('',(#563));
#1753=EDGE_LOOP('',(#564));
#1754=EDGE_LOOP('',(#565,#566,#567,#568,#569,#570,#571,#572,#573,#574,#575,#576,#577,#578,#579,#580,#581,#582,#583,#584));
#1755=EDGE_LOOP('',(#585,#586,#587,#588,#589,#590));
#1756=EDGE_LOOP('',(#591,#592,#593,#594,#595,#596));
#1757=EDGE_LOOP('',(#597,#598,#599,#600,#601,#602));
#1758=EDGE_LOOP('',(#603));
#1759=EDGE_LOOP('',(#604));
#1760=EDGE_LOOP('',(#605,#606,#607,#608,#609,#610,#611,#612,#613,#614,#615,#616,#617,#618,#619,#620,#621,#622,#623,#624,#625,#626,#627,#628,#629,#630,#631));
#1761=EDGE_LOOP('',(#632));
#1762=EDGE_LOOP('',(#633));
#1763=EDGE_LOOP('',(#634,#635,#636,#637,#638,#639,#640,#641));
#1764=EDGE_LOOP('',(#642));
#1765=EDGE_LOOP('',(#643));
#1766=EDGE_LOOP('',(#644,#645,#646,#647,#648,#649,#650,#651));
#1767=EDGE_LOOP('',(#652,#653,#654,#655));
#1768=EDGE_LOOP('',(#656));
#1769=EDGE_LOOP('',(#657));
#1770=EDGE_LOOP('',(#658));
#1771=EDGE_LOOP('',(#659));
#1772=EDGE_LOOP('',(#660));
#1773=EDGE_LOOP('',(#661));
#1774=EDGE_LOOP('',(#662));
#1775=EDGE_LOOP('',(#663));
#1776=EDGE_LOOP('',(#664,#665,#666,#667));
#1777=EDGE_LOOP('',(#668,#669,#670,#671));
#1778=EDGE_LOOP('',(#672,#673,#674,#675));
#1779=EDGE_LOOP('',(#676));
#1780=EDGE_LOOP('',(#677));
#1781=EDGE_LOOP('',(#678));
#1782=EDGE_LOOP('',(#679,#680,#681,#682,#683));
#1783=EDGE_LOOP('',(#684,#685,#686,#687));
#1784=EDGE_LOOP('',(#688));
#1785=EDGE_LOOP('',(#689));
#1786=EDGE_LOOP('',(#690,#691,#692,#693));
#1787=EDGE_LOOP('',(#694));
#1788=EDGE_LOOP('',(#695,#696,#697,#698,#699));
#1789=EDGE_LOOP('',(#700,#701,#702,#703));
#1790=EDGE_LOOP('',(#704,#705,#706,#707));
#1791=EDGE_LOOP('',(#708,#709,#710,#711));
#1792=EDGE_LOOP('',(#712,#713,#714,#715));
#1793=EDGE_LOOP('',(#716,#717,#718,#719));
#1794=EDGE_LOOP('',(#720,#721,#722,#723));
#1795=EDGE_LOOP('',(#724,#725,#726,#727));
#1796=EDGE_LOOP('',(#728,#729,#730,#731,#732,#733,#734,#735,#736,#737));
#1797=EDGE_LOOP('',(#738,#739,#740,#741));
#1798=EDGE_LOOP('',(#742));
#1799=EDGE_LOOP('',(#743));
#1800=EDGE_LOOP('',(#744,#745,#746,#747));
#1801=EDGE_LOOP('',(#748));
#1802=EDGE_LOOP('',(#749,#750,#751,#752,#753));
#1803=EDGE_LOOP('',(#754,#755,#756,#757,#758,#759));
#1804=EDGE_LOOP('',(#760,#761,#762,#763));
#1805=EDGE_LOOP('',(#764,#765,#766,#767));
#1806=EDGE_LOOP('',(#768));
#1807=EDGE_LOOP('',(#769));
#1808=EDGE_LOOP('',(#770));
#1809=EDGE_LOOP('',(#771,#772,#773,#774,#775));
#1810=EDGE_LOOP('',(#776,#777,#778,#779));
#1811=EDGE_LOOP('',(#780,#781,#782,#783));
#1812=EDGE_LOOP('',(#784,#785,#786,#787));
#1813=EDGE_LOOP('',(#788,#789,#790,#791));
#1814=EDGE_LOOP('',(#792,#793,#794,#795));
#1815=EDGE_LOOP('',(#796,#797,#798,#799));
#1816=EDGE_LOOP('',(#800,#801,#802,#803));
#1817=EDGE_LOOP('',(#804,#805,#806,#807,#808,#809,#810,#811,#812,#813));
#1818=EDGE_LOOP('',(#814,#815,#816,#817));
#1819=EDGE_LOOP('',(#818,#819,#820,#821));
#1820=EDGE_LOOP('',(#822,#823,#824,#825));
#1821=EDGE_LOOP('',(#826));
#1822=EDGE_LOOP('',(#827,#828,#829,#830));
#1823=EDGE_LOOP('',(#831,#832,#833,#834));
#1824=EDGE_LOOP('',(#835,#836,#837,#838));
#1825=EDGE_LOOP('',(#839,#840,#841,#842));
#1826=EDGE_LOOP('',(#843));
#1827=EDGE_LOOP('',(#844,#845,#846,#847));
#1828=EDGE_LOOP('',(#848));
#1829=EDGE_LOOP('',(#849));
#1830=EDGE_LOOP('',(#850));
#1831=EDGE_LOOP('',(#851));
#1832=EDGE_LOOP('',(#852));
#1833=EDGE_LOOP('',(#853));
#1834=EDGE_LOOP('',(#854));
#1835=EDGE_LOOP('',(#855));
#1836=EDGE_LOOP('',(#856));
#1837=EDGE_LOOP('',(#857));
#1838=EDGE_LOOP('',(#858));
#1839=EDGE_LOOP('',(#859));
#1840=EDGE_LOOP('',(#860));
#1841=EDGE_LOOP('',(#861));
#1842=EDGE_LOOP('',(#862));
#1843=EDGE_LOOP('',(#863));
#1844=EDGE_LOOP('',(#864));
#1845=EDGE_LOOP('',(#865));
#1846=EDGE_LOOP('',(#866));
#1847=EDGE_LOOP('',(#867));
#1848=EDGE_LOOP('',(#868));
#1849=EDGE_LOOP('',(#869));
#1850=EDGE_LOOP('',(#870));
#1851=EDGE_LOOP('',(#871));
#1852=EDGE_LOOP('',(#872));
#1853=EDGE_LOOP('',(#873));
#1854=EDGE_LOOP('',(#874));
#1855=EDGE_LOOP('',(#875));
#1856=EDGE_LOOP('',(#876));
#1857=EDGE_LOOP('',(#877));
#1858=EDGE_LOOP('',(#878));
#1859=EDGE_LOOP('',(#879));
#1860=EDGE_LOOP('',(#880));
#1861=EDGE_LOOP('',(#881));
#1862=EDGE_LOOP('',(#882));
#1863=EDGE_LOOP('',(#883));
#1864=EDGE_LOOP('',(#884));
#1865=EDGE_LOOP('',(#885));
#1866=EDGE_LOOP('',(#886));
#1867=EDGE_LOOP('',(#887));
#1868=EDGE_LOOP('',(#888,#889,#890,#891,#892,#893));
#1869=EDGE_LOOP('',(#894,#895,#896,#897,#898));
#1870=EDGE_LOOP('',(#899));
#1871=EDGE_LOOP('',(#900,#901));
#1872=EDGE_LOOP('',(#902,#903,#904,#905));
#1873=EDGE_LOOP('',(#906,#907,#908,#909,#910,#911,#912,#913,#914));
#1874=EDGE_LOOP('',(#915,#916,#917,#918));
#1875=EDGE_LOOP('',(#919));
#1876=EDGE_LOOP('',(#920,#921));
#1877=EDGE_LOOP('',(#922,#923,#924,#925,#926,#927));
#1878=EDGE_LOOP('',(#928,#929,#930,#931));
#1879=EDGE_LOOP('',(#932,#933,#934,#935,#936,#937,#938,#939));
#1880=EDGE_LOOP('',(#940,#941,#942,#943,#944));
#1881=EDGE_LOOP('',(#945));
#1882=EDGE_LOOP('',(#946,#947));
#1883=EDGE_LOOP('',(#948,#949,#950,#951,#952,#953));
#1884=EDGE_LOOP('',(#954,#955,#956,#957));
#1885=EDGE_LOOP('',(#958,#959,#960,#961,#962,#963,#964,#965,#966));
#1886=EDGE_LOOP('',(#967,#968,#969,#970,#971,#972));
#1887=EDGE_LOOP('',(#973,#974,#975,#976));
#1888=EDGE_LOOP('',(#977));
#1889=EDGE_LOOP('',(#978,#979));
#1890=EDGE_LOOP('',(#980,#981,#982,#983));
#1891=EDGE_LOOP('',(#984,#985,#986,#987,#988,#989,#990,#991));
#1892=EDGE_LOOP('',(#992));
#1893=EDGE_LOOP('',(#993));
#1894=EDGE_LOOP('',(#994));
#1895=EDGE_LOOP('',(#995));
#1896=EDGE_LOOP('',(#996));
#1897=EDGE_LOOP('',(#997));
#1898=EDGE_LOOP('',(#998));
#1899=EDGE_LOOP('',(#999));
#1900=EDGE_LOOP('',(#1000));
#1901=EDGE_LOOP('',(#1001));
#1902=EDGE_LOOP('',(#1002));
#1903=EDGE_LOOP('',(#1003));
#1904=EDGE_LOOP('',(#1004));
#1905=EDGE_LOOP('',(#1005));
#1906=EDGE_LOOP('',(#1006));
#1907=EDGE_LOOP('',(#1007));
#1908=EDGE_LOOP('',(#1008));
#1909=EDGE_LOOP('',(#1009));
#1910=EDGE_LOOP('',(#1010));
#1911=EDGE_LOOP('',(#1011));
#1912=EDGE_LOOP('',(#1012));
#1913=EDGE_LOOP('',(#1013));
#1914=EDGE_LOOP('',(#1014));
#1915=EDGE_LOOP('',(#1015));
#1916=EDGE_LOOP('',(#1016));
#1917=EDGE_LOOP('',(#1017));
#1918=EDGE_LOOP('',(#1018));
#1919=EDGE_LOOP('',(#1019));
#1920=EDGE_LOOP('',(#1020));
#1921=EDGE_LOOP('',(#1021));
#1922=EDGE_LOOP('',(#1022));
#1923=EDGE_LOOP('',(#1023));
#1924=EDGE_LOOP('',(#1024,#1025,#1026,#1027));
#1925=EDGE_LOOP('',(#1028,#1029,#1030,#1031));
#1926=EDGE_LOOP('',(#1032,#1033,#1034,#1035));
#1927=EDGE_LOOP('',(#1036,#1037,#1038,#1039));
#1928=EDGE_LOOP('',(#1040,#1041,#1042));
#1929=EDGE_LOOP('',(#1043,#1044));
#1930=EDGE_LOOP('',(#1045));
#1931=EDGE_LOOP('',(#1046,#1047,#1048));
#1932=EDGE_LOOP('',(#1049,#1050));
#1933=EDGE_LOOP('',(#1051));
#1934=EDGE_LOOP('',(#1052,#1053,#1054,#1055));
#1935=EDGE_LOOP('',(#1056,#1057,#1058,#1059));
#1936=EDGE_LOOP('',(#1060,#1061,#1062,#1063));
#1937=EDGE_LOOP('',(#1064,#1065,#1066,#1067));
#1938=EDGE_LOOP('',(#1068,#1069,#1070,#1071));
#1939=EDGE_LOOP('',(#1072,#1073,#1074,#1075));
#1940=EDGE_LOOP('',(#1076,#1077,#1078));
#1941=EDGE_LOOP('',(#1079,#1080,#1081,#1082));
#1942=EDGE_LOOP('',(#1083,#1084,#1085,#1086));
#1943=EDGE_LOOP('',(#1087,#1088,#1089));
#1944=FACE_BOUND('',#1738,.T.);
#1945=FACE_BOUND('',#1739,.T.);
#1946=FACE_BOUND('',#1740,.T.);
#1947=FACE_BOUND('',#1741,.T.);
#1948=FACE_BOUND('',#1742,.T.);
#1949=FACE_BOUND('',#1743,.T.);
#1950=FACE_BOUND('',#1744,.T.);
#1951=FACE_BOUND('',#1745,.T.);
#1952=FACE_BOUND('',#1746,.T.);
#1953=FACE_BOUND('',#1747,.T.);
#1954=FACE_BOUND('',#1748,.T.);
#1955=FACE_BOUND('',#1749,.T.);
#1956=FACE_BOUND('',#1750,.T.);
#1957=FACE_BOUND('',#1751,.T.);
#1958=FACE_BOUND('',#1752,.T.);
#1959=FACE_BOUND('',#1753,.T.);
#1960=FACE_BOUND('',#1754,.T.);
#1961=FACE_BOUND('',#1755,.T.);
#1962=FACE_BOUND('',#1756,.T.);
#1963=FACE_BOUND('',#1757,.T.);
#1964=FACE_BOUND('',#1758,.T.);
#1965=FACE_BOUND('',#1759,.T.);
#1966=FACE_BOUND('',#1760,.T.);
#1967=FACE_BOUND('',#1761,.T.);
#1968=FACE_BOUND('',#1762,.T.);
#1969=FACE_BOUND('',#1763,.T.);
#1970=FACE_BOUND('',#1764,.T.);
#1971=FACE_BOUND('',#1765,.T.);
#1972=FACE_BOUND('',#1766,.T.);
#1973=FACE_BOUND('',#1767,.T.);
#1974=FACE_BOUND('',#1768,.T.);
#1975=FACE_BOUND('',#1769,.T.);
#1976=FACE_BOUND('',#1770,.T.);
#1977=FACE_BOUND('',#1771,.T.);
#1978=FACE_BOUND('',#1772,.T.);
#1979=FACE_BOUND('',#1773,.T.);
#1980=FACE_BOUND('',#1774,.T.);
#1981=FACE_BOUND('',#1775,.T.);
#1982=FACE_BOUND('',#1776,.T.);
#1983=FACE_BOUND('',#1777,.T.);
#1984=FACE_BOUND('',#1778,.T.);
#1985=FACE_BOUND('',#1779,.T.);
#1986=FACE_BOUND('',#1780,.T.);
#1987=FACE_BOUND('',#1781,.T.);
#1988=FACE_BOUND('',#1782,.T.);
#1989=FACE_BOUND('',#1783,.T.);
#1990=FACE_BOUND('',#1784,.T.);
#1991=FACE_BOUND('',#1785,.T.);
#1992=FACE_BOUND('',#1786,.T.);
#1993=FACE_BOUND('',#1787,.T.);
#1994=FACE_BOUND('',#1788,.T.);
#1995=FACE_BOUND('',#1789,.T.);
#1996=FACE_BOUND('',#1790,.T.);
#1997=FACE_BOUND('',#1791,.T.);
#1998=FACE_BOUND('',#1792,.T.);
#1999=FACE_BOUND('',#1793,.T.);
#2000=FACE_BOUND('',#1794,.T.);
#2001=FACE_BOUND('',#1795,.T.);
#2002=FACE_BOUND('',#1796,.T.);
#2003=FACE_BOUND('',#1797,.T.);
#2004=FACE_BOUND('',#1798,.T.);
#2005=FACE_BOUND('',#1799,.T.);
#2006=FACE_BOUND('',#1800,.T.);
#2007=FACE_BOUND('',#1801,.T.);
#2008=FACE_BOUND('',#1802,.T.);
#2009=FACE_BOUND('',#1803,.T.);
#2010=FACE_BOUND('',#1804,.T.);
#2011=FACE_BOUND('',#1805,.T.);
#2012=FACE_BOUND('',#1806,.T.);
#2013=FACE_BOUND('',#1807,.T.);
#2014=FACE_BOUND('',#1808,.T.);
#2015=FACE_BOUND('',#1809,.T.);
#2016=FACE_BOUND('',#1810,.T.);
#2017=FACE_BOUND('',#1811,.T.);
#2018=FACE_BOUND('',#1812,.T.);
#2019=FACE_BOUND('',#1813,.T.);
#2020=FACE_BOUND('',#1814,.T.);
#2021=FACE_BOUND('',#1815,.T.);
#2022=FACE_BOUND('',#1816,.T.);
#2023=FACE_BOUND('',#1817,.T.);
#2024=FACE_BOUND('',#1818,.T.);
#2025=FACE_BOUND('',#1819,.T.);
#2026=FACE_BOUND('',#1820,.T.);
#2027=FACE_BOUND('',#1821,.T.);
#2028=FACE_BOUND('',#1822,.T.);
#2029=FACE_BOUND('',#1823,.T.);
#2030=FACE_BOUND('',#1824,.T.);
#2031=FACE_BOUND('',#1825,.T.);
#2032=FACE_BOUND('',#1826,.T.);
#2033=FACE_BOUND('',#1827,.T.);
#2034=FACE_BOUND('',#1828,.T.);
#2035=FACE_BOUND('',#1829,.T.);
#2036=FACE_BOUND('',#1830,.T.);
#2037=FACE_BOUND('',#1831,.T.);
#2038=FACE_BOUND('',#1832,.T.);
#2039=FACE_BOUND('',#1833,.T.);
#2040=FACE_BOUND('',#1834,.T.);
#2041=FACE_BOUND('',#1835,.T.);
#2042=FACE_BOUND('',#1836,.T.);
#2043=FACE_BOUND('',#1837,.T.);
#2044=FACE_BOUND('',#1838,.T.);
#2045=FACE_BOUND('',#1839,.T.);
#2046=FACE_BOUND('',#1840,.T.);
#2047=FACE_BOUND('',#1841,.T.);
#2048=FACE_BOUND('',#1842,.T.);
#2049=FACE_BOUND('',#1843,.T.);
#2050=FACE_BOUND('',#1844,.T.);
#2051=FACE_BOUND('',#1845,.T.);
#2052=FACE_BOUND('',#1846,.T.);
#2053=FACE_BOUND('',#1847,.T.);
#2054=FACE_BOUND('',#1848,.T.);
#2055=FACE_BOUND('',#1849,.T.);
#2056=FACE_BOUND('',#1850,.T.);
#2057=FACE_BOUND('',#1851,.T.);
#2058=FACE_BOUND('',#1852,.T.);
#2059=FACE_BOUND('',#1853,.T.);
#2060=FACE_BOUND('',#1854,.T.);
#2061=FACE_BOUND('',#1855,.T.);
#2062=FACE_BOUND('',#1856,.T.);
#2063=FACE_BOUND('',#1857,.T.);
#2064=FACE_BOUND('',#1858,.T.);
#2065=FACE_BOUND('',#1859,.T.);
#2066=FACE_BOUND('',#1860,.T.);
#2067=FACE_BOUND('',#1861,.T.);
#2068=FACE_BOUND('',#1862,.T.);
#2069=FACE_BOUND('',#1863,.T.);
#2070=FACE_BOUND('',#1864,.T.);
#2071=FACE_BOUND('',#1865,.T.);
#2072=FACE_BOUND('',#1866,.T.);
#2073=FACE_BOUND('',#1867,.T.);
#2074=FACE_BOUND('',#1868,.T.);
#2075=FACE_BOUND('',#1869,.T.);
#2076=FACE_BOUND('',#1870,.T.);
#2077=FACE_BOUND('',#1871,.T.);
#2078=FACE_BOUND('',#1872,.T.);
#2079=FACE_BOUND('',#1873,.T.);
#2080=FACE_BOUND('',#1874,.T.);
#2081=FACE_BOUND('',#1875,.T.);
#2082=FACE_BOUND('',#1876,.T.);
#2083=FACE_BOUND('',#1877,.T.);
#2084=FACE_BOUND('',#1878,.T.);
#2085=FACE_BOUND('',#1879,.T.);
#2086=FACE_BOUND('',#1880,.T.);
#2087=FACE_BOUND('',#1881,.T.);
#2088=FACE_BOUND('',#1882,.T.);
#2089=FACE_BOUND('',#1883,.T.);
#2090=FACE_BOUND('',#1884,.T.);
#2091=FACE_BOUND('',#1885,.T.);
#2092=FACE_BOUND('',#1886,.T.);
#2093=FACE_BOUND('',#1887,.T.);
#2094=FACE_BOUND('',#1888,.T.);
#2095=FACE_BOUND('',#1889,.T.);
#2096=FACE_BOUND('',#1890,.T.);
#2097=FACE_BOUND('',#1891,.T.);
#2098=FACE_BOUND('',#1892,.T.);
#2099=FACE_BOUND('',#1893,.T.);
#2100=FACE_BOUND('',#1894,.T.);
#2101=FACE_BOUND('',#1895,.T.);
#2102=FACE_BOUND('',#1896,.T.);
#2103=FACE_BOUND('',#1897,.T.);
#2104=FACE_BOUND('',#1898,.T.);
#2105=FACE_BOUND('',#1899,.T.);
#2106=FACE_BOUND('',#1900,.T.);
#2107=FACE_BOUND('',#1901,.T.);
#2108=FACE_BOUND('',#1902,.T.);
#2109=FACE_BOUND('',#1903,.T.);
#2110=FACE_BOUND('',#1904,.T.);
#2111=FACE_BOUND('',#1905,.T.);
#2112=FACE_BOUND('',#1906,.T.);
#2113=FACE_BOUND('',#1907,.T.);
#2114=FACE_BOUND('',#1908,.T.);
#2115=FACE_BOUND('',#1909,.T.);
#2116=FACE_BOUND('',#1910,.T.);
#2117=FACE_BOUND('',#1911,.T.);
#2118=FACE_BOUND('',#1912,.T.);
#2119=FACE_BOUND('',#1913,.T.);
#2120=FACE_BOUND('',#1914,.T.);
#2121=FACE_BOUND('',#1915,.T.);
#2122=FACE_BOUND('',#1916,.T.);
#2123=FACE_BOUND('',#1917,.T.);
#2124=FACE_BOUND('',#1918,.T.);
#2125=FACE_BOUND('',#1919,.T.);
#2126=FACE_BOUND('',#1920,.T.);
#2127=FACE_BOUND('',#1921,.T.);
#2128=FACE_BOUND('',#1922,.T.);
#2129=FACE_BOUND('',#1923,.T.);
#2130=FACE_BOUND('',#1924,.T.);
#2131=FACE_BOUND('',#1925,.T.);
#2132=FACE_BOUND('',#1926,.T.);
#2133=FACE_BOUND('',#1927,.T.);
#2134=FACE_BOUND('',#1928,.T.);
#2135=FACE_BOUND('',#1929,.T.);
#2136=FACE_BOUND('',#1930,.T.);
#2137=FACE_BOUND('',#1931,.T.);
#2138=FACE_BOUND('',#1932,.T.);
#2139=FACE_BOUND('',#1933,.T.);
#2140=FACE_BOUND('',#1934,.T.);
#2141=FACE_BOUND('',#1935,.T.);
#2142=FACE_BOUND('',#1936,.T.);
#2143=FACE_BOUND('',#1937,.T.);
#2144=FACE_BOUND('',#1938,.T.);
#2145=FACE_BOUND('',#1939,.T.);
#2146=FACE_BOUND('',#1940,.T.);
#2147=FACE_BOUND('',#1941,.T.);
#2148=FACE_BOUND('',#1942,.T.);
#2149=FACE_BOUND('',#1943,.T.);
#2150=PLANE('',#2357);
#2151=PLANE('',#2366);
#2152=PLANE('',#2373);
#2153=PLANE('',#2380);
#2154=PLANE('',#2381);
#2155=PLANE('',#2390);
#2156=PLANE('',#2391);
#2157=PLANE('',#2392);
#2158=PLANE('',#2393);
#2159=PLANE('',#2402);
#2160=PLANE('',#2407);
#2161=PLANE('',#2412);
#2162=PLANE('',#2413);
#2163=PLANE('',#2424);
#2164=PLANE('',#2428);
#2165=PLANE('',#2429);
#2166=PLANE('',#2435);
#2167=PLANE('',#2436);
#2168=PLANE('',#2437);
#2169=PLANE('',#2438);
#2170=PLANE('',#2441);
#2171=PLANE('',#2444);
#2172=PLANE('',#2445);
#2173=PLANE('',#2446);
#2174=PLANE('',#2452);
#2175=PLANE('',#2453);
#2176=PLANE('',#2456);
#2177=PLANE('',#2460);
#2178=PLANE('',#2461);
#2179=PLANE('',#2462);
#2180=PLANE('',#2465);
#2181=PLANE('',#2468);
#2182=PLANE('',#2469);
#2183=PLANE('',#2470);
#2184=PLANE('',#2471);
#2185=PLANE('',#2474);
#2186=PLANE('',#2475);
#2187=PLANE('',#2477);
#2188=PLANE('',#2480);
#2189=PLANE('',#2481);
#2190=PLANE('',#2507);
#2191=PLANE('',#2510);
#2192=PLANE('',#2513);
#2193=PLANE('',#2516);
#2194=PLANE('',#2519);
#2195=PLANE('',#2522);
#2196=PLANE('',#2525);
#2197=PLANE('',#2530);
#2198=PLANE('',#2532);
#2199=PLANE('',#2539);
#2200=PLANE('',#2541);
#2201=PLANE('',#2548);
#2202=PLANE('',#2552);
#2203=PLANE('',#2557);
#2204=PLANE('',#2575);
#2205=PLANE('',#2576);
#2206=PLANE('',#2577);
#2207=PLANE('',#2578);
#2208=PLANE('',#2579);
#2209=PLANE('',#2582);
#2210=PLANE('',#2589);
#2211=PLANE('',#2590);
#2212=PLANE('',#2591);
#2213=PLANE('',#2592);
#2214=PLANE('',#2593);
#2215=PLANE('',#2594);
#2216=ADVANCED_FACE('',(#1944,#1945,#1946),#2150,.F.);
#2217=ADVANCED_FACE('',(#1947,#1948),#2151,.F.);
#2218=ADVANCED_FACE('',(#1949,#1950,#1951,#1952),#2152,.F.);
#2219=ADVANCED_FACE('',(#1953),#2153,.F.);
#2220=ADVANCED_FACE('',(#1954,#1955,#1956,#1957,#1958,#1959,#1960),#2154,.F.);
#2221=ADVANCED_FACE('',(#1961),#2155,.F.);
#2222=ADVANCED_FACE('',(#1962),#2156,.T.);
#2223=ADVANCED_FACE('',(#1963),#2157,.F.);
#2224=ADVANCED_FACE('',(#1964,#1965,#1966),#2158,.F.);
#2225=ADVANCED_FACE('',(#1967,#1968,#1969),#2159,.F.);
#2226=ADVANCED_FACE('',(#1970,#1971,#1972),#2160,.F.);
#2227=ADVANCED_FACE('',(#1973),#2161,.F.);
#2228=ADVANCED_FACE('',(#1974,#1975,#1976,#1977,#1978,#1979,#1980,#1981,#1982),#2162,.F.);
#2229=ADVANCED_FACE('',(#1983),#40,.T.);
#2230=ADVANCED_FACE('',(#1984),#2163,.F.);
#2231=ADVANCED_FACE('',(#1985,#1986),#41,.F.);
#2232=ADVANCED_FACE('',(#1987,#1988),#2164,.T.);
#2233=ADVANCED_FACE('',(#1989),#2165,.T.);
#2234=ADVANCED_FACE('',(#1990,#1991),#42,.F.);
#2235=ADVANCED_FACE('',(#1992),#43,.T.);
#2236=ADVANCED_FACE('',(#1993,#1994),#2166,.T.);
#2237=ADVANCED_FACE('',(#1995),#2167,.T.);
#2238=ADVANCED_FACE('',(#1996),#2168,.T.);
#2239=ADVANCED_FACE('',(#1997),#2169,.T.);
#2240=ADVANCED_FACE('',(#1998),#44,.F.);
#2241=ADVANCED_FACE('',(#1999),#2170,.F.);
#2242=ADVANCED_FACE('',(#2000),#45,.F.);
#2243=ADVANCED_FACE('',(#2001),#2171,.T.);
#2244=ADVANCED_FACE('',(#2002),#2172,.T.);
#2245=ADVANCED_FACE('',(#2003),#2173,.T.);
#2246=ADVANCED_FACE('',(#2004,#2005),#46,.F.);
#2247=ADVANCED_FACE('',(#2006),#47,.T.);
#2248=ADVANCED_FACE('',(#2007,#2008),#2174,.T.);
#2249=ADVANCED_FACE('',(#2009),#2175,.T.);
#2250=ADVANCED_FACE('',(#2010),#48,.T.);
#2251=ADVANCED_FACE('',(#2011),#2176,.F.);
#2252=ADVANCED_FACE('',(#2012,#2013),#49,.F.);
#2253=ADVANCED_FACE('',(#2014,#2015),#2177,.T.);
#2254=ADVANCED_FACE('',(#2016),#2178,.F.);
#2255=ADVANCED_FACE('',(#2017),#2179,.F.);
#2256=ADVANCED_FACE('',(#2018),#50,.F.);
#2257=ADVANCED_FACE('',(#2019),#2180,.T.);
#2258=ADVANCED_FACE('',(#2020),#51,.F.);
#2259=ADVANCED_FACE('',(#2021),#2181,.F.);
#2260=ADVANCED_FACE('',(#2022),#2182,.F.);
#2261=ADVANCED_FACE('',(#2023),#2183,.T.);
#2262=ADVANCED_FACE('',(#2024),#2184,.F.);
#2263=ADVANCED_FACE('',(#2025),#52,.T.);
#2264=ADVANCED_FACE('',(#2026),#2185,.T.);
#2265=ADVANCED_FACE('',(#2027,#2028),#2186,.T.);
#2266=ADVANCED_FACE('',(#2029),#2187,.T.);
#2267=ADVANCED_FACE('',(#2030),#53,.T.);
#2268=ADVANCED_FACE('',(#2031),#2188,.F.);
#2269=ADVANCED_FACE('',(#2032,#2033),#2189,.T.);
#2270=ADVANCED_FACE('',(#2034,#2035),#54,.F.);
#2271=ADVANCED_FACE('',(#2036,#2037),#55,.F.);
#2272=ADVANCED_FACE('',(#2038,#2039),#56,.F.);
#2273=ADVANCED_FACE('',(#2040,#2041),#57,.F.);
#2274=ADVANCED_FACE('',(#2042,#2043),#58,.F.);
#2275=ADVANCED_FACE('',(#2044,#2045),#59,.F.);
#2276=ADVANCED_FACE('',(#2046,#2047),#60,.F.);
#2277=ADVANCED_FACE('',(#2048,#2049),#61,.F.);
#2278=ADVANCED_FACE('',(#2050,#2051),#62,.T.);
#2279=ADVANCED_FACE('',(#2052,#2053),#2190,.T.);
#2280=ADVANCED_FACE('',(#2054,#2055),#63,.T.);
#2281=ADVANCED_FACE('',(#2056,#2057),#2191,.T.);
#2282=ADVANCED_FACE('',(#2058,#2059),#64,.T.);
#2283=ADVANCED_FACE('',(#2060,#2061),#2192,.T.);
#2284=ADVANCED_FACE('',(#2062,#2063),#65,.T.);
#2285=ADVANCED_FACE('',(#2064,#2065),#2193,.T.);
#2286=ADVANCED_FACE('',(#2066,#2067),#66,.T.);
#2287=ADVANCED_FACE('',(#2068,#2069),#2194,.T.);
#2288=ADVANCED_FACE('',(#2070,#2071),#67,.T.);
#2289=ADVANCED_FACE('',(#2072,#2073),#2195,.T.);
#2290=ADVANCED_FACE('',(#2074),#68,.T.);
#2291=ADVANCED_FACE('',(#2075),#2196,.T.);
#2292=ADVANCED_FACE('',(#2076,#2077),#69,.F.);
#2293=ADVANCED_FACE('',(#2078),#2197,.F.);
#2294=ADVANCED_FACE('',(#2079),#70,.F.);
#2295=ADVANCED_FACE('',(#2080),#2198,.F.);
#2296=ADVANCED_FACE('',(#2081,#2082),#71,.F.);
#2297=ADVANCED_FACE('',(#2083),#72,.T.);
#2298=ADVANCED_FACE('',(#2084),#2199,.F.);
#2299=ADVANCED_FACE('',(#2085),#73,.F.);
#2300=ADVANCED_FACE('',(#2086),#2200,.F.);
#2301=ADVANCED_FACE('',(#2087,#2088),#74,.F.);
#2302=ADVANCED_FACE('',(#2089),#75,.T.);
#2303=ADVANCED_FACE('',(#2090),#2201,.F.);
#2304=ADVANCED_FACE('',(#2091),#76,.F.);
#2305=ADVANCED_FACE('',(#2092),#77,.T.);
#2306=ADVANCED_FACE('',(#2093),#2202,.T.);
#2307=ADVANCED_FACE('',(#2094,#2095),#78,.F.);
#2308=ADVANCED_FACE('',(#2096),#2203,.F.);
#2309=ADVANCED_FACE('',(#2097),#79,.F.);
#2310=ADVANCED_FACE('',(#2098,#2099),#12,.F.);
#2311=ADVANCED_FACE('',(#2100,#2101),#13,.F.);
#2312=ADVANCED_FACE('',(#2102,#2103),#14,.F.);
#2313=ADVANCED_FACE('',(#2104,#2105),#15,.F.);
#2314=ADVANCED_FACE('',(#2106,#2107),#16,.F.);
#2315=ADVANCED_FACE('',(#2108,#2109),#17,.F.);
#2316=ADVANCED_FACE('',(#2110,#2111),#18,.F.);
#2317=ADVANCED_FACE('',(#2112,#2113),#19,.F.);
#2318=ADVANCED_FACE('',(#2114,#2115),#20,.F.);
#2319=ADVANCED_FACE('',(#2116,#2117),#21,.F.);
#2320=ADVANCED_FACE('',(#2118,#2119),#22,.F.);
#2321=ADVANCED_FACE('',(#2120,#2121),#23,.F.);
#2322=ADVANCED_FACE('',(#2122,#2123),#24,.F.);
#2323=ADVANCED_FACE('',(#2124,#2125),#25,.F.);
#2324=ADVANCED_FACE('',(#2126,#2127),#26,.F.);
#2325=ADVANCED_FACE('',(#2128,#2129),#27,.F.);
#2326=ADVANCED_FACE('',(#2130),#2204,.T.);
#2327=ADVANCED_FACE('',(#2131),#2205,.T.);
#2328=ADVANCED_FACE('',(#2132),#2206,.T.);
#2329=ADVANCED_FACE('',(#2133),#2207,.T.);
#2330=ADVANCED_FACE('',(#2134),#2208,.T.);
#2331=ADVANCED_FACE('',(#2135,#2136),#80,.F.);
#2332=ADVANCED_FACE('',(#2137),#2209,.T.);
#2333=ADVANCED_FACE('',(#2138,#2139),#81,.F.);
#2334=ADVANCED_FACE('',(#2140),#82,.F.);
#2335=ADVANCED_FACE('',(#2141),#83,.F.);
#2336=ADVANCED_FACE('',(#2142),#84,.F.);
#2337=ADVANCED_FACE('',(#2143),#85,.F.);
#2338=ADVANCED_FACE('',(#2144),#2210,.T.);
#2339=ADVANCED_FACE('',(#2145),#2211,.T.);
#2340=ADVANCED_FACE('',(#2146),#2212,.T.);
#2341=ADVANCED_FACE('',(#2147),#2213,.F.);
#2342=ADVANCED_FACE('',(#2148),#2214,.F.);
#2343=ADVANCED_FACE('',(#2149),#2215,.T.);
#2344=CLOSED_SHELL('',(#2216,#2217,#2218,#2219,#2220,#2221,#2222,#2223,#2224,#2225,#2226,#2227,#2228,#2229,#2230,#2231,#2232,#2233,#2234,#2235,#2236,#2237,#2238,#2239,#2240,#2241,#2242,#2243,#2244,#2245,#2246,#2247,#2248,#2249,#2250,#2251,#2252,#2253,#2254,#2255,#2256,#2257,#2258,#2259,#2260,#2261,#2262,#2263,#2264,#2265,#2266,#2267,#2268,#2269,#2270,#2271,#2272,#2273,#2274,#2275,#2276,#2277,#2278,#2279,#2280,#2281,#2282,#2283,#2284,#2285,#2286,#2287,#2288,#2289,#2290,#2291,#2292,#2293,#2294,#2295,#2296,#2297,#2298,#2299,#2300,#2301,#2302,#2303,#2304,#2305,#2306,#2307,#2308,#2309,#2310,#2311,#2312,#2313,#2314,#2315,#2316,#2317,#2318,#2319,#2320,#2321,#2322,#2323,#2324,#2325,#2326,#2327,#2328,#2329,#2330,#2331,#2332,#2333,#2334,#2335,#2336,#2337,#2338,#2339,#2340,#2341,#2342,#2343));
#2345=STYLED_ITEM('',(#2346),#2353);
#2346=PRESENTATION_STYLE_ASSIGNMENT((#2347));
#2347=SURFACE_STYLE_USAGE(.BOTH.,#2348);
#2348=SURFACE_SIDE_STYLE('',(#2349));
#2349=SURFACE_STYLE_FILL_AREA(#2350);
#2350=FILL_AREA_STYLE('',(#2351));
#2351=FILL_AREA_STYLE_COLOUR('',#2352);
#2352=COLOUR_RGB('',0.615686274509804,0.811764705882353,0.929411764705882);
#2353=MANIFOLD_SOLID_BREP('case',#2344);
#2354=SHAPE_DEFINITION_REPRESENTATION(#4008,#2355);
#2355=SHAPE_REPRESENTATION('case',(#2356),#4003);
#2356=AXIS2_PLACEMENT_3D('',#3263,#2595,#2596);
#2357=AXIS2_PLACEMENT_3D('',#3264,#2597,#2598);
#2358=AXIS2_PLACEMENT_3D('',#3265,#2599,#2600);
#2359=AXIS2_PLACEMENT_3D('',#3267,#2601,#2602);
#2360=AXIS2_PLACEMENT_3D('',#3278,#2607,#2608);
#2361=AXIS2_PLACEMENT_3D('',#3284,#2611,#2612);
#2362=AXIS2_PLACEMENT_3D('',#3292,#2616,#2617);
#2363=AXIS2_PLACEMENT_3D('',#3296,#2619,#2620);
#2364=AXIS2_PLACEMENT_3D('',#3304,#2624,#2625);
#2365=AXIS2_PLACEMENT_3D('',#3310,#2628,#2629);
#2366=AXIS2_PLACEMENT_3D('',#3323,#2636,#2637);
#2367=AXIS2_PLACEMENT_3D('',#3327,#2639,#2640);
#2368=AXIS2_PLACEMENT_3D('',#3331,#2642,#2643);
#2369=AXIS2_PLACEMENT_3D('',#3335,#2645,#2646);
#2370=AXIS2_PLACEMENT_3D('',#3339,#2648,#2649);
#2371=AXIS2_PLACEMENT_3D('',#3340,#2650,#2651);
#2372=AXIS2_PLACEMENT_3D('',#3349,#2655,#2656);
#2373=AXIS2_PLACEMENT_3D('',#3373,#2669,#2670);
#2374=AXIS2_PLACEMENT_3D('',#3392,#2681,#2682);
#2375=AXIS2_PLACEMENT_3D('',#3394,#2683,#2684);
#2376=AXIS2_PLACEMENT_3D('',#3399,#2686,#2687);
#2377=AXIS2_PLACEMENT_3D('',#3403,#2689,#2690);
#2378=AXIS2_PLACEMENT_3D('',#3407,#2692,#2693);
#2379=AXIS2_PLACEMENT_3D('',#3411,#2695,#2696);
#2380=AXIS2_PLACEMENT_3D('',#3412,#2697,#2698);
#2381=AXIS2_PLACEMENT_3D('',#3442,#2714,#2715);
#2382=AXIS2_PLACEMENT_3D('',#3443,#2716,#2717);
#2383=AXIS2_PLACEMENT_3D('',#3445,#2718,#2719);
#2384=AXIS2_PLACEMENT_3D('',#3447,#2720,#2721);
#2385=AXIS2_PLACEMENT_3D('',#3449,#2722,#2723);
#2386=AXIS2_PLACEMENT_3D('',#3451,#2724,#2725);
#2387=AXIS2_PLACEMENT_3D('',#3453,#2726,#2727);
#2388=AXIS2_PLACEMENT_3D('',#3455,#2728,#2729);
#2389=AXIS2_PLACEMENT_3D('',#3470,#2737,#2738);
#2390=AXIS2_PLACEMENT_3D('',#3483,#2746,#2747);
#2391=AXIS2_PLACEMENT_3D('',#3490,#2752,#2753);
#2392=AXIS2_PLACEMENT_3D('',#3500,#2759,#2760);
#2393=AXIS2_PLACEMENT_3D('',#3510,#2766,#2767);
#2394=AXIS2_PLACEMENT_3D('',#3511,#2768,#2769);
#2395=AXIS2_PLACEMENT_3D('',#3513,#2770,#2771);
#2396=AXIS2_PLACEMENT_3D('',#3526,#2778,#2779);
#2397=AXIS2_PLACEMENT_3D('',#3529,#2781,#2782);
#2398=AXIS2_PLACEMENT_3D('',#3534,#2785,#2786);
#2399=AXIS2_PLACEMENT_3D('',#3538,#2788,#2789);
#2400=AXIS2_PLACEMENT_3D('',#3543,#2792,#2793);
#2401=AXIS2_PLACEMENT_3D('',#3546,#2795,#2796);
#2402=AXIS2_PLACEMENT_3D('',#3551,#2799,#2800);
#2403=AXIS2_PLACEMENT_3D('',#3552,#2801,#2802);
#2404=AXIS2_PLACEMENT_3D('',#3554,#2803,#2804);
#2405=AXIS2_PLACEMENT_3D('',#3556,#2805,#2806);
#2406=AXIS2_PLACEMENT_3D('',#3561,#2809,#2810);
#2407=AXIS2_PLACEMENT_3D('',#3562,#2811,#2812);
#2408=AXIS2_PLACEMENT_3D('',#3563,#2813,#2814);
#2409=AXIS2_PLACEMENT_3D('',#3565,#2815,#2816);
#2410=AXIS2_PLACEMENT_3D('',#3569,#2818,#2819);
#2411=AXIS2_PLACEMENT_3D('',#3571,#2821,#2822);
#2412=AXIS2_PLACEMENT_3D('',#3574,#2824,#2825);
#2413=AXIS2_PLACEMENT_3D('',#3576,#2827,#2828);
#2414=AXIS2_PLACEMENT_3D('',#3577,#2829,#2830);
#2415=AXIS2_PLACEMENT_3D('',#3579,#2831,#2832);
#2416=AXIS2_PLACEMENT_3D('',#3581,#2833,#2834);
#2417=AXIS2_PLACEMENT_3D('',#3583,#2835,#2836);
#2418=AXIS2_PLACEMENT_3D('',#3585,#2837,#2838);
#2419=AXIS2_PLACEMENT_3D('',#3587,#2839,#2840);
#2420=AXIS2_PLACEMENT_3D('',#3589,#2841,#2842);
#2421=AXIS2_PLACEMENT_3D('',#3591,#2843,#2844);
#2422=AXIS2_PLACEMENT_3D('',#3593,#2845,#2846);
#2423=AXIS2_PLACEMENT_3D('',#3596,#2848,#2849);
#2424=AXIS2_PLACEMENT_3D('',#3597,#2850,#2851);
#2425=AXIS2_PLACEMENT_3D('',#3599,#2853,#2854);
#2426=AXIS2_PLACEMENT_3D('',#3600,#2855,#2856);
#2427=AXIS2_PLACEMENT_3D('',#3602,#2857,#2858);
#2428=AXIS2_PLACEMENT_3D('',#3604,#2859,#2860);
#2429=AXIS2_PLACEMENT_3D('',#3605,#2861,#2862);
#2430=AXIS2_PLACEMENT_3D('',#3609,#2865,#2866);
#2431=AXIS2_PLACEMENT_3D('',#3610,#2867,#2868);
#2432=AXIS2_PLACEMENT_3D('',#3612,#2869,#2870);
#2433=AXIS2_PLACEMENT_3D('',#3614,#2871,#2872);
#2434=AXIS2_PLACEMENT_3D('',#3615,#2873,#2874);
#2435=AXIS2_PLACEMENT_3D('',#3616,#2875,#2876);
#2436=AXIS2_PLACEMENT_3D('',#3617,#2877,#2878);
#2437=AXIS2_PLACEMENT_3D('',#3621,#2881,#2882);
#2438=AXIS2_PLACEMENT_3D('',#3625,#2885,#2886);
#2439=AXIS2_PLACEMENT_3D('',#3629,#2889,#2890);
#2440=AXIS2_PLACEMENT_3D('',#3632,#2892,#2893);
#2441=AXIS2_PLACEMENT_3D('',#3633,#2894,#2895);
#2442=AXIS2_PLACEMENT_3D('',#3637,#2898,#2899);
#2443=AXIS2_PLACEMENT_3D('',#3640,#2901,#2902);
#2444=AXIS2_PLACEMENT_3D('',#3641,#2903,#2904);
#2445=AXIS2_PLACEMENT_3D('',#3643,#2906,#2907);
#2446=AXIS2_PLACEMENT_3D('',#3644,#2908,#2909);
#2447=AXIS2_PLACEMENT_3D('',#3648,#2912,#2913);
#2448=AXIS2_PLACEMENT_3D('',#3649,#2914,#2915);
#2449=AXIS2_PLACEMENT_3D('',#3651,#2916,#2917);
#2450=AXIS2_PLACEMENT_3D('',#3653,#2918,#2919);
#2451=AXIS2_PLACEMENT_3D('',#3654,#2920,#2921);
#2452=AXIS2_PLACEMENT_3D('',#3655,#2922,#2923);
#2453=AXIS2_PLACEMENT_3D('',#3656,#2924,#2925);
#2454=AXIS2_PLACEMENT_3D('',#3663,#2930,#2931);
#2455=AXIS2_PLACEMENT_3D('',#3666,#2933,#2934);
#2456=AXIS2_PLACEMENT_3D('',#3667,#2935,#2936);
#2457=AXIS2_PLACEMENT_3D('',#3669,#2938,#2939);
#2458=AXIS2_PLACEMENT_3D('',#3670,#2940,#2941);
#2459=AXIS2_PLACEMENT_3D('',#3672,#2942,#2943);
#2460=AXIS2_PLACEMENT_3D('',#3674,#2944,#2945);
#2461=AXIS2_PLACEMENT_3D('',#3675,#2946,#2947);
#2462=AXIS2_PLACEMENT_3D('',#3679,#2950,#2951);
#2463=AXIS2_PLACEMENT_3D('',#3683,#2954,#2955);
#2464=AXIS2_PLACEMENT_3D('',#3686,#2957,#2958);
#2465=AXIS2_PLACEMENT_3D('',#3687,#2959,#2960);
#2466=AXIS2_PLACEMENT_3D('',#3691,#2963,#2964);
#2467=AXIS2_PLACEMENT_3D('',#3694,#2966,#2967);
#2468=AXIS2_PLACEMENT_3D('',#3695,#2968,#2969);
#2469=AXIS2_PLACEMENT_3D('',#3699,#2972,#2973);
#2470=AXIS2_PLACEMENT_3D('',#3701,#2975,#2976);
#2471=AXIS2_PLACEMENT_3D('',#3702,#2977,#2978);
#2472=AXIS2_PLACEMENT_3D('',#3706,#2981,#2982);
#2473=AXIS2_PLACEMENT_3D('',#3707,#2983,#2984);
#2474=AXIS2_PLACEMENT_3D('',#3710,#2986,#2987);
#2475=AXIS2_PLACEMENT_3D('',#3712,#2989,#2990);
#2476=AXIS2_PLACEMENT_3D('',#3713,#2991,#2992);
#2477=AXIS2_PLACEMENT_3D('',#3715,#2993,#2994);
#2478=AXIS2_PLACEMENT_3D('',#3719,#2997,#2998);
#2479=AXIS2_PLACEMENT_3D('',#3720,#2999,#3000);
#2480=AXIS2_PLACEMENT_3D('',#3723,#3002,#3003);
#2481=AXIS2_PLACEMENT_3D('',#3725,#3005,#3006);
#2482=AXIS2_PLACEMENT_3D('',#3726,#3007,#3008);
#2483=AXIS2_PLACEMENT_3D('',#3728,#3009,#3010);
#2484=AXIS2_PLACEMENT_3D('',#3729,#3011,#3012);
#2485=AXIS2_PLACEMENT_3D('',#3731,#3013,#3014);
#2486=AXIS2_PLACEMENT_3D('',#3732,#3015,#3016);
#2487=AXIS2_PLACEMENT_3D('',#3734,#3017,#3018);
#2488=AXIS2_PLACEMENT_3D('',#3735,#3019,#3020);
#2489=AXIS2_PLACEMENT_3D('',#3737,#3021,#3022);
#2490=AXIS2_PLACEMENT_3D('',#3739,#3023,#3024);
#2491=AXIS2_PLACEMENT_3D('',#3740,#3025,#3026);
#2492=AXIS2_PLACEMENT_3D('',#3742,#3027,#3028);
#2493=AXIS2_PLACEMENT_3D('',#3744,#3029,#3030);
#2494=AXIS2_PLACEMENT_3D('',#3745,#3031,#3032);
#2495=AXIS2_PLACEMENT_3D('',#3747,#3033,#3034);
#2496=AXIS2_PLACEMENT_3D('',#3749,#3035,#3036);
#2497=AXIS2_PLACEMENT_3D('',#3750,#3037,#3038);
#2498=AXIS2_PLACEMENT_3D('',#3752,#3039,#3040);
#2499=AXIS2_PLACEMENT_3D('',#3754,#3041,#3042);
#2500=AXIS2_PLACEMENT_3D('',#3755,#3043,#3044);
#2501=AXIS2_PLACEMENT_3D('',#3757,#3045,#3046);
#2502=AXIS2_PLACEMENT_3D('',#3759,#3047,#3048);
#2503=AXIS2_PLACEMENT_3D('',#3760,#3049,#3050);
#2504=AXIS2_PLACEMENT_3D('',#3762,#3051,#3052);
#2505=AXIS2_PLACEMENT_3D('',#3764,#3053,#3054);
#2506=AXIS2_PLACEMENT_3D('',#3765,#3055,#3056);
#2507=AXIS2_PLACEMENT_3D('',#3767,#3057,#3058);
#2508=AXIS2_PLACEMENT_3D('',#3768,#3059,#3060);
#2509=AXIS2_PLACEMENT_3D('',#3769,#3061,#3062);
#2510=AXIS2_PLACEMENT_3D('',#3771,#3063,#3064);
#2511=AXIS2_PLACEMENT_3D('',#3772,#3065,#3066);
#2512=AXIS2_PLACEMENT_3D('',#3773,#3067,#3068);
#2513=AXIS2_PLACEMENT_3D('',#3775,#3069,#3070);
#2514=AXIS2_PLACEMENT_3D('',#3776,#3071,#3072);
#2515=AXIS2_PLACEMENT_3D('',#3777,#3073,#3074);
#2516=AXIS2_PLACEMENT_3D('',#3779,#3075,#3076);
#2517=AXIS2_PLACEMENT_3D('',#3780,#3077,#3078);
#2518=AXIS2_PLACEMENT_3D('',#3781,#3079,#3080);
#2519=AXIS2_PLACEMENT_3D('',#3783,#3081,#3082);
#2520=AXIS2_PLACEMENT_3D('',#3784,#3083,#3084);
#2521=AXIS2_PLACEMENT_3D('',#3785,#3085,#3086);
#2522=AXIS2_PLACEMENT_3D('',#3787,#3087,#3088);
#2523=AXIS2_PLACEMENT_3D('',#3788,#3089,#3090);
#2524=AXIS2_PLACEMENT_3D('',#3794,#3091,#3092);
#2525=AXIS2_PLACEMENT_3D('',#3802,#3094,#3095);
#2526=AXIS2_PLACEMENT_3D('',#3803,#3096,#3097);
#2527=AXIS2_PLACEMENT_3D('',#3806,#3099,#3100);
#2528=AXIS2_PLACEMENT_3D('',#3807,#3101,#3102);
#2529=AXIS2_PLACEMENT_3D('',#3809,#3103,#3104);
#2530=AXIS2_PLACEMENT_3D('',#3825,#3105,#3106);
#2531=AXIS2_PLACEMENT_3D('',#3828,#3109,#3110);
#2532=AXIS2_PLACEMENT_3D('',#3830,#3112,#3113);
#2533=AXIS2_PLACEMENT_3D('',#3831,#3114,#3115);
#2534=AXIS2_PLACEMENT_3D('',#3834,#3117,#3118);
#2535=AXIS2_PLACEMENT_3D('',#3835,#3119,#3120);
#2536=AXIS2_PLACEMENT_3D('',#3837,#3121,#3122);
#2537=AXIS2_PLACEMENT_3D('',#3853,#3123,#3124);
#2538=AXIS2_PLACEMENT_3D('',#3859,#3125,#3126);
#2539=AXIS2_PLACEMENT_3D('',#3865,#3127,#3128);
#2540=AXIS2_PLACEMENT_3D('',#3868,#3131,#3132);
#2541=AXIS2_PLACEMENT_3D('',#3869,#3133,#3134);
#2542=AXIS2_PLACEMENT_3D('',#3872,#3136,#3137);
#2543=AXIS2_PLACEMENT_3D('',#3875,#3139,#3140);
#2544=AXIS2_PLACEMENT_3D('',#3876,#3141,#3142);
#2545=AXIS2_PLACEMENT_3D('',#3878,#3143,#3144);
#2546=AXIS2_PLACEMENT_3D('',#3894,#3145,#3146);
#2547=AXIS2_PLACEMENT_3D('',#3900,#3147,#3148);
#2548=AXIS2_PLACEMENT_3D('',#3906,#3149,#3150);
#2549=AXIS2_PLACEMENT_3D('',#3909,#3153,#3154);
#2550=AXIS2_PLACEMENT_3D('',#3911,#3156,#3157);
#2551=AXIS2_PLACEMENT_3D('',#3917,#3158,#3159);
#2552=AXIS2_PLACEMENT_3D('',#3925,#3161,#3162);
#2553=AXIS2_PLACEMENT_3D('',#3926,#3163,#3164);
#2554=AXIS2_PLACEMENT_3D('',#3927,#3165,#3166);
#2555=AXIS2_PLACEMENT_3D('',#3928,#3167,#3168);
#2556=AXIS2_PLACEMENT_3D('',#3930,#3169,#3170);
#2557=AXIS2_PLACEMENT_3D('',#3946,#3171,#3172);
#2558=AXIS2_PLACEMENT_3D('',#3949,#3175,#3176);
#2559=AXIS2_PLACEMENT_3D('',#3950,#3177,#3178);
#2560=AXIS2_PLACEMENT_3D('',#3951,#3179,#3180);
#2561=AXIS2_PLACEMENT_3D('',#3952,#3181,#3182);
#2562=AXIS2_PLACEMENT_3D('',#3953,#3183,#3184);
#2563=AXIS2_PLACEMENT_3D('',#3954,#3185,#3186);
#2564=AXIS2_PLACEMENT_3D('',#3955,#3187,#3188);
#2565=AXIS2_PLACEMENT_3D('',#3956,#3189,#3190);
#2566=AXIS2_PLACEMENT_3D('',#3957,#3191,#3192);
#2567=AXIS2_PLACEMENT_3D('',#3958,#3193,#3194);
#2568=AXIS2_PLACEMENT_3D('',#3959,#3195,#3196);
#2569=AXIS2_PLACEMENT_3D('',#3960,#3197,#3198);
#2570=AXIS2_PLACEMENT_3D('',#3961,#3199,#3200);
#2571=AXIS2_PLACEMENT_3D('',#3962,#3201,#3202);
#2572=AXIS2_PLACEMENT_3D('',#3963,#3203,#3204);
#2573=AXIS2_PLACEMENT_3D('',#3964,#3205,#3206);
#2574=AXIS2_PLACEMENT_3D('',#3965,#3207,#3208);
#2575=AXIS2_PLACEMENT_3D('',#3966,#3209,#3210);
#2576=AXIS2_PLACEMENT_3D('',#3969,#3213,#3214);
#2577=AXIS2_PLACEMENT_3D('',#3972,#3217,#3218);
#2578=AXIS2_PLACEMENT_3D('',#3975,#3221,#3222);
#2579=AXIS2_PLACEMENT_3D('',#3978,#3225,#3226);
#2580=AXIS2_PLACEMENT_3D('',#3979,#3227,#3228);
#2581=AXIS2_PLACEMENT_3D('',#3980,#3229,#3230);
#2582=AXIS2_PLACEMENT_3D('',#3981,#3231,#3232);
#2583=AXIS2_PLACEMENT_3D('',#3982,#3233,#3234);
#2584=AXIS2_PLACEMENT_3D('',#3983,#3235,#3236);
#2585=AXIS2_PLACEMENT_3D('',#3984,#3237,#3238);
#2586=AXIS2_PLACEMENT_3D('',#3985,#3239,#3240);
#2587=AXIS2_PLACEMENT_3D('',#3986,#3241,#3242);
#2588=AXIS2_PLACEMENT_3D('',#3987,#3243,#3244);
#2589=AXIS2_PLACEMENT_3D('',#3988,#3245,#3246);
#2590=AXIS2_PLACEMENT_3D('',#3992,#3249,#3250);
#2591=AXIS2_PLACEMENT_3D('',#3994,#3252,#3253);
#2592=AXIS2_PLACEMENT_3D('',#3995,#3254,#3255);
#2593=AXIS2_PLACEMENT_3D('',#3999,#3258,#3259);
#2594=AXIS2_PLACEMENT_3D('',#4001,#3261,#3262);
#2595=DIRECTION('',(0.,0.,1.));
#2596=DIRECTION('',(1.,0.,0.));
#2597=DIRECTION('',(-1.,0.,0.));
#2598=DIRECTION('',(0.,-1.,0.));
#2599=DIRECTION('',(-1.,0.,0.));
#2600=DIRECTION('',(0.,0.,1.));
#2601=DIRECTION('',(-1.,0.,0.));
#2602=DIRECTION('',(0.,0.,1.));
#2603=DIRECTION('',(0.,-0.707106781186548,-0.707106781186547));
#2604=DIRECTION('',(0.,0.,-1.));
#2605=DIRECTION('',(0.,1.,0.));
#2606=DIRECTION('',(0.,0.,1.));
#2607=DIRECTION('',(-1.,0.,0.));
#2608=DIRECTION('',(0.,0.,1.));
#2609=DIRECTION('',(0.,0.,1.));
#2610=DIRECTION('',(0.,1.,0.));
#2611=DIRECTION('',(-1.,0.,0.));
#2612=DIRECTION('',(0.,0.,-1.));
#2613=DIRECTION('',(0.,0.,-1.));
#2614=DIRECTION('',(0.,1.,0.));
#2615=DIRECTION('',(0.,0.,1.));
#2616=DIRECTION('',(-1.,0.,0.));
#2617=DIRECTION('',(0.,0.,1.));
#2618=DIRECTION('',(0.,-1.,0.));
#2619=DIRECTION('',(-1.,0.,0.));
#2620=DIRECTION('',(0.,0.,1.));
#2621=DIRECTION('',(0.,0.,-1.));
#2622=DIRECTION('',(0.,1.,0.));
#2623=DIRECTION('',(0.,0.,-1.));
#2624=DIRECTION('',(1.,0.,0.));
#2625=DIRECTION('',(0.,0.,-1.));
#2626=DIRECTION('',(0.,-1.,0.));
#2627=DIRECTION('',(0.,0.,-1.));
#2628=DIRECTION('',(-1.,0.,0.));
#2629=DIRECTION('',(0.,0.,1.));
#2630=DIRECTION('',(0.,0.,1.));
#2631=DIRECTION('',(0.,1.,0.));
#2632=DIRECTION('',(0.,0.,1.));
#2633=DIRECTION('',(0.,-1.,0.));
#2634=DIRECTION('',(0.,0.,-1.));
#2635=DIRECTION('',(0.,0.707106781186547,-0.707106781186548));
#2636=DIRECTION('',(0.,1.,0.));
#2637=DIRECTION('',(0.,0.,1.));
#2638=DIRECTION('',(0.,0.,1.));
#2639=DIRECTION('',(0.,1.,0.));
#2640=DIRECTION('',(0.,0.,1.));
#2641=DIRECTION('',(1.,0.,0.));
#2642=DIRECTION('',(0.,1.,0.));
#2643=DIRECTION('',(0.,0.,1.));
#2644=DIRECTION('',(0.,0.,-1.));
#2645=DIRECTION('',(0.,1.,0.));
#2646=DIRECTION('',(0.,0.,1.));
#2647=DIRECTION('',(-1.,0.,3.17134090672176E-16));
#2648=DIRECTION('',(0.,1.,0.));
#2649=DIRECTION('',(0.,0.,1.));
#2650=DIRECTION('',(0.,1.,0.));
#2651=DIRECTION('',(0.,0.,1.));
#2652=DIRECTION('',(0.,0.,1.));
#2653=DIRECTION('',(1.,0.,0.));
#2654=DIRECTION('',(0.,0.,1.));
#2655=DIRECTION('',(0.,1.,0.));
#2656=DIRECTION('',(0.,0.,1.));
#2657=DIRECTION('',(-1.,0.,0.));
#2658=DIRECTION('',(0.,0.,-1.));
#2659=DIRECTION('',(-1.,0.,0.));
#2660=DIRECTION('',(0.,0.,1.));
#2661=DIRECTION('',(1.,0.,0.));
#2662=DIRECTION('',(0.,-1.67259839281667E-16,-1.));
#2663=DIRECTION('',(1.,0.,0.));
#2664=DIRECTION('',(0.,-1.67259839281667E-16,-1.));
#2665=DIRECTION('',(1.,0.,0.));
#2666=DIRECTION('',(0.,0.,1.));
#2667=DIRECTION('',(1.,0.,0.));
#2668=DIRECTION('',(1.,0.,0.));
#2669=DIRECTION('',(0.,-1.,0.));
#2670=DIRECTION('',(0.,0.,-1.));
#2671=DIRECTION('',(0.,0.,1.));
#2672=DIRECTION('',(1.,0.,0.));
#2673=DIRECTION('',(1.,0.,0.));
#2674=DIRECTION('',(0.,0.,1.));
#2675=DIRECTION('',(-1.,0.,0.));
#2676=DIRECTION('',(0.,0.,1.));
#2677=DIRECTION('',(-1.,0.,0.));
#2678=DIRECTION('',(0.,0.,1.));
#2679=DIRECTION('',(1.,0.,0.));
#2680=DIRECTION('',(1.,0.,0.));
#2681=DIRECTION('',(0.,1.,0.));
#2682=DIRECTION('',(0.,0.,1.));
#2683=DIRECTION('',(0.,1.,0.));
#2684=DIRECTION('',(0.,0.,1.));
#2685=DIRECTION('',(0.,0.,1.));
#2686=DIRECTION('',(0.,-1.,0.));
#2687=DIRECTION('',(0.,0.,-1.));
#2688=DIRECTION('',(-1.,0.,0.));
#2689=DIRECTION('',(0.,-1.,0.));
#2690=DIRECTION('',(0.,0.,-1.));
#2691=DIRECTION('',(0.,0.,-1.));
#2692=DIRECTION('',(0.,-1.,0.));
#2693=DIRECTION('',(0.,0.,-1.));
#2694=DIRECTION('',(1.,0.,-3.17134090672176E-16));
#2695=DIRECTION('',(0.,-1.,0.));
#2696=DIRECTION('',(0.,0.,-1.));
#2697=DIRECTION('',(0.,-1.,0.));
#2698=DIRECTION('',(0.,0.,-1.));
#2699=DIRECTION('',(0.,0.,1.));
#2700=DIRECTION('',(1.,0.,0.));
#2701=DIRECTION('',(1.,0.,0.));
#2702=DIRECTION('',(0.,0.,1.));
#2703=DIRECTION('',(1.,0.,0.));
#2704=DIRECTION('',(0.,-1.67259839281667E-16,-1.));
#2705=DIRECTION('',(1.,0.,0.));
#2706=DIRECTION('',(0.,-1.67259839281667E-16,-1.));
#2707=DIRECTION('',(1.,0.,0.));
#2708=DIRECTION('',(0.,0.,1.));
#2709=DIRECTION('',(-1.,0.,0.));
#2710=DIRECTION('',(0.,0.,1.));
#2711=DIRECTION('',(-1.,0.,0.));
#2712=DIRECTION('',(0.,0.,1.));
#2713=DIRECTION('',(1.,0.,0.));
#2714=DIRECTION('',(0.,-1.67259839281667E-16,-1.));
#2715=DIRECTION('',(0.,1.,-1.67259839281667E-16));
#2716=DIRECTION('',(0.,-1.67259839281667E-16,-1.));
#2717=DIRECTION('',(0.,1.,-1.67259839281667E-16));
#2718=DIRECTION('',(0.,-1.67259839281667E-16,-1.));
#2719=DIRECTION('',(0.,1.,-1.67259839281667E-16));
#2720=DIRECTION('',(0.,-1.67259839281667E-16,-1.));
#2721=DIRECTION('',(0.,1.,-1.67259839281667E-16));
#2722=DIRECTION('',(0.,-1.67259839281667E-16,-1.));
#2723=DIRECTION('',(0.,1.,-1.67259839281667E-16));
#2724=DIRECTION('',(0.,-1.67259839281667E-16,-1.));
#2725=DIRECTION('',(0.,1.,-1.67259839281667E-16));
#2726=DIRECTION('',(0.,-1.67259839281667E-16,-1.));
#2727=DIRECTION('',(0.,1.,-1.67259839281667E-16));
#2728=DIRECTION('',(0.,1.67259839281667E-16,1.));
#2729=DIRECTION('',(0.,-1.,1.67259839281667E-16));
#2730=DIRECTION('',(0.,1.,-1.67259839281667E-16));
#2731=DIRECTION('',(0.,1.,0.));
#2732=DIRECTION('',(-1.,0.,0.));
#2733=DIRECTION('',(0.,-1.,1.74636591541489E-16));
#2734=DIRECTION('',(-1.,0.,0.));
#2735=DIRECTION('',(0.,-1.,0.));
#2736=DIRECTION('',(0.,-1.,1.67259839281667E-16));
#2737=DIRECTION('',(0.,1.67259839281667E-16,1.));
#2738=DIRECTION('',(0.,-1.,1.67259839281667E-16));
#2739=DIRECTION('',(0.,-1.,1.67259839281667E-16));
#2740=DIRECTION('',(0.,-1.,0.));
#2741=DIRECTION('',(1.,0.,0.));
#2742=DIRECTION('',(0.,-1.,1.74636591541489E-16));
#2743=DIRECTION('',(1.,0.,0.));
#2744=DIRECTION('',(0.,1.,0.));
#2745=DIRECTION('',(0.,1.,-1.67259839281667E-16));
#2746=DIRECTION('',(0.,-1.,0.));
#2747=DIRECTION('',(0.,0.,-1.));
#2748=DIRECTION('',(1.,0.,0.));
#2749=DIRECTION('',(0.,0.,1.));
#2750=DIRECTION('',(0.,0.,-1.));
#2751=DIRECTION('',(1.,0.,0.));
#2752=DIRECTION('',(0.,1.,0.));
#2753=DIRECTION('',(0.,0.,1.));
#2754=DIRECTION('',(0.,0.,1.));
#2755=DIRECTION('',(-1.,0.,0.));
#2756=DIRECTION('',(0.,0.,-1.));
#2757=DIRECTION('',(-1.,0.,0.));
#2758=DIRECTION('',(0.,0.,-1.));
#2759=DIRECTION('',(0.,1.,0.));
#2760=DIRECTION('',(0.,0.,1.));
#2761=DIRECTION('',(-1.,0.,0.));
#2762=DIRECTION('',(0.,0.,-1.));
#2763=DIRECTION('',(0.,0.,-1.));
#2764=DIRECTION('',(-1.,0.,0.));
#2765=DIRECTION('',(0.,0.,-1.));
#2766=DIRECTION('',(1.,0.,0.));
#2767=DIRECTION('',(0.,-1.,0.));
#2768=DIRECTION('',(1.,0.,0.));
#2769=DIRECTION('',(0.,0.,-1.));
#2770=DIRECTION('',(1.,0.,0.));
#2771=DIRECTION('',(0.,0.,-1.));
#2772=DIRECTION('',(0.,-0.707106781186548,-0.707106781186547));
#2773=DIRECTION('',(0.,0.707106781186547,-0.707106781186548));
#2774=DIRECTION('',(0.,1.,0.));
#2775=DIRECTION('',(0.,0.,-1.));
#2776=DIRECTION('',(0.,-1.,0.));
#2777=DIRECTION('',(0.,0.,1.));
#2778=DIRECTION('',(1.,0.,0.));
#2779=DIRECTION('',(0.,0.,-1.));
#2780=DIRECTION('',(0.,-1.,0.));
#2781=DIRECTION('',(1.,0.,0.));
#2782=DIRECTION('',(0.,0.,-1.));
#2783=DIRECTION('',(0.,1.,0.));
#2784=DIRECTION('',(0.,0.,-1.));
#2785=DIRECTION('',(-1.,0.,0.));
#2786=DIRECTION('',(0.,0.,1.));
#2787=DIRECTION('',(0.,-1.,0.));
#2788=DIRECTION('',(-1.,0.,0.));
#2789=DIRECTION('',(0.,0.,1.));
#2790=DIRECTION('',(0.,0.,1.));
#2791=DIRECTION('',(0.,1.,0.));
#2792=DIRECTION('',(-1.,0.,0.));
#2793=DIRECTION('',(0.,0.,-1.));
#2794=DIRECTION('',(0.,1.,0.));
#2795=DIRECTION('',(1.,0.,0.));
#2796=DIRECTION('',(0.,0.,-1.));
#2797=DIRECTION('',(0.,0.,1.));
#2798=DIRECTION('',(0.,-1.,0.));
#2799=DIRECTION('',(0.,0.,-1.));
#2800=DIRECTION('',(-1.,0.,0.));
#2801=DIRECTION('',(0.,0.,-1.));
#2802=DIRECTION('',(-1.,0.,0.));
#2803=DIRECTION('',(0.,0.,-1.));
#2804=DIRECTION('',(-1.,0.,0.));
#2805=DIRECTION('',(0.,0.,1.));
#2806=DIRECTION('',(1.,0.,0.));
#2807=DIRECTION('',(0.,1.,0.));
#2808=DIRECTION('',(0.,1.,0.));
#2809=DIRECTION('',(0.,0.,-1.));
#2810=DIRECTION('',(-1.,0.,0.));
#2811=DIRECTION('',(0.,0.,-1.));
#2812=DIRECTION('',(-1.,0.,0.));
#2813=DIRECTION('',(0.,0.,-1.));
#2814=DIRECTION('',(-1.,0.,0.));
#2815=DIRECTION('',(0.,0.,-1.));
#2816=DIRECTION('',(-1.,0.,0.));
#2817=DIRECTION('',(0.,-1.,0.));
#2818=DIRECTION('',(0.,0.,-1.));
#2819=DIRECTION('',(1.,0.,0.));
#2820=DIRECTION('',(1.,0.,0.));
#2821=DIRECTION('',(0.,0.,1.));
#2822=DIRECTION('',(-1.,0.,0.));
#2823=DIRECTION('',(0.,-1.,0.));
#2824=DIRECTION('',(0.,1.,0.));
#2825=DIRECTION('',(0.,0.,1.));
#2826=DIRECTION('',(1.,0.,0.));
#2827=DIRECTION('',(0.,0.,1.));
#2828=DIRECTION('',(1.,0.,0.));
#2829=DIRECTION('',(0.,0.,1.));
#2830=DIRECTION('',(1.,0.,0.));
#2831=DIRECTION('',(0.,0.,1.));
#2832=DIRECTION('',(1.,0.,0.));
#2833=DIRECTION('',(0.,0.,1.));
#2834=DIRECTION('',(1.,0.,0.));
#2835=DIRECTION('',(0.,0.,1.));
#2836=DIRECTION('',(1.,0.,0.));
#2837=DIRECTION('',(0.,0.,1.));
#2838=DIRECTION('',(1.,0.,0.));
#2839=DIRECTION('',(0.,0.,1.));
#2840=DIRECTION('',(1.,0.,0.));
#2841=DIRECTION('',(0.,0.,1.));
#2842=DIRECTION('',(1.,0.,0.));
#2843=DIRECTION('',(0.,0.,1.));
#2844=DIRECTION('',(1.,0.,0.));
#2845=DIRECTION('',(-1.,0.,0.));
#2846=DIRECTION('',(0.,0.,1.));
#2847=DIRECTION('',(-1.,0.,0.));
#2848=DIRECTION('',(1.,0.,0.));
#2849=DIRECTION('',(0.,0.,-1.));
#2850=DIRECTION('',(0.,0.,-1.));
#2851=DIRECTION('',(-1.,0.,0.));
#2852=DIRECTION('',(0.,-1.,0.));
#2853=DIRECTION('',(-1.,0.,0.));
#2854=DIRECTION('',(0.,0.,1.));
#2855=DIRECTION('',(1.,0.,0.));
#2856=DIRECTION('',(0.,0.,-1.));
#2857=DIRECTION('',(1.,0.,0.));
#2858=DIRECTION('',(0.,0.,-1.));
#2859=DIRECTION('',(1.,0.,0.));
#2860=DIRECTION('',(0.,1.,0.));
#2861=DIRECTION('',(0.,0.,1.));
#2862=DIRECTION('',(1.,0.,0.));
#2863=DIRECTION('',(-1.,0.,0.));
#2864=DIRECTION('',(0.,1.,0.));
#2865=DIRECTION('',(-1.,0.,0.));
#2866=DIRECTION('',(0.,0.,1.));
#2867=DIRECTION('',(1.,0.,0.));
#2868=DIRECTION('',(0.,0.,-1.));
#2869=DIRECTION('',(-1.,0.,0.));
#2870=DIRECTION('',(0.,0.,-1.));
#2871=DIRECTION('',(-1.,0.,0.));
#2872=DIRECTION('',(0.,0.,1.));
#2873=DIRECTION('',(-1.,0.,0.));
#2874=DIRECTION('',(0.,0.,-1.));
#2875=DIRECTION('',(1.,0.,0.));
#2876=DIRECTION('',(0.,-1.,0.));
#2877=DIRECTION('',(0.,0.,1.));
#2878=DIRECTION('',(1.,0.,0.));
#2879=DIRECTION('',(0.,1.,0.));
#2880=DIRECTION('',(-1.,0.,0.));
#2881=DIRECTION('',(0.,0.,1.));
#2882=DIRECTION('',(1.,0.,0.));
#2883=DIRECTION('',(-1.,0.,0.));
#2884=DIRECTION('',(0.,1.,0.));
#2885=DIRECTION('',(0.,-1.,0.));
#2886=DIRECTION('',(0.,0.,-1.));
#2887=DIRECTION('',(-1.,0.,0.));
#2888=DIRECTION('',(0.,0.,1.));
#2889=DIRECTION('',(-1.,0.,0.));
#2890=DIRECTION('',(0.,0.,1.));
#2891=DIRECTION('',(-1.,0.,0.));
#2892=DIRECTION('',(-1.,0.,0.));
#2893=DIRECTION('',(0.,0.,1.));
#2894=DIRECTION('',(0.,0.,-1.));
#2895=DIRECTION('',(-1.,0.,0.));
#2896=DIRECTION('',(-1.,0.,0.));
#2897=DIRECTION('',(0.,-1.,0.));
#2898=DIRECTION('',(-1.,0.,0.));
#2899=DIRECTION('',(0.,0.,1.));
#2900=DIRECTION('',(-1.,0.,0.));
#2901=DIRECTION('',(-1.,0.,0.));
#2902=DIRECTION('',(0.,0.,1.));
#2903=DIRECTION('',(0.,1.,0.));
#2904=DIRECTION('',(0.,0.,1.));
#2905=DIRECTION('',(0.,0.,-1.));
#2906=DIRECTION('',(1.,0.,0.));
#2907=DIRECTION('',(0.,1.,0.));
#2908=DIRECTION('',(0.,0.,1.));
#2909=DIRECTION('',(1.,0.,0.));
#2910=DIRECTION('',(1.,0.,0.));
#2911=DIRECTION('',(0.,-1.,0.));
#2912=DIRECTION('',(1.,0.,0.));
#2913=DIRECTION('',(0.,0.,-1.));
#2914=DIRECTION('',(-1.,0.,0.));
#2915=DIRECTION('',(0.,0.,1.));
#2916=DIRECTION('',(1.,0.,0.));
#2917=DIRECTION('',(0.,0.,-1.));
#2918=DIRECTION('',(1.,0.,0.));
#2919=DIRECTION('',(0.,0.,-1.));
#2920=DIRECTION('',(1.,0.,0.));
#2921=DIRECTION('',(0.,0.,-1.));
#2922=DIRECTION('',(-1.,0.,0.));
#2923=DIRECTION('',(0.,1.,0.));
#2924=DIRECTION('',(0.,-1.,0.));
#2925=DIRECTION('',(0.,0.,-1.));
#2926=DIRECTION('',(0.,0.,-1.));
#2927=DIRECTION('',(1.,0.,0.));
#2928=DIRECTION('',(1.,0.,0.));
#2929=DIRECTION('',(0.,0.,-1.));
#2930=DIRECTION('',(1.,0.,0.));
#2931=DIRECTION('',(0.,0.,-1.));
#2932=DIRECTION('',(1.,0.,0.));
#2933=DIRECTION('',(-1.,0.,0.));
#2934=DIRECTION('',(0.,0.,-1.));
#2935=DIRECTION('',(0.,0.,-1.));
#2936=DIRECTION('',(-1.,0.,0.));
#2937=DIRECTION('',(0.,1.,0.));
#2938=DIRECTION('',(1.,0.,0.));
#2939=DIRECTION('',(0.,0.,-1.));
#2940=DIRECTION('',(-1.,0.,0.));
#2941=DIRECTION('',(0.,0.,1.));
#2942=DIRECTION('',(-1.,0.,0.));
#2943=DIRECTION('',(0.,0.,-1.));
#2944=DIRECTION('',(-1.,0.,0.));
#2945=DIRECTION('',(0.,-1.,0.));
#2946=DIRECTION('',(0.,0.,-1.));
#2947=DIRECTION('',(-1.,0.,0.));
#2948=DIRECTION('',(1.,0.,0.));
#2949=DIRECTION('',(0.,1.,0.));
#2950=DIRECTION('',(0.,-1.,0.));
#2951=DIRECTION('',(0.,0.,-1.));
#2952=DIRECTION('',(1.,0.,0.));
#2953=DIRECTION('',(0.,0.,-1.));
#2954=DIRECTION('',(1.,0.,0.));
#2955=DIRECTION('',(0.,0.,-1.));
#2956=DIRECTION('',(1.,0.,0.));
#2957=DIRECTION('',(-1.,0.,0.));
#2958=DIRECTION('',(0.,0.,1.));
#2959=DIRECTION('',(0.,0.,1.));
#2960=DIRECTION('',(1.,0.,0.));
#2961=DIRECTION('',(1.,0.,0.));
#2962=DIRECTION('',(0.,-1.,0.));
#2963=DIRECTION('',(1.,0.,0.));
#2964=DIRECTION('',(0.,0.,-1.));
#2965=DIRECTION('',(1.,0.,0.));
#2966=DIRECTION('',(-1.,0.,0.));
#2967=DIRECTION('',(0.,0.,1.));
#2968=DIRECTION('',(0.,1.,0.));
#2969=DIRECTION('',(0.,0.,1.));
#2970=DIRECTION('',(1.,0.,0.));
#2971=DIRECTION('',(0.,0.,1.));
#2972=DIRECTION('',(0.,0.,-1.));
#2973=DIRECTION('',(-1.,0.,0.));
#2974=DIRECTION('',(0.,1.,0.));
#2975=DIRECTION('',(-1.,0.,0.));
#2976=DIRECTION('',(0.,1.,0.));
#2977=DIRECTION('',(-1.,0.,0.));
#2978=DIRECTION('',(0.,0.,1.));
#2979=DIRECTION('',(0.,1.,0.));
#2980=DIRECTION('',(0.,-1.67259839281667E-16,-1.));
#2981=DIRECTION('',(0.,-1.67259839281667E-16,-1.));
#2982=DIRECTION('',(0.,1.,-1.67259839281667E-16));
#2983=DIRECTION('',(0.,0.,1.));
#2984=DIRECTION('',(1.,0.,0.));
#2985=DIRECTION('',(0.,-1.67259839281667E-16,-1.));
#2986=DIRECTION('',(-1.,0.,0.));
#2987=DIRECTION('',(0.,0.,1.));
#2988=DIRECTION('',(0.,1.,0.));
#2989=DIRECTION('',(0.,0.,1.));
#2990=DIRECTION('',(1.,0.,0.));
#2991=DIRECTION('',(0.,0.,1.));
#2992=DIRECTION('',(1.,0.,0.));
#2993=DIRECTION('',(1.,0.,0.));
#2994=DIRECTION('',(0.,0.,-1.));
#2995=DIRECTION('',(0.,-1.67259839281667E-16,-1.));
#2996=DIRECTION('',(0.,-1.,0.));
#2997=DIRECTION('',(0.,-1.67259839281667E-16,-1.));
#2998=DIRECTION('',(0.,1.,-1.67259839281667E-16));
#2999=DIRECTION('',(0.,0.,1.));
#3000=DIRECTION('',(1.,0.,0.));
#3001=DIRECTION('',(0.,-1.67259839281667E-16,-1.));
#3002=DIRECTION('',(1.,0.,0.));
#3003=DIRECTION('',(0.,0.,-1.));
#3004=DIRECTION('',(0.,-1.,0.));
#3005=DIRECTION('',(0.,0.,1.));
#3006=DIRECTION('',(1.,0.,0.));
#3007=DIRECTION('',(0.,0.,1.));
#3008=DIRECTION('',(1.,0.,0.));
#3009=DIRECTION('',(0.,0.,1.));
#3010=DIRECTION('',(1.,0.,0.));
#3011=DIRECTION('',(0.,0.,1.));
#3012=DIRECTION('',(1.,0.,0.));
#3013=DIRECTION('',(0.,0.,1.));
#3014=DIRECTION('',(1.,0.,0.));
#3015=DIRECTION('',(0.,0.,1.));
#3016=DIRECTION('',(1.,0.,0.));
#3017=DIRECTION('',(0.,0.,-1.));
#3018=DIRECTION('',(-1.,0.,0.));
#3019=DIRECTION('',(0.,0.,1.));
#3020=DIRECTION('',(1.,0.,0.));
#3021=DIRECTION('',(0.,0.,1.));
#3022=DIRECTION('',(1.,0.,0.));
#3023=DIRECTION('',(0.,0.,-1.));
#3024=DIRECTION('',(-1.,0.,0.));
#3025=DIRECTION('',(0.,0.,1.));
#3026=DIRECTION('',(1.,0.,0.));
#3027=DIRECTION('',(0.,0.,1.));
#3028=DIRECTION('',(1.,0.,0.));
#3029=DIRECTION('',(0.,0.,-1.));
#3030=DIRECTION('',(-1.,0.,0.));
#3031=DIRECTION('',(0.,0.,1.));
#3032=DIRECTION('',(1.,0.,0.));
#3033=DIRECTION('',(0.,0.,1.));
#3034=DIRECTION('',(1.,0.,0.));
#3035=DIRECTION('',(0.,0.,-1.));
#3036=DIRECTION('',(-1.,0.,0.));
#3037=DIRECTION('',(0.,0.,1.));
#3038=DIRECTION('',(1.,0.,0.));
#3039=DIRECTION('',(0.,0.,1.));
#3040=DIRECTION('',(1.,0.,0.));
#3041=DIRECTION('',(0.,0.,-1.));
#3042=DIRECTION('',(-1.,0.,0.));
#3043=DIRECTION('',(0.,0.,1.));
#3044=DIRECTION('',(1.,0.,0.));
#3045=DIRECTION('',(0.,0.,1.));
#3046=DIRECTION('',(1.,0.,0.));
#3047=DIRECTION('',(0.,0.,-1.));
#3048=DIRECTION('',(-1.,0.,0.));
#3049=DIRECTION('',(0.,0.,1.));
#3050=DIRECTION('',(1.,0.,0.));
#3051=DIRECTION('',(0.,0.,1.));
#3052=DIRECTION('',(1.,0.,0.));
#3053=DIRECTION('',(0.,-1.67259839281667E-16,-1.));
#3054=DIRECTION('',(0.,1.,-1.67259839281667E-16));
#3055=DIRECTION('',(0.,0.,1.));
#3056=DIRECTION('',(1.,0.,0.));
#3057=DIRECTION('',(0.,0.,1.));
#3058=DIRECTION('',(1.,0.,0.));
#3059=DIRECTION('',(0.,-1.67259839281667E-16,-1.));
#3060=DIRECTION('',(0.,1.,-1.67259839281667E-16));
#3061=DIRECTION('',(0.,0.,1.));
#3062=DIRECTION('',(1.,0.,0.));
#3063=DIRECTION('',(0.,0.,1.));
#3064=DIRECTION('',(1.,0.,0.));
#3065=DIRECTION('',(0.,-1.67259839281667E-16,-1.));
#3066=DIRECTION('',(0.,1.,-1.67259839281667E-16));
#3067=DIRECTION('',(0.,0.,1.));
#3068=DIRECTION('',(1.,0.,0.));
#3069=DIRECTION('',(0.,0.,1.));
#3070=DIRECTION('',(1.,0.,0.));
#3071=DIRECTION('',(0.,-1.67259839281667E-16,-1.));
#3072=DIRECTION('',(0.,1.,-1.67259839281667E-16));
#3073=DIRECTION('',(0.,0.,1.));
#3074=DIRECTION('',(1.,0.,0.));
#3075=DIRECTION('',(0.,0.,1.));
#3076=DIRECTION('',(1.,0.,0.));
#3077=DIRECTION('',(0.,-1.67259839281667E-16,-1.));
#3078=DIRECTION('',(0.,1.,-1.67259839281667E-16));
#3079=DIRECTION('',(0.,0.,1.));
#3080=DIRECTION('',(1.,0.,0.));
#3081=DIRECTION('',(0.,0.,1.));
#3082=DIRECTION('',(1.,0.,0.));
#3083=DIRECTION('',(0.,-1.67259839281667E-16,-1.));
#3084=DIRECTION('',(0.,1.,-1.67259839281667E-16));
#3085=DIRECTION('',(0.,0.,1.));
#3086=DIRECTION('',(1.,0.,0.));
#3087=DIRECTION('',(0.,0.,1.));
#3088=DIRECTION('',(1.,0.,0.));
#3089=DIRECTION('',(0.,0.,1.));
#3090=DIRECTION('',(1.,0.,0.));
#3091=DIRECTION('',(0.,0.,1.));
#3092=DIRECTION('',(1.,0.,0.));
#3093=DIRECTION('',(0.,0.,1.));
#3094=DIRECTION('',(1.,0.,0.));
#3095=DIRECTION('',(0.,0.,-1.));
#3096=DIRECTION('',(1.,0.,0.));
#3097=DIRECTION('',(0.,0.,-1.));
#3098=DIRECTION('',(0.,0.,1.));
#3099=DIRECTION('',(0.,0.,1.));
#3100=DIRECTION('',(1.,0.,0.));
#3101=DIRECTION('',(0.,0.,-1.));
#3102=DIRECTION('',(-1.,0.,0.));
#3103=DIRECTION('',(0.,0.,1.));
#3104=DIRECTION('',(1.,0.,0.));
#3105=DIRECTION('',(0.,0.,1.));
#3106=DIRECTION('',(1.,0.,0.));
#3107=DIRECTION('',(-1.,0.,0.));
#3108=DIRECTION('',(-1.,0.,0.));
#3109=DIRECTION('',(1.,0.,0.));
#3110=DIRECTION('',(0.,0.,-1.));
#3111=DIRECTION('',(-1.,0.,0.));
#3112=DIRECTION('',(-1.,0.,0.));
#3113=DIRECTION('',(0.,0.,1.));
#3114=DIRECTION('',(-1.,0.,0.));
#3115=DIRECTION('',(0.,0.,1.));
#3116=DIRECTION('',(0.,0.,1.));
#3117=DIRECTION('',(0.,0.,1.));
#3118=DIRECTION('',(1.,0.,0.));
#3119=DIRECTION('',(0.,0.,-1.));
#3120=DIRECTION('',(-1.,0.,0.));
#3121=DIRECTION('',(0.,0.,-1.));
#3122=DIRECTION('',(1.,0.,0.));
#3123=DIRECTION('',(0.,0.,1.));
#3124=DIRECTION('',(1.,0.,0.));
#3125=DIRECTION('',(0.,0.,-1.));
#3126=DIRECTION('',(1.,0.,0.));
#3127=DIRECTION('',(0.,0.,1.));
#3128=DIRECTION('',(1.,0.,0.));
#3129=DIRECTION('',(-1.,0.,0.));
#3130=DIRECTION('',(-1.,0.,0.));
#3131=DIRECTION('',(1.,0.,0.));
#3132=DIRECTION('',(0.,0.,-1.));
#3133=DIRECTION('',(1.,0.,0.));
#3134=DIRECTION('',(0.,0.,-1.));
#3135=DIRECTION('',(0.,0.,1.));
#3136=DIRECTION('',(1.,0.,0.));
#3137=DIRECTION('',(0.,0.,-1.));
#3138=DIRECTION('',(0.,0.,1.));
#3139=DIRECTION('',(0.,0.,1.));
#3140=DIRECTION('',(1.,0.,0.));
#3141=DIRECTION('',(0.,0.,-1.));
#3142=DIRECTION('',(-1.,0.,0.));
#3143=DIRECTION('',(0.,0.,-1.));
#3144=DIRECTION('',(-1.,0.,0.));
#3145=DIRECTION('',(0.,0.,1.));
#3146=DIRECTION('',(1.,0.,0.));
#3147=DIRECTION('',(0.,0.,-1.));
#3148=DIRECTION('',(-1.,0.,0.));
#3149=DIRECTION('',(0.,0.,1.));
#3150=DIRECTION('',(-1.,0.,0.));
#3151=DIRECTION('',(1.,0.,0.));
#3152=DIRECTION('',(1.,0.,0.));
#3153=DIRECTION('',(-1.,0.,0.));
#3154=DIRECTION('',(0.,0.,1.));
#3155=DIRECTION('',(1.,0.,0.));
#3156=DIRECTION('',(0.,0.,1.));
#3157=DIRECTION('',(1.,0.,0.));
#3158=DIRECTION('',(0.,0.,1.));
#3159=DIRECTION('',(-1.,0.,0.));
#3160=DIRECTION('',(0.,0.,1.));
#3161=DIRECTION('',(-1.,0.,0.));
#3162=DIRECTION('',(0.,0.,1.));
#3163=DIRECTION('',(-1.,0.,0.));
#3164=DIRECTION('',(0.,0.,1.));
#3165=DIRECTION('',(0.,0.,1.));
#3166=DIRECTION('',(1.,0.,0.));
#3167=DIRECTION('',(0.,0.,-1.));
#3168=DIRECTION('',(-1.,0.,0.));
#3169=DIRECTION('',(0.,0.,1.));
#3170=DIRECTION('',(-1.,0.,0.));
#3171=DIRECTION('',(0.,0.,1.));
#3172=DIRECTION('',(-1.,0.,0.));
#3173=DIRECTION('',(1.,0.,0.));
#3174=DIRECTION('',(1.,0.,0.));
#3175=DIRECTION('',(-1.,0.,0.));
#3176=DIRECTION('',(0.,0.,1.));
#3177=DIRECTION('',(0.,0.,1.));
#3178=DIRECTION('',(1.,0.,0.));
#3179=DIRECTION('',(0.,0.,1.));
#3180=DIRECTION('',(1.,0.,0.));
#3181=DIRECTION('',(0.,0.,1.));
#3182=DIRECTION('',(1.,0.,0.));
#3183=DIRECTION('',(0.,0.,1.));
#3184=DIRECTION('',(1.,0.,0.));
#3185=DIRECTION('',(0.,0.,-1.));
#3186=DIRECTION('',(-1.,0.,0.));
#3187=DIRECTION('',(0.,0.,-1.));
#3188=DIRECTION('',(-1.,0.,0.));
#3189=DIRECTION('',(0.,0.,-1.));
#3190=DIRECTION('',(-1.,0.,0.));
#3191=DIRECTION('',(0.,0.,-1.));
#3192=DIRECTION('',(-1.,0.,0.));
#3193=DIRECTION('',(0.,0.,-1.));
#3194=DIRECTION('',(-1.,0.,0.));
#3195=DIRECTION('',(0.,0.,-1.));
#3196=DIRECTION('',(-1.,0.,0.));
#3197=DIRECTION('',(0.,0.,1.));
#3198=DIRECTION('',(1.,0.,0.));
#3199=DIRECTION('',(0.,0.,1.));
#3200=DIRECTION('',(1.,0.,0.));
#3201=DIRECTION('',(1.,0.,0.));
#3202=DIRECTION('',(0.,0.,-1.));
#3203=DIRECTION('',(1.,0.,0.));
#3204=DIRECTION('',(0.,0.,-1.));
#3205=DIRECTION('',(-1.,0.,0.));
#3206=DIRECTION('',(0.,0.,1.));
#3207=DIRECTION('',(-1.,0.,0.));
#3208=DIRECTION('',(0.,0.,1.));
#3209=DIRECTION('',(3.17134090672176E-16,0.,1.));
#3210=DIRECTION('',(1.,0.,-3.17134090672176E-16));
#3211=DIRECTION('',(0.,1.,0.));
#3212=DIRECTION('',(0.,1.,0.));
#3213=DIRECTION('',(-1.,0.,0.));
#3214=DIRECTION('',(0.,0.,1.));
#3215=DIRECTION('',(0.,1.,0.));
#3216=DIRECTION('',(0.,1.,0.));
#3217=DIRECTION('',(1.,0.,0.));
#3218=DIRECTION('',(0.,0.,-1.));
#3219=DIRECTION('',(0.,1.,0.));
#3220=DIRECTION('',(0.,1.,0.));
#3221=DIRECTION('',(0.,0.,-1.));
#3222=DIRECTION('',(-1.,0.,0.));
#3223=DIRECTION('',(0.,1.,0.));
#3224=DIRECTION('',(0.,1.,0.));
#3225=DIRECTION('',(0.,1.,0.));
#3226=DIRECTION('',(0.,0.,1.));
#3227=DIRECTION('',(0.,1.,0.));
#3228=DIRECTION('',(0.,0.,1.));
#3229=DIRECTION('',(0.,1.,0.));
#3230=DIRECTION('',(0.,0.,1.));
#3231=DIRECTION('',(0.,1.,0.));
#3232=DIRECTION('',(0.,0.,1.));
#3233=DIRECTION('',(0.,1.,0.));
#3234=DIRECTION('',(0.,0.,1.));
#3235=DIRECTION('',(0.,1.,0.));
#3236=DIRECTION('',(0.,0.,1.));
#3237=DIRECTION('',(0.,-1.,0.));
#3238=DIRECTION('',(0.,0.,-1.));
#3239=DIRECTION('',(0.,-1.,0.));
#3240=DIRECTION('',(0.,0.,-1.));
#3241=DIRECTION('',(0.,-1.,0.));
#3242=DIRECTION('',(0.,0.,-1.));
#3243=DIRECTION('',(0.,-1.,0.));
#3244=DIRECTION('',(0.,0.,-1.));
#3245=DIRECTION('',(0.,0.707106781186547,-0.707106781186548));
#3246=DIRECTION('',(0.,0.707106781186548,0.707106781186547));
#3247=DIRECTION('',(0.,-0.707106781186548,-0.707106781186547));
#3248=DIRECTION('',(-1.,0.,0.));
#3249=DIRECTION('',(0.,0.707106781186548,0.707106781186547));
#3250=DIRECTION('',(0.,-0.707106781186547,0.707106781186548));
#3251=DIRECTION('',(0.,0.707106781186547,-0.707106781186548));
#3252=DIRECTION('',(-1.,0.,0.));
#3253=DIRECTION('',(0.,-1.,0.));
#3254=DIRECTION('',(0.,-0.707106781186547,0.707106781186548));
#3255=DIRECTION('',(0.,-0.707106781186548,-0.707106781186547));
#3256=DIRECTION('',(1.,0.,0.));
#3257=DIRECTION('',(0.,-0.707106781186548,-0.707106781186547));
#3258=DIRECTION('',(0.,-0.707106781186548,-0.707106781186547));
#3259=DIRECTION('',(0.,0.707106781186547,-0.707106781186548));
#3260=DIRECTION('',(0.,0.707106781186547,-0.707106781186548));
#3261=DIRECTION('',(1.,0.,0.));
#3262=DIRECTION('',(0.,-1.,0.));
#3263=CARTESIAN_POINT('',(0.,0.,0.));
#3264=CARTESIAN_POINT('',(0.1088,-0.0591,-0.0066));
#3265=CARTESIAN_POINT('',(0.1088,-0.092699999999966,-0.0096));
#3266=CARTESIAN_POINT('',(0.1088,-0.092699999999966,-0.007375));
#3267=CARTESIAN_POINT('',(0.1088,-0.025500000000034,-0.0096));
#3268=CARTESIAN_POINT('',(0.1088,-0.025500000000034,-0.007375));
#3269=CARTESIAN_POINT('',(0.1088,-0.021500000000034,-0.0061));
#3270=CARTESIAN_POINT('',(0.1088,-0.021000000000034,-0.0056));
#3271=CARTESIAN_POINT('',(0.1088,-0.022000000000034,-0.0066));
#3272=CARTESIAN_POINT('',(0.1088,-0.021000000000034,-0.0066));
#3273=CARTESIAN_POINT('',(0.1088,-0.021000000000034,0.));
#3274=CARTESIAN_POINT('',(0.1088,-0.021900000000034,0.));
#3275=CARTESIAN_POINT('',(0.1088,-0.02479,0.));
#3276=CARTESIAN_POINT('',(0.1088,-0.02479,-0.0025));
#3277=CARTESIAN_POINT('',(0.1088,-0.02479,-0.00267512832151057));
#3278=CARTESIAN_POINT('',(0.1088,-0.025800000000034,-0.0055));
#3279=CARTESIAN_POINT('',(0.1088,-0.022800000000034,-0.0055));
#3280=CARTESIAN_POINT('',(0.1088,-0.022800000000034,-0.0062));
#3281=CARTESIAN_POINT('',(0.1088,-0.022800000000034,-0.0058));
#3282=CARTESIAN_POINT('',(0.1088,-0.024150000000034,-0.0058));
#3283=CARTESIAN_POINT('',(0.1088,-0.025500000000034,-0.0058));
#3284=CARTESIAN_POINT('',(0.1088,-0.025500000000034,-0.0096));
#3285=CARTESIAN_POINT('',(0.1088,-0.029300000000034,-0.0096));
#3286=CARTESIAN_POINT('',(0.1088,-0.029300000000034,-0.011));
#3287=CARTESIAN_POINT('',(0.1088,-0.029300000000034,-0.0098));
#3288=CARTESIAN_POINT('',(0.1088,-0.0409340960869673,-0.0098));
#3289=CARTESIAN_POINT('',(0.1088,-0.0525681921739005,-0.0098));
#3290=CARTESIAN_POINT('',(0.1088,-0.0525681921739005,-0.0083));
#3291=CARTESIAN_POINT('',(0.1088,-0.0525681921739005,-0.009895198));
#3292=CARTESIAN_POINT('',(0.1088,-0.0529681921739005,-0.009895198));
#3293=CARTESIAN_POINT('',(0.1088,-0.0529681921739005,-0.010295198));
#3294=CARTESIAN_POINT('',(0.1088,-0.0590681910869677,-0.010295198));
#3295=CARTESIAN_POINT('',(0.1088,-0.065168190000035,-0.010295198));
#3296=CARTESIAN_POINT('',(0.1088,-0.065168190000035,-0.009895198));
#3297=CARTESIAN_POINT('',(0.1088,-0.065568190000035,-0.009895198));
#3298=CARTESIAN_POINT('',(0.1088,-0.065568190000035,-0.0083));
#3299=CARTESIAN_POINT('',(0.1088,-0.065568190000035,-0.0098));
#3300=CARTESIAN_POINT('',(0.1088,-0.0772340950000005,-0.0098));
#3301=CARTESIAN_POINT('',(0.1088,-0.088899999999966,-0.0098));
#3302=CARTESIAN_POINT('',(0.1088,-0.088899999999966,-0.011));
#3303=CARTESIAN_POINT('',(0.1088,-0.088899999999966,-0.0096));
#3304=CARTESIAN_POINT('',(0.1088,-0.092699999999966,-0.0096));
#3305=CARTESIAN_POINT('',(0.1088,-0.092699999999966,-0.0058));
#3306=CARTESIAN_POINT('',(0.1088,-0.094049999999966,-0.0058));
#3307=CARTESIAN_POINT('',(0.1088,-0.095399999999966,-0.0058));
#3308=CARTESIAN_POINT('',(0.1088,-0.095399999999966,-0.0062));
#3309=CARTESIAN_POINT('',(0.1088,-0.095399999999966,-0.0055));
#3310=CARTESIAN_POINT('',(0.1088,-0.092399999999966,-0.0055));
#3311=CARTESIAN_POINT('',(0.1088,-0.09341,-0.00267512832151056));
#3312=CARTESIAN_POINT('',(0.1088,-0.09341,-0.0025));
#3313=CARTESIAN_POINT('',(0.1088,-0.09341,0.));
#3314=CARTESIAN_POINT('',(0.1088,-0.096299999999966,0.));
#3315=CARTESIAN_POINT('',(0.1088,-0.097199999999966,0.));
#3316=CARTESIAN_POINT('',(0.1088,-0.097199999999966,-0.0066));
#3317=CARTESIAN_POINT('',(0.1088,-0.097199999999966,-0.0132));
#3318=CARTESIAN_POINT('',(0.1088,-0.0591,-0.0132));
#3319=CARTESIAN_POINT('',(0.1088,-0.021000000000034,-0.0132));
#3320=CARTESIAN_POINT('',(0.1088,-0.021000000000034,-0.0066));
#3321=CARTESIAN_POINT('',(0.1088,-0.021000000000034,-0.0076));
#3322=CARTESIAN_POINT('',(0.1088,-0.021500000000034,-0.0071));
#3323=CARTESIAN_POINT('',(0.061198,-0.022800000000034,-0.0062));
#3324=CARTESIAN_POINT('',(0.07953,-0.022800000000034,-0.006554802));
#3325=CARTESIAN_POINT('',(0.07953,-0.022800000000034,-0.008154802));
#3326=CARTESIAN_POINT('',(0.07953,-0.022800000000034,-0.004954802));
#3327=CARTESIAN_POINT('',(0.08053,-0.022800000000034,-0.004954802));
#3328=CARTESIAN_POINT('',(0.08053,-0.022800000000034,-0.003954802));
#3329=CARTESIAN_POINT('',(0.085,-0.022800000000034,-0.003954802));
#3330=CARTESIAN_POINT('',(0.08947,-0.022800000000034,-0.003954802));
#3331=CARTESIAN_POINT('',(0.08947,-0.022800000000034,-0.004954802));
#3332=CARTESIAN_POINT('',(0.09047,-0.022800000000034,-0.004954802));
#3333=CARTESIAN_POINT('',(0.09047,-0.022800000000034,-0.006554802));
#3334=CARTESIAN_POINT('',(0.09047,-0.022800000000034,-0.008154802));
#3335=CARTESIAN_POINT('',(0.08947,-0.022800000000034,-0.008154802));
#3336=CARTESIAN_POINT('',(0.08947,-0.022800000000034,-0.009154802));
#3337=CARTESIAN_POINT('',(0.085,-0.022800000000034,-0.009154802));
#3338=CARTESIAN_POINT('',(0.08053,-0.022800000000034,-0.009154802));
#3339=CARTESIAN_POINT('',(0.08053,-0.022800000000034,-0.008154802));
#3340=CARTESIAN_POINT('',(0.0977,-0.022800000000034,-0.005904802));
#3341=CARTESIAN_POINT('',(0.1009,-0.022800000000034,-0.00448705731212413));
#3342=CARTESIAN_POINT('',(0.101176511950331,-0.022800000000034,-0.0055));
#3343=CARTESIAN_POINT('',(0.1009,-0.022800000000034,-0.0025));
#3344=CARTESIAN_POINT('',(0.1009,-0.022800000000034,0.));
#3345=CARTESIAN_POINT('',(0.061198,-0.022800000000034,0.));
#3346=CARTESIAN_POINT('',(0.0691,-0.022800000000034,0.));
#3347=CARTESIAN_POINT('',(0.0691,-0.022800000000034,-0.0025));
#3348=CARTESIAN_POINT('',(0.0691,-0.022800000000034,-0.00448705731212419));
#3349=CARTESIAN_POINT('',(0.0723,-0.022800000000034,-0.005904802));
#3350=CARTESIAN_POINT('',(0.0688234880496687,-0.022800000000034,-0.0055));
#3351=CARTESIAN_POINT('',(0.0612,-0.022800000000034,-0.0055));
#3352=CARTESIAN_POINT('',(0.0612,-0.022800000000034,-0.0055));
#3353=CARTESIAN_POINT('',(0.0612,-0.022800000000034,-0.0062));
#3354=CARTESIAN_POINT('',(0.0612,-0.022800000000034,-0.0058));
#3355=CARTESIAN_POINT('',(0.0662,-0.022800000000034,-0.0058));
#3356=CARTESIAN_POINT('',(0.0662,-0.022800000000034,-0.0058));
#3357=CARTESIAN_POINT('',(0.0662,-0.022800000000034,-0.0091));
#3358=CARTESIAN_POINT('',(0.0662,-0.022800000000034,-0.0124));
#3359=CARTESIAN_POINT('',(0.061198,-0.022800000000034,-0.0124));
#3360=CARTESIAN_POINT('',(0.0812,-0.022800000000034,-0.0124));
#3361=CARTESIAN_POINT('',(0.0812,-0.022800000000034,-0.009798));
#3362=CARTESIAN_POINT('',(0.0812,-0.022800000000034,-0.0098));
#3363=CARTESIAN_POINT('',(0.061198,-0.022800000000034,-0.0098));
#3364=CARTESIAN_POINT('',(0.0888,-0.022800000000034,-0.0098));
#3365=CARTESIAN_POINT('',(0.0888,-0.022800000000034,-0.009798));
#3366=CARTESIAN_POINT('',(0.0888,-0.022800000000034,-0.0124));
#3367=CARTESIAN_POINT('',(0.061198,-0.022800000000034,-0.0124));
#3368=CARTESIAN_POINT('',(0.1038,-0.022800000000034,-0.0124));
#3369=CARTESIAN_POINT('',(0.1038,-0.022800000000034,-0.0091));
#3370=CARTESIAN_POINT('',(0.1038,-0.022800000000034,-0.0058));
#3371=CARTESIAN_POINT('',(0.1038,-0.022800000000034,-0.0058));
#3372=CARTESIAN_POINT('',(0.1009,-0.022800000000034,-0.0055));
#3373=CARTESIAN_POINT('',(0.061198,-0.021000000000034,-0.0066));
#3374=CARTESIAN_POINT('',(0.1038,-0.021000000000034,-0.0066));
#3375=CARTESIAN_POINT('',(0.1038,-0.021000000000034,-0.0076));
#3376=CARTESIAN_POINT('',(0.1038,-0.021000000000034,-0.0056));
#3377=CARTESIAN_POINT('',(0.1038,-0.021000000000034,-0.0076));
#3378=CARTESIAN_POINT('',(0.061198,-0.021000000000034,-0.0132));
#3379=CARTESIAN_POINT('',(0.0612,-0.021000000000034,-0.0132));
#3380=CARTESIAN_POINT('',(0.0612,-0.021000000000034,-0.0066));
#3381=CARTESIAN_POINT('',(0.0612,-0.021000000000034,-0.0076));
#3382=CARTESIAN_POINT('',(0.0662,-0.021000000000034,-0.0076));
#3383=CARTESIAN_POINT('',(0.0662,-0.021000000000034,-0.0076));
#3384=CARTESIAN_POINT('',(0.0662,-0.021000000000034,-0.0066));
#3385=CARTESIAN_POINT('',(0.0662,-0.021000000000034,-0.0056));
#3386=CARTESIAN_POINT('',(0.0662,-0.021000000000034,-0.0056));
#3387=CARTESIAN_POINT('',(0.0612,-0.021000000000034,-0.0056));
#3388=CARTESIAN_POINT('',(0.0612,-0.021000000000034,-0.0066));
#3389=CARTESIAN_POINT('',(0.0612,-0.021000000000034,0.));
#3390=CARTESIAN_POINT('',(0.061198,-0.021000000000034,0.));
#3391=CARTESIAN_POINT('',(0.1038,-0.021000000000034,-0.0056));
#3392=CARTESIAN_POINT('',(0.0977,-0.021000000000034,-0.005904802));
#3393=CARTESIAN_POINT('',(0.0977,-0.021000000000034,-0.002404802));
#3394=CARTESIAN_POINT('',(0.0723,-0.021000000000034,-0.005904802));
#3395=CARTESIAN_POINT('',(0.0723,-0.021000000000034,-0.002404802));
#3396=CARTESIAN_POINT('',(0.09047,-0.021000000000034,-0.006554802));
#3397=CARTESIAN_POINT('',(0.09047,-0.021000000000034,-0.008154802));
#3398=CARTESIAN_POINT('',(0.09047,-0.021000000000034,-0.004954802));
#3399=CARTESIAN_POINT('',(0.08947,-0.021000000000034,-0.004954802));
#3400=CARTESIAN_POINT('',(0.08947,-0.021000000000034,-0.003954802));
#3401=CARTESIAN_POINT('',(0.085,-0.021000000000034,-0.003954802));
#3402=CARTESIAN_POINT('',(0.08053,-0.021000000000034,-0.003954802));
#3403=CARTESIAN_POINT('',(0.08053,-0.021000000000034,-0.004954802));
#3404=CARTESIAN_POINT('',(0.07953,-0.021000000000034,-0.004954802));
#3405=CARTESIAN_POINT('',(0.07953,-0.021000000000034,-0.006554802));
#3406=CARTESIAN_POINT('',(0.07953,-0.021000000000034,-0.008154802));
#3407=CARTESIAN_POINT('',(0.08053,-0.021000000000034,-0.008154802));
#3408=CARTESIAN_POINT('',(0.08053,-0.021000000000034,-0.009154802));
#3409=CARTESIAN_POINT('',(0.085,-0.021000000000034,-0.009154802));
#3410=CARTESIAN_POINT('',(0.08947,-0.021000000000034,-0.009154802));
#3411=CARTESIAN_POINT('',(0.08947,-0.021000000000034,-0.008154802));
#3412=CARTESIAN_POINT('',(0.061198,-0.095399999999966,-0.0062));
#3413=CARTESIAN_POINT('',(0.1009,-0.095399999999966,-0.0025));
#3414=CARTESIAN_POINT('',(0.1009,-0.095399999999966,-0.0055));
#3415=CARTESIAN_POINT('',(0.1009,-0.095399999999966,0.));
#3416=CARTESIAN_POINT('',(0.1088,-0.095399999999966,-0.0055));
#3417=CARTESIAN_POINT('',(0.1038,-0.095399999999966,-0.0058));
#3418=CARTESIAN_POINT('',(0.1038,-0.095399999999966,-0.0058));
#3419=CARTESIAN_POINT('',(0.1038,-0.095399999999966,-0.0091));
#3420=CARTESIAN_POINT('',(0.1038,-0.095399999999966,-0.0124));
#3421=CARTESIAN_POINT('',(0.061198,-0.095399999999966,-0.0124));
#3422=CARTESIAN_POINT('',(0.0888,-0.095399999999966,-0.0124));
#3423=CARTESIAN_POINT('',(0.0888,-0.095399999999966,-0.009798));
#3424=CARTESIAN_POINT('',(0.0888,-0.095399999999966,-0.0098));
#3425=CARTESIAN_POINT('',(0.061198,-0.095399999999966,-0.0098));
#3426=CARTESIAN_POINT('',(0.0812,-0.095399999999966,-0.0098));
#3427=CARTESIAN_POINT('',(0.0812,-0.095399999999966,-0.009798));
#3428=CARTESIAN_POINT('',(0.0812,-0.095399999999966,-0.0124));
#3429=CARTESIAN_POINT('',(0.061198,-0.095399999999966,-0.0124));
#3430=CARTESIAN_POINT('',(0.0662,-0.095399999999966,-0.0124));
#3431=CARTESIAN_POINT('',(0.0662,-0.095399999999966,-0.0091));
#3432=CARTESIAN_POINT('',(0.0662,-0.095399999999966,-0.0058));
#3433=CARTESIAN_POINT('',(0.0662,-0.095399999999966,-0.0058));
#3434=CARTESIAN_POINT('',(0.0612,-0.095399999999966,-0.0058));
#3435=CARTESIAN_POINT('',(0.0612,-0.095399999999966,-0.0062));
#3436=CARTESIAN_POINT('',(0.0612,-0.095399999999966,-0.0055));
#3437=CARTESIAN_POINT('',(0.0691,-0.095399999999966,-0.0055));
#3438=CARTESIAN_POINT('',(0.0691,-0.095399999999966,-0.0055));
#3439=CARTESIAN_POINT('',(0.0691,-0.095399999999966,-0.0025));
#3440=CARTESIAN_POINT('',(0.0691,-0.095399999999966,0.));
#3441=CARTESIAN_POINT('',(0.061198,-0.095399999999966,0.));
#3442=CARTESIAN_POINT('',(0.061198,-0.0591,-0.0124));
#3443=CARTESIAN_POINT('',(0.0723,-0.09085,-0.0124));
#3444=CARTESIAN_POINT('',(0.0723,-0.08705,-0.0124));
#3445=CARTESIAN_POINT('',(0.0723,-0.02735,-0.0124));
#3446=CARTESIAN_POINT('',(0.0723,-0.02355,-0.0124));
#3447=CARTESIAN_POINT('',(0.07865,-0.0591,-0.0124));
#3448=CARTESIAN_POINT('',(0.07865,-0.0553,-0.0124));
#3449=CARTESIAN_POINT('',(0.09135,-0.0591,-0.0124));
#3450=CARTESIAN_POINT('',(0.09135,-0.0553,-0.0124));
#3451=CARTESIAN_POINT('',(0.0977,-0.09085,-0.0124));
#3452=CARTESIAN_POINT('',(0.0977,-0.08705,-0.0124));
#3453=CARTESIAN_POINT('',(0.0977,-0.02735,-0.0124));
#3454=CARTESIAN_POINT('',(0.0977,-0.02355,-0.0124));
#3455=CARTESIAN_POINT('',(0.085,-0.0273,-0.0124));
#3456=CARTESIAN_POINT('',(0.0812,-0.0273,-0.0124));
#3457=CARTESIAN_POINT('',(0.0888,-0.0273,-0.0124));
#3458=CARTESIAN_POINT('',(0.0812,-0.025050000000017,-0.0124));
#3459=CARTESIAN_POINT('',(0.0662,-0.026050000000034,-0.0124));
#3460=CARTESIAN_POINT('',(0.0662,-0.029300000000034,-0.0124));
#3461=CARTESIAN_POINT('',(0.0662,-0.029300000000034,-0.0124));
#3462=CARTESIAN_POINT('',(0.0648,-0.029300000000034,-0.0124));
#3463=CARTESIAN_POINT('',(0.0648,-0.0591,-0.0124));
#3464=CARTESIAN_POINT('',(0.0648,-0.088899999999966,-0.0124));
#3465=CARTESIAN_POINT('',(0.0662,-0.088899999999966,-0.0124));
#3466=CARTESIAN_POINT('',(0.0662,-0.088899999999966,-0.0124));
#3467=CARTESIAN_POINT('',(0.0662,-0.092149999999966,-0.0124));
#3468=CARTESIAN_POINT('',(0.0812,-0.093099999999983,-0.0124));
#3469=CARTESIAN_POINT('',(0.0812,-0.0908,-0.0124));
#3470=CARTESIAN_POINT('',(0.085,-0.0908,-0.0124));
#3471=CARTESIAN_POINT('',(0.0888,-0.0908,-0.0124));
#3472=CARTESIAN_POINT('',(0.0888,-0.093099999999983,-0.0124));
#3473=CARTESIAN_POINT('',(0.1038,-0.092149999999966,-0.0124));
#3474=CARTESIAN_POINT('',(0.1038,-0.088899999999966,-0.0124));
#3475=CARTESIAN_POINT('',(0.1038,-0.088899999999966,-0.0124));
#3476=CARTESIAN_POINT('',(0.1052,-0.088899999999966,-0.0124));
#3477=CARTESIAN_POINT('',(0.1052,-0.0591,-0.0124));
#3478=CARTESIAN_POINT('',(0.1052,-0.029300000000034,-0.0124));
#3479=CARTESIAN_POINT('',(0.1038,-0.029300000000034,-0.0124));
#3480=CARTESIAN_POINT('',(0.1038,-0.029300000000034,-0.0124));
#3481=CARTESIAN_POINT('',(0.1038,-0.026050000000034,-0.0124));
#3482=CARTESIAN_POINT('',(0.0888,-0.025050000000017,-0.0124));
#3483=CARTESIAN_POINT('',(0.1038,-0.088899999999966,-0.011));
#3484=CARTESIAN_POINT('',(0.1052,-0.088899999999966,-0.0098));
#3485=CARTESIAN_POINT('',(0.1052,-0.088899999999966,-0.0098));
#3486=CARTESIAN_POINT('',(0.1052,-0.088899999999966,-0.0111));
#3487=CARTESIAN_POINT('',(0.1038,-0.088899999999966,-0.011));
#3488=CARTESIAN_POINT('',(0.1038,-0.088899999999966,-0.0096));
#3489=CARTESIAN_POINT('',(0.1038,-0.088899999999966,-0.0096));
#3490=CARTESIAN_POINT('',(0.0662,-0.088899999999966,-0.011));
#3491=CARTESIAN_POINT('',(0.0648,-0.088899999999966,-0.0111));
#3492=CARTESIAN_POINT('',(0.0648,-0.088899999999966,-0.0098));
#3493=CARTESIAN_POINT('',(0.0648,-0.088899999999966,-0.0098));
#3494=CARTESIAN_POINT('',(0.0612,-0.088899999999966,-0.0098));
#3495=CARTESIAN_POINT('',(0.0612,-0.088899999999966,-0.011));
#3496=CARTESIAN_POINT('',(0.0612,-0.088899999999966,-0.0096));
#3497=CARTESIAN_POINT('',(0.0662,-0.088899999999966,-0.0096));
#3498=CARTESIAN_POINT('',(0.0662,-0.088899999999966,-0.0096));
#3499=CARTESIAN_POINT('',(0.0662,-0.088899999999966,-0.011));
#3500=CARTESIAN_POINT('',(0.0662,-0.029300000000034,-0.011));
#3501=CARTESIAN_POINT('',(0.0648,-0.029300000000034,-0.0098));
#3502=CARTESIAN_POINT('',(0.0648,-0.029300000000034,-0.0098));
#3503=CARTESIAN_POINT('',(0.0612,-0.029300000000034,-0.0098));
#3504=CARTESIAN_POINT('',(0.0648,-0.029300000000034,-0.0111));
#3505=CARTESIAN_POINT('',(0.0662,-0.029300000000034,-0.011));
#3506=CARTESIAN_POINT('',(0.0662,-0.029300000000034,-0.0096));
#3507=CARTESIAN_POINT('',(0.0662,-0.029300000000034,-0.0096));
#3508=CARTESIAN_POINT('',(0.0612,-0.029300000000034,-0.0096));
#3509=CARTESIAN_POINT('',(0.0612,-0.029300000000034,-0.011));
#3510=CARTESIAN_POINT('',(0.0612,-0.0591,-0.0066));
#3511=CARTESIAN_POINT('',(0.0612,-0.025500000000034,-0.0096));
#3512=CARTESIAN_POINT('',(0.0612,-0.025500000000034,-0.011825));
#3513=CARTESIAN_POINT('',(0.0612,-0.092699999999966,-0.0096));
#3514=CARTESIAN_POINT('',(0.0612,-0.092699999999966,-0.011825));
#3515=CARTESIAN_POINT('',(0.0612,-0.021500000000034,-0.0061));
#3516=CARTESIAN_POINT('',(0.0612,-0.022000000000034,-0.0066));
#3517=CARTESIAN_POINT('',(0.0612,-0.021500000000034,-0.0071));
#3518=CARTESIAN_POINT('',(0.0612,-0.0591,-0.0132));
#3519=CARTESIAN_POINT('',(0.0612,-0.097199999999966,-0.0132));
#3520=CARTESIAN_POINT('',(0.0612,-0.097199999999966,-0.0066));
#3521=CARTESIAN_POINT('',(0.0612,-0.097199999999966,0.));
#3522=CARTESIAN_POINT('',(0.0612,-0.096299999999966,0.));
#3523=CARTESIAN_POINT('',(0.0612,-0.09341,0.));
#3524=CARTESIAN_POINT('',(0.0612,-0.09341,-0.0025));
#3525=CARTESIAN_POINT('',(0.0612,-0.09341,-0.00267512832151056));
#3526=CARTESIAN_POINT('',(0.0612,-0.092399999999966,-0.0055));
#3527=CARTESIAN_POINT('',(0.0612,-0.094049999999966,-0.0058));
#3528=CARTESIAN_POINT('',(0.0612,-0.092699999999966,-0.0058));
#3529=CARTESIAN_POINT('',(0.0612,-0.092699999999966,-0.0096));
#3530=CARTESIAN_POINT('',(0.0612,-0.0772340950000005,-0.0098));
#3531=CARTESIAN_POINT('',(0.0612,-0.065568190000035,-0.0098));
#3532=CARTESIAN_POINT('',(0.0612,-0.065568190000035,-0.0083));
#3533=CARTESIAN_POINT('',(0.0612,-0.065568190000035,-0.009895198));
#3534=CARTESIAN_POINT('',(0.0612,-0.065168190000035,-0.009895198));
#3535=CARTESIAN_POINT('',(0.0612,-0.065168190000035,-0.010295198));
#3536=CARTESIAN_POINT('',(0.0612,-0.0590681910869677,-0.010295198));
#3537=CARTESIAN_POINT('',(0.0612,-0.0529681921739005,-0.010295198));
#3538=CARTESIAN_POINT('',(0.0612,-0.0529681921739005,-0.009895198));
#3539=CARTESIAN_POINT('',(0.0612,-0.0525681921739005,-0.009895198));
#3540=CARTESIAN_POINT('',(0.0612,-0.0525681921739005,-0.0083));
#3541=CARTESIAN_POINT('',(0.0612,-0.0525681921739005,-0.0098));
#3542=CARTESIAN_POINT('',(0.0612,-0.0409340960869673,-0.0098));
#3543=CARTESIAN_POINT('',(0.0612,-0.025500000000034,-0.0096));
#3544=CARTESIAN_POINT('',(0.0612,-0.025500000000034,-0.0058));
#3545=CARTESIAN_POINT('',(0.0612,-0.024150000000034,-0.0058));
#3546=CARTESIAN_POINT('',(0.0612,-0.025800000000034,-0.0055));
#3547=CARTESIAN_POINT('',(0.0612,-0.02479,-0.00267512832151056));
#3548=CARTESIAN_POINT('',(0.0612,-0.02479,-0.0025));
#3549=CARTESIAN_POINT('',(0.0612,-0.02479,0.));
#3550=CARTESIAN_POINT('',(0.0612,-0.021900000000034,0.));
#3551=CARTESIAN_POINT('',(0.061198,-0.021900000000034,0.));
#3552=CARTESIAN_POINT('',(0.10485,-0.02479,0.));
#3553=CARTESIAN_POINT('',(0.102625,-0.02479,0.));
#3554=CARTESIAN_POINT('',(0.06515,-0.02479,0.));
#3555=CARTESIAN_POINT('',(0.062925,-0.02479,0.));
#3556=CARTESIAN_POINT('',(0.06515,-0.02479,0.));
#3557=CARTESIAN_POINT('',(0.0691,-0.02479,0.));
#3558=CARTESIAN_POINT('',(0.0691,-0.023795000000017,0.));
#3559=CARTESIAN_POINT('',(0.1009,-0.023795000000017,0.));
#3560=CARTESIAN_POINT('',(0.1009,-0.02479,0.));
#3561=CARTESIAN_POINT('',(0.10485,-0.02479,0.));
#3562=CARTESIAN_POINT('',(0.061198,-0.096299999999966,0.));
#3563=CARTESIAN_POINT('',(0.10485,-0.09341,0.));
#3564=CARTESIAN_POINT('',(0.102625,-0.09341,0.));
#3565=CARTESIAN_POINT('',(0.06515,-0.09341,0.));
#3566=CARTESIAN_POINT('',(0.062925,-0.09341,0.));
#3567=CARTESIAN_POINT('',(0.0691,-0.094404999999983,0.));
#3568=CARTESIAN_POINT('',(0.0691,-0.09341,0.));
#3569=CARTESIAN_POINT('',(0.06515,-0.09341,0.));
#3570=CARTESIAN_POINT('',(0.061198,-0.097199999999966,0.));
#3571=CARTESIAN_POINT('',(0.10485,-0.09341,0.));
#3572=CARTESIAN_POINT('',(0.1009,-0.09341,0.));
#3573=CARTESIAN_POINT('',(0.1009,-0.094404999999983,0.));
#3574=CARTESIAN_POINT('',(0.061198,-0.097199999999966,-0.0066));
#3575=CARTESIAN_POINT('',(0.061198,-0.097199999999966,-0.0132));
#3576=CARTESIAN_POINT('',(0.061198,-0.0591,-0.0132));
#3577=CARTESIAN_POINT('',(0.09135,-0.0591,-0.0132));
#3578=CARTESIAN_POINT('',(0.093575,-0.0591,-0.0132));
#3579=CARTESIAN_POINT('',(0.07865,-0.0591,-0.0132));
#3580=CARTESIAN_POINT('',(0.080875,-0.0591,-0.0132));
#3581=CARTESIAN_POINT('',(0.0723,-0.02735,-0.0132));
#3582=CARTESIAN_POINT('',(0.074525,-0.02735,-0.0132));
#3583=CARTESIAN_POINT('',(0.0977,-0.02735,-0.0132));
#3584=CARTESIAN_POINT('',(0.099925,-0.02735,-0.0132));
#3585=CARTESIAN_POINT('',(0.0977,-0.09085,-0.0132));
#3586=CARTESIAN_POINT('',(0.099925,-0.09085,-0.0132));
#3587=CARTESIAN_POINT('',(0.0723,-0.09085,-0.0132));
#3588=CARTESIAN_POINT('',(0.074525,-0.09085,-0.0132));
#3589=CARTESIAN_POINT('',(0.085,-0.0273,-0.0132));
#3590=CARTESIAN_POINT('',(0.086625,-0.0273,-0.0132));
#3591=CARTESIAN_POINT('',(0.085,-0.0908,-0.0132));
#3592=CARTESIAN_POINT('',(0.086625,-0.0908,-0.0132));
#3593=CARTESIAN_POINT('',(0.0662,-0.092699999999966,-0.0096));
#3594=CARTESIAN_POINT('',(0.0662,-0.092699999999966,-0.0058));
#3595=CARTESIAN_POINT('',(0.0662,-0.092699999999966,-0.0058));
#3596=CARTESIAN_POINT('',(0.0662,-0.092699999999966,-0.0096));
#3597=CARTESIAN_POINT('',(0.0662,-0.094049999999966,-0.0058));
#3598=CARTESIAN_POINT('',(0.0662,-0.094049999999966,-0.0058));
#3599=CARTESIAN_POINT('',(0.0662,-0.092699999999966,-0.0096));
#3600=CARTESIAN_POINT('',(0.0618,-0.092699999999966,-0.0096));
#3601=CARTESIAN_POINT('',(0.0618,-0.092699999999966,-0.011225));
#3602=CARTESIAN_POINT('',(0.0662,-0.092699999999966,-0.0096));
#3603=CARTESIAN_POINT('',(0.0662,-0.092699999999966,-0.011225));
#3604=CARTESIAN_POINT('',(0.0662,-0.0591,-0.0066));
#3605=CARTESIAN_POINT('',(0.0662,-0.024150000000034,-0.0058));
#3606=CARTESIAN_POINT('',(0.0662,-0.025500000000034,-0.0058));
#3607=CARTESIAN_POINT('',(0.0662,-0.025500000000034,-0.0058));
#3608=CARTESIAN_POINT('',(0.0662,-0.024150000000034,-0.0058));
#3609=CARTESIAN_POINT('',(0.0662,-0.025500000000034,-0.0096));
#3610=CARTESIAN_POINT('',(0.0618,-0.025500000000034,-0.0096));
#3611=CARTESIAN_POINT('',(0.0618,-0.025500000000034,-0.011225));
#3612=CARTESIAN_POINT('',(0.0662,-0.025500000000034,-0.0096));
#3613=CARTESIAN_POINT('',(0.0662,-0.025500000000034,-0.011225));
#3614=CARTESIAN_POINT('',(0.0662,-0.025500000000034,-0.0096));
#3615=CARTESIAN_POINT('',(0.0662,-0.025500000000034,-0.0096));
#3616=CARTESIAN_POINT('',(0.0662,-0.0591,-0.0066));
#3617=CARTESIAN_POINT('',(0.0648,-0.0772340950000005,-0.0098));
#3618=CARTESIAN_POINT('',(0.0648,-0.0772340950000005,-0.0098));
#3619=CARTESIAN_POINT('',(0.0648,-0.065568190000035,-0.0098));
#3620=CARTESIAN_POINT('',(0.0648,-0.065568190000035,-0.0098));
#3621=CARTESIAN_POINT('',(0.0648,-0.0409340960869673,-0.0098));
#3622=CARTESIAN_POINT('',(0.0648,-0.0525681921739005,-0.0098));
#3623=CARTESIAN_POINT('',(0.0648,-0.0525681921739005,-0.0098));
#3624=CARTESIAN_POINT('',(0.0648,-0.0409340960869673,-0.0098));
#3625=CARTESIAN_POINT('',(0.0648,-0.0525681921739005,-0.0083));
#3626=CARTESIAN_POINT('',(0.0648,-0.0525681921739005,-0.009895198));
#3627=CARTESIAN_POINT('',(0.0648,-0.0525681921739005,-0.009895198));
#3628=CARTESIAN_POINT('',(0.0648,-0.0525681921739005,-0.0083));
#3629=CARTESIAN_POINT('',(0.0648,-0.0529681921739005,-0.009895198));
#3630=CARTESIAN_POINT('',(0.0648,-0.0529681921739005,-0.010295198));
#3631=CARTESIAN_POINT('',(0.0648,-0.0529681921739005,-0.010295198));
#3632=CARTESIAN_POINT('',(0.0648,-0.0529681921739005,-0.009895198));
#3633=CARTESIAN_POINT('',(0.0648,-0.0590681910869677,-0.010295198));
#3634=CARTESIAN_POINT('',(0.0648,-0.065168190000035,-0.010295198));
#3635=CARTESIAN_POINT('',(0.0648,-0.065168190000035,-0.010295198));
#3636=CARTESIAN_POINT('',(0.0648,-0.0590681910869677,-0.010295198));
#3637=CARTESIAN_POINT('',(0.0648,-0.065168190000035,-0.009895198));
#3638=CARTESIAN_POINT('',(0.0648,-0.065568190000035,-0.009895198));
#3639=CARTESIAN_POINT('',(0.0648,-0.065568190000035,-0.009895198));
#3640=CARTESIAN_POINT('',(0.0648,-0.065168190000035,-0.009895198));
#3641=CARTESIAN_POINT('',(0.0648,-0.065568190000035,-0.0083));
#3642=CARTESIAN_POINT('',(0.0648,-0.065568190000035,-0.0083));
#3643=CARTESIAN_POINT('',(0.0648,-0.0591,-0.0066));
#3644=CARTESIAN_POINT('',(0.1038,-0.094049999999966,-0.0058));
#3645=CARTESIAN_POINT('',(0.1038,-0.092699999999966,-0.0058));
#3646=CARTESIAN_POINT('',(0.1038,-0.092699999999966,-0.0058));
#3647=CARTESIAN_POINT('',(0.1038,-0.094049999999966,-0.0058));
#3648=CARTESIAN_POINT('',(0.1038,-0.092699999999966,-0.0096));
#3649=CARTESIAN_POINT('',(0.1082,-0.092699999999966,-0.0096));
#3650=CARTESIAN_POINT('',(0.1082,-0.092699999999966,-0.007975));
#3651=CARTESIAN_POINT('',(0.1038,-0.092699999999966,-0.0096));
#3652=CARTESIAN_POINT('',(0.1038,-0.092699999999966,-0.011225));
#3653=CARTESIAN_POINT('',(0.1038,-0.092699999999966,-0.0096));
#3654=CARTESIAN_POINT('',(0.1038,-0.092699999999966,-0.0096));
#3655=CARTESIAN_POINT('',(0.1038,-0.0591,-0.0066));
#3656=CARTESIAN_POINT('',(0.1038,-0.029300000000034,-0.011));
#3657=CARTESIAN_POINT('',(0.1052,-0.029300000000034,-0.0111));
#3658=CARTESIAN_POINT('',(0.1052,-0.029300000000034,-0.0098));
#3659=CARTESIAN_POINT('',(0.1052,-0.029300000000034,-0.0098));
#3660=CARTESIAN_POINT('',(0.1038,-0.029300000000034,-0.0096));
#3661=CARTESIAN_POINT('',(0.1038,-0.029300000000034,-0.0096));
#3662=CARTESIAN_POINT('',(0.1038,-0.029300000000034,-0.011));
#3663=CARTESIAN_POINT('',(0.1038,-0.025500000000034,-0.0096));
#3664=CARTESIAN_POINT('',(0.1038,-0.025500000000034,-0.0058));
#3665=CARTESIAN_POINT('',(0.1038,-0.025500000000034,-0.0058));
#3666=CARTESIAN_POINT('',(0.1038,-0.025500000000034,-0.0096));
#3667=CARTESIAN_POINT('',(0.1038,-0.024150000000034,-0.0058));
#3668=CARTESIAN_POINT('',(0.1038,-0.024150000000034,-0.0058));
#3669=CARTESIAN_POINT('',(0.1038,-0.025500000000034,-0.0096));
#3670=CARTESIAN_POINT('',(0.1082,-0.025500000000034,-0.0096));
#3671=CARTESIAN_POINT('',(0.1082,-0.025500000000034,-0.007975));
#3672=CARTESIAN_POINT('',(0.1038,-0.025500000000034,-0.0096));
#3673=CARTESIAN_POINT('',(0.1038,-0.025500000000034,-0.011225));
#3674=CARTESIAN_POINT('',(0.1038,-0.0591,-0.0066));
#3675=CARTESIAN_POINT('',(0.1052,-0.0772340950000005,-0.0098));
#3676=CARTESIAN_POINT('',(0.1052,-0.065568190000035,-0.0098));
#3677=CARTESIAN_POINT('',(0.1052,-0.065568190000035,-0.0098));
#3678=CARTESIAN_POINT('',(0.1052,-0.0772340950000005,-0.0098));
#3679=CARTESIAN_POINT('',(0.1052,-0.065568190000035,-0.0083));
#3680=CARTESIAN_POINT('',(0.1052,-0.065568190000035,-0.009895198));
#3681=CARTESIAN_POINT('',(0.1052,-0.065568190000035,-0.009895198));
#3682=CARTESIAN_POINT('',(0.1052,-0.065568190000035,-0.0083));
#3683=CARTESIAN_POINT('',(0.1052,-0.065168190000035,-0.009895198));
#3684=CARTESIAN_POINT('',(0.1052,-0.065168190000035,-0.010295198));
#3685=CARTESIAN_POINT('',(0.1052,-0.065168190000035,-0.010295198));
#3686=CARTESIAN_POINT('',(0.1052,-0.065168190000035,-0.009895198));
#3687=CARTESIAN_POINT('',(0.1052,-0.0590681910869677,-0.010295198));
#3688=CARTESIAN_POINT('',(0.1052,-0.0529681921739005,-0.010295198));
#3689=CARTESIAN_POINT('',(0.1052,-0.0529681921739005,-0.010295198));
#3690=CARTESIAN_POINT('',(0.1052,-0.0590681910869677,-0.010295198));
#3691=CARTESIAN_POINT('',(0.1052,-0.0529681921739005,-0.009895198));
#3692=CARTESIAN_POINT('',(0.1052,-0.0525681921739005,-0.009895198));
#3693=CARTESIAN_POINT('',(0.1052,-0.0525681921739005,-0.009895198));
#3694=CARTESIAN_POINT('',(0.1052,-0.0529681921739005,-0.009895198));
#3695=CARTESIAN_POINT('',(0.1052,-0.0525681921739005,-0.0083));
#3696=CARTESIAN_POINT('',(0.1052,-0.0525681921739005,-0.0098));
#3697=CARTESIAN_POINT('',(0.1052,-0.0525681921739005,-0.0098));
#3698=CARTESIAN_POINT('',(0.1052,-0.0525681921739005,-0.0083));
#3699=CARTESIAN_POINT('',(0.1052,-0.0409340960869673,-0.0098));
#3700=CARTESIAN_POINT('',(0.1052,-0.0409340960869673,-0.0098));
#3701=CARTESIAN_POINT('',(0.1052,-0.0591,-0.0066));
#3702=CARTESIAN_POINT('',(0.0888,-0.025050000000017,-0.009798));
#3703=CARTESIAN_POINT('',(0.0888,-0.025050000000017,-0.0098));
#3704=CARTESIAN_POINT('',(0.0888,-0.0273,-0.0098));
#3705=CARTESIAN_POINT('',(0.0888,-0.0273,-0.009798));
#3706=CARTESIAN_POINT('',(0.085,-0.0273,-0.009798));
#3707=CARTESIAN_POINT('',(0.085,-0.0273,-0.0098));
#3708=CARTESIAN_POINT('',(0.0812,-0.0273,-0.0098));
#3709=CARTESIAN_POINT('',(0.0812,-0.0273,-0.009798));
#3710=CARTESIAN_POINT('',(0.0812,-0.025050000000017,-0.009798));
#3711=CARTESIAN_POINT('',(0.0812,-0.025050000000017,-0.0098));
#3712=CARTESIAN_POINT('',(0.,0.,-0.0098));
#3713=CARTESIAN_POINT('',(0.085,-0.0273,-0.0098));
#3714=CARTESIAN_POINT('',(0.087225,-0.0273,-0.0098));
#3715=CARTESIAN_POINT('',(0.0888,-0.093099999999983,-0.009798));
#3716=CARTESIAN_POINT('',(0.0888,-0.0908,-0.009798));
#3717=CARTESIAN_POINT('',(0.0888,-0.0908,-0.0098));
#3718=CARTESIAN_POINT('',(0.0888,-0.093099999999983,-0.0098));
#3719=CARTESIAN_POINT('',(0.085,-0.0908,-0.009798));
#3720=CARTESIAN_POINT('',(0.085,-0.0908,-0.0098));
#3721=CARTESIAN_POINT('',(0.0812,-0.0908,-0.0098));
#3722=CARTESIAN_POINT('',(0.0812,-0.0908,-0.009798));
#3723=CARTESIAN_POINT('',(0.0812,-0.093099999999983,-0.009798));
#3724=CARTESIAN_POINT('',(0.0812,-0.093099999999983,-0.0098));
#3725=CARTESIAN_POINT('',(0.,0.,-0.0098));
#3726=CARTESIAN_POINT('',(0.085,-0.0908,-0.0098));
#3727=CARTESIAN_POINT('',(0.087225,-0.0908,-0.0098));
#3728=CARTESIAN_POINT('',(0.085,-0.0908,-0.013202));
#3729=CARTESIAN_POINT('',(0.085,-0.0908,-0.0104));
#3730=CARTESIAN_POINT('',(0.086625,-0.0908,-0.0104));
#3731=CARTESIAN_POINT('',(0.085,-0.0273,-0.013202));
#3732=CARTESIAN_POINT('',(0.085,-0.0273,-0.0104));
#3733=CARTESIAN_POINT('',(0.086625,-0.0273,-0.0104));
#3734=CARTESIAN_POINT('',(0.0723,-0.09085,-0.012398));
#3735=CARTESIAN_POINT('',(0.0723,-0.09085,-0.0126));
#3736=CARTESIAN_POINT('',(0.073925,-0.09085,-0.0126));
#3737=CARTESIAN_POINT('',(0.0723,-0.09085,-0.0098));
#3738=CARTESIAN_POINT('',(0.073925,-0.09085,-0.0098));
#3739=CARTESIAN_POINT('',(0.09135,-0.0591,-0.012398));
#3740=CARTESIAN_POINT('',(0.09135,-0.0591,-0.0126));
#3741=CARTESIAN_POINT('',(0.092975,-0.0591,-0.0126));
#3742=CARTESIAN_POINT('',(0.09135,-0.0591,-0.0098));
#3743=CARTESIAN_POINT('',(0.092975,-0.0591,-0.0098));
#3744=CARTESIAN_POINT('',(0.07865,-0.0591,-0.012398));
#3745=CARTESIAN_POINT('',(0.07865,-0.0591,-0.0126));
#3746=CARTESIAN_POINT('',(0.080275,-0.0591,-0.0126));
#3747=CARTESIAN_POINT('',(0.07865,-0.0591,-0.0098));
#3748=CARTESIAN_POINT('',(0.080275,-0.0591,-0.0098));
#3749=CARTESIAN_POINT('',(0.0723,-0.02735,-0.012398));
#3750=CARTESIAN_POINT('',(0.0723,-0.02735,-0.0126));
#3751=CARTESIAN_POINT('',(0.073925,-0.02735,-0.0126));
#3752=CARTESIAN_POINT('',(0.0723,-0.02735,-0.0098));
#3753=CARTESIAN_POINT('',(0.073925,-0.02735,-0.0098));
#3754=CARTESIAN_POINT('',(0.0977,-0.02735,-0.012398));
#3755=CARTESIAN_POINT('',(0.0977,-0.02735,-0.0126));
#3756=CARTESIAN_POINT('',(0.099325,-0.02735,-0.0126));
#3757=CARTESIAN_POINT('',(0.0977,-0.02735,-0.0098));
#3758=CARTESIAN_POINT('',(0.099325,-0.02735,-0.0098));
#3759=CARTESIAN_POINT('',(0.0977,-0.09085,-0.012398));
#3760=CARTESIAN_POINT('',(0.0977,-0.09085,-0.0126));
#3761=CARTESIAN_POINT('',(0.099325,-0.09085,-0.0126));
#3762=CARTESIAN_POINT('',(0.0977,-0.09085,-0.0098));
#3763=CARTESIAN_POINT('',(0.099325,-0.09085,-0.0098));
#3764=CARTESIAN_POINT('',(0.0977,-0.09085,-0.009798));
#3765=CARTESIAN_POINT('',(0.0977,-0.09085,-0.0098));
#3766=CARTESIAN_POINT('',(0.1015,-0.09085,-0.0098));
#3767=CARTESIAN_POINT('',(0.,0.,-0.0098));
#3768=CARTESIAN_POINT('',(0.0977,-0.02735,-0.009798));
#3769=CARTESIAN_POINT('',(0.0977,-0.02735,-0.0098));
#3770=CARTESIAN_POINT('',(0.1015,-0.02735,-0.0098));
#3771=CARTESIAN_POINT('',(0.,0.,-0.0098));
#3772=CARTESIAN_POINT('',(0.0723,-0.02735,-0.009798));
#3773=CARTESIAN_POINT('',(0.0723,-0.02735,-0.0098));
#3774=CARTESIAN_POINT('',(0.0761,-0.02735,-0.0098));
#3775=CARTESIAN_POINT('',(0.,0.,-0.0098));
#3776=CARTESIAN_POINT('',(0.07865,-0.0591,-0.009798));
#3777=CARTESIAN_POINT('',(0.07865,-0.0591,-0.0098));
#3778=CARTESIAN_POINT('',(0.08245,-0.0591,-0.0098));
#3779=CARTESIAN_POINT('',(0.,0.,-0.0098));
#3780=CARTESIAN_POINT('',(0.09135,-0.0591,-0.009798));
#3781=CARTESIAN_POINT('',(0.09135,-0.0591,-0.0098));
#3782=CARTESIAN_POINT('',(0.09515,-0.0591,-0.0098));
#3783=CARTESIAN_POINT('',(0.,0.,-0.0098));
#3784=CARTESIAN_POINT('',(0.0723,-0.09085,-0.009798));
#3785=CARTESIAN_POINT('',(0.0723,-0.09085,-0.0098));
#3786=CARTESIAN_POINT('',(0.0761,-0.09085,-0.0098));
#3787=CARTESIAN_POINT('',(0.,0.,-0.0098));
#3788=CARTESIAN_POINT('',(0.06515,-0.02479,-0.0025));
#3789=CARTESIAN_POINT('',(0.0612,-0.02479,-0.00267512832151056));
#3790=CARTESIAN_POINT('',(0.0612,-0.0251193610804816,-0.00255736909944369));
#3791=CARTESIAN_POINT('',(0.0612418550400265,-0.0254617846560144,-0.0025));
#3792=CARTESIAN_POINT('',(0.0613313091248529,-0.025800000000034,-0.0025));
#3793=CARTESIAN_POINT('',(0.0613313091248529,-0.025800000000034,-0.0025));
#3794=CARTESIAN_POINT('',(0.06515,-0.02479,-0.0025));
#3795=CARTESIAN_POINT('',(0.0689686908751471,-0.025800000000034,-0.0025));
#3796=CARTESIAN_POINT('',(0.0689686908751471,-0.025800000000034,-0.0025));
#3797=CARTESIAN_POINT('',(0.0690581282289606,-0.025461847914001,-0.0025));
#3798=CARTESIAN_POINT('',(0.0691,-0.0251194224074574,-0.00255734717269713));
#3799=CARTESIAN_POINT('',(0.0691,-0.02479,-0.00267512832151063));
#3800=CARTESIAN_POINT('',(0.0691,-0.02479,-0.00267512832151056));
#3801=CARTESIAN_POINT('',(0.0691,-0.02479,-0.0025));
#3802=CARTESIAN_POINT('',(0.0691,-0.023795000000017,-0.0025));
#3803=CARTESIAN_POINT('',(0.0691,-0.025800000000034,-0.0055));
#3804=CARTESIAN_POINT('',(0.0691,-0.022800000000034,-0.0055));
#3805=CARTESIAN_POINT('',(0.0691,-0.022800000000034,-0.0025));
#3806=CARTESIAN_POINT('',(0.06515,-0.02479,-0.0025));
#3807=CARTESIAN_POINT('',(0.06515,-0.02479,-0.0006));
#3808=CARTESIAN_POINT('',(0.063525,-0.02479,-0.0006));
#3809=CARTESIAN_POINT('',(0.06515,-0.02479,-0.0025));
#3810=CARTESIAN_POINT('',(0.0638770015711199,-0.025800000000034,-0.0025));
#3811=CARTESIAN_POINT('',(0.0664229984288802,-0.025800000000034,-0.0025));
#3812=CARTESIAN_POINT('',(0.0638770015711199,-0.025800000000034,-0.0025));
#3813=CARTESIAN_POINT('',(0.0636657769466827,-0.025533773648509,-0.0025));
#3814=CARTESIAN_POINT('',(0.063428620857867,-0.0248694663223714,-0.00258372184183777));
#3815=CARTESIAN_POINT('',(0.0636675194720249,-0.0239607526705176,-0.00306637912613748));
#3816=CARTESIAN_POINT('',(0.0641412441436659,-0.0234679751043035,-0.00358581447688307));
#3817=CARTESIAN_POINT('',(0.0646452331631971,-0.0232224889188973,-0.00395708922070247));
#3818=CARTESIAN_POINT('',(0.0651444740195815,-0.0231370018792969,-0.00411897368810624));
#3819=CARTESIAN_POINT('',(0.0656473223760668,-0.0232195483387309,-0.00396205723724318));
#3820=CARTESIAN_POINT('',(0.066157915041242,-0.0234667407524955,-0.0035870485436617));
#3821=CARTESIAN_POINT('',(0.0666297087615775,-0.0239563795125067,-0.00306985766902867));
#3822=CARTESIAN_POINT('',(0.066871947421669,-0.0248674440413564,-0.0025839576640482));
#3823=CARTESIAN_POINT('',(0.0666352571009108,-0.025532470340626,-0.0025));
#3824=CARTESIAN_POINT('',(0.0664229984288802,-0.025800000000034,-0.0025));
#3825=CARTESIAN_POINT('',(0.085,-0.060070000000017,-0.0025));
#3826=CARTESIAN_POINT('',(0.0691,-0.025800000000034,-0.0025));
#3827=CARTESIAN_POINT('',(0.0691,-0.025800000000034,-0.0025));
#3828=CARTESIAN_POINT('',(0.061198,-0.025800000000034,-0.0055));
#3829=CARTESIAN_POINT('',(0.0612,-0.022800000000034,-0.0055));
#3830=CARTESIAN_POINT('',(0.0691,-0.094404999999983,-0.0025));
#3831=CARTESIAN_POINT('',(0.0691,-0.092399999999966,-0.0055));
#3832=CARTESIAN_POINT('',(0.0691,-0.09341,-0.00267512832151056));
#3833=CARTESIAN_POINT('',(0.0691,-0.09341,-0.0025));
#3834=CARTESIAN_POINT('',(0.06515,-0.09341,-0.0025));
#3835=CARTESIAN_POINT('',(0.06515,-0.09341,-0.0006));
#3836=CARTESIAN_POINT('',(0.063525,-0.09341,-0.0006));
#3837=CARTESIAN_POINT('',(0.06515,-0.09341,-0.0025));
#3838=CARTESIAN_POINT('',(0.0638770015711198,-0.092399999999966,-0.0025));
#3839=CARTESIAN_POINT('',(0.0664229984288802,-0.092399999999966,-0.0025));
#3840=CARTESIAN_POINT('',(0.0664229984288802,-0.092399999999966,-0.0025));
#3841=CARTESIAN_POINT('',(0.0666342230533174,-0.092666226351491,-0.0025));
#3842=CARTESIAN_POINT('',(0.0668713791421329,-0.0933305336776287,-0.00258372184183779));
#3843=CARTESIAN_POINT('',(0.0666324805279751,-0.0942392473294825,-0.00306637912613753));
#3844=CARTESIAN_POINT('',(0.066158755856334,-0.0947320248956966,-0.00358581447688312));
#3845=CARTESIAN_POINT('',(0.0656547668368029,-0.0949775110811027,-0.00395708922070251));
#3846=CARTESIAN_POINT('',(0.0651555259804185,-0.0950629981207031,-0.00411897368810627));
#3847=CARTESIAN_POINT('',(0.0646526776239331,-0.094980451661269,-0.00396205723724316));
#3848=CARTESIAN_POINT('',(0.064142084958758,-0.0947332592475045,-0.00358704854366168));
#3849=CARTESIAN_POINT('',(0.0636702912384225,-0.0942436204874933,-0.00306985766902864));
#3850=CARTESIAN_POINT('',(0.0634280525783311,-0.0933325559586436,-0.00258395766404819));
#3851=CARTESIAN_POINT('',(0.0636647428990892,-0.092667529659374,-0.0025));
#3852=CARTESIAN_POINT('',(0.0638770015711198,-0.092399999999966,-0.0025));
#3853=CARTESIAN_POINT('',(0.06515,-0.09341,-0.0025));
#3854=CARTESIAN_POINT('',(0.0691,-0.09341,-0.00267512832151056));
#3855=CARTESIAN_POINT('',(0.0691,-0.0930806389195184,-0.00255736909944369));
#3856=CARTESIAN_POINT('',(0.0690581449599735,-0.0927382153439856,-0.0025));
#3857=CARTESIAN_POINT('',(0.0689686908751471,-0.092399999999966,-0.0025));
#3858=CARTESIAN_POINT('',(0.0689686908751471,-0.092399999999966,-0.0025));
#3859=CARTESIAN_POINT('',(0.06515,-0.09341,-0.0025));
#3860=CARTESIAN_POINT('',(0.0613313091248529,-0.092399999999966,-0.0025));
#3861=CARTESIAN_POINT('',(0.0613313091248529,-0.092399999999966,-0.0025));
#3862=CARTESIAN_POINT('',(0.0612418717710394,-0.092738152085999,-0.0025));
#3863=CARTESIAN_POINT('',(0.0612,-0.0930805775925426,-0.00255734717269712));
#3864=CARTESIAN_POINT('',(0.0612,-0.09341,-0.00267512832151063));
#3865=CARTESIAN_POINT('',(0.085,-0.058129999999983,-0.0025));
#3866=CARTESIAN_POINT('',(0.0612,-0.092399999999966,-0.0025));
#3867=CARTESIAN_POINT('',(0.0612,-0.092399999999966,-0.0025));
#3868=CARTESIAN_POINT('',(0.085,-0.092399999999966,-0.0055));
#3869=CARTESIAN_POINT('',(0.1009,-0.023795000000017,-0.0025));
#3870=CARTESIAN_POINT('',(0.1009,-0.022800000000034,-0.0025));
#3871=CARTESIAN_POINT('',(0.1009,-0.022800000000034,-0.0055));
#3872=CARTESIAN_POINT('',(0.1009,-0.025800000000034,-0.0055));
#3873=CARTESIAN_POINT('',(0.1009,-0.02479,-0.00267512832151057));
#3874=CARTESIAN_POINT('',(0.1009,-0.02479,-0.0025));
#3875=CARTESIAN_POINT('',(0.10485,-0.02479,-0.0025));
#3876=CARTESIAN_POINT('',(0.10485,-0.02479,-0.0006));
#3877=CARTESIAN_POINT('',(0.103225,-0.02479,-0.0006));
#3878=CARTESIAN_POINT('',(0.10485,-0.02479,-0.0025));
#3879=CARTESIAN_POINT('',(0.10612299842888,-0.025800000000034,-0.0025));
#3880=CARTESIAN_POINT('',(0.10357700157112,-0.025800000000034,-0.0025));
#3881=CARTESIAN_POINT('',(0.10357700157112,-0.025800000000034,-0.0025));
#3882=CARTESIAN_POINT('',(0.103365776946683,-0.025533773648509,-0.0025));
#3883=CARTESIAN_POINT('',(0.103128620857867,-0.0248694663223713,-0.00258372184183778));
#3884=CARTESIAN_POINT('',(0.103367519472025,-0.0239607526705175,-0.00306637912613754));
#3885=CARTESIAN_POINT('',(0.103841244143666,-0.0234679751043034,-0.00358581447688314));
#3886=CARTESIAN_POINT('',(0.104345233163197,-0.0232224889188973,-0.00395708922070253));
#3887=CARTESIAN_POINT('',(0.104844474019582,-0.0231370018792969,-0.00411897368810625));
#3888=CARTESIAN_POINT('',(0.105347322376067,-0.023219548338731,-0.00396205723724312));
#3889=CARTESIAN_POINT('',(0.105857915041242,-0.0234667407524956,-0.00358704854366163));
#3890=CARTESIAN_POINT('',(0.106329708761578,-0.0239563795125068,-0.00306985766902859));
#3891=CARTESIAN_POINT('',(0.106571947421669,-0.0248674440413565,-0.00258395766404815));
#3892=CARTESIAN_POINT('',(0.106335257100911,-0.025532470340626,-0.0025));
#3893=CARTESIAN_POINT('',(0.10612299842888,-0.025800000000034,-0.0025));
#3894=CARTESIAN_POINT('',(0.10485,-0.02479,-0.0025));
#3895=CARTESIAN_POINT('',(0.1009,-0.02479,-0.00267512832151057));
#3896=CARTESIAN_POINT('',(0.1009,-0.0251193610804816,-0.0025573690994437));
#3897=CARTESIAN_POINT('',(0.100941855040027,-0.0254617846560144,-0.0025));
#3898=CARTESIAN_POINT('',(0.101031309124853,-0.025800000000034,-0.0025));
#3899=CARTESIAN_POINT('',(0.101031309124853,-0.025800000000034,-0.0025));
#3900=CARTESIAN_POINT('',(0.10485,-0.02479,-0.0025));
#3901=CARTESIAN_POINT('',(0.108668690875147,-0.025800000000034,-0.0025));
#3902=CARTESIAN_POINT('',(0.108668690875147,-0.025800000000034,-0.0025));
#3903=CARTESIAN_POINT('',(0.10875812822896,-0.025461847914001,-0.0025));
#3904=CARTESIAN_POINT('',(0.1088,-0.0251194224074574,-0.00255734717269712));
#3905=CARTESIAN_POINT('',(0.1088,-0.02479,-0.00267512832151063));
#3906=CARTESIAN_POINT('',(0.085,-0.060070000000017,-0.0025));
#3907=CARTESIAN_POINT('',(0.1088,-0.025800000000034,-0.0025));
#3908=CARTESIAN_POINT('',(0.1088,-0.025800000000034,-0.0025));
#3909=CARTESIAN_POINT('',(0.085,-0.025800000000034,-0.0055));
#3910=CARTESIAN_POINT('',(0.1009,-0.022800000000034,-0.0055));
#3911=CARTESIAN_POINT('',(0.10485,-0.09341,-0.0025));
#3912=CARTESIAN_POINT('',(0.1088,-0.09341,-0.00267512832151056));
#3913=CARTESIAN_POINT('',(0.1088,-0.0930806389195184,-0.00255736909944369));
#3914=CARTESIAN_POINT('',(0.108758144959973,-0.0927382153439856,-0.0025));
#3915=CARTESIAN_POINT('',(0.108668690875147,-0.092399999999966,-0.0025));
#3916=CARTESIAN_POINT('',(0.108668690875147,-0.092399999999966,-0.0025));
#3917=CARTESIAN_POINT('',(0.10485,-0.09341,-0.0025));
#3918=CARTESIAN_POINT('',(0.101031309124853,-0.092399999999966,-0.0025));
#3919=CARTESIAN_POINT('',(0.101031309124853,-0.092399999999966,-0.0025));
#3920=CARTESIAN_POINT('',(0.100941871771039,-0.092738152085999,-0.0025));
#3921=CARTESIAN_POINT('',(0.1009,-0.0930805775925426,-0.00255734717269712));
#3922=CARTESIAN_POINT('',(0.1009,-0.09341,-0.00267512832151063));
#3923=CARTESIAN_POINT('',(0.1009,-0.09341,-0.00267512832151056));
#3924=CARTESIAN_POINT('',(0.1009,-0.09341,-0.0025));
#3925=CARTESIAN_POINT('',(0.1009,-0.094404999999983,-0.0025));
#3926=CARTESIAN_POINT('',(0.1009,-0.092399999999966,-0.0055));
#3927=CARTESIAN_POINT('',(0.10485,-0.09341,-0.0025));
#3928=CARTESIAN_POINT('',(0.10485,-0.09341,-0.0006));
#3929=CARTESIAN_POINT('',(0.103225,-0.09341,-0.0006));
#3930=CARTESIAN_POINT('',(0.10485,-0.09341,-0.0025));
#3931=CARTESIAN_POINT('',(0.10612299842888,-0.092399999999966,-0.0025));
#3932=CARTESIAN_POINT('',(0.10357700157112,-0.092399999999966,-0.0025));
#3933=CARTESIAN_POINT('',(0.10612299842888,-0.092399999999966,-0.0025));
#3934=CARTESIAN_POINT('',(0.106334223053317,-0.092666226351491,-0.0025));
#3935=CARTESIAN_POINT('',(0.106571379142133,-0.0933305336776286,-0.00258372184183778));
#3936=CARTESIAN_POINT('',(0.106332480527975,-0.0942392473294825,-0.00306637912613751));
#3937=CARTESIAN_POINT('',(0.105858755856334,-0.0947320248956965,-0.00358581447688307));
#3938=CARTESIAN_POINT('',(0.105354766836803,-0.0949775110811027,-0.00395708922070247));
#3939=CARTESIAN_POINT('',(0.104855525980419,-0.0950629981207031,-0.00411897368810626));
#3940=CARTESIAN_POINT('',(0.104352677623933,-0.094980451661269,-0.00396205723724322));
#3941=CARTESIAN_POINT('',(0.103842084958758,-0.0947332592475046,-0.00358704854366174));
#3942=CARTESIAN_POINT('',(0.103370291238423,-0.0942436204874934,-0.00306985766902868));
#3943=CARTESIAN_POINT('',(0.103128052578331,-0.0933325559586437,-0.0025839576640482));
#3944=CARTESIAN_POINT('',(0.103364742899089,-0.092667529659374,-0.0025));
#3945=CARTESIAN_POINT('',(0.10357700157112,-0.092399999999966,-0.0025));
#3946=CARTESIAN_POINT('',(0.085,-0.058129999999983,-0.0025));
#3947=CARTESIAN_POINT('',(0.1009,-0.092399999999966,-0.0025));
#3948=CARTESIAN_POINT('',(0.1009,-0.092399999999966,-0.0025));
#3949=CARTESIAN_POINT('',(0.061198,-0.092399999999966,-0.0055));
#3950=CARTESIAN_POINT('',(0.10485,-0.09341,-0.0006));
#3951=CARTESIAN_POINT('',(0.10485,-0.02479,0.));
#3952=CARTESIAN_POINT('',(0.06515,-0.09341,0.));
#3953=CARTESIAN_POINT('',(0.06515,-0.02479,-0.0006));
#3954=CARTESIAN_POINT('',(0.09135,-0.0591,-0.0126));
#3955=CARTESIAN_POINT('',(0.07865,-0.0591,-0.0126));
#3956=CARTESIAN_POINT('',(0.0723,-0.02735,-0.0126));
#3957=CARTESIAN_POINT('',(0.0977,-0.02735,-0.0126));
#3958=CARTESIAN_POINT('',(0.0977,-0.09085,-0.0126));
#3959=CARTESIAN_POINT('',(0.0723,-0.09085,-0.0126));
#3960=CARTESIAN_POINT('',(0.085,-0.0908,-0.0104));
#3961=CARTESIAN_POINT('',(0.085,-0.0273,-0.0104));
#3962=CARTESIAN_POINT('',(0.1088,-0.025500000000034,-0.0096));
#3963=CARTESIAN_POINT('',(0.1082,-0.092699999999966,-0.0096));
#3964=CARTESIAN_POINT('',(0.0618,-0.025500000000034,-0.0096));
#3965=CARTESIAN_POINT('',(0.0612,-0.092699999999966,-0.0096));
#3966=CARTESIAN_POINT('',(0.085,-0.022802000000034,-0.009154802));
#3967=CARTESIAN_POINT('',(0.08053,-0.022800000000034,-0.009154802));
#3968=CARTESIAN_POINT('',(0.08947,-0.021000000000034,-0.009154802));
#3969=CARTESIAN_POINT('',(0.09047,-0.022802000000034,-0.006554802));
#3970=CARTESIAN_POINT('',(0.09047,-0.022800000000034,-0.008154802));
#3971=CARTESIAN_POINT('',(0.09047,-0.021000000000034,-0.004954802));
#3972=CARTESIAN_POINT('',(0.07953,-0.022802000000034,-0.006554802));
#3973=CARTESIAN_POINT('',(0.07953,-0.022800000000034,-0.004954802));
#3974=CARTESIAN_POINT('',(0.07953,-0.021000000000034,-0.008154802));
#3975=CARTESIAN_POINT('',(0.085,-0.022802000000034,-0.003954802));
#3976=CARTESIAN_POINT('',(0.08053,-0.021000000000034,-0.003954802));
#3977=CARTESIAN_POINT('',(0.08947,-0.022800000000034,-0.003954802));
#3978=CARTESIAN_POINT('',(0.061198,-0.022800000000034,-0.0062));
#3979=CARTESIAN_POINT('',(0.0723,-0.022800000000034,-0.005904802));
#3980=CARTESIAN_POINT('',(0.0723,-0.022802000000034,-0.005904802));
#3981=CARTESIAN_POINT('',(0.061198,-0.022800000000034,-0.0062));
#3982=CARTESIAN_POINT('',(0.0977,-0.022800000000034,-0.005904802));
#3983=CARTESIAN_POINT('',(0.0977,-0.022802000000034,-0.005904802));
#3984=CARTESIAN_POINT('',(0.08053,-0.022802000000034,-0.004954802));
#3985=CARTESIAN_POINT('',(0.08053,-0.022802000000034,-0.008154802));
#3986=CARTESIAN_POINT('',(0.08947,-0.022802000000034,-0.008154802));
#3987=CARTESIAN_POINT('',(0.08947,-0.022802000000034,-0.004954802));
#3988=CARTESIAN_POINT('',(0.0662,-0.021500000000034,-0.0061));
#3989=CARTESIAN_POINT('',(0.0662,-0.021500000000034,-0.0061));
#3990=CARTESIAN_POINT('',(0.0662,-0.022000000000034,-0.0066));
#3991=CARTESIAN_POINT('',(0.0662,-0.022000000000034,-0.0066));
#3992=CARTESIAN_POINT('',(0.0662,-0.021500000000034,-0.0071));
#3993=CARTESIAN_POINT('',(0.0662,-0.021500000000034,-0.0071));
#3994=CARTESIAN_POINT('',(0.0662,-0.0591,-0.0066));
#3995=CARTESIAN_POINT('',(0.1038,-0.021500000000034,-0.0061));
#3996=CARTESIAN_POINT('',(0.1038,-0.022000000000034,-0.0066));
#3997=CARTESIAN_POINT('',(0.1038,-0.022000000000034,-0.0066));
#3998=CARTESIAN_POINT('',(0.1038,-0.021500000000034,-0.0061));
#3999=CARTESIAN_POINT('',(0.1038,-0.021500000000034,-0.0071));
#4000=CARTESIAN_POINT('',(0.1038,-0.021500000000034,-0.0071));
#4001=CARTESIAN_POINT('',(0.1038,-0.0591,-0.0066));
#4002=MECHANICAL_DESIGN_GEOMETRIC_PRESENTATION_REPRESENTATION('',(#2345),#4003);
#4003=(
GEOMETRIC_REPRESENTATION_CONTEXT(3)
GLOBAL_UNCERTAINTY_ASSIGNED_CONTEXT((#4004))
GLOBAL_UNIT_ASSIGNED_CONTEXT((#4007,#4006,#4005))
REPRESENTATION_CONTEXT('case','TOP_LEVEL_ASSEMBLY_PART')
);
#4004=UNCERTAINTY_MEASURE_WITH_UNIT(LENGTH_MEASURE(2.E-05),#4007,'DISTANCE_ACCURACY_VALUE','Maximum Tolerance applied to model');
#4005=(
NAMED_UNIT(*)
SI_UNIT($,.STERADIAN.)
SOLID_ANGLE_UNIT()
);
#4006=(
NAMED_UNIT(*)
PLANE_ANGLE_UNIT()
SI_UNIT($,.RADIAN.)
);
#4007=(
LENGTH_UNIT()
NAMED_UNIT(*)
SI_UNIT($,.METRE.)
);
#4008=PRODUCT_DEFINITION_SHAPE('','',#4009);
#4009=PRODUCT_DEFINITION('','',#4011,#4010);
#4010=PRODUCT_DEFINITION_CONTEXT('',#4017,'design');
#4011=PRODUCT_DEFINITION_FORMATION_WITH_SPECIFIED_SOURCE('','',#4013,.NOT_KNOWN.);
#4012=PRODUCT_RELATED_PRODUCT_CATEGORY('','',(#4013));
#4013=PRODUCT('case','case','case',(#4015));
#4014=PRODUCT_CATEGORY('','');
#4015=PRODUCT_CONTEXT('',#4017,'mechanical');
#4016=APPLICATION_PROTOCOL_DEFINITION('international standard','ap242_managed_model_based_3d_engineering',2020,#4017);
#4017=APPLICATION_CONTEXT('managed model based 3d engineering');
ENDSEC;
END-ISO-10303-21;
