ISO-10303-21;
HEADER;
/* Generated by software containing ST-Developer
 * from STEP Tools, Inc. (www.steptools.com) 
 */
/* OPTION: using custom renumber hook */

FILE_DESCRIPTION(
/* description */ ('STEP AP242 Edition 2',
'CAx-IF Rec.Pracs.---Representation and Presentation of Product Manufa
cturing Information (PMI)---4.0---2014-10-13',
'CAx-IF Rec.Pracs.---3D Tessellated Geometry---0.4---2014-09-14','2;1',
'CAx-IF Rec.Pracs.---User Defined Attributes---1.5---2016-08-15'),
/* implementation_level */ '2;1');

FILE_NAME(
/* name */ 'mods - case',
/* time_stamp */ '2026-04-07T22:45:10Z',
/* author */ (''),
/* organization */ (''),
/* preprocessor_version */ 'ST-DEVELOPER v20',
/* originating_system */ 'ONSHAPE BY PTC INC, 1.213',
/* authorisation */ '  ');

FILE_SCHEMA (('AP242_MANAGED_MODEL_BASED_3D_ENGINEERING_MIM_LF { 1 0 10303 442 3 1 4 }'));
ENDSEC;

DATA;
#10=SHAPE_REPRESENTATION_RELATIONSHIP('','',#2117,#11);
#11=ADVANCED_BREP_SHAPE_REPRESENTATION('',(#2115),#3599);
#12=CONICAL_SURFACE('',#2309,0.001625,0.785398163397449);
#13=CONICAL_SURFACE('',#2310,0.002225,0.785398163397449);
#14=CONICAL_SURFACE('',#2311,0.002225,0.785398163397449);
#15=CONICAL_SURFACE('',#2312,0.001625,0.785398163397449);
#16=CONICAL_SURFACE('',#2313,0.001625,0.78539816339745);
#17=CONICAL_SURFACE('',#2314,0.001625,0.78539816339745);
#18=CONICAL_SURFACE('',#2315,0.001625,0.78539816339745);
#19=CONICAL_SURFACE('',#2316,0.001625,0.78539816339745);
#20=CONICAL_SURFACE('',#2317,0.001625,0.78539816339745);
#21=CONICAL_SURFACE('',#2318,0.001625,0.78539816339745);
#22=CONICAL_SURFACE('',#2319,0.001625,0.78539816339745);
#23=CONICAL_SURFACE('',#2320,0.001625,0.78539816339745);
#24=CONICAL_SURFACE('',#2321,0.00215,0.7853981633974);
#25=CONICAL_SURFACE('',#2322,0.00155,0.7853981633974);
#26=CONICAL_SURFACE('',#2323,0.00155,0.785398163397446);
#27=CONICAL_SURFACE('',#2324,0.00215,0.785398163397446);
#28=B_SPLINE_CURVE_WITH_KNOTS('',3,(#3413,#3414,#3415,#3416),
 .UNSPECIFIED.,.F.,.F.,(4,4),(0.,0.0010344687430202),.UNSPECIFIED.);
#29=B_SPLINE_CURVE_WITH_KNOTS('',3,(#3420,#3421,#3422,#3423),
 .UNSPECIFIED.,.F.,.F.,(4,4),(0.,0.0010344686425403),.UNSPECIFIED.);
#30=B_SPLINE_CURVE_WITH_KNOTS('',3,(#3434,#3435,#3436,#3437,#3438,#3439,
#3440,#3441,#3442,#3443,#3444,#3445,#3446),.UNSPECIFIED.,.F.,.F.,(4,1,1,
1,1,1,1,1,1,1,4),(0.,0.00100551762568586,0.00201103525137173,0.00301655287705759,
0.00351931168990052,0.00402207050274346,0.00452482931558639,0.00502758812842932,
0.00603310575411519,0.00703862337980105,0.00804414100548691),
 .UNSPECIFIED.);
#31=B_SPLINE_CURVE_WITH_KNOTS('',3,(#3461,#3462,#3463,#3464,#3465,#3466,
#3467,#3468,#3469,#3470,#3471,#3472,#3473),.UNSPECIFIED.,.F.,.F.,(4,1,1,
1,1,1,1,1,1,1,4),(0.,0.0010055176256859,0.00201103525137179,0.00301655287705769,
0.00351931168990064,0.00402207050274358,0.00452482931558653,0.00502758812842948,
0.00603310575411537,0.00703862337980127,0.00804414100548717),
 .UNSPECIFIED.);
#32=B_SPLINE_CURVE_WITH_KNOTS('',3,(#3475,#3476,#3477,#3478),
 .UNSPECIFIED.,.F.,.F.,(4,4),(0.,0.00103446874302023),.UNSPECIFIED.);
#33=B_SPLINE_CURVE_WITH_KNOTS('',3,(#3482,#3483,#3484,#3485),
 .UNSPECIFIED.,.F.,.F.,(4,4),(0.,0.00103446864254031),.UNSPECIFIED.);
#34=B_SPLINE_CURVE_WITH_KNOTS('',3,(#3500,#3501,#3502,#3503,#3504,#3505,
#3506,#3507,#3508,#3509,#3510,#3511,#3512),.UNSPECIFIED.,.F.,.F.,(4,1,1,
1,1,1,1,1,1,1,4),(0.,0.0010055176256859,0.00201103525137179,0.00301655287705769,
0.00351931168990063,0.00402207050274358,0.00452482931558653,0.00502758812842948,
0.00603310575411537,0.00703862337980127,0.00804414100548716),
 .UNSPECIFIED.);
#35=B_SPLINE_CURVE_WITH_KNOTS('',3,(#3514,#3515,#3516,#3517),
 .UNSPECIFIED.,.F.,.F.,(4,4),(0.,0.00103446874302024),.UNSPECIFIED.);
#36=B_SPLINE_CURVE_WITH_KNOTS('',3,(#3521,#3522,#3523,#3524),
 .UNSPECIFIED.,.F.,.F.,(4,4),(0.,0.00103446864254031),.UNSPECIFIED.);
#37=B_SPLINE_CURVE_WITH_KNOTS('',3,(#3530,#3531,#3532,#3533),
 .UNSPECIFIED.,.F.,.F.,(4,4),(0.,0.00103446874302023),.UNSPECIFIED.);
#38=B_SPLINE_CURVE_WITH_KNOTS('',3,(#3537,#3538,#3539,#3540),
 .UNSPECIFIED.,.F.,.F.,(4,4),(0.,0.00103446864254032),.UNSPECIFIED.);
#39=B_SPLINE_CURVE_WITH_KNOTS('',3,(#3551,#3552,#3553,#3554,#3555,#3556,
#3557,#3558,#3559,#3560,#3561,#3562,#3563),.UNSPECIFIED.,.F.,.F.,(4,1,1,
1,1,1,1,1,1,1,4),(0.,0.00100551762568587,0.00201103525137174,0.00301655287705761,
0.00351931168990055,0.00402207050274348,0.00452482931558642,0.00502758812842936,
0.00603310575411523,0.0070386233798011,0.00804414100548697),
 .UNSPECIFIED.);
#40=CYLINDRICAL_SURFACE('',#2172,0.0038);
#41=CYLINDRICAL_SURFACE('',#2175,0.00155);
#42=CYLINDRICAL_SURFACE('',#2180,0.00155);
#43=CYLINDRICAL_SURFACE('',#2183,0.0038);
#44=CYLINDRICAL_SURFACE('',#2189,0.0004);
#45=CYLINDRICAL_SURFACE('',#2192,0.0004);
#46=CYLINDRICAL_SURFACE('',#2197,0.00155);
#47=CYLINDRICAL_SURFACE('',#2200,0.0038);
#48=CYLINDRICAL_SURFACE('',#2204,0.0038);
#49=CYLINDRICAL_SURFACE('',#2207,0.00155);
#50=CYLINDRICAL_SURFACE('',#2213,0.0004);
#51=CYLINDRICAL_SURFACE('',#2216,0.0004);
#52=CYLINDRICAL_SURFACE('',#2222,0.0038);
#53=CYLINDRICAL_SURFACE('',#2228,0.0038);
#54=CYLINDRICAL_SURFACE('',#2233,0.001625);
#55=CYLINDRICAL_SURFACE('',#2235,0.001625);
#56=CYLINDRICAL_SURFACE('',#2237,0.001625);
#57=CYLINDRICAL_SURFACE('',#2240,0.001625);
#58=CYLINDRICAL_SURFACE('',#2243,0.001625);
#59=CYLINDRICAL_SURFACE('',#2246,0.001625);
#60=CYLINDRICAL_SURFACE('',#2249,0.001625);
#61=CYLINDRICAL_SURFACE('',#2252,0.001625);
#62=CYLINDRICAL_SURFACE('',#2255,0.0038);
#63=CYLINDRICAL_SURFACE('',#2258,0.0038);
#64=CYLINDRICAL_SURFACE('',#2261,0.0038);
#65=CYLINDRICAL_SURFACE('',#2264,0.0038);
#66=CYLINDRICAL_SURFACE('',#2267,0.0038);
#67=CYLINDRICAL_SURFACE('',#2270,0.0038);
#68=CYLINDRICAL_SURFACE('',#2273,0.00395);
#69=CYLINDRICAL_SURFACE('',#2277,0.001625);
#70=CYLINDRICAL_SURFACE('',#2281,0.003);
#71=CYLINDRICAL_SURFACE('',#2284,0.001625);
#72=CYLINDRICAL_SURFACE('',#2287,0.00395);
#73=CYLINDRICAL_SURFACE('',#2290,0.003);
#74=CYLINDRICAL_SURFACE('',#2293,0.001625);
#75=CYLINDRICAL_SURFACE('',#2296,0.00395);
#76=CYLINDRICAL_SURFACE('',#2299,0.003);
#77=CYLINDRICAL_SURFACE('',#2300,0.00395);
#78=CYLINDRICAL_SURFACE('',#2304,0.001625);
#79=CYLINDRICAL_SURFACE('',#2308,0.003);
#80=LINE('',#2933,#250);
#81=LINE('',#2936,#251);
#82=LINE('',#2938,#252);
#83=LINE('',#2940,#253);
#84=LINE('',#2944,#254);
#85=LINE('',#2946,#255);
#86=LINE('',#2950,#256);
#87=LINE('',#2952,#257);
#88=LINE('',#2954,#258);
#89=LINE('',#2958,#259);
#90=LINE('',#2962,#260);
#91=LINE('',#2964,#261);
#92=LINE('',#2966,#262);
#93=LINE('',#2970,#263);
#94=LINE('',#2972,#264);
#95=LINE('',#2976,#265);
#96=LINE('',#2978,#266);
#97=LINE('',#2980,#267);
#98=LINE('',#2982,#268);
#99=LINE('',#2984,#269);
#100=LINE('',#2986,#270);
#101=LINE('',#2988,#271);
#102=LINE('',#2991,#272);
#103=LINE('',#2992,#273);
#104=LINE('',#2994,#274);
#105=LINE('',#2996,#275);
#106=LINE('',#2998,#276);
#107=LINE('',#3000,#277);
#108=LINE('',#3002,#278);
#109=LINE('',#3004,#279);
#110=LINE('',#3006,#280);
#111=LINE('',#3008,#281);
#112=LINE('',#3010,#282);
#113=LINE('',#3012,#283);
#114=LINE('',#3014,#284);
#115=LINE('',#3016,#285);
#116=LINE('',#3018,#286);
#117=LINE('',#3020,#287);
#118=LINE('',#3022,#288);
#119=LINE('',#3024,#289);
#120=LINE('',#3026,#290);
#121=LINE('',#3028,#291);
#122=LINE('',#3030,#292);
#123=LINE('',#3032,#293);
#124=LINE('',#3034,#294);
#125=LINE('',#3036,#295);
#126=LINE('',#3038,#296);
#127=LINE('',#3040,#297);
#128=LINE('',#3042,#298);
#129=LINE('',#3044,#299);
#130=LINE('',#3046,#300);
#131=LINE('',#3063,#301);
#132=LINE('',#3064,#302);
#133=LINE('',#3066,#303);
#134=LINE('',#3068,#304);
#135=LINE('',#3070,#305);
#136=LINE('',#3072,#306);
#137=LINE('',#3073,#307);
#138=LINE('',#3077,#308);
#139=LINE('',#3078,#309);
#140=LINE('',#3080,#310);
#141=LINE('',#3082,#311);
#142=LINE('',#3084,#312);
#143=LINE('',#3086,#313);
#144=LINE('',#3087,#314);
#145=LINE('',#3089,#315);
#146=LINE('',#3091,#316);
#147=LINE('',#3092,#317);
#148=LINE('',#3094,#318);
#149=LINE('',#3096,#319);
#150=LINE('',#3098,#320);
#151=LINE('',#3100,#321);
#152=LINE('',#3102,#322);
#153=LINE('',#3104,#323);
#154=LINE('',#3106,#324);
#155=LINE('',#3109,#325);
#156=LINE('',#3110,#326);
#157=LINE('',#3112,#327);
#158=LINE('',#3114,#328);
#159=LINE('',#3120,#329);
#160=LINE('',#3123,#330);
#161=LINE('',#3125,#331);
#162=LINE('',#3127,#332);
#163=LINE('',#3129,#333);
#164=LINE('',#3131,#334);
#165=LINE('',#3133,#335);
#166=LINE('',#3135,#336);
#167=LINE('',#3138,#337);
#168=LINE('',#3141,#338);
#169=LINE('',#3143,#339);
#170=LINE('',#3147,#340);
#171=LINE('',#3151,#341);
#172=LINE('',#3153,#342);
#173=LINE('',#3156,#343);
#174=LINE('',#3159,#344);
#175=LINE('',#3161,#345);
#176=LINE('',#3167,#346);
#177=LINE('',#3170,#347);
#178=LINE('',#3171,#348);
#179=LINE('',#3179,#349);
#180=LINE('',#3182,#350);
#181=LINE('',#3185,#351);
#182=LINE('',#3187,#352);
#183=LINE('',#3205,#353);
#184=LINE('',#3207,#354);
#185=LINE('',#3210,#355);
#186=LINE('',#3211,#356);
#187=LINE('',#3213,#357);
#188=LINE('',#3215,#358);
#189=LINE('',#3216,#359);
#190=LINE('',#3218,#360);
#191=LINE('',#3222,#361);
#192=LINE('',#3230,#362);
#193=LINE('',#3232,#363);
#194=LINE('',#3242,#364);
#195=LINE('',#3244,#365);
#196=LINE('',#3246,#366);
#197=LINE('',#3248,#367);
#198=LINE('',#3250,#368);
#199=LINE('',#3252,#369);
#200=LINE('',#3254,#370);
#201=LINE('',#3258,#371);
#202=LINE('',#3260,#372);
#203=LINE('',#3262,#373);
#204=LINE('',#3266,#374);
#205=LINE('',#3269,#375);
#206=LINE('',#3271,#376);
#207=LINE('',#3281,#377);
#208=LINE('',#3283,#378);
#209=LINE('',#3284,#379);
#210=LINE('',#3286,#380);
#211=LINE('',#3288,#381);
#212=LINE('',#3292,#382);
#213=LINE('',#3300,#383);
#214=LINE('',#3302,#384);
#215=LINE('',#3304,#385);
#216=LINE('',#3306,#386);
#217=LINE('',#3308,#387);
#218=LINE('',#3312,#388);
#219=LINE('',#3314,#389);
#220=LINE('',#3316,#390);
#221=LINE('',#3320,#391);
#222=LINE('',#3322,#392);
#223=LINE('',#3324,#393);
#224=LINE('',#3327,#394);
#225=LINE('',#3329,#395);
#226=LINE('',#3333,#396);
#227=LINE('',#3335,#397);
#228=LINE('',#3340,#398);
#229=LINE('',#3342,#399);
#230=LINE('',#3346,#400);
#231=LINE('',#3348,#401);
#232=LINE('',#3425,#402);
#233=LINE('',#3448,#403);
#234=LINE('',#3449,#404);
#235=LINE('',#3454,#405);
#236=LINE('',#3487,#406);
#237=LINE('',#3488,#407);
#238=LINE('',#3493,#408);
#239=LINE('',#3526,#409);
#240=LINE('',#3527,#410);
#241=LINE('',#3542,#411);
#242=LINE('',#3565,#412);
#243=LINE('',#3566,#413);
#244=LINE('',#3585,#414);
#245=LINE('',#3587,#415);
#246=LINE('',#3589,#416);
#247=LINE('',#3592,#417);
#248=LINE('',#3594,#418);
#249=LINE('',#3596,#419);
#250=VECTOR('',#2339,1.);
#251=VECTOR('',#2340,1.);
#252=VECTOR('',#2341,1.);
#253=VECTOR('',#2342,1.);
#254=VECTOR('',#2345,1.);
#255=VECTOR('',#2346,1.);
#256=VECTOR('',#2349,1.);
#257=VECTOR('',#2350,1.);
#258=VECTOR('',#2351,1.);
#259=VECTOR('',#2354,1.);
#260=VECTOR('',#2357,1.);
#261=VECTOR('',#2358,1.);
#262=VECTOR('',#2359,1.);
#263=VECTOR('',#2362,1.);
#264=VECTOR('',#2363,1.);
#265=VECTOR('',#2366,1.);
#266=VECTOR('',#2367,1.);
#267=VECTOR('',#2368,1.);
#268=VECTOR('',#2369,1.);
#269=VECTOR('',#2370,1.);
#270=VECTOR('',#2371,1.);
#271=VECTOR('',#2374,1.);
#272=VECTOR('',#2375,1.);
#273=VECTOR('',#2376,1.);
#274=VECTOR('',#2377,1.);
#275=VECTOR('',#2378,1.);
#276=VECTOR('',#2379,1.);
#277=VECTOR('',#2380,1.);
#278=VECTOR('',#2381,1.);
#279=VECTOR('',#2382,1.);
#280=VECTOR('',#2383,1.);
#281=VECTOR('',#2384,1.);
#282=VECTOR('',#2385,1.);
#283=VECTOR('',#2386,1.);
#284=VECTOR('',#2387,1.);
#285=VECTOR('',#2388,1.);
#286=VECTOR('',#2391,1.);
#287=VECTOR('',#2392,1.);
#288=VECTOR('',#2393,1.);
#289=VECTOR('',#2394,1.);
#290=VECTOR('',#2395,1.);
#291=VECTOR('',#2396,1.);
#292=VECTOR('',#2397,1.);
#293=VECTOR('',#2398,1.);
#294=VECTOR('',#2399,1.);
#295=VECTOR('',#2400,1.);
#296=VECTOR('',#2401,1.);
#297=VECTOR('',#2402,1.);
#298=VECTOR('',#2403,1.);
#299=VECTOR('',#2404,1.);
#300=VECTOR('',#2405,1.);
#301=VECTOR('',#2422,1.);
#302=VECTOR('',#2423,1.);
#303=VECTOR('',#2424,1.);
#304=VECTOR('',#2425,1.);
#305=VECTOR('',#2426,1.);
#306=VECTOR('',#2427,1.);
#307=VECTOR('',#2428,1.);
#308=VECTOR('',#2431,1.);
#309=VECTOR('',#2432,1.);
#310=VECTOR('',#2433,1.);
#311=VECTOR('',#2434,1.);
#312=VECTOR('',#2435,1.);
#313=VECTOR('',#2436,1.);
#314=VECTOR('',#2437,1.);
#315=VECTOR('',#2440,1.);
#316=VECTOR('',#2441,1.);
#317=VECTOR('',#2442,1.);
#318=VECTOR('',#2443,1.);
#319=VECTOR('',#2446,1.);
#320=VECTOR('',#2447,1.);
#321=VECTOR('',#2448,1.);
#322=VECTOR('',#2449,1.);
#323=VECTOR('',#2450,1.);
#324=VECTOR('',#2453,1.);
#325=VECTOR('',#2454,1.);
#326=VECTOR('',#2455,1.);
#327=VECTOR('',#2456,1.);
#328=VECTOR('',#2457,1.);
#329=VECTOR('',#2464,1.);
#330=VECTOR('',#2465,1.);
#331=VECTOR('',#2466,1.);
#332=VECTOR('',#2467,1.);
#333=VECTOR('',#2468,1.);
#334=VECTOR('',#2469,1.);
#335=VECTOR('',#2470,1.);
#336=VECTOR('',#2471,1.);
#337=VECTOR('',#2474,1.);
#338=VECTOR('',#2477,1.);
#339=VECTOR('',#2478,1.);
#340=VECTOR('',#2481,1.);
#341=VECTOR('',#2484,1.);
#342=VECTOR('',#2485,1.);
#343=VECTOR('',#2488,1.);
#344=VECTOR('',#2491,1.);
#345=VECTOR('',#2492,1.);
#346=VECTOR('',#2499,1.);
#347=VECTOR('',#2502,1.);
#348=VECTOR('',#2503,1.);
#349=VECTOR('',#2512,1.);
#350=VECTOR('',#2515,1.);
#351=VECTOR('',#2518,1.);
#352=VECTOR('',#2521,1.);
#353=VECTOR('',#2540,1.);
#354=VECTOR('',#2543,1.);
#355=VECTOR('',#2544,1.);
#356=VECTOR('',#2545,1.);
#357=VECTOR('',#2546,1.);
#358=VECTOR('',#2547,1.);
#359=VECTOR('',#2548,1.);
#360=VECTOR('',#2551,1.);
#361=VECTOR('',#2556,1.);
#362=VECTOR('',#2567,1.);
#363=VECTOR('',#2568,1.);
#364=VECTOR('',#2583,1.);
#365=VECTOR('',#2584,1.);
#366=VECTOR('',#2587,1.);
#367=VECTOR('',#2588,1.);
#368=VECTOR('',#2591,1.);
#369=VECTOR('',#2592,1.);
#370=VECTOR('',#2595,1.);
#371=VECTOR('',#2600,1.);
#372=VECTOR('',#2601,1.);
#373=VECTOR('',#2604,1.);
#374=VECTOR('',#2609,1.);
#375=VECTOR('',#2614,1.);
#376=VECTOR('',#2615,1.);
#377=VECTOR('',#2630,1.);
#378=VECTOR('',#2631,1.);
#379=VECTOR('',#2632,1.);
#380=VECTOR('',#2633,1.);
#381=VECTOR('',#2636,1.);
#382=VECTOR('',#2641,1.);
#383=VECTOR('',#2652,1.);
#384=VECTOR('',#2653,1.);
#385=VECTOR('',#2656,1.);
#386=VECTOR('',#2657,1.);
#387=VECTOR('',#2660,1.);
#388=VECTOR('',#2665,1.);
#389=VECTOR('',#2666,1.);
#390=VECTOR('',#2669,1.);
#391=VECTOR('',#2674,1.);
#392=VECTOR('',#2675,1.);
#393=VECTOR('',#2678,1.);
#394=VECTOR('',#2683,1.);
#395=VECTOR('',#2684,1.);
#396=VECTOR('',#2689,1.);
#397=VECTOR('',#2692,1.);
#398=VECTOR('',#2699,1.);
#399=VECTOR('',#2700,1.);
#400=VECTOR('',#2705,1.);
#401=VECTOR('',#2708,1.);
#402=VECTOR('',#2797,1.);
#403=VECTOR('',#2810,1.);
#404=VECTOR('',#2811,1.);
#405=VECTOR('',#2818,1.);
#406=VECTOR('',#2831,1.);
#407=VECTOR('',#2832,1.);
#408=VECTOR('',#2839,1.);
#409=VECTOR('',#2852,1.);
#410=VECTOR('',#2853,1.);
#411=VECTOR('',#2860,1.);
#412=VECTOR('',#2873,1.);
#413=VECTOR('',#2874,1.);
#414=VECTOR('',#2911,1.);
#415=VECTOR('',#2912,1.);
#416=VECTOR('',#2915,1.);
#417=VECTOR('',#2920,1.);
#418=VECTOR('',#2921,1.);
#419=VECTOR('',#2924,1.);
#420=ORIENTED_EDGE('',*,*,#976,.T.);
#421=ORIENTED_EDGE('',*,*,#977,.T.);
#422=ORIENTED_EDGE('',*,*,#978,.F.);
#423=ORIENTED_EDGE('',*,*,#979,.F.);
#424=ORIENTED_EDGE('',*,*,#980,.F.);
#425=ORIENTED_EDGE('',*,*,#981,.F.);
#426=ORIENTED_EDGE('',*,*,#982,.T.);
#427=ORIENTED_EDGE('',*,*,#983,.F.);
#428=ORIENTED_EDGE('',*,*,#984,.F.);
#429=ORIENTED_EDGE('',*,*,#985,.F.);
#430=ORIENTED_EDGE('',*,*,#986,.T.);
#431=ORIENTED_EDGE('',*,*,#987,.F.);
#432=ORIENTED_EDGE('',*,*,#988,.F.);
#433=ORIENTED_EDGE('',*,*,#989,.F.);
#434=ORIENTED_EDGE('',*,*,#990,.T.);
#435=ORIENTED_EDGE('',*,*,#991,.F.);
#436=ORIENTED_EDGE('',*,*,#992,.F.);
#437=ORIENTED_EDGE('',*,*,#993,.F.);
#438=ORIENTED_EDGE('',*,*,#994,.F.);
#439=ORIENTED_EDGE('',*,*,#995,.T.);
#440=ORIENTED_EDGE('',*,*,#996,.T.);
#441=ORIENTED_EDGE('',*,*,#997,.F.);
#442=ORIENTED_EDGE('',*,*,#998,.T.);
#443=ORIENTED_EDGE('',*,*,#999,.T.);
#444=ORIENTED_EDGE('',*,*,#1000,.F.);
#445=ORIENTED_EDGE('',*,*,#1001,.F.);
#446=ORIENTED_EDGE('',*,*,#1002,.F.);
#447=ORIENTED_EDGE('',*,*,#1003,.F.);
#448=ORIENTED_EDGE('',*,*,#1004,.F.);
#449=ORIENTED_EDGE('',*,*,#1005,.F.);
#450=ORIENTED_EDGE('',*,*,#1006,.T.);
#451=ORIENTED_EDGE('',*,*,#997,.T.);
#452=ORIENTED_EDGE('',*,*,#1007,.F.);
#453=ORIENTED_EDGE('',*,*,#1008,.F.);
#454=ORIENTED_EDGE('',*,*,#1009,.F.);
#455=ORIENTED_EDGE('',*,*,#1010,.F.);
#456=ORIENTED_EDGE('',*,*,#1011,.F.);
#457=ORIENTED_EDGE('',*,*,#1012,.T.);
#458=ORIENTED_EDGE('',*,*,#1013,.F.);
#459=ORIENTED_EDGE('',*,*,#1014,.T.);
#460=ORIENTED_EDGE('',*,*,#1015,.T.);
#461=ORIENTED_EDGE('',*,*,#1016,.T.);
#462=ORIENTED_EDGE('',*,*,#1017,.T.);
#463=ORIENTED_EDGE('',*,*,#1018,.T.);
#464=ORIENTED_EDGE('',*,*,#1019,.T.);
#465=ORIENTED_EDGE('',*,*,#983,.T.);
#466=ORIENTED_EDGE('',*,*,#1020,.T.);
#467=ORIENTED_EDGE('',*,*,#1021,.T.);
#468=ORIENTED_EDGE('',*,*,#1022,.F.);
#469=ORIENTED_EDGE('',*,*,#1023,.F.);
#470=ORIENTED_EDGE('',*,*,#1024,.T.);
#471=ORIENTED_EDGE('',*,*,#1025,.T.);
#472=ORIENTED_EDGE('',*,*,#1026,.F.);
#473=ORIENTED_EDGE('',*,*,#1027,.F.);
#474=ORIENTED_EDGE('',*,*,#1028,.T.);
#475=ORIENTED_EDGE('',*,*,#1029,.F.);
#476=ORIENTED_EDGE('',*,*,#1030,.T.);
#477=ORIENTED_EDGE('',*,*,#1031,.T.);
#478=ORIENTED_EDGE('',*,*,#1032,.T.);
#479=ORIENTED_EDGE('',*,*,#1033,.T.);
#480=ORIENTED_EDGE('',*,*,#1034,.T.);
#481=ORIENTED_EDGE('',*,*,#1035,.F.);
#482=ORIENTED_EDGE('',*,*,#1036,.F.);
#483=ORIENTED_EDGE('',*,*,#1037,.F.);
#484=ORIENTED_EDGE('',*,*,#1038,.F.);
#485=ORIENTED_EDGE('',*,*,#1039,.F.);
#486=ORIENTED_EDGE('',*,*,#1040,.F.);
#487=ORIENTED_EDGE('',*,*,#1041,.F.);
#488=ORIENTED_EDGE('',*,*,#1042,.T.);
#489=ORIENTED_EDGE('',*,*,#1028,.F.);
#490=ORIENTED_EDGE('',*,*,#1043,.F.);
#491=ORIENTED_EDGE('',*,*,#1044,.T.);
#492=ORIENTED_EDGE('',*,*,#1045,.T.);
#493=ORIENTED_EDGE('',*,*,#1046,.F.);
#494=ORIENTED_EDGE('',*,*,#1047,.T.);
#495=ORIENTED_EDGE('',*,*,#1013,.T.);
#496=ORIENTED_EDGE('',*,*,#1048,.F.);
#497=ORIENTED_EDGE('',*,*,#1049,.F.);
#498=ORIENTED_EDGE('',*,*,#1050,.T.);
#499=ORIENTED_EDGE('',*,*,#1009,.T.);
#500=ORIENTED_EDGE('',*,*,#1051,.F.);
#501=ORIENTED_EDGE('',*,*,#1052,.T.);
#502=ORIENTED_EDGE('',*,*,#1053,.F.);
#503=ORIENTED_EDGE('',*,*,#1054,.F.);
#504=ORIENTED_EDGE('',*,*,#1055,.T.);
#505=ORIENTED_EDGE('',*,*,#1032,.F.);
#506=ORIENTED_EDGE('',*,*,#1056,.F.);
#507=ORIENTED_EDGE('',*,*,#1057,.F.);
#508=ORIENTED_EDGE('',*,*,#1058,.F.);
#509=ORIENTED_EDGE('',*,*,#1052,.F.);
#510=ORIENTED_EDGE('',*,*,#1059,.F.);
#511=ORIENTED_EDGE('',*,*,#1060,.T.);
#512=ORIENTED_EDGE('',*,*,#994,.T.);
#513=ORIENTED_EDGE('',*,*,#1046,.T.);
#514=ORIENTED_EDGE('',*,*,#1061,.T.);
#515=ORIENTED_EDGE('',*,*,#1062,.T.);
#516=ORIENTED_EDGE('',*,*,#1063,.F.);
#517=ORIENTED_EDGE('',*,*,#1064,.F.);
#518=ORIENTED_EDGE('',*,*,#1065,.T.);
#519=ORIENTED_EDGE('',*,*,#1066,.F.);
#520=ORIENTED_EDGE('',*,*,#1067,.T.);
#521=ORIENTED_EDGE('',*,*,#1044,.F.);
#522=ORIENTED_EDGE('',*,*,#1068,.F.);
#523=ORIENTED_EDGE('',*,*,#1069,.T.);
#524=ORIENTED_EDGE('',*,*,#1070,.T.);
#525=ORIENTED_EDGE('',*,*,#1071,.T.);
#526=ORIENTED_EDGE('',*,*,#1072,.T.);
#527=ORIENTED_EDGE('',*,*,#1073,.F.);
#528=ORIENTED_EDGE('',*,*,#1074,.T.);
#529=ORIENTED_EDGE('',*,*,#1075,.T.);
#530=ORIENTED_EDGE('',*,*,#1076,.F.);
#531=ORIENTED_EDGE('',*,*,#1077,.F.);
#532=ORIENTED_EDGE('',*,*,#1078,.F.);
#533=ORIENTED_EDGE('',*,*,#1079,.F.);
#534=ORIENTED_EDGE('',*,*,#1080,.F.);
#535=ORIENTED_EDGE('',*,*,#1081,.T.);
#536=ORIENTED_EDGE('',*,*,#1016,.F.);
#537=ORIENTED_EDGE('',*,*,#1082,.F.);
#538=ORIENTED_EDGE('',*,*,#1083,.F.);
#539=ORIENTED_EDGE('',*,*,#1063,.T.);
#540=ORIENTED_EDGE('',*,*,#1084,.T.);
#541=ORIENTED_EDGE('',*,*,#1085,.T.);
#542=ORIENTED_EDGE('',*,*,#1086,.T.);
#543=ORIENTED_EDGE('',*,*,#1087,.F.);
#544=ORIENTED_EDGE('',*,*,#1088,.T.);
#545=ORIENTED_EDGE('',*,*,#1089,.T.);
#546=ORIENTED_EDGE('',*,*,#1090,.T.);
#547=ORIENTED_EDGE('',*,*,#1070,.F.);
#548=ORIENTED_EDGE('',*,*,#1091,.T.);
#549=ORIENTED_EDGE('',*,*,#1092,.T.);
#550=ORIENTED_EDGE('',*,*,#1025,.F.);
#551=ORIENTED_EDGE('',*,*,#1093,.T.);
#552=ORIENTED_EDGE('',*,*,#1094,.T.);
#553=ORIENTED_EDGE('',*,*,#1095,.F.);
#554=ORIENTED_EDGE('',*,*,#1096,.T.);
#555=ORIENTED_EDGE('',*,*,#1097,.T.);
#556=ORIENTED_EDGE('',*,*,#1098,.F.);
#557=ORIENTED_EDGE('',*,*,#1095,.T.);
#558=ORIENTED_EDGE('',*,*,#1099,.T.);
#559=ORIENTED_EDGE('',*,*,#1100,.T.);
#560=ORIENTED_EDGE('',*,*,#1022,.T.);
#561=ORIENTED_EDGE('',*,*,#1101,.F.);
#562=ORIENTED_EDGE('',*,*,#1102,.F.);
#563=ORIENTED_EDGE('',*,*,#980,.T.);
#564=ORIENTED_EDGE('',*,*,#1103,.T.);
#565=ORIENTED_EDGE('',*,*,#1104,.T.);
#566=ORIENTED_EDGE('',*,*,#1019,.F.);
#567=ORIENTED_EDGE('',*,*,#1105,.F.);
#568=ORIENTED_EDGE('',*,*,#1106,.F.);
#569=ORIENTED_EDGE('',*,*,#1079,.T.);
#570=ORIENTED_EDGE('',*,*,#1107,.T.);
#571=ORIENTED_EDGE('',*,*,#1000,.T.);
#572=ORIENTED_EDGE('',*,*,#1108,.T.);
#573=ORIENTED_EDGE('',*,*,#1109,.T.);
#574=ORIENTED_EDGE('',*,*,#1107,.F.);
#575=ORIENTED_EDGE('',*,*,#1078,.T.);
#576=ORIENTED_EDGE('',*,*,#1110,.T.);
#577=ORIENTED_EDGE('',*,*,#1001,.T.);
#578=ORIENTED_EDGE('',*,*,#1111,.T.);
#579=ORIENTED_EDGE('',*,*,#1112,.T.);
#580=ORIENTED_EDGE('',*,*,#1113,.T.);
#581=ORIENTED_EDGE('',*,*,#1114,.T.);
#582=ORIENTED_EDGE('',*,*,#1115,.T.);
#583=ORIENTED_EDGE('',*,*,#1116,.T.);
#584=ORIENTED_EDGE('',*,*,#1117,.F.);
#585=ORIENTED_EDGE('',*,*,#1118,.F.);
#586=ORIENTED_EDGE('',*,*,#1110,.F.);
#587=ORIENTED_EDGE('',*,*,#1077,.T.);
#588=ORIENTED_EDGE('',*,*,#1119,.T.);
#589=ORIENTED_EDGE('',*,*,#1002,.T.);
#590=ORIENTED_EDGE('',*,*,#1120,.F.);
#591=ORIENTED_EDGE('',*,*,#1121,.T.);
#592=ORIENTED_EDGE('',*,*,#1003,.T.);
#593=ORIENTED_EDGE('',*,*,#1119,.F.);
#594=ORIENTED_EDGE('',*,*,#1076,.T.);
#595=ORIENTED_EDGE('',*,*,#1122,.F.);
#596=ORIENTED_EDGE('',*,*,#1123,.T.);
#597=ORIENTED_EDGE('',*,*,#1124,.T.);
#598=ORIENTED_EDGE('',*,*,#1073,.T.);
#599=ORIENTED_EDGE('',*,*,#1098,.T.);
#600=ORIENTED_EDGE('',*,*,#979,.T.);
#601=ORIENTED_EDGE('',*,*,#1125,.F.);
#602=ORIENTED_EDGE('',*,*,#1083,.T.);
#603=ORIENTED_EDGE('',*,*,#1126,.F.);
#604=ORIENTED_EDGE('',*,*,#1127,.F.);
#605=ORIENTED_EDGE('',*,*,#1064,.T.);
#606=ORIENTED_EDGE('',*,*,#1082,.T.);
#607=ORIENTED_EDGE('',*,*,#1015,.F.);
#608=ORIENTED_EDGE('',*,*,#1128,.F.);
#609=ORIENTED_EDGE('',*,*,#1126,.T.);
#610=ORIENTED_EDGE('',*,*,#1129,.T.);
#611=ORIENTED_EDGE('',*,*,#1130,.T.);
#612=ORIENTED_EDGE('',*,*,#1130,.F.);
#613=ORIENTED_EDGE('',*,*,#1065,.F.);
#614=ORIENTED_EDGE('',*,*,#1127,.T.);
#615=ORIENTED_EDGE('',*,*,#1128,.T.);
#616=ORIENTED_EDGE('',*,*,#1014,.F.);
#617=ORIENTED_EDGE('',*,*,#1047,.F.);
#618=ORIENTED_EDGE('',*,*,#1092,.F.);
#619=ORIENTED_EDGE('',*,*,#1131,.F.);
#620=ORIENTED_EDGE('',*,*,#1132,.T.);
#621=ORIENTED_EDGE('',*,*,#1026,.T.);
#622=ORIENTED_EDGE('',*,*,#1133,.T.);
#623=ORIENTED_EDGE('',*,*,#1134,.F.);
#624=ORIENTED_EDGE('',*,*,#1091,.F.);
#625=ORIENTED_EDGE('',*,*,#1069,.F.);
#626=ORIENTED_EDGE('',*,*,#1135,.T.);
#627=ORIENTED_EDGE('',*,*,#1131,.T.);
#628=ORIENTED_EDGE('',*,*,#1134,.T.);
#629=ORIENTED_EDGE('',*,*,#1068,.T.);
#630=ORIENTED_EDGE('',*,*,#1043,.T.);
#631=ORIENTED_EDGE('',*,*,#1027,.T.);
#632=ORIENTED_EDGE('',*,*,#1132,.F.);
#633=ORIENTED_EDGE('',*,*,#1135,.F.);
#634=ORIENTED_EDGE('',*,*,#1084,.F.);
#635=ORIENTED_EDGE('',*,*,#1062,.F.);
#636=ORIENTED_EDGE('',*,*,#1136,.T.);
#637=ORIENTED_EDGE('',*,*,#1137,.T.);
#638=ORIENTED_EDGE('',*,*,#1090,.F.);
#639=ORIENTED_EDGE('',*,*,#1138,.F.);
#640=ORIENTED_EDGE('',*,*,#1139,.T.);
#641=ORIENTED_EDGE('',*,*,#1066,.T.);
#642=ORIENTED_EDGE('',*,*,#1089,.F.);
#643=ORIENTED_EDGE('',*,*,#1140,.F.);
#644=ORIENTED_EDGE('',*,*,#1141,.T.);
#645=ORIENTED_EDGE('',*,*,#1138,.T.);
#646=ORIENTED_EDGE('',*,*,#1088,.F.);
#647=ORIENTED_EDGE('',*,*,#1142,.F.);
#648=ORIENTED_EDGE('',*,*,#1143,.T.);
#649=ORIENTED_EDGE('',*,*,#1140,.T.);
#650=ORIENTED_EDGE('',*,*,#1087,.T.);
#651=ORIENTED_EDGE('',*,*,#1144,.F.);
#652=ORIENTED_EDGE('',*,*,#1145,.F.);
#653=ORIENTED_EDGE('',*,*,#1142,.T.);
#654=ORIENTED_EDGE('',*,*,#1086,.F.);
#655=ORIENTED_EDGE('',*,*,#1146,.F.);
#656=ORIENTED_EDGE('',*,*,#1147,.T.);
#657=ORIENTED_EDGE('',*,*,#1144,.T.);
#658=ORIENTED_EDGE('',*,*,#1085,.F.);
#659=ORIENTED_EDGE('',*,*,#1137,.F.);
#660=ORIENTED_EDGE('',*,*,#1148,.T.);
#661=ORIENTED_EDGE('',*,*,#1146,.T.);
#662=ORIENTED_EDGE('',*,*,#1136,.F.);
#663=ORIENTED_EDGE('',*,*,#1061,.F.);
#664=ORIENTED_EDGE('',*,*,#1045,.F.);
#665=ORIENTED_EDGE('',*,*,#1067,.F.);
#666=ORIENTED_EDGE('',*,*,#1139,.F.);
#667=ORIENTED_EDGE('',*,*,#1141,.F.);
#668=ORIENTED_EDGE('',*,*,#1143,.F.);
#669=ORIENTED_EDGE('',*,*,#1145,.T.);
#670=ORIENTED_EDGE('',*,*,#1147,.F.);
#671=ORIENTED_EDGE('',*,*,#1148,.F.);
#672=ORIENTED_EDGE('',*,*,#996,.F.);
#673=ORIENTED_EDGE('',*,*,#1149,.F.);
#674=ORIENTED_EDGE('',*,*,#1150,.T.);
#675=ORIENTED_EDGE('',*,*,#1007,.T.);
#676=ORIENTED_EDGE('',*,*,#1151,.T.);
#677=ORIENTED_EDGE('',*,*,#1152,.F.);
#678=ORIENTED_EDGE('',*,*,#995,.F.);
#679=ORIENTED_EDGE('',*,*,#1060,.F.);
#680=ORIENTED_EDGE('',*,*,#1153,.T.);
#681=ORIENTED_EDGE('',*,*,#1149,.T.);
#682=ORIENTED_EDGE('',*,*,#1152,.T.);
#683=ORIENTED_EDGE('',*,*,#1059,.T.);
#684=ORIENTED_EDGE('',*,*,#1051,.T.);
#685=ORIENTED_EDGE('',*,*,#1008,.T.);
#686=ORIENTED_EDGE('',*,*,#1150,.F.);
#687=ORIENTED_EDGE('',*,*,#1153,.F.);
#688=ORIENTED_EDGE('',*,*,#1154,.F.);
#689=ORIENTED_EDGE('',*,*,#1155,.T.);
#690=ORIENTED_EDGE('',*,*,#986,.F.);
#691=ORIENTED_EDGE('',*,*,#1156,.F.);
#692=ORIENTED_EDGE('',*,*,#1157,.T.);
#693=ORIENTED_EDGE('',*,*,#1054,.T.);
#694=ORIENTED_EDGE('',*,*,#985,.T.);
#695=ORIENTED_EDGE('',*,*,#1158,.F.);
#696=ORIENTED_EDGE('',*,*,#1159,.F.);
#697=ORIENTED_EDGE('',*,*,#1156,.T.);
#698=ORIENTED_EDGE('',*,*,#984,.T.);
#699=ORIENTED_EDGE('',*,*,#1034,.F.);
#700=ORIENTED_EDGE('',*,*,#1160,.F.);
#701=ORIENTED_EDGE('',*,*,#1158,.T.);
#702=ORIENTED_EDGE('',*,*,#1161,.T.);
#703=ORIENTED_EDGE('',*,*,#1162,.T.);
#704=ORIENTED_EDGE('',*,*,#1162,.F.);
#705=ORIENTED_EDGE('',*,*,#1157,.F.);
#706=ORIENTED_EDGE('',*,*,#1159,.T.);
#707=ORIENTED_EDGE('',*,*,#1160,.T.);
#708=ORIENTED_EDGE('',*,*,#1033,.F.);
#709=ORIENTED_EDGE('',*,*,#1055,.F.);
#710=ORIENTED_EDGE('',*,*,#993,.T.);
#711=ORIENTED_EDGE('',*,*,#1163,.F.);
#712=ORIENTED_EDGE('',*,*,#1164,.F.);
#713=ORIENTED_EDGE('',*,*,#1057,.T.);
#714=ORIENTED_EDGE('',*,*,#992,.T.);
#715=ORIENTED_EDGE('',*,*,#1165,.F.);
#716=ORIENTED_EDGE('',*,*,#1166,.F.);
#717=ORIENTED_EDGE('',*,*,#1163,.T.);
#718=ORIENTED_EDGE('',*,*,#991,.T.);
#719=ORIENTED_EDGE('',*,*,#1167,.F.);
#720=ORIENTED_EDGE('',*,*,#1168,.F.);
#721=ORIENTED_EDGE('',*,*,#1165,.T.);
#722=ORIENTED_EDGE('',*,*,#990,.F.);
#723=ORIENTED_EDGE('',*,*,#1169,.F.);
#724=ORIENTED_EDGE('',*,*,#1170,.T.);
#725=ORIENTED_EDGE('',*,*,#1167,.T.);
#726=ORIENTED_EDGE('',*,*,#989,.T.);
#727=ORIENTED_EDGE('',*,*,#1171,.F.);
#728=ORIENTED_EDGE('',*,*,#1172,.F.);
#729=ORIENTED_EDGE('',*,*,#1169,.T.);
#730=ORIENTED_EDGE('',*,*,#988,.T.);
#731=ORIENTED_EDGE('',*,*,#1173,.F.);
#732=ORIENTED_EDGE('',*,*,#1174,.F.);
#733=ORIENTED_EDGE('',*,*,#1171,.T.);
#734=ORIENTED_EDGE('',*,*,#987,.T.);
#735=ORIENTED_EDGE('',*,*,#1155,.F.);
#736=ORIENTED_EDGE('',*,*,#1175,.F.);
#737=ORIENTED_EDGE('',*,*,#1173,.T.);
#738=ORIENTED_EDGE('',*,*,#1164,.T.);
#739=ORIENTED_EDGE('',*,*,#1166,.T.);
#740=ORIENTED_EDGE('',*,*,#1168,.T.);
#741=ORIENTED_EDGE('',*,*,#1170,.F.);
#742=ORIENTED_EDGE('',*,*,#1172,.T.);
#743=ORIENTED_EDGE('',*,*,#1174,.T.);
#744=ORIENTED_EDGE('',*,*,#1175,.T.);
#745=ORIENTED_EDGE('',*,*,#1154,.T.);
#746=ORIENTED_EDGE('',*,*,#1053,.T.);
#747=ORIENTED_EDGE('',*,*,#1058,.T.);
#748=ORIENTED_EDGE('',*,*,#1176,.F.);
#749=ORIENTED_EDGE('',*,*,#1177,.T.);
#750=ORIENTED_EDGE('',*,*,#1056,.T.);
#751=ORIENTED_EDGE('',*,*,#1031,.F.);
#752=ORIENTED_EDGE('',*,*,#1178,.F.);
#753=ORIENTED_EDGE('',*,*,#1179,.T.);
#754=ORIENTED_EDGE('',*,*,#1041,.T.);
#755=ORIENTED_EDGE('',*,*,#1177,.F.);
#756=ORIENTED_EDGE('',*,*,#1179,.F.);
#757=ORIENTED_EDGE('',*,*,#1180,.T.);
#758=ORIENTED_EDGE('',*,*,#1029,.T.);
#759=ORIENTED_EDGE('',*,*,#1042,.F.);
#760=ORIENTED_EDGE('',*,*,#1181,.T.);
#761=ORIENTED_EDGE('',*,*,#1180,.F.);
#762=ORIENTED_EDGE('',*,*,#1178,.T.);
#763=ORIENTED_EDGE('',*,*,#1176,.T.);
#764=ORIENTED_EDGE('',*,*,#1030,.F.);
#765=ORIENTED_EDGE('',*,*,#1182,.F.);
#766=ORIENTED_EDGE('',*,*,#1183,.T.);
#767=ORIENTED_EDGE('',*,*,#1010,.T.);
#768=ORIENTED_EDGE('',*,*,#1050,.F.);
#769=ORIENTED_EDGE('',*,*,#1184,.F.);
#770=ORIENTED_EDGE('',*,*,#1182,.T.);
#771=ORIENTED_EDGE('',*,*,#1049,.T.);
#772=ORIENTED_EDGE('',*,*,#1185,.F.);
#773=ORIENTED_EDGE('',*,*,#1186,.F.);
#774=ORIENTED_EDGE('',*,*,#1185,.T.);
#775=ORIENTED_EDGE('',*,*,#1048,.T.);
#776=ORIENTED_EDGE('',*,*,#1012,.F.);
#777=ORIENTED_EDGE('',*,*,#1187,.T.);
#778=ORIENTED_EDGE('',*,*,#1183,.F.);
#779=ORIENTED_EDGE('',*,*,#1184,.T.);
#780=ORIENTED_EDGE('',*,*,#1186,.T.);
#781=ORIENTED_EDGE('',*,*,#1011,.T.);
#782=ORIENTED_EDGE('',*,*,#1188,.T.);
#783=ORIENTED_EDGE('',*,*,#1118,.T.);
#784=ORIENTED_EDGE('',*,*,#1189,.T.);
#785=ORIENTED_EDGE('',*,*,#1117,.T.);
#786=ORIENTED_EDGE('',*,*,#1190,.T.);
#787=ORIENTED_EDGE('',*,*,#1191,.T.);
#788=ORIENTED_EDGE('',*,*,#1192,.T.);
#789=ORIENTED_EDGE('',*,*,#1193,.T.);
#790=ORIENTED_EDGE('',*,*,#1194,.T.);
#791=ORIENTED_EDGE('',*,*,#1195,.T.);
#792=ORIENTED_EDGE('',*,*,#1196,.T.);
#793=ORIENTED_EDGE('',*,*,#1197,.T.);
#794=ORIENTED_EDGE('',*,*,#1198,.T.);
#795=ORIENTED_EDGE('',*,*,#1199,.T.);
#796=ORIENTED_EDGE('',*,*,#1200,.T.);
#797=ORIENTED_EDGE('',*,*,#1201,.T.);
#798=ORIENTED_EDGE('',*,*,#1039,.T.);
#799=ORIENTED_EDGE('',*,*,#1202,.F.);
#800=ORIENTED_EDGE('',*,*,#1202,.T.);
#801=ORIENTED_EDGE('',*,*,#1201,.F.);
#802=ORIENTED_EDGE('',*,*,#1040,.T.);
#803=ORIENTED_EDGE('',*,*,#1203,.F.);
#804=ORIENTED_EDGE('',*,*,#1203,.T.);
#805=ORIENTED_EDGE('',*,*,#1199,.F.);
#806=ORIENTED_EDGE('',*,*,#1036,.T.);
#807=ORIENTED_EDGE('',*,*,#1204,.F.);
#808=ORIENTED_EDGE('',*,*,#1204,.T.);
#809=ORIENTED_EDGE('',*,*,#1197,.F.);
#810=ORIENTED_EDGE('',*,*,#1037,.T.);
#811=ORIENTED_EDGE('',*,*,#1205,.F.);
#812=ORIENTED_EDGE('',*,*,#1205,.T.);
#813=ORIENTED_EDGE('',*,*,#1195,.F.);
#814=ORIENTED_EDGE('',*,*,#1038,.T.);
#815=ORIENTED_EDGE('',*,*,#1206,.F.);
#816=ORIENTED_EDGE('',*,*,#1206,.T.);
#817=ORIENTED_EDGE('',*,*,#1193,.F.);
#818=ORIENTED_EDGE('',*,*,#1035,.T.);
#819=ORIENTED_EDGE('',*,*,#1207,.F.);
#820=ORIENTED_EDGE('',*,*,#1207,.T.);
#821=ORIENTED_EDGE('',*,*,#1191,.F.);
#822=ORIENTED_EDGE('',*,*,#1099,.F.);
#823=ORIENTED_EDGE('',*,*,#1094,.F.);
#824=ORIENTED_EDGE('',*,*,#1208,.T.);
#825=ORIENTED_EDGE('',*,*,#1209,.T.);
#826=ORIENTED_EDGE('',*,*,#1210,.T.);
#827=ORIENTED_EDGE('',*,*,#1211,.T.);
#828=ORIENTED_EDGE('',*,*,#1100,.F.);
#829=ORIENTED_EDGE('',*,*,#1211,.F.);
#830=ORIENTED_EDGE('',*,*,#1212,.T.);
#831=ORIENTED_EDGE('',*,*,#1023,.T.);
#832=ORIENTED_EDGE('',*,*,#1213,.T.);
#833=ORIENTED_EDGE('',*,*,#1214,.F.);
#834=ORIENTED_EDGE('',*,*,#1215,.T.);
#835=ORIENTED_EDGE('',*,*,#1209,.F.);
#836=ORIENTED_EDGE('',*,*,#1216,.T.);
#837=ORIENTED_EDGE('',*,*,#1214,.T.);
#838=ORIENTED_EDGE('',*,*,#1217,.T.);
#839=ORIENTED_EDGE('',*,*,#1215,.F.);
#840=ORIENTED_EDGE('',*,*,#1216,.F.);
#841=ORIENTED_EDGE('',*,*,#1208,.F.);
#842=ORIENTED_EDGE('',*,*,#1093,.F.);
#843=ORIENTED_EDGE('',*,*,#1024,.F.);
#844=ORIENTED_EDGE('',*,*,#1212,.F.);
#845=ORIENTED_EDGE('',*,*,#1210,.F.);
#846=ORIENTED_EDGE('',*,*,#1217,.F.);
#847=ORIENTED_EDGE('',*,*,#1105,.T.);
#848=ORIENTED_EDGE('',*,*,#1018,.F.);
#849=ORIENTED_EDGE('',*,*,#1218,.T.);
#850=ORIENTED_EDGE('',*,*,#1219,.T.);
#851=ORIENTED_EDGE('',*,*,#1220,.T.);
#852=ORIENTED_EDGE('',*,*,#1221,.T.);
#853=ORIENTED_EDGE('',*,*,#1222,.T.);
#854=ORIENTED_EDGE('',*,*,#1106,.T.);
#855=ORIENTED_EDGE('',*,*,#1219,.F.);
#856=ORIENTED_EDGE('',*,*,#1223,.T.);
#857=ORIENTED_EDGE('',*,*,#1224,.F.);
#858=ORIENTED_EDGE('',*,*,#1225,.T.);
#859=ORIENTED_EDGE('',*,*,#1080,.T.);
#860=ORIENTED_EDGE('',*,*,#1224,.T.);
#861=ORIENTED_EDGE('',*,*,#1226,.T.);
#862=ORIENTED_EDGE('',*,*,#1221,.F.);
#863=ORIENTED_EDGE('',*,*,#1227,.T.);
#864=ORIENTED_EDGE('',*,*,#1218,.F.);
#865=ORIENTED_EDGE('',*,*,#1017,.F.);
#866=ORIENTED_EDGE('',*,*,#1081,.F.);
#867=ORIENTED_EDGE('',*,*,#1225,.F.);
#868=ORIENTED_EDGE('',*,*,#1227,.F.);
#869=ORIENTED_EDGE('',*,*,#1222,.F.);
#870=ORIENTED_EDGE('',*,*,#1226,.F.);
#871=ORIENTED_EDGE('',*,*,#1223,.F.);
#872=ORIENTED_EDGE('',*,*,#1101,.T.);
#873=ORIENTED_EDGE('',*,*,#1021,.F.);
#874=ORIENTED_EDGE('',*,*,#1228,.T.);
#875=ORIENTED_EDGE('',*,*,#1229,.T.);
#876=ORIENTED_EDGE('',*,*,#1230,.T.);
#877=ORIENTED_EDGE('',*,*,#1231,.T.);
#878=ORIENTED_EDGE('',*,*,#1232,.T.);
#879=ORIENTED_EDGE('',*,*,#1102,.T.);
#880=ORIENTED_EDGE('',*,*,#1229,.F.);
#881=ORIENTED_EDGE('',*,*,#1233,.T.);
#882=ORIENTED_EDGE('',*,*,#1234,.F.);
#883=ORIENTED_EDGE('',*,*,#1235,.T.);
#884=ORIENTED_EDGE('',*,*,#981,.T.);
#885=ORIENTED_EDGE('',*,*,#1234,.T.);
#886=ORIENTED_EDGE('',*,*,#1236,.T.);
#887=ORIENTED_EDGE('',*,*,#1231,.F.);
#888=ORIENTED_EDGE('',*,*,#1237,.T.);
#889=ORIENTED_EDGE('',*,*,#1228,.F.);
#890=ORIENTED_EDGE('',*,*,#1020,.F.);
#891=ORIENTED_EDGE('',*,*,#982,.F.);
#892=ORIENTED_EDGE('',*,*,#1235,.F.);
#893=ORIENTED_EDGE('',*,*,#1237,.F.);
#894=ORIENTED_EDGE('',*,*,#1232,.F.);
#895=ORIENTED_EDGE('',*,*,#1236,.F.);
#896=ORIENTED_EDGE('',*,*,#1233,.F.);
#897=ORIENTED_EDGE('',*,*,#1108,.F.);
#898=ORIENTED_EDGE('',*,*,#999,.F.);
#899=ORIENTED_EDGE('',*,*,#1238,.T.);
#900=ORIENTED_EDGE('',*,*,#1239,.T.);
#901=ORIENTED_EDGE('',*,*,#1240,.T.);
#902=ORIENTED_EDGE('',*,*,#1241,.T.);
#903=ORIENTED_EDGE('',*,*,#1109,.F.);
#904=ORIENTED_EDGE('',*,*,#1241,.F.);
#905=ORIENTED_EDGE('',*,*,#1242,.T.);
#906=ORIENTED_EDGE('',*,*,#1005,.T.);
#907=ORIENTED_EDGE('',*,*,#1243,.T.);
#908=ORIENTED_EDGE('',*,*,#1244,.F.);
#909=ORIENTED_EDGE('',*,*,#1245,.T.);
#910=ORIENTED_EDGE('',*,*,#1239,.F.);
#911=ORIENTED_EDGE('',*,*,#1246,.T.);
#912=ORIENTED_EDGE('',*,*,#1244,.T.);
#913=ORIENTED_EDGE('',*,*,#1247,.T.);
#914=ORIENTED_EDGE('',*,*,#1245,.F.);
#915=ORIENTED_EDGE('',*,*,#1246,.F.);
#916=ORIENTED_EDGE('',*,*,#1238,.F.);
#917=ORIENTED_EDGE('',*,*,#998,.F.);
#918=ORIENTED_EDGE('',*,*,#1006,.F.);
#919=ORIENTED_EDGE('',*,*,#1242,.F.);
#920=ORIENTED_EDGE('',*,*,#1240,.F.);
#921=ORIENTED_EDGE('',*,*,#1247,.F.);
#922=ORIENTED_EDGE('',*,*,#1103,.F.);
#923=ORIENTED_EDGE('',*,*,#1243,.F.);
#924=ORIENTED_EDGE('',*,*,#1230,.F.);
#925=ORIENTED_EDGE('',*,*,#1096,.F.);
#926=ORIENTED_EDGE('',*,*,#1220,.F.);
#927=ORIENTED_EDGE('',*,*,#1104,.F.);
#928=ORIENTED_EDGE('',*,*,#1097,.F.);
#929=ORIENTED_EDGE('',*,*,#1213,.F.);
#930=ORIENTED_EDGE('',*,*,#1111,.F.);
#931=ORIENTED_EDGE('',*,*,#1192,.F.);
#932=ORIENTED_EDGE('',*,*,#1112,.F.);
#933=ORIENTED_EDGE('',*,*,#1194,.F.);
#934=ORIENTED_EDGE('',*,*,#1113,.F.);
#935=ORIENTED_EDGE('',*,*,#1196,.F.);
#936=ORIENTED_EDGE('',*,*,#1114,.F.);
#937=ORIENTED_EDGE('',*,*,#1198,.F.);
#938=ORIENTED_EDGE('',*,*,#1115,.F.);
#939=ORIENTED_EDGE('',*,*,#1200,.F.);
#940=ORIENTED_EDGE('',*,*,#1116,.F.);
#941=ORIENTED_EDGE('',*,*,#1190,.F.);
#942=ORIENTED_EDGE('',*,*,#1187,.F.);
#943=ORIENTED_EDGE('',*,*,#1188,.F.);
#944=ORIENTED_EDGE('',*,*,#1181,.F.);
#945=ORIENTED_EDGE('',*,*,#1189,.F.);
#946=ORIENTED_EDGE('',*,*,#1161,.F.);
#947=ORIENTED_EDGE('',*,*,#977,.F.);
#948=ORIENTED_EDGE('',*,*,#976,.F.);
#949=ORIENTED_EDGE('',*,*,#1151,.F.);
#950=ORIENTED_EDGE('',*,*,#1071,.F.);
#951=ORIENTED_EDGE('',*,*,#1133,.F.);
#952=ORIENTED_EDGE('',*,*,#1129,.F.);
#953=ORIENTED_EDGE('',*,*,#1072,.F.);
#954=ORIENTED_EDGE('',*,*,#1074,.F.);
#955=ORIENTED_EDGE('',*,*,#1124,.F.);
#956=ORIENTED_EDGE('',*,*,#1248,.T.);
#957=ORIENTED_EDGE('',*,*,#1249,.T.);
#958=ORIENTED_EDGE('',*,*,#1075,.F.);
#959=ORIENTED_EDGE('',*,*,#1249,.F.);
#960=ORIENTED_EDGE('',*,*,#1250,.T.);
#961=ORIENTED_EDGE('',*,*,#1122,.T.);
#962=ORIENTED_EDGE('',*,*,#1248,.F.);
#963=ORIENTED_EDGE('',*,*,#1123,.F.);
#964=ORIENTED_EDGE('',*,*,#1250,.F.);
#965=ORIENTED_EDGE('',*,*,#978,.T.);
#966=ORIENTED_EDGE('',*,*,#1251,.F.);
#967=ORIENTED_EDGE('',*,*,#1252,.F.);
#968=ORIENTED_EDGE('',*,*,#1125,.T.);
#969=ORIENTED_EDGE('',*,*,#1004,.T.);
#970=ORIENTED_EDGE('',*,*,#1121,.F.);
#971=ORIENTED_EDGE('',*,*,#1253,.F.);
#972=ORIENTED_EDGE('',*,*,#1251,.T.);
#973=ORIENTED_EDGE('',*,*,#1252,.T.);
#974=ORIENTED_EDGE('',*,*,#1253,.T.);
#975=ORIENTED_EDGE('',*,*,#1120,.T.);
#976=EDGE_CURVE('',#1254,#1254,#1458,.T.);
#977=EDGE_CURVE('',#1255,#1255,#1459,.T.);
#978=EDGE_CURVE('',#1256,#1257,#80,.T.);
#979=EDGE_CURVE('',#1258,#1256,#81,.T.);
#980=EDGE_CURVE('',#1259,#1258,#82,.T.);
#981=EDGE_CURVE('',#1260,#1259,#83,.T.);
#982=EDGE_CURVE('',#1260,#1261,#1460,.T.);
#983=EDGE_CURVE('',#1262,#1261,#84,.T.);
#984=EDGE_CURVE('',#1263,#1262,#85,.T.);
#985=EDGE_CURVE('',#1264,#1263,#1461,.T.);
#986=EDGE_CURVE('',#1264,#1265,#86,.T.);
#987=EDGE_CURVE('',#1266,#1265,#87,.T.);
#988=EDGE_CURVE('',#1267,#1266,#88,.T.);
#989=EDGE_CURVE('',#1268,#1267,#1462,.F.);
#990=EDGE_CURVE('',#1268,#1269,#89,.T.);
#991=EDGE_CURVE('',#1270,#1269,#1463,.F.);
#992=EDGE_CURVE('',#1271,#1270,#90,.T.);
#993=EDGE_CURVE('',#1272,#1271,#91,.T.);
#994=EDGE_CURVE('',#1273,#1272,#92,.T.);
#995=EDGE_CURVE('',#1273,#1274,#1464,.T.);
#996=EDGE_CURVE('',#1274,#1275,#93,.T.);
#997=EDGE_CURVE('',#1276,#1275,#94,.T.);
#998=EDGE_CURVE('',#1276,#1277,#1465,.T.);
#999=EDGE_CURVE('',#1277,#1278,#95,.T.);
#1000=EDGE_CURVE('',#1279,#1278,#96,.T.);
#1001=EDGE_CURVE('',#1280,#1279,#97,.T.);
#1002=EDGE_CURVE('',#1281,#1280,#98,.T.);
#1003=EDGE_CURVE('',#1282,#1281,#99,.T.);
#1004=EDGE_CURVE('',#1257,#1282,#100,.T.);
#1005=EDGE_CURVE('',#1283,#1284,#101,.T.);
#1006=EDGE_CURVE('',#1283,#1276,#102,.T.);
#1007=EDGE_CURVE('',#1285,#1275,#103,.T.);
#1008=EDGE_CURVE('',#1286,#1285,#104,.T.);
#1009=EDGE_CURVE('',#1287,#1286,#105,.T.);
#1010=EDGE_CURVE('',#1288,#1287,#106,.T.);
#1011=EDGE_CURVE('',#1289,#1288,#107,.T.);
#1012=EDGE_CURVE('',#1289,#1290,#108,.T.);
#1013=EDGE_CURVE('',#1291,#1290,#109,.T.);
#1014=EDGE_CURVE('',#1291,#1292,#110,.T.);
#1015=EDGE_CURVE('',#1292,#1293,#111,.T.);
#1016=EDGE_CURVE('',#1293,#1294,#112,.T.);
#1017=EDGE_CURVE('',#1294,#1295,#113,.F.);
#1018=EDGE_CURVE('',#1295,#1296,#114,.T.);
#1019=EDGE_CURVE('',#1296,#1284,#115,.T.);
#1020=EDGE_CURVE('',#1261,#1297,#116,.F.);
#1021=EDGE_CURVE('',#1297,#1298,#117,.T.);
#1022=EDGE_CURVE('',#1299,#1298,#118,.T.);
#1023=EDGE_CURVE('',#1300,#1299,#119,.T.);
#1024=EDGE_CURVE('',#1300,#1301,#120,.T.);
#1025=EDGE_CURVE('',#1301,#1302,#121,.T.);
#1026=EDGE_CURVE('',#1303,#1302,#122,.T.);
#1027=EDGE_CURVE('',#1304,#1303,#123,.T.);
#1028=EDGE_CURVE('',#1304,#1305,#124,.T.);
#1029=EDGE_CURVE('',#1306,#1305,#125,.T.);
#1030=EDGE_CURVE('',#1306,#1307,#126,.T.);
#1031=EDGE_CURVE('',#1307,#1308,#127,.T.);
#1032=EDGE_CURVE('',#1308,#1309,#128,.T.);
#1033=EDGE_CURVE('',#1309,#1310,#129,.T.);
#1034=EDGE_CURVE('',#1310,#1262,#130,.T.);
#1035=EDGE_CURVE('',#1311,#1311,#1466,.F.);
#1036=EDGE_CURVE('',#1312,#1312,#1467,.F.);
#1037=EDGE_CURVE('',#1313,#1313,#1468,.F.);
#1038=EDGE_CURVE('',#1314,#1314,#1469,.F.);
#1039=EDGE_CURVE('',#1315,#1315,#1470,.F.);
#1040=EDGE_CURVE('',#1316,#1316,#1471,.F.);
#1041=EDGE_CURVE('',#1317,#1318,#1472,.T.);
#1042=EDGE_CURVE('',#1317,#1305,#131,.T.);
#1043=EDGE_CURVE('',#1319,#1304,#132,.T.);
#1044=EDGE_CURVE('',#1319,#1320,#133,.T.);
#1045=EDGE_CURVE('',#1320,#1321,#134,.T.);
#1046=EDGE_CURVE('',#1322,#1321,#135,.T.);
#1047=EDGE_CURVE('',#1322,#1291,#136,.T.);
#1048=EDGE_CURVE('',#1323,#1290,#137,.T.);
#1049=EDGE_CURVE('',#1324,#1323,#1473,.T.);
#1050=EDGE_CURVE('',#1324,#1287,#138,.T.);
#1051=EDGE_CURVE('',#1325,#1286,#139,.T.);
#1052=EDGE_CURVE('',#1325,#1326,#140,.T.);
#1053=EDGE_CURVE('',#1327,#1326,#141,.T.);
#1054=EDGE_CURVE('',#1328,#1327,#142,.T.);
#1055=EDGE_CURVE('',#1328,#1309,#143,.T.);
#1056=EDGE_CURVE('',#1318,#1308,#144,.T.);
#1057=EDGE_CURVE('',#1329,#1272,#145,.T.);
#1058=EDGE_CURVE('',#1326,#1329,#146,.T.);
#1059=EDGE_CURVE('',#1330,#1325,#147,.T.);
#1060=EDGE_CURVE('',#1330,#1273,#148,.T.);
#1061=EDGE_CURVE('',#1321,#1331,#149,.T.);
#1062=EDGE_CURVE('',#1331,#1332,#150,.T.);
#1063=EDGE_CURVE('',#1333,#1332,#151,.T.);
#1064=EDGE_CURVE('',#1334,#1333,#152,.T.);
#1065=EDGE_CURVE('',#1334,#1322,#153,.T.);
#1066=EDGE_CURVE('',#1335,#1336,#154,.T.);
#1067=EDGE_CURVE('',#1335,#1320,#155,.T.);
#1068=EDGE_CURVE('',#1337,#1319,#156,.T.);
#1069=EDGE_CURVE('',#1337,#1338,#157,.T.);
#1070=EDGE_CURVE('',#1338,#1336,#158,.T.);
#1071=EDGE_CURVE('',#1339,#1339,#1474,.T.);
#1072=EDGE_CURVE('',#1340,#1340,#1475,.T.);
#1073=EDGE_CURVE('',#1341,#1342,#159,.T.);
#1074=EDGE_CURVE('',#1341,#1343,#160,.T.);
#1075=EDGE_CURVE('',#1343,#1344,#161,.T.);
#1076=EDGE_CURVE('',#1345,#1344,#162,.T.);
#1077=EDGE_CURVE('',#1346,#1345,#163,.T.);
#1078=EDGE_CURVE('',#1347,#1346,#164,.T.);
#1079=EDGE_CURVE('',#1348,#1347,#165,.T.);
#1080=EDGE_CURVE('',#1349,#1348,#166,.T.);
#1081=EDGE_CURVE('',#1349,#1294,#1476,.T.);
#1082=EDGE_CURVE('',#1350,#1293,#167,.T.);
#1083=EDGE_CURVE('',#1333,#1350,#1477,.T.);
#1084=EDGE_CURVE('',#1332,#1351,#168,.T.);
#1085=EDGE_CURVE('',#1351,#1352,#169,.T.);
#1086=EDGE_CURVE('',#1352,#1353,#1478,.F.);
#1087=EDGE_CURVE('',#1354,#1353,#170,.T.);
#1088=EDGE_CURVE('',#1354,#1355,#1479,.F.);
#1089=EDGE_CURVE('',#1355,#1356,#171,.T.);
#1090=EDGE_CURVE('',#1356,#1336,#172,.T.);
#1091=EDGE_CURVE('',#1338,#1357,#1480,.T.);
#1092=EDGE_CURVE('',#1357,#1302,#173,.T.);
#1093=EDGE_CURVE('',#1301,#1358,#1481,.T.);
#1094=EDGE_CURVE('',#1358,#1359,#174,.T.);
#1095=EDGE_CURVE('',#1342,#1359,#175,.T.);
#1096=EDGE_CURVE('',#1360,#1360,#1482,.T.);
#1097=EDGE_CURVE('',#1361,#1361,#1483,.T.);
#1098=EDGE_CURVE('',#1342,#1258,#176,.T.);
#1099=EDGE_CURVE('',#1359,#1362,#1484,.T.);
#1100=EDGE_CURVE('',#1362,#1299,#177,.T.);
#1101=EDGE_CURVE('',#1363,#1298,#178,.T.);
#1102=EDGE_CURVE('',#1259,#1363,#1485,.T.);
#1103=EDGE_CURVE('',#1364,#1364,#1486,.T.);
#1104=EDGE_CURVE('',#1365,#1365,#1487,.T.);
#1105=EDGE_CURVE('',#1366,#1296,#179,.T.);
#1106=EDGE_CURVE('',#1348,#1366,#1488,.T.);
#1107=EDGE_CURVE('',#1347,#1279,#180,.T.);
#1108=EDGE_CURVE('',#1278,#1367,#1489,.T.);
#1109=EDGE_CURVE('',#1367,#1284,#181,.T.);
#1110=EDGE_CURVE('',#1346,#1280,#182,.T.);
#1111=EDGE_CURVE('',#1368,#1368,#1490,.T.);
#1112=EDGE_CURVE('',#1369,#1369,#1491,.T.);
#1113=EDGE_CURVE('',#1370,#1370,#1492,.T.);
#1114=EDGE_CURVE('',#1371,#1371,#1493,.T.);
#1115=EDGE_CURVE('',#1372,#1372,#1494,.T.);
#1116=EDGE_CURVE('',#1373,#1373,#1495,.T.);
#1117=EDGE_CURVE('',#1374,#1374,#1496,.F.);
#1118=EDGE_CURVE('',#1375,#1375,#1497,.F.);
#1119=EDGE_CURVE('',#1345,#1281,#183,.T.);
#1120=EDGE_CURVE('',#1376,#1377,#184,.T.);
#1121=EDGE_CURVE('',#1376,#1282,#185,.T.);
#1122=EDGE_CURVE('',#1378,#1344,#186,.T.);
#1123=EDGE_CURVE('',#1378,#1379,#187,.T.);
#1124=EDGE_CURVE('',#1379,#1341,#188,.T.);
#1125=EDGE_CURVE('',#1377,#1256,#189,.T.);
#1126=EDGE_CURVE('',#1380,#1350,#190,.T.);
#1127=EDGE_CURVE('',#1334,#1380,#1498,.T.);
#1128=EDGE_CURVE('',#1380,#1292,#191,.T.);
#1129=EDGE_CURVE('',#1381,#1381,#1499,.F.);
#1130=EDGE_CURVE('',#1382,#1382,#1500,.T.);
#1131=EDGE_CURVE('',#1383,#1357,#192,.T.);
#1132=EDGE_CURVE('',#1383,#1303,#193,.T.);
#1133=EDGE_CURVE('',#1384,#1384,#1501,.F.);
#1134=EDGE_CURVE('',#1385,#1385,#1502,.T.);
#1135=EDGE_CURVE('',#1337,#1383,#1503,.T.);
#1136=EDGE_CURVE('',#1331,#1386,#194,.T.);
#1137=EDGE_CURVE('',#1386,#1351,#195,.T.);
#1138=EDGE_CURVE('',#1387,#1356,#196,.T.);
#1139=EDGE_CURVE('',#1387,#1335,#197,.T.);
#1140=EDGE_CURVE('',#1388,#1355,#198,.T.);
#1141=EDGE_CURVE('',#1388,#1387,#199,.T.);
#1142=EDGE_CURVE('',#1389,#1354,#200,.T.);
#1143=EDGE_CURVE('',#1389,#1388,#1504,.F.);
#1144=EDGE_CURVE('',#1390,#1353,#201,.T.);
#1145=EDGE_CURVE('',#1389,#1390,#202,.T.);
#1146=EDGE_CURVE('',#1391,#1352,#203,.T.);
#1147=EDGE_CURVE('',#1391,#1390,#1505,.F.);
#1148=EDGE_CURVE('',#1386,#1391,#204,.T.);
#1149=EDGE_CURVE('',#1392,#1274,#205,.T.);
#1150=EDGE_CURVE('',#1392,#1285,#206,.T.);
#1151=EDGE_CURVE('',#1393,#1393,#1506,.F.);
#1152=EDGE_CURVE('',#1394,#1394,#1507,.T.);
#1153=EDGE_CURVE('',#1330,#1392,#1508,.T.);
#1154=EDGE_CURVE('',#1395,#1327,#207,.T.);
#1155=EDGE_CURVE('',#1395,#1265,#208,.T.);
#1156=EDGE_CURVE('',#1396,#1264,#209,.T.);
#1157=EDGE_CURVE('',#1396,#1328,#210,.T.);
#1158=EDGE_CURVE('',#1397,#1263,#211,.T.);
#1159=EDGE_CURVE('',#1396,#1397,#1509,.T.);
#1160=EDGE_CURVE('',#1397,#1310,#212,.T.);
#1161=EDGE_CURVE('',#1398,#1398,#1510,.F.);
#1162=EDGE_CURVE('',#1399,#1399,#1511,.T.);
#1163=EDGE_CURVE('',#1400,#1271,#213,.T.);
#1164=EDGE_CURVE('',#1329,#1400,#214,.T.);
#1165=EDGE_CURVE('',#1401,#1270,#215,.T.);
#1166=EDGE_CURVE('',#1400,#1401,#216,.T.);
#1167=EDGE_CURVE('',#1402,#1269,#217,.T.);
#1168=EDGE_CURVE('',#1401,#1402,#1512,.F.);
#1169=EDGE_CURVE('',#1403,#1268,#218,.T.);
#1170=EDGE_CURVE('',#1403,#1402,#219,.T.);
#1171=EDGE_CURVE('',#1404,#1267,#220,.T.);
#1172=EDGE_CURVE('',#1403,#1404,#1513,.F.);
#1173=EDGE_CURVE('',#1405,#1266,#221,.T.);
#1174=EDGE_CURVE('',#1404,#1405,#222,.T.);
#1175=EDGE_CURVE('',#1405,#1395,#223,.T.);
#1176=EDGE_CURVE('',#1406,#1307,#224,.T.);
#1177=EDGE_CURVE('',#1406,#1318,#225,.T.);
#1178=EDGE_CURVE('',#1407,#1406,#1514,.T.);
#1179=EDGE_CURVE('',#1407,#1317,#226,.T.);
#1180=EDGE_CURVE('',#1407,#1306,#227,.T.);
#1181=EDGE_CURVE('',#1408,#1408,#1515,.F.);
#1182=EDGE_CURVE('',#1409,#1324,#228,.T.);
#1183=EDGE_CURVE('',#1409,#1288,#229,.T.);
#1184=EDGE_CURVE('',#1409,#1410,#1516,.T.);
#1185=EDGE_CURVE('',#1410,#1323,#230,.T.);
#1186=EDGE_CURVE('',#1410,#1289,#231,.T.);
#1187=EDGE_CURVE('',#1411,#1411,#1517,.F.);
#1188=EDGE_CURVE('',#1412,#1412,#1518,.T.);
#1189=EDGE_CURVE('',#1413,#1413,#1519,.T.);
#1190=EDGE_CURVE('',#1414,#1414,#1520,.F.);
#1191=EDGE_CURVE('',#1415,#1415,#1521,.T.);
#1192=EDGE_CURVE('',#1416,#1416,#1522,.F.);
#1193=EDGE_CURVE('',#1417,#1417,#1523,.T.);
#1194=EDGE_CURVE('',#1418,#1418,#1524,.F.);
#1195=EDGE_CURVE('',#1419,#1419,#1525,.T.);
#1196=EDGE_CURVE('',#1420,#1420,#1526,.F.);
#1197=EDGE_CURVE('',#1421,#1421,#1527,.T.);
#1198=EDGE_CURVE('',#1422,#1422,#1528,.F.);
#1199=EDGE_CURVE('',#1423,#1423,#1529,.T.);
#1200=EDGE_CURVE('',#1424,#1424,#1530,.F.);
#1201=EDGE_CURVE('',#1425,#1425,#1531,.T.);
#1202=EDGE_CURVE('',#1426,#1426,#1532,.T.);
#1203=EDGE_CURVE('',#1427,#1427,#1533,.T.);
#1204=EDGE_CURVE('',#1428,#1428,#1534,.T.);
#1205=EDGE_CURVE('',#1429,#1429,#1535,.T.);
#1206=EDGE_CURVE('',#1430,#1430,#1536,.T.);
#1207=EDGE_CURVE('',#1431,#1431,#1537,.T.);
#1208=EDGE_CURVE('',#1358,#1432,#28,.T.);
#1209=EDGE_CURVE('',#1432,#1433,#1538,.T.);
#1210=EDGE_CURVE('',#1433,#1434,#29,.T.);
#1211=EDGE_CURVE('',#1434,#1362,#232,.T.);
#1212=EDGE_CURVE('',#1434,#1300,#1539,.F.);
#1213=EDGE_CURVE('',#1435,#1435,#1540,.F.);
#1214=EDGE_CURVE('',#1436,#1437,#1541,.T.);
#1215=EDGE_CURVE('',#1436,#1437,#30,.T.);
#1216=EDGE_CURVE('',#1432,#1436,#233,.F.);
#1217=EDGE_CURVE('',#1437,#1433,#234,.F.);
#1218=EDGE_CURVE('',#1295,#1438,#1542,.T.);
#1219=EDGE_CURVE('',#1438,#1366,#235,.T.);
#1220=EDGE_CURVE('',#1439,#1439,#1543,.F.);
#1221=EDGE_CURVE('',#1440,#1441,#1544,.T.);
#1222=EDGE_CURVE('',#1441,#1440,#31,.T.);
#1223=EDGE_CURVE('',#1438,#1442,#32,.T.);
#1224=EDGE_CURVE('',#1443,#1442,#1545,.T.);
#1225=EDGE_CURVE('',#1443,#1349,#33,.T.);
#1226=EDGE_CURVE('',#1442,#1441,#236,.T.);
#1227=EDGE_CURVE('',#1440,#1443,#237,.T.);
#1228=EDGE_CURVE('',#1297,#1444,#1546,.T.);
#1229=EDGE_CURVE('',#1444,#1363,#238,.T.);
#1230=EDGE_CURVE('',#1445,#1445,#1547,.F.);
#1231=EDGE_CURVE('',#1446,#1447,#1548,.T.);
#1232=EDGE_CURVE('',#1447,#1446,#34,.T.);
#1233=EDGE_CURVE('',#1444,#1448,#35,.T.);
#1234=EDGE_CURVE('',#1449,#1448,#1549,.T.);
#1235=EDGE_CURVE('',#1449,#1260,#36,.T.);
#1236=EDGE_CURVE('',#1448,#1447,#239,.T.);
#1237=EDGE_CURVE('',#1446,#1449,#240,.T.);
#1238=EDGE_CURVE('',#1277,#1450,#37,.T.);
#1239=EDGE_CURVE('',#1450,#1451,#1550,.T.);
#1240=EDGE_CURVE('',#1451,#1452,#38,.T.);
#1241=EDGE_CURVE('',#1452,#1367,#241,.T.);
#1242=EDGE_CURVE('',#1452,#1283,#1551,.F.);
#1243=EDGE_CURVE('',#1453,#1453,#1552,.F.);
#1244=EDGE_CURVE('',#1454,#1455,#1553,.T.);
#1245=EDGE_CURVE('',#1454,#1455,#39,.T.);
#1246=EDGE_CURVE('',#1450,#1454,#242,.F.);
#1247=EDGE_CURVE('',#1455,#1451,#243,.F.);
#1248=EDGE_CURVE('',#1379,#1456,#244,.T.);
#1249=EDGE_CURVE('',#1456,#1343,#245,.T.);
#1250=EDGE_CURVE('',#1456,#1378,#246,.T.);
#1251=EDGE_CURVE('',#1457,#1257,#247,.T.);
#1252=EDGE_CURVE('',#1377,#1457,#248,.T.);
#1253=EDGE_CURVE('',#1457,#1376,#249,.T.);
#1254=VERTEX_POINT('',#2930);
#1255=VERTEX_POINT('',#2932);
#1256=VERTEX_POINT('',#2934);
#1257=VERTEX_POINT('',#2935);
#1258=VERTEX_POINT('',#2937);
#1259=VERTEX_POINT('',#2939);
#1260=VERTEX_POINT('',#2941);
#1261=VERTEX_POINT('',#2943);
#1262=VERTEX_POINT('',#2945);
#1263=VERTEX_POINT('',#2947);
#1264=VERTEX_POINT('',#2949);
#1265=VERTEX_POINT('',#2951);
#1266=VERTEX_POINT('',#2953);
#1267=VERTEX_POINT('',#2955);
#1268=VERTEX_POINT('',#2957);
#1269=VERTEX_POINT('',#2959);
#1270=VERTEX_POINT('',#2961);
#1271=VERTEX_POINT('',#2963);
#1272=VERTEX_POINT('',#2965);
#1273=VERTEX_POINT('',#2967);
#1274=VERTEX_POINT('',#2969);
#1275=VERTEX_POINT('',#2971);
#1276=VERTEX_POINT('',#2973);
#1277=VERTEX_POINT('',#2975);
#1278=VERTEX_POINT('',#2977);
#1279=VERTEX_POINT('',#2979);
#1280=VERTEX_POINT('',#2981);
#1281=VERTEX_POINT('',#2983);
#1282=VERTEX_POINT('',#2985);
#1283=VERTEX_POINT('',#2989);
#1284=VERTEX_POINT('',#2990);
#1285=VERTEX_POINT('',#2993);
#1286=VERTEX_POINT('',#2995);
#1287=VERTEX_POINT('',#2997);
#1288=VERTEX_POINT('',#2999);
#1289=VERTEX_POINT('',#3001);
#1290=VERTEX_POINT('',#3003);
#1291=VERTEX_POINT('',#3005);
#1292=VERTEX_POINT('',#3007);
#1293=VERTEX_POINT('',#3009);
#1294=VERTEX_POINT('',#3011);
#1295=VERTEX_POINT('',#3013);
#1296=VERTEX_POINT('',#3015);
#1297=VERTEX_POINT('',#3019);
#1298=VERTEX_POINT('',#3021);
#1299=VERTEX_POINT('',#3023);
#1300=VERTEX_POINT('',#3025);
#1301=VERTEX_POINT('',#3027);
#1302=VERTEX_POINT('',#3029);
#1303=VERTEX_POINT('',#3031);
#1304=VERTEX_POINT('',#3033);
#1305=VERTEX_POINT('',#3035);
#1306=VERTEX_POINT('',#3037);
#1307=VERTEX_POINT('',#3039);
#1308=VERTEX_POINT('',#3041);
#1309=VERTEX_POINT('',#3043);
#1310=VERTEX_POINT('',#3045);
#1311=VERTEX_POINT('',#3049);
#1312=VERTEX_POINT('',#3051);
#1313=VERTEX_POINT('',#3053);
#1314=VERTEX_POINT('',#3055);
#1315=VERTEX_POINT('',#3057);
#1316=VERTEX_POINT('',#3059);
#1317=VERTEX_POINT('',#3061);
#1318=VERTEX_POINT('',#3062);
#1319=VERTEX_POINT('',#3065);
#1320=VERTEX_POINT('',#3067);
#1321=VERTEX_POINT('',#3069);
#1322=VERTEX_POINT('',#3071);
#1323=VERTEX_POINT('',#3074);
#1324=VERTEX_POINT('',#3076);
#1325=VERTEX_POINT('',#3079);
#1326=VERTEX_POINT('',#3081);
#1327=VERTEX_POINT('',#3083);
#1328=VERTEX_POINT('',#3085);
#1329=VERTEX_POINT('',#3090);
#1330=VERTEX_POINT('',#3093);
#1331=VERTEX_POINT('',#3097);
#1332=VERTEX_POINT('',#3099);
#1333=VERTEX_POINT('',#3101);
#1334=VERTEX_POINT('',#3103);
#1335=VERTEX_POINT('',#3107);
#1336=VERTEX_POINT('',#3108);
#1337=VERTEX_POINT('',#3111);
#1338=VERTEX_POINT('',#3113);
#1339=VERTEX_POINT('',#3117);
#1340=VERTEX_POINT('',#3119);
#1341=VERTEX_POINT('',#3121);
#1342=VERTEX_POINT('',#3122);
#1343=VERTEX_POINT('',#3124);
#1344=VERTEX_POINT('',#3126);
#1345=VERTEX_POINT('',#3128);
#1346=VERTEX_POINT('',#3130);
#1347=VERTEX_POINT('',#3132);
#1348=VERTEX_POINT('',#3134);
#1349=VERTEX_POINT('',#3136);
#1350=VERTEX_POINT('',#3139);
#1351=VERTEX_POINT('',#3142);
#1352=VERTEX_POINT('',#3144);
#1353=VERTEX_POINT('',#3146);
#1354=VERTEX_POINT('',#3148);
#1355=VERTEX_POINT('',#3150);
#1356=VERTEX_POINT('',#3152);
#1357=VERTEX_POINT('',#3155);
#1358=VERTEX_POINT('',#3158);
#1359=VERTEX_POINT('',#3160);
#1360=VERTEX_POINT('',#3164);
#1361=VERTEX_POINT('',#3166);
#1362=VERTEX_POINT('',#3169);
#1363=VERTEX_POINT('',#3172);
#1364=VERTEX_POINT('',#3176);
#1365=VERTEX_POINT('',#3178);
#1366=VERTEX_POINT('',#3180);
#1367=VERTEX_POINT('',#3184);
#1368=VERTEX_POINT('',#3190);
#1369=VERTEX_POINT('',#3192);
#1370=VERTEX_POINT('',#3194);
#1371=VERTEX_POINT('',#3196);
#1372=VERTEX_POINT('',#3198);
#1373=VERTEX_POINT('',#3200);
#1374=VERTEX_POINT('',#3202);
#1375=VERTEX_POINT('',#3204);
#1376=VERTEX_POINT('',#3208);
#1377=VERTEX_POINT('',#3209);
#1378=VERTEX_POINT('',#3212);
#1379=VERTEX_POINT('',#3214);
#1380=VERTEX_POINT('',#3219);
#1381=VERTEX_POINT('',#3225);
#1382=VERTEX_POINT('',#3227);
#1383=VERTEX_POINT('',#3231);
#1384=VERTEX_POINT('',#3235);
#1385=VERTEX_POINT('',#3237);
#1386=VERTEX_POINT('',#3243);
#1387=VERTEX_POINT('',#3247);
#1388=VERTEX_POINT('',#3251);
#1389=VERTEX_POINT('',#3255);
#1390=VERTEX_POINT('',#3259);
#1391=VERTEX_POINT('',#3263);
#1392=VERTEX_POINT('',#3270);
#1393=VERTEX_POINT('',#3274);
#1394=VERTEX_POINT('',#3276);
#1395=VERTEX_POINT('',#3282);
#1396=VERTEX_POINT('',#3285);
#1397=VERTEX_POINT('',#3289);
#1398=VERTEX_POINT('',#3295);
#1399=VERTEX_POINT('',#3297);
#1400=VERTEX_POINT('',#3301);
#1401=VERTEX_POINT('',#3305);
#1402=VERTEX_POINT('',#3309);
#1403=VERTEX_POINT('',#3313);
#1404=VERTEX_POINT('',#3317);
#1405=VERTEX_POINT('',#3321);
#1406=VERTEX_POINT('',#3328);
#1407=VERTEX_POINT('',#3332);
#1408=VERTEX_POINT('',#3338);
#1409=VERTEX_POINT('',#3341);
#1410=VERTEX_POINT('',#3345);
#1411=VERTEX_POINT('',#3351);
#1412=VERTEX_POINT('',#3354);
#1413=VERTEX_POINT('',#3357);
#1414=VERTEX_POINT('',#3360);
#1415=VERTEX_POINT('',#3362);
#1416=VERTEX_POINT('',#3365);
#1417=VERTEX_POINT('',#3367);
#1418=VERTEX_POINT('',#3370);
#1419=VERTEX_POINT('',#3372);
#1420=VERTEX_POINT('',#3375);
#1421=VERTEX_POINT('',#3377);
#1422=VERTEX_POINT('',#3380);
#1423=VERTEX_POINT('',#3382);
#1424=VERTEX_POINT('',#3385);
#1425=VERTEX_POINT('',#3387);
#1426=VERTEX_POINT('',#3390);
#1427=VERTEX_POINT('',#3394);
#1428=VERTEX_POINT('',#3398);
#1429=VERTEX_POINT('',#3402);
#1430=VERTEX_POINT('',#3406);
#1431=VERTEX_POINT('',#3410);
#1432=VERTEX_POINT('',#3417);
#1433=VERTEX_POINT('',#3419);
#1434=VERTEX_POINT('',#3424);
#1435=VERTEX_POINT('',#3430);
#1436=VERTEX_POINT('',#3432);
#1437=VERTEX_POINT('',#3433);
#1438=VERTEX_POINT('',#3453);
#1439=VERTEX_POINT('',#3457);
#1440=VERTEX_POINT('',#3459);
#1441=VERTEX_POINT('',#3460);
#1442=VERTEX_POINT('',#3479);
#1443=VERTEX_POINT('',#3481);
#1444=VERTEX_POINT('',#3492);
#1445=VERTEX_POINT('',#3496);
#1446=VERTEX_POINT('',#3498);
#1447=VERTEX_POINT('',#3499);
#1448=VERTEX_POINT('',#3518);
#1449=VERTEX_POINT('',#3520);
#1450=VERTEX_POINT('',#3534);
#1451=VERTEX_POINT('',#3536);
#1452=VERTEX_POINT('',#3541);
#1453=VERTEX_POINT('',#3547);
#1454=VERTEX_POINT('',#3549);
#1455=VERTEX_POINT('',#3550);
#1456=VERTEX_POINT('',#3586);
#1457=VERTEX_POINT('',#3593);
#1458=CIRCLE('',#2120,0.00215);
#1459=CIRCLE('',#2121,0.00215);
#1460=CIRCLE('',#2122,0.003);
#1461=CIRCLE('',#2123,0.0038);
#1462=CIRCLE('',#2124,0.0004);
#1463=CIRCLE('',#2125,0.0004);
#1464=CIRCLE('',#2126,0.0038);
#1465=CIRCLE('',#2127,0.003);
#1466=CIRCLE('',#2131,0.0038);
#1467=CIRCLE('',#2132,0.0038);
#1468=CIRCLE('',#2133,0.0038);
#1469=CIRCLE('',#2134,0.0038);
#1470=CIRCLE('',#2135,0.0038);
#1471=CIRCLE('',#2136,0.0038);
#1472=CIRCLE('',#2137,0.0038);
#1473=CIRCLE('',#2138,0.0038);
#1474=CIRCLE('',#2143,0.00215);
#1475=CIRCLE('',#2144,0.00215);
#1476=CIRCLE('',#2145,0.003);
#1477=CIRCLE('',#2146,0.0038);
#1478=CIRCLE('',#2147,0.0004);
#1479=CIRCLE('',#2148,0.0004);
#1480=CIRCLE('',#2149,0.0038);
#1481=CIRCLE('',#2150,0.003);
#1482=CIRCLE('',#2152,0.002225);
#1483=CIRCLE('',#2153,0.002225);
#1484=CIRCLE('',#2154,0.00395);
#1485=CIRCLE('',#2155,0.00395);
#1486=CIRCLE('',#2157,0.002225);
#1487=CIRCLE('',#2158,0.002225);
#1488=CIRCLE('',#2159,0.00395);
#1489=CIRCLE('',#2160,0.00395);
#1490=CIRCLE('',#2163,0.002225);
#1491=CIRCLE('',#2164,0.002225);
#1492=CIRCLE('',#2165,0.002225);
#1493=CIRCLE('',#2166,0.002225);
#1494=CIRCLE('',#2167,0.002225);
#1495=CIRCLE('',#2168,0.002225);
#1496=CIRCLE('',#2169,0.001625);
#1497=CIRCLE('',#2170,0.001625);
#1498=CIRCLE('',#2173,0.0038);
#1499=CIRCLE('',#2176,0.00155);
#1500=CIRCLE('',#2177,0.00155);
#1501=CIRCLE('',#2181,0.00155);
#1502=CIRCLE('',#2182,0.00155);
#1503=CIRCLE('',#2184,0.0038);
#1504=CIRCLE('',#2190,0.0004);
#1505=CIRCLE('',#2193,0.0004);
#1506=CIRCLE('',#2198,0.00155);
#1507=CIRCLE('',#2199,0.00155);
#1508=CIRCLE('',#2201,0.0038);
#1509=CIRCLE('',#2205,0.0038);
#1510=CIRCLE('',#2208,0.00155);
#1511=CIRCLE('',#2209,0.00155);
#1512=CIRCLE('',#2214,0.0004);
#1513=CIRCLE('',#2217,0.0004);
#1514=CIRCLE('',#2223,0.0038);
#1515=CIRCLE('',#2226,0.002225);
#1516=CIRCLE('',#2229,0.0038);
#1517=CIRCLE('',#2232,0.002225);
#1518=CIRCLE('',#2234,0.001625);
#1519=CIRCLE('',#2236,0.001625);
#1520=CIRCLE('',#2238,0.001625);
#1521=CIRCLE('',#2239,0.001625);
#1522=CIRCLE('',#2241,0.001625);
#1523=CIRCLE('',#2242,0.001625);
#1524=CIRCLE('',#2244,0.001625);
#1525=CIRCLE('',#2245,0.001625);
#1526=CIRCLE('',#2247,0.001625);
#1527=CIRCLE('',#2248,0.001625);
#1528=CIRCLE('',#2250,0.001625);
#1529=CIRCLE('',#2251,0.001625);
#1530=CIRCLE('',#2253,0.001625);
#1531=CIRCLE('',#2254,0.001625);
#1532=CIRCLE('',#2256,0.0038);
#1533=CIRCLE('',#2259,0.0038);
#1534=CIRCLE('',#2262,0.0038);
#1535=CIRCLE('',#2265,0.0038);
#1536=CIRCLE('',#2268,0.0038);
#1537=CIRCLE('',#2271,0.0038);
#1538=CIRCLE('',#2274,0.00395);
#1539=CIRCLE('',#2276,0.003);
#1540=CIRCLE('',#2278,0.001625);
#1541=CIRCLE('',#2279,0.001625);
#1542=CIRCLE('',#2283,0.003);
#1543=CIRCLE('',#2285,0.001625);
#1544=CIRCLE('',#2286,0.001625);
#1545=CIRCLE('',#2288,0.00395);
#1546=CIRCLE('',#2292,0.003);
#1547=CIRCLE('',#2294,0.001625);
#1548=CIRCLE('',#2295,0.001625);
#1549=CIRCLE('',#2297,0.00395);
#1550=CIRCLE('',#2301,0.00395);
#1551=CIRCLE('',#2303,0.003);
#1552=CIRCLE('',#2305,0.001625);
#1553=CIRCLE('',#2306,0.001625);
#1554=EDGE_LOOP('',(#420));
#1555=EDGE_LOOP('',(#421));
#1556=EDGE_LOOP('',(#422,#423,#424,#425,#426,#427,#428,#429,#430,#431,#432,
#433,#434,#435,#436,#437,#438,#439,#440,#441,#442,#443,#444,#445,#446,#447,
#448));
#1557=EDGE_LOOP('',(#449,#450,#451,#452,#453,#454,#455,#456,#457,#458,#459,
#460,#461,#462,#463,#464));
#1558=EDGE_LOOP('',(#465,#466,#467,#468,#469,#470,#471,#472,#473,#474,#475,
#476,#477,#478,#479,#480));
#1559=EDGE_LOOP('',(#481));
#1560=EDGE_LOOP('',(#482));
#1561=EDGE_LOOP('',(#483));
#1562=EDGE_LOOP('',(#484));
#1563=EDGE_LOOP('',(#485));
#1564=EDGE_LOOP('',(#486));
#1565=EDGE_LOOP('',(#487,#488,#489,#490,#491,#492,#493,#494,#495,#496,#497,
#498,#499,#500,#501,#502,#503,#504,#505,#506));
#1566=EDGE_LOOP('',(#507,#508,#509,#510,#511,#512));
#1567=EDGE_LOOP('',(#513,#514,#515,#516,#517,#518));
#1568=EDGE_LOOP('',(#519,#520,#521,#522,#523,#524));
#1569=EDGE_LOOP('',(#525));
#1570=EDGE_LOOP('',(#526));
#1571=EDGE_LOOP('',(#527,#528,#529,#530,#531,#532,#533,#534,#535,#536,#537,
#538,#539,#540,#541,#542,#543,#544,#545,#546,#547,#548,#549,#550,#551,#552,
#553));
#1572=EDGE_LOOP('',(#554));
#1573=EDGE_LOOP('',(#555));
#1574=EDGE_LOOP('',(#556,#557,#558,#559,#560,#561,#562,#563));
#1575=EDGE_LOOP('',(#564));
#1576=EDGE_LOOP('',(#565));
#1577=EDGE_LOOP('',(#566,#567,#568,#569,#570,#571,#572,#573));
#1578=EDGE_LOOP('',(#574,#575,#576,#577));
#1579=EDGE_LOOP('',(#578));
#1580=EDGE_LOOP('',(#579));
#1581=EDGE_LOOP('',(#580));
#1582=EDGE_LOOP('',(#581));
#1583=EDGE_LOOP('',(#582));
#1584=EDGE_LOOP('',(#583));
#1585=EDGE_LOOP('',(#584));
#1586=EDGE_LOOP('',(#585));
#1587=EDGE_LOOP('',(#586,#587,#588,#589));
#1588=EDGE_LOOP('',(#590,#591,#592,#593,#594,#595,#596,#597,#598,#599,#600,
#601));
#1589=EDGE_LOOP('',(#602,#603,#604,#605));
#1590=EDGE_LOOP('',(#606,#607,#608,#609));
#1591=EDGE_LOOP('',(#610));
#1592=EDGE_LOOP('',(#611));
#1593=EDGE_LOOP('',(#612));
#1594=EDGE_LOOP('',(#613,#614,#615,#616,#617));
#1595=EDGE_LOOP('',(#618,#619,#620,#621));
#1596=EDGE_LOOP('',(#622));
#1597=EDGE_LOOP('',(#623));
#1598=EDGE_LOOP('',(#624,#625,#626,#627));
#1599=EDGE_LOOP('',(#628));
#1600=EDGE_LOOP('',(#629,#630,#631,#632,#633));
#1601=EDGE_LOOP('',(#634,#635,#636,#637));
#1602=EDGE_LOOP('',(#638,#639,#640,#641));
#1603=EDGE_LOOP('',(#642,#643,#644,#645));
#1604=EDGE_LOOP('',(#646,#647,#648,#649));
#1605=EDGE_LOOP('',(#650,#651,#652,#653));
#1606=EDGE_LOOP('',(#654,#655,#656,#657));
#1607=EDGE_LOOP('',(#658,#659,#660,#661));
#1608=EDGE_LOOP('',(#662,#663,#664,#665,#666,#667,#668,#669,#670,#671));
#1609=EDGE_LOOP('',(#672,#673,#674,#675));
#1610=EDGE_LOOP('',(#676));
#1611=EDGE_LOOP('',(#677));
#1612=EDGE_LOOP('',(#678,#679,#680,#681));
#1613=EDGE_LOOP('',(#682));
#1614=EDGE_LOOP('',(#683,#684,#685,#686,#687));
#1615=EDGE_LOOP('',(#688,#689,#690,#691,#692,#693));
#1616=EDGE_LOOP('',(#694,#695,#696,#697));
#1617=EDGE_LOOP('',(#698,#699,#700,#701));
#1618=EDGE_LOOP('',(#702));
#1619=EDGE_LOOP('',(#703));
#1620=EDGE_LOOP('',(#704));
#1621=EDGE_LOOP('',(#705,#706,#707,#708,#709));
#1622=EDGE_LOOP('',(#710,#711,#712,#713));
#1623=EDGE_LOOP('',(#714,#715,#716,#717));
#1624=EDGE_LOOP('',(#718,#719,#720,#721));
#1625=EDGE_LOOP('',(#722,#723,#724,#725));
#1626=EDGE_LOOP('',(#726,#727,#728,#729));
#1627=EDGE_LOOP('',(#730,#731,#732,#733));
#1628=EDGE_LOOP('',(#734,#735,#736,#737));
#1629=EDGE_LOOP('',(#738,#739,#740,#741,#742,#743,#744,#745,#746,#747));
#1630=EDGE_LOOP('',(#748,#749,#750,#751));
#1631=EDGE_LOOP('',(#752,#753,#754,#755));
#1632=EDGE_LOOP('',(#756,#757,#758,#759));
#1633=EDGE_LOOP('',(#760));
#1634=EDGE_LOOP('',(#761,#762,#763,#764));
#1635=EDGE_LOOP('',(#765,#766,#767,#768));
#1636=EDGE_LOOP('',(#769,#770,#771,#772));
#1637=EDGE_LOOP('',(#773,#774,#775,#776));
#1638=EDGE_LOOP('',(#777));
#1639=EDGE_LOOP('',(#778,#779,#780,#781));
#1640=EDGE_LOOP('',(#782));
#1641=EDGE_LOOP('',(#783));
#1642=EDGE_LOOP('',(#784));
#1643=EDGE_LOOP('',(#785));
#1644=EDGE_LOOP('',(#786));
#1645=EDGE_LOOP('',(#787));
#1646=EDGE_LOOP('',(#788));
#1647=EDGE_LOOP('',(#789));
#1648=EDGE_LOOP('',(#790));
#1649=EDGE_LOOP('',(#791));
#1650=EDGE_LOOP('',(#792));
#1651=EDGE_LOOP('',(#793));
#1652=EDGE_LOOP('',(#794));
#1653=EDGE_LOOP('',(#795));
#1654=EDGE_LOOP('',(#796));
#1655=EDGE_LOOP('',(#797));
#1656=EDGE_LOOP('',(#798));
#1657=EDGE_LOOP('',(#799));
#1658=EDGE_LOOP('',(#800));
#1659=EDGE_LOOP('',(#801));
#1660=EDGE_LOOP('',(#802));
#1661=EDGE_LOOP('',(#803));
#1662=EDGE_LOOP('',(#804));
#1663=EDGE_LOOP('',(#805));
#1664=EDGE_LOOP('',(#806));
#1665=EDGE_LOOP('',(#807));
#1666=EDGE_LOOP('',(#808));
#1667=EDGE_LOOP('',(#809));
#1668=EDGE_LOOP('',(#810));
#1669=EDGE_LOOP('',(#811));
#1670=EDGE_LOOP('',(#812));
#1671=EDGE_LOOP('',(#813));
#1672=EDGE_LOOP('',(#814));
#1673=EDGE_LOOP('',(#815));
#1674=EDGE_LOOP('',(#816));
#1675=EDGE_LOOP('',(#817));
#1676=EDGE_LOOP('',(#818));
#1677=EDGE_LOOP('',(#819));
#1678=EDGE_LOOP('',(#820));
#1679=EDGE_LOOP('',(#821));
#1680=EDGE_LOOP('',(#822,#823,#824,#825,#826,#827));
#1681=EDGE_LOOP('',(#828,#829,#830,#831));
#1682=EDGE_LOOP('',(#832));
#1683=EDGE_LOOP('',(#833,#834));
#1684=EDGE_LOOP('',(#835,#836,#837,#838));
#1685=EDGE_LOOP('',(#839,#840,#841,#842,#843,#844,#845,#846));
#1686=EDGE_LOOP('',(#847,#848,#849,#850));
#1687=EDGE_LOOP('',(#851));
#1688=EDGE_LOOP('',(#852,#853));
#1689=EDGE_LOOP('',(#854,#855,#856,#857,#858,#859));
#1690=EDGE_LOOP('',(#860,#861,#862,#863));
#1691=EDGE_LOOP('',(#864,#865,#866,#867,#868,#869,#870,#871));
#1692=EDGE_LOOP('',(#872,#873,#874,#875));
#1693=EDGE_LOOP('',(#876));
#1694=EDGE_LOOP('',(#877,#878));
#1695=EDGE_LOOP('',(#879,#880,#881,#882,#883,#884));
#1696=EDGE_LOOP('',(#885,#886,#887,#888));
#1697=EDGE_LOOP('',(#889,#890,#891,#892,#893,#894,#895,#896));
#1698=EDGE_LOOP('',(#897,#898,#899,#900,#901,#902));
#1699=EDGE_LOOP('',(#903,#904,#905,#906));
#1700=EDGE_LOOP('',(#907));
#1701=EDGE_LOOP('',(#908,#909));
#1702=EDGE_LOOP('',(#910,#911,#912,#913));
#1703=EDGE_LOOP('',(#914,#915,#916,#917,#918,#919,#920,#921));
#1704=EDGE_LOOP('',(#922));
#1705=EDGE_LOOP('',(#923));
#1706=EDGE_LOOP('',(#924));
#1707=EDGE_LOOP('',(#925));
#1708=EDGE_LOOP('',(#926));
#1709=EDGE_LOOP('',(#927));
#1710=EDGE_LOOP('',(#928));
#1711=EDGE_LOOP('',(#929));
#1712=EDGE_LOOP('',(#930));
#1713=EDGE_LOOP('',(#931));
#1714=EDGE_LOOP('',(#932));
#1715=EDGE_LOOP('',(#933));
#1716=EDGE_LOOP('',(#934));
#1717=EDGE_LOOP('',(#935));
#1718=EDGE_LOOP('',(#936));
#1719=EDGE_LOOP('',(#937));
#1720=EDGE_LOOP('',(#938));
#1721=EDGE_LOOP('',(#939));
#1722=EDGE_LOOP('',(#940));
#1723=EDGE_LOOP('',(#941));
#1724=EDGE_LOOP('',(#942));
#1725=EDGE_LOOP('',(#943));
#1726=EDGE_LOOP('',(#944));
#1727=EDGE_LOOP('',(#945));
#1728=EDGE_LOOP('',(#946));
#1729=EDGE_LOOP('',(#947));
#1730=EDGE_LOOP('',(#948));
#1731=EDGE_LOOP('',(#949));
#1732=EDGE_LOOP('',(#950));
#1733=EDGE_LOOP('',(#951));
#1734=EDGE_LOOP('',(#952));
#1735=EDGE_LOOP('',(#953));
#1736=EDGE_LOOP('',(#954,#955,#956,#957));
#1737=EDGE_LOOP('',(#958,#959,#960,#961));
#1738=EDGE_LOOP('',(#962,#963,#964));
#1739=EDGE_LOOP('',(#965,#966,#967,#968));
#1740=EDGE_LOOP('',(#969,#970,#971,#972));
#1741=EDGE_LOOP('',(#973,#974,#975));
#1742=FACE_BOUND('',#1554,.T.);
#1743=FACE_BOUND('',#1555,.T.);
#1744=FACE_BOUND('',#1556,.T.);
#1745=FACE_BOUND('',#1557,.T.);
#1746=FACE_BOUND('',#1558,.T.);
#1747=FACE_BOUND('',#1559,.T.);
#1748=FACE_BOUND('',#1560,.T.);
#1749=FACE_BOUND('',#1561,.T.);
#1750=FACE_BOUND('',#1562,.T.);
#1751=FACE_BOUND('',#1563,.T.);
#1752=FACE_BOUND('',#1564,.T.);
#1753=FACE_BOUND('',#1565,.T.);
#1754=FACE_BOUND('',#1566,.T.);
#1755=FACE_BOUND('',#1567,.T.);
#1756=FACE_BOUND('',#1568,.T.);
#1757=FACE_BOUND('',#1569,.T.);
#1758=FACE_BOUND('',#1570,.T.);
#1759=FACE_BOUND('',#1571,.T.);
#1760=FACE_BOUND('',#1572,.T.);
#1761=FACE_BOUND('',#1573,.T.);
#1762=FACE_BOUND('',#1574,.T.);
#1763=FACE_BOUND('',#1575,.T.);
#1764=FACE_BOUND('',#1576,.T.);
#1765=FACE_BOUND('',#1577,.T.);
#1766=FACE_BOUND('',#1578,.T.);
#1767=FACE_BOUND('',#1579,.T.);
#1768=FACE_BOUND('',#1580,.T.);
#1769=FACE_BOUND('',#1581,.T.);
#1770=FACE_BOUND('',#1582,.T.);
#1771=FACE_BOUND('',#1583,.T.);
#1772=FACE_BOUND('',#1584,.T.);
#1773=FACE_BOUND('',#1585,.T.);
#1774=FACE_BOUND('',#1586,.T.);
#1775=FACE_BOUND('',#1587,.T.);
#1776=FACE_BOUND('',#1588,.T.);
#1777=FACE_BOUND('',#1589,.T.);
#1778=FACE_BOUND('',#1590,.T.);
#1779=FACE_BOUND('',#1591,.T.);
#1780=FACE_BOUND('',#1592,.T.);
#1781=FACE_BOUND('',#1593,.T.);
#1782=FACE_BOUND('',#1594,.T.);
#1783=FACE_BOUND('',#1595,.T.);
#1784=FACE_BOUND('',#1596,.T.);
#1785=FACE_BOUND('',#1597,.T.);
#1786=FACE_BOUND('',#1598,.T.);
#1787=FACE_BOUND('',#1599,.T.);
#1788=FACE_BOUND('',#1600,.T.);
#1789=FACE_BOUND('',#1601,.T.);
#1790=FACE_BOUND('',#1602,.T.);
#1791=FACE_BOUND('',#1603,.T.);
#1792=FACE_BOUND('',#1604,.T.);
#1793=FACE_BOUND('',#1605,.T.);
#1794=FACE_BOUND('',#1606,.T.);
#1795=FACE_BOUND('',#1607,.T.);
#1796=FACE_BOUND('',#1608,.T.);
#1797=FACE_BOUND('',#1609,.T.);
#1798=FACE_BOUND('',#1610,.T.);
#1799=FACE_BOUND('',#1611,.T.);
#1800=FACE_BOUND('',#1612,.T.);
#1801=FACE_BOUND('',#1613,.T.);
#1802=FACE_BOUND('',#1614,.T.);
#1803=FACE_BOUND('',#1615,.T.);
#1804=FACE_BOUND('',#1616,.T.);
#1805=FACE_BOUND('',#1617,.T.);
#1806=FACE_BOUND('',#1618,.T.);
#1807=FACE_BOUND('',#1619,.T.);
#1808=FACE_BOUND('',#1620,.T.);
#1809=FACE_BOUND('',#1621,.T.);
#1810=FACE_BOUND('',#1622,.T.);
#1811=FACE_BOUND('',#1623,.T.);
#1812=FACE_BOUND('',#1624,.T.);
#1813=FACE_BOUND('',#1625,.T.);
#1814=FACE_BOUND('',#1626,.T.);
#1815=FACE_BOUND('',#1627,.T.);
#1816=FACE_BOUND('',#1628,.T.);
#1817=FACE_BOUND('',#1629,.T.);
#1818=FACE_BOUND('',#1630,.T.);
#1819=FACE_BOUND('',#1631,.T.);
#1820=FACE_BOUND('',#1632,.T.);
#1821=FACE_BOUND('',#1633,.T.);
#1822=FACE_BOUND('',#1634,.T.);
#1823=FACE_BOUND('',#1635,.T.);
#1824=FACE_BOUND('',#1636,.T.);
#1825=FACE_BOUND('',#1637,.T.);
#1826=FACE_BOUND('',#1638,.T.);
#1827=FACE_BOUND('',#1639,.T.);
#1828=FACE_BOUND('',#1640,.T.);
#1829=FACE_BOUND('',#1641,.T.);
#1830=FACE_BOUND('',#1642,.T.);
#1831=FACE_BOUND('',#1643,.T.);
#1832=FACE_BOUND('',#1644,.T.);
#1833=FACE_BOUND('',#1645,.T.);
#1834=FACE_BOUND('',#1646,.T.);
#1835=FACE_BOUND('',#1647,.T.);
#1836=FACE_BOUND('',#1648,.T.);
#1837=FACE_BOUND('',#1649,.T.);
#1838=FACE_BOUND('',#1650,.T.);
#1839=FACE_BOUND('',#1651,.T.);
#1840=FACE_BOUND('',#1652,.T.);
#1841=FACE_BOUND('',#1653,.T.);
#1842=FACE_BOUND('',#1654,.T.);
#1843=FACE_BOUND('',#1655,.T.);
#1844=FACE_BOUND('',#1656,.T.);
#1845=FACE_BOUND('',#1657,.T.);
#1846=FACE_BOUND('',#1658,.T.);
#1847=FACE_BOUND('',#1659,.T.);
#1848=FACE_BOUND('',#1660,.T.);
#1849=FACE_BOUND('',#1661,.T.);
#1850=FACE_BOUND('',#1662,.T.);
#1851=FACE_BOUND('',#1663,.T.);
#1852=FACE_BOUND('',#1664,.T.);
#1853=FACE_BOUND('',#1665,.T.);
#1854=FACE_BOUND('',#1666,.T.);
#1855=FACE_BOUND('',#1667,.T.);
#1856=FACE_BOUND('',#1668,.T.);
#1857=FACE_BOUND('',#1669,.T.);
#1858=FACE_BOUND('',#1670,.T.);
#1859=FACE_BOUND('',#1671,.T.);
#1860=FACE_BOUND('',#1672,.T.);
#1861=FACE_BOUND('',#1673,.T.);
#1862=FACE_BOUND('',#1674,.T.);
#1863=FACE_BOUND('',#1675,.T.);
#1864=FACE_BOUND('',#1676,.T.);
#1865=FACE_BOUND('',#1677,.T.);
#1866=FACE_BOUND('',#1678,.T.);
#1867=FACE_BOUND('',#1679,.T.);
#1868=FACE_BOUND('',#1680,.T.);
#1869=FACE_BOUND('',#1681,.T.);
#1870=FACE_BOUND('',#1682,.T.);
#1871=FACE_BOUND('',#1683,.T.);
#1872=FACE_BOUND('',#1684,.T.);
#1873=FACE_BOUND('',#1685,.T.);
#1874=FACE_BOUND('',#1686,.T.);
#1875=FACE_BOUND('',#1687,.T.);
#1876=FACE_BOUND('',#1688,.T.);
#1877=FACE_BOUND('',#1689,.T.);
#1878=FACE_BOUND('',#1690,.T.);
#1879=FACE_BOUND('',#1691,.T.);
#1880=FACE_BOUND('',#1692,.T.);
#1881=FACE_BOUND('',#1693,.T.);
#1882=FACE_BOUND('',#1694,.T.);
#1883=FACE_BOUND('',#1695,.T.);
#1884=FACE_BOUND('',#1696,.T.);
#1885=FACE_BOUND('',#1697,.T.);
#1886=FACE_BOUND('',#1698,.T.);
#1887=FACE_BOUND('',#1699,.T.);
#1888=FACE_BOUND('',#1700,.T.);
#1889=FACE_BOUND('',#1701,.T.);
#1890=FACE_BOUND('',#1702,.T.);
#1891=FACE_BOUND('',#1703,.T.);
#1892=FACE_BOUND('',#1704,.T.);
#1893=FACE_BOUND('',#1705,.T.);
#1894=FACE_BOUND('',#1706,.T.);
#1895=FACE_BOUND('',#1707,.T.);
#1896=FACE_BOUND('',#1708,.T.);
#1897=FACE_BOUND('',#1709,.T.);
#1898=FACE_BOUND('',#1710,.T.);
#1899=FACE_BOUND('',#1711,.T.);
#1900=FACE_BOUND('',#1712,.T.);
#1901=FACE_BOUND('',#1713,.T.);
#1902=FACE_BOUND('',#1714,.T.);
#1903=FACE_BOUND('',#1715,.T.);
#1904=FACE_BOUND('',#1716,.T.);
#1905=FACE_BOUND('',#1717,.T.);
#1906=FACE_BOUND('',#1718,.T.);
#1907=FACE_BOUND('',#1719,.T.);
#1908=FACE_BOUND('',#1720,.T.);
#1909=FACE_BOUND('',#1721,.T.);
#1910=FACE_BOUND('',#1722,.T.);
#1911=FACE_BOUND('',#1723,.T.);
#1912=FACE_BOUND('',#1724,.T.);
#1913=FACE_BOUND('',#1725,.T.);
#1914=FACE_BOUND('',#1726,.T.);
#1915=FACE_BOUND('',#1727,.T.);
#1916=FACE_BOUND('',#1728,.T.);
#1917=FACE_BOUND('',#1729,.T.);
#1918=FACE_BOUND('',#1730,.T.);
#1919=FACE_BOUND('',#1731,.T.);
#1920=FACE_BOUND('',#1732,.T.);
#1921=FACE_BOUND('',#1733,.T.);
#1922=FACE_BOUND('',#1734,.T.);
#1923=FACE_BOUND('',#1735,.T.);
#1924=FACE_BOUND('',#1736,.T.);
#1925=FACE_BOUND('',#1737,.T.);
#1926=FACE_BOUND('',#1738,.T.);
#1927=FACE_BOUND('',#1739,.T.);
#1928=FACE_BOUND('',#1740,.T.);
#1929=FACE_BOUND('',#1741,.T.);
#1930=PLANE('',#2119);
#1931=PLANE('',#2128);
#1932=PLANE('',#2129);
#1933=PLANE('',#2130);
#1934=PLANE('',#2139);
#1935=PLANE('',#2140);
#1936=PLANE('',#2141);
#1937=PLANE('',#2142);
#1938=PLANE('',#2151);
#1939=PLANE('',#2156);
#1940=PLANE('',#2161);
#1941=PLANE('',#2162);
#1942=PLANE('',#2171);
#1943=PLANE('',#2174);
#1944=PLANE('',#2178);
#1945=PLANE('',#2179);
#1946=PLANE('',#2185);
#1947=PLANE('',#2186);
#1948=PLANE('',#2187);
#1949=PLANE('',#2188);
#1950=PLANE('',#2191);
#1951=PLANE('',#2194);
#1952=PLANE('',#2195);
#1953=PLANE('',#2196);
#1954=PLANE('',#2202);
#1955=PLANE('',#2203);
#1956=PLANE('',#2206);
#1957=PLANE('',#2210);
#1958=PLANE('',#2211);
#1959=PLANE('',#2212);
#1960=PLANE('',#2215);
#1961=PLANE('',#2218);
#1962=PLANE('',#2219);
#1963=PLANE('',#2220);
#1964=PLANE('',#2221);
#1965=PLANE('',#2224);
#1966=PLANE('',#2225);
#1967=PLANE('',#2227);
#1968=PLANE('',#2230);
#1969=PLANE('',#2231);
#1970=PLANE('',#2257);
#1971=PLANE('',#2260);
#1972=PLANE('',#2263);
#1973=PLANE('',#2266);
#1974=PLANE('',#2269);
#1975=PLANE('',#2272);
#1976=PLANE('',#2275);
#1977=PLANE('',#2280);
#1978=PLANE('',#2282);
#1979=PLANE('',#2289);
#1980=PLANE('',#2291);
#1981=PLANE('',#2298);
#1982=PLANE('',#2302);
#1983=PLANE('',#2307);
#1984=PLANE('',#2325);
#1985=PLANE('',#2326);
#1986=PLANE('',#2327);
#1987=PLANE('',#2328);
#1988=PLANE('',#2329);
#1989=PLANE('',#2330);
#1990=ADVANCED_FACE('',(#1742,#1743,#1744),#1930,.F.);
#1991=ADVANCED_FACE('',(#1745),#1931,.F.);
#1992=ADVANCED_FACE('',(#1746),#1932,.F.);
#1993=ADVANCED_FACE('',(#1747,#1748,#1749,#1750,#1751,#1752,#1753),#1933,
 .F.);
#1994=ADVANCED_FACE('',(#1754),#1934,.F.);
#1995=ADVANCED_FACE('',(#1755),#1935,.T.);
#1996=ADVANCED_FACE('',(#1756),#1936,.F.);
#1997=ADVANCED_FACE('',(#1757,#1758,#1759),#1937,.F.);
#1998=ADVANCED_FACE('',(#1760,#1761,#1762),#1938,.F.);
#1999=ADVANCED_FACE('',(#1763,#1764,#1765),#1939,.F.);
#2000=ADVANCED_FACE('',(#1766),#1940,.F.);
#2001=ADVANCED_FACE('',(#1767,#1768,#1769,#1770,#1771,#1772,#1773,#1774,
#1775),#1941,.F.);
#2002=ADVANCED_FACE('',(#1776),#1942,.F.);
#2003=ADVANCED_FACE('',(#1777),#40,.T.);
#2004=ADVANCED_FACE('',(#1778),#1943,.F.);
#2005=ADVANCED_FACE('',(#1779,#1780),#41,.F.);
#2006=ADVANCED_FACE('',(#1781,#1782),#1944,.T.);
#2007=ADVANCED_FACE('',(#1783),#1945,.T.);
#2008=ADVANCED_FACE('',(#1784,#1785),#42,.F.);
#2009=ADVANCED_FACE('',(#1786),#43,.T.);
#2010=ADVANCED_FACE('',(#1787,#1788),#1946,.T.);
#2011=ADVANCED_FACE('',(#1789),#1947,.T.);
#2012=ADVANCED_FACE('',(#1790),#1948,.T.);
#2013=ADVANCED_FACE('',(#1791),#1949,.T.);
#2014=ADVANCED_FACE('',(#1792),#44,.F.);
#2015=ADVANCED_FACE('',(#1793),#1950,.F.);
#2016=ADVANCED_FACE('',(#1794),#45,.F.);
#2017=ADVANCED_FACE('',(#1795),#1951,.T.);
#2018=ADVANCED_FACE('',(#1796),#1952,.T.);
#2019=ADVANCED_FACE('',(#1797),#1953,.T.);
#2020=ADVANCED_FACE('',(#1798,#1799),#46,.F.);
#2021=ADVANCED_FACE('',(#1800),#47,.T.);
#2022=ADVANCED_FACE('',(#1801,#1802),#1954,.T.);
#2023=ADVANCED_FACE('',(#1803),#1955,.T.);
#2024=ADVANCED_FACE('',(#1804),#48,.T.);
#2025=ADVANCED_FACE('',(#1805),#1956,.F.);
#2026=ADVANCED_FACE('',(#1806,#1807),#49,.F.);
#2027=ADVANCED_FACE('',(#1808,#1809),#1957,.T.);
#2028=ADVANCED_FACE('',(#1810),#1958,.F.);
#2029=ADVANCED_FACE('',(#1811),#1959,.F.);
#2030=ADVANCED_FACE('',(#1812),#50,.F.);
#2031=ADVANCED_FACE('',(#1813),#1960,.T.);
#2032=ADVANCED_FACE('',(#1814),#51,.F.);
#2033=ADVANCED_FACE('',(#1815),#1961,.F.);
#2034=ADVANCED_FACE('',(#1816),#1962,.F.);
#2035=ADVANCED_FACE('',(#1817),#1963,.T.);
#2036=ADVANCED_FACE('',(#1818),#1964,.F.);
#2037=ADVANCED_FACE('',(#1819),#52,.T.);
#2038=ADVANCED_FACE('',(#1820),#1965,.T.);
#2039=ADVANCED_FACE('',(#1821,#1822),#1966,.T.);
#2040=ADVANCED_FACE('',(#1823),#1967,.T.);
#2041=ADVANCED_FACE('',(#1824),#53,.T.);
#2042=ADVANCED_FACE('',(#1825),#1968,.F.);
#2043=ADVANCED_FACE('',(#1826,#1827),#1969,.T.);
#2044=ADVANCED_FACE('',(#1828,#1829),#54,.F.);
#2045=ADVANCED_FACE('',(#1830,#1831),#55,.F.);
#2046=ADVANCED_FACE('',(#1832,#1833),#56,.F.);
#2047=ADVANCED_FACE('',(#1834,#1835),#57,.F.);
#2048=ADVANCED_FACE('',(#1836,#1837),#58,.F.);
#2049=ADVANCED_FACE('',(#1838,#1839),#59,.F.);
#2050=ADVANCED_FACE('',(#1840,#1841),#60,.F.);
#2051=ADVANCED_FACE('',(#1842,#1843),#61,.F.);
#2052=ADVANCED_FACE('',(#1844,#1845),#62,.T.);
#2053=ADVANCED_FACE('',(#1846,#1847),#1970,.T.);
#2054=ADVANCED_FACE('',(#1848,#1849),#63,.T.);
#2055=ADVANCED_FACE('',(#1850,#1851),#1971,.T.);
#2056=ADVANCED_FACE('',(#1852,#1853),#64,.T.);
#2057=ADVANCED_FACE('',(#1854,#1855),#1972,.T.);
#2058=ADVANCED_FACE('',(#1856,#1857),#65,.T.);
#2059=ADVANCED_FACE('',(#1858,#1859),#1973,.T.);
#2060=ADVANCED_FACE('',(#1860,#1861),#66,.T.);
#2061=ADVANCED_FACE('',(#1862,#1863),#1974,.T.);
#2062=ADVANCED_FACE('',(#1864,#1865),#67,.T.);
#2063=ADVANCED_FACE('',(#1866,#1867),#1975,.T.);
#2064=ADVANCED_FACE('',(#1868),#68,.T.);
#2065=ADVANCED_FACE('',(#1869),#1976,.T.);
#2066=ADVANCED_FACE('',(#1870,#1871),#69,.F.);
#2067=ADVANCED_FACE('',(#1872),#1977,.F.);
#2068=ADVANCED_FACE('',(#1873),#70,.F.);
#2069=ADVANCED_FACE('',(#1874),#1978,.F.);
#2070=ADVANCED_FACE('',(#1875,#1876),#71,.F.);
#2071=ADVANCED_FACE('',(#1877),#72,.T.);
#2072=ADVANCED_FACE('',(#1878),#1979,.F.);
#2073=ADVANCED_FACE('',(#1879),#73,.F.);
#2074=ADVANCED_FACE('',(#1880),#1980,.F.);
#2075=ADVANCED_FACE('',(#1881,#1882),#74,.F.);
#2076=ADVANCED_FACE('',(#1883),#75,.T.);
#2077=ADVANCED_FACE('',(#1884),#1981,.F.);
#2078=ADVANCED_FACE('',(#1885),#76,.F.);
#2079=ADVANCED_FACE('',(#1886),#77,.T.);
#2080=ADVANCED_FACE('',(#1887),#1982,.T.);
#2081=ADVANCED_FACE('',(#1888,#1889),#78,.F.);
#2082=ADVANCED_FACE('',(#1890),#1983,.F.);
#2083=ADVANCED_FACE('',(#1891),#79,.F.);
#2084=ADVANCED_FACE('',(#1892,#1893),#12,.F.);
#2085=ADVANCED_FACE('',(#1894,#1895),#13,.F.);
#2086=ADVANCED_FACE('',(#1896,#1897),#14,.F.);
#2087=ADVANCED_FACE('',(#1898,#1899),#15,.F.);
#2088=ADVANCED_FACE('',(#1900,#1901),#16,.F.);
#2089=ADVANCED_FACE('',(#1902,#1903),#17,.F.);
#2090=ADVANCED_FACE('',(#1904,#1905),#18,.F.);
#2091=ADVANCED_FACE('',(#1906,#1907),#19,.F.);
#2092=ADVANCED_FACE('',(#1908,#1909),#20,.F.);
#2093=ADVANCED_FACE('',(#1910,#1911),#21,.F.);
#2094=ADVANCED_FACE('',(#1912,#1913),#22,.F.);
#2095=ADVANCED_FACE('',(#1914,#1915),#23,.F.);
#2096=ADVANCED_FACE('',(#1916,#1917),#24,.F.);
#2097=ADVANCED_FACE('',(#1918,#1919),#25,.F.);
#2098=ADVANCED_FACE('',(#1920,#1921),#26,.F.);
#2099=ADVANCED_FACE('',(#1922,#1923),#27,.F.);
#2100=ADVANCED_FACE('',(#1924),#1984,.T.);
#2101=ADVANCED_FACE('',(#1925),#1985,.T.);
#2102=ADVANCED_FACE('',(#1926),#1986,.T.);
#2103=ADVANCED_FACE('',(#1927),#1987,.F.);
#2104=ADVANCED_FACE('',(#1928),#1988,.F.);
#2105=ADVANCED_FACE('',(#1929),#1989,.T.);
#2106=CLOSED_SHELL('',(#1990,#1991,#1992,#1993,#1994,#1995,#1996,#1997,
#1998,#1999,#2000,#2001,#2002,#2003,#2004,#2005,#2006,#2007,#2008,#2009,
#2010,#2011,#2012,#2013,#2014,#2015,#2016,#2017,#2018,#2019,#2020,#2021,
#2022,#2023,#2024,#2025,#2026,#2027,#2028,#2029,#2030,#2031,#2032,#2033,
#2034,#2035,#2036,#2037,#2038,#2039,#2040,#2041,#2042,#2043,#2044,#2045,
#2046,#2047,#2048,#2049,#2050,#2051,#2052,#2053,#2054,#2055,#2056,#2057,
#2058,#2059,#2060,#2061,#2062,#2063,#2064,#2065,#2066,#2067,#2068,#2069,
#2070,#2071,#2072,#2073,#2074,#2075,#2076,#2077,#2078,#2079,#2080,#2081,
#2082,#2083,#2084,#2085,#2086,#2087,#2088,#2089,#2090,#2091,#2092,#2093,
#2094,#2095,#2096,#2097,#2098,#2099,#2100,#2101,#2102,#2103,#2104,#2105));
#2107=STYLED_ITEM('',(#2108),#2115);
#2108=PRESENTATION_STYLE_ASSIGNMENT((#2109));
#2109=SURFACE_STYLE_USAGE(.BOTH.,#2110);
#2110=SURFACE_SIDE_STYLE('',(#2111));
#2111=SURFACE_STYLE_FILL_AREA(#2112);
#2112=FILL_AREA_STYLE('',(#2113));
#2113=FILL_AREA_STYLE_COLOUR('',#2114);
#2114=COLOUR_RGB('',0.917647058823529,0.917647058823529,0.917647058823529);
#2115=MANIFOLD_SOLID_BREP('case',#2106);
#2116=SHAPE_DEFINITION_REPRESENTATION(#3604,#2117);
#2117=SHAPE_REPRESENTATION('case',(#2118),#3599);
#2118=AXIS2_PLACEMENT_3D('',#2927,#2331,#2332);
#2119=AXIS2_PLACEMENT_3D('',#2928,#2333,#2334);
#2120=AXIS2_PLACEMENT_3D('',#2929,#2335,#2336);
#2121=AXIS2_PLACEMENT_3D('',#2931,#2337,#2338);
#2122=AXIS2_PLACEMENT_3D('',#2942,#2343,#2344);
#2123=AXIS2_PLACEMENT_3D('',#2948,#2347,#2348);
#2124=AXIS2_PLACEMENT_3D('',#2956,#2352,#2353);
#2125=AXIS2_PLACEMENT_3D('',#2960,#2355,#2356);
#2126=AXIS2_PLACEMENT_3D('',#2968,#2360,#2361);
#2127=AXIS2_PLACEMENT_3D('',#2974,#2364,#2365);
#2128=AXIS2_PLACEMENT_3D('',#2987,#2372,#2373);
#2129=AXIS2_PLACEMENT_3D('',#3017,#2389,#2390);
#2130=AXIS2_PLACEMENT_3D('',#3047,#2406,#2407);
#2131=AXIS2_PLACEMENT_3D('',#3048,#2408,#2409);
#2132=AXIS2_PLACEMENT_3D('',#3050,#2410,#2411);
#2133=AXIS2_PLACEMENT_3D('',#3052,#2412,#2413);
#2134=AXIS2_PLACEMENT_3D('',#3054,#2414,#2415);
#2135=AXIS2_PLACEMENT_3D('',#3056,#2416,#2417);
#2136=AXIS2_PLACEMENT_3D('',#3058,#2418,#2419);
#2137=AXIS2_PLACEMENT_3D('',#3060,#2420,#2421);
#2138=AXIS2_PLACEMENT_3D('',#3075,#2429,#2430);
#2139=AXIS2_PLACEMENT_3D('',#3088,#2438,#2439);
#2140=AXIS2_PLACEMENT_3D('',#3095,#2444,#2445);
#2141=AXIS2_PLACEMENT_3D('',#3105,#2451,#2452);
#2142=AXIS2_PLACEMENT_3D('',#3115,#2458,#2459);
#2143=AXIS2_PLACEMENT_3D('',#3116,#2460,#2461);
#2144=AXIS2_PLACEMENT_3D('',#3118,#2462,#2463);
#2145=AXIS2_PLACEMENT_3D('',#3137,#2472,#2473);
#2146=AXIS2_PLACEMENT_3D('',#3140,#2475,#2476);
#2147=AXIS2_PLACEMENT_3D('',#3145,#2479,#2480);
#2148=AXIS2_PLACEMENT_3D('',#3149,#2482,#2483);
#2149=AXIS2_PLACEMENT_3D('',#3154,#2486,#2487);
#2150=AXIS2_PLACEMENT_3D('',#3157,#2489,#2490);
#2151=AXIS2_PLACEMENT_3D('',#3162,#2493,#2494);
#2152=AXIS2_PLACEMENT_3D('',#3163,#2495,#2496);
#2153=AXIS2_PLACEMENT_3D('',#3165,#2497,#2498);
#2154=AXIS2_PLACEMENT_3D('',#3168,#2500,#2501);
#2155=AXIS2_PLACEMENT_3D('',#3173,#2504,#2505);
#2156=AXIS2_PLACEMENT_3D('',#3174,#2506,#2507);
#2157=AXIS2_PLACEMENT_3D('',#3175,#2508,#2509);
#2158=AXIS2_PLACEMENT_3D('',#3177,#2510,#2511);
#2159=AXIS2_PLACEMENT_3D('',#3181,#2513,#2514);
#2160=AXIS2_PLACEMENT_3D('',#3183,#2516,#2517);
#2161=AXIS2_PLACEMENT_3D('',#3186,#2519,#2520);
#2162=AXIS2_PLACEMENT_3D('',#3188,#2522,#2523);
#2163=AXIS2_PLACEMENT_3D('',#3189,#2524,#2525);
#2164=AXIS2_PLACEMENT_3D('',#3191,#2526,#2527);
#2165=AXIS2_PLACEMENT_3D('',#3193,#2528,#2529);
#2166=AXIS2_PLACEMENT_3D('',#3195,#2530,#2531);
#2167=AXIS2_PLACEMENT_3D('',#3197,#2532,#2533);
#2168=AXIS2_PLACEMENT_3D('',#3199,#2534,#2535);
#2169=AXIS2_PLACEMENT_3D('',#3201,#2536,#2537);
#2170=AXIS2_PLACEMENT_3D('',#3203,#2538,#2539);
#2171=AXIS2_PLACEMENT_3D('',#3206,#2541,#2542);
#2172=AXIS2_PLACEMENT_3D('',#3217,#2549,#2550);
#2173=AXIS2_PLACEMENT_3D('',#3220,#2552,#2553);
#2174=AXIS2_PLACEMENT_3D('',#3221,#2554,#2555);
#2175=AXIS2_PLACEMENT_3D('',#3223,#2557,#2558);
#2176=AXIS2_PLACEMENT_3D('',#3224,#2559,#2560);
#2177=AXIS2_PLACEMENT_3D('',#3226,#2561,#2562);
#2178=AXIS2_PLACEMENT_3D('',#3228,#2563,#2564);
#2179=AXIS2_PLACEMENT_3D('',#3229,#2565,#2566);
#2180=AXIS2_PLACEMENT_3D('',#3233,#2569,#2570);
#2181=AXIS2_PLACEMENT_3D('',#3234,#2571,#2572);
#2182=AXIS2_PLACEMENT_3D('',#3236,#2573,#2574);
#2183=AXIS2_PLACEMENT_3D('',#3238,#2575,#2576);
#2184=AXIS2_PLACEMENT_3D('',#3239,#2577,#2578);
#2185=AXIS2_PLACEMENT_3D('',#3240,#2579,#2580);
#2186=AXIS2_PLACEMENT_3D('',#3241,#2581,#2582);
#2187=AXIS2_PLACEMENT_3D('',#3245,#2585,#2586);
#2188=AXIS2_PLACEMENT_3D('',#3249,#2589,#2590);
#2189=AXIS2_PLACEMENT_3D('',#3253,#2593,#2594);
#2190=AXIS2_PLACEMENT_3D('',#3256,#2596,#2597);
#2191=AXIS2_PLACEMENT_3D('',#3257,#2598,#2599);
#2192=AXIS2_PLACEMENT_3D('',#3261,#2602,#2603);
#2193=AXIS2_PLACEMENT_3D('',#3264,#2605,#2606);
#2194=AXIS2_PLACEMENT_3D('',#3265,#2607,#2608);
#2195=AXIS2_PLACEMENT_3D('',#3267,#2610,#2611);
#2196=AXIS2_PLACEMENT_3D('',#3268,#2612,#2613);
#2197=AXIS2_PLACEMENT_3D('',#3272,#2616,#2617);
#2198=AXIS2_PLACEMENT_3D('',#3273,#2618,#2619);
#2199=AXIS2_PLACEMENT_3D('',#3275,#2620,#2621);
#2200=AXIS2_PLACEMENT_3D('',#3277,#2622,#2623);
#2201=AXIS2_PLACEMENT_3D('',#3278,#2624,#2625);
#2202=AXIS2_PLACEMENT_3D('',#3279,#2626,#2627);
#2203=AXIS2_PLACEMENT_3D('',#3280,#2628,#2629);
#2204=AXIS2_PLACEMENT_3D('',#3287,#2634,#2635);
#2205=AXIS2_PLACEMENT_3D('',#3290,#2637,#2638);
#2206=AXIS2_PLACEMENT_3D('',#3291,#2639,#2640);
#2207=AXIS2_PLACEMENT_3D('',#3293,#2642,#2643);
#2208=AXIS2_PLACEMENT_3D('',#3294,#2644,#2645);
#2209=AXIS2_PLACEMENT_3D('',#3296,#2646,#2647);
#2210=AXIS2_PLACEMENT_3D('',#3298,#2648,#2649);
#2211=AXIS2_PLACEMENT_3D('',#3299,#2650,#2651);
#2212=AXIS2_PLACEMENT_3D('',#3303,#2654,#2655);
#2213=AXIS2_PLACEMENT_3D('',#3307,#2658,#2659);
#2214=AXIS2_PLACEMENT_3D('',#3310,#2661,#2662);
#2215=AXIS2_PLACEMENT_3D('',#3311,#2663,#2664);
#2216=AXIS2_PLACEMENT_3D('',#3315,#2667,#2668);
#2217=AXIS2_PLACEMENT_3D('',#3318,#2670,#2671);
#2218=AXIS2_PLACEMENT_3D('',#3319,#2672,#2673);
#2219=AXIS2_PLACEMENT_3D('',#3323,#2676,#2677);
#2220=AXIS2_PLACEMENT_3D('',#3325,#2679,#2680);
#2221=AXIS2_PLACEMENT_3D('',#3326,#2681,#2682);
#2222=AXIS2_PLACEMENT_3D('',#3330,#2685,#2686);
#2223=AXIS2_PLACEMENT_3D('',#3331,#2687,#2688);
#2224=AXIS2_PLACEMENT_3D('',#3334,#2690,#2691);
#2225=AXIS2_PLACEMENT_3D('',#3336,#2693,#2694);
#2226=AXIS2_PLACEMENT_3D('',#3337,#2695,#2696);
#2227=AXIS2_PLACEMENT_3D('',#3339,#2697,#2698);
#2228=AXIS2_PLACEMENT_3D('',#3343,#2701,#2702);
#2229=AXIS2_PLACEMENT_3D('',#3344,#2703,#2704);
#2230=AXIS2_PLACEMENT_3D('',#3347,#2706,#2707);
#2231=AXIS2_PLACEMENT_3D('',#3349,#2709,#2710);
#2232=AXIS2_PLACEMENT_3D('',#3350,#2711,#2712);
#2233=AXIS2_PLACEMENT_3D('',#3352,#2713,#2714);
#2234=AXIS2_PLACEMENT_3D('',#3353,#2715,#2716);
#2235=AXIS2_PLACEMENT_3D('',#3355,#2717,#2718);
#2236=AXIS2_PLACEMENT_3D('',#3356,#2719,#2720);
#2237=AXIS2_PLACEMENT_3D('',#3358,#2721,#2722);
#2238=AXIS2_PLACEMENT_3D('',#3359,#2723,#2724);
#2239=AXIS2_PLACEMENT_3D('',#3361,#2725,#2726);
#2240=AXIS2_PLACEMENT_3D('',#3363,#2727,#2728);
#2241=AXIS2_PLACEMENT_3D('',#3364,#2729,#2730);
#2242=AXIS2_PLACEMENT_3D('',#3366,#2731,#2732);
#2243=AXIS2_PLACEMENT_3D('',#3368,#2733,#2734);
#2244=AXIS2_PLACEMENT_3D('',#3369,#2735,#2736);
#2245=AXIS2_PLACEMENT_3D('',#3371,#2737,#2738);
#2246=AXIS2_PLACEMENT_3D('',#3373,#2739,#2740);
#2247=AXIS2_PLACEMENT_3D('',#3374,#2741,#2742);
#2248=AXIS2_PLACEMENT_3D('',#3376,#2743,#2744);
#2249=AXIS2_PLACEMENT_3D('',#3378,#2745,#2746);
#2250=AXIS2_PLACEMENT_3D('',#3379,#2747,#2748);
#2251=AXIS2_PLACEMENT_3D('',#3381,#2749,#2750);
#2252=AXIS2_PLACEMENT_3D('',#3383,#2751,#2752);
#2253=AXIS2_PLACEMENT_3D('',#3384,#2753,#2754);
#2254=AXIS2_PLACEMENT_3D('',#3386,#2755,#2756);
#2255=AXIS2_PLACEMENT_3D('',#3388,#2757,#2758);
#2256=AXIS2_PLACEMENT_3D('',#3389,#2759,#2760);
#2257=AXIS2_PLACEMENT_3D('',#3391,#2761,#2762);
#2258=AXIS2_PLACEMENT_3D('',#3392,#2763,#2764);
#2259=AXIS2_PLACEMENT_3D('',#3393,#2765,#2766);
#2260=AXIS2_PLACEMENT_3D('',#3395,#2767,#2768);
#2261=AXIS2_PLACEMENT_3D('',#3396,#2769,#2770);
#2262=AXIS2_PLACEMENT_3D('',#3397,#2771,#2772);
#2263=AXIS2_PLACEMENT_3D('',#3399,#2773,#2774);
#2264=AXIS2_PLACEMENT_3D('',#3400,#2775,#2776);
#2265=AXIS2_PLACEMENT_3D('',#3401,#2777,#2778);
#2266=AXIS2_PLACEMENT_3D('',#3403,#2779,#2780);
#2267=AXIS2_PLACEMENT_3D('',#3404,#2781,#2782);
#2268=AXIS2_PLACEMENT_3D('',#3405,#2783,#2784);
#2269=AXIS2_PLACEMENT_3D('',#3407,#2785,#2786);
#2270=AXIS2_PLACEMENT_3D('',#3408,#2787,#2788);
#2271=AXIS2_PLACEMENT_3D('',#3409,#2789,#2790);
#2272=AXIS2_PLACEMENT_3D('',#3411,#2791,#2792);
#2273=AXIS2_PLACEMENT_3D('',#3412,#2793,#2794);
#2274=AXIS2_PLACEMENT_3D('',#3418,#2795,#2796);
#2275=AXIS2_PLACEMENT_3D('',#3426,#2798,#2799);
#2276=AXIS2_PLACEMENT_3D('',#3427,#2800,#2801);
#2277=AXIS2_PLACEMENT_3D('',#3428,#2802,#2803);
#2278=AXIS2_PLACEMENT_3D('',#3429,#2804,#2805);
#2279=AXIS2_PLACEMENT_3D('',#3431,#2806,#2807);
#2280=AXIS2_PLACEMENT_3D('',#3447,#2808,#2809);
#2281=AXIS2_PLACEMENT_3D('',#3450,#2812,#2813);
#2282=AXIS2_PLACEMENT_3D('',#3451,#2814,#2815);
#2283=AXIS2_PLACEMENT_3D('',#3452,#2816,#2817);
#2284=AXIS2_PLACEMENT_3D('',#3455,#2819,#2820);
#2285=AXIS2_PLACEMENT_3D('',#3456,#2821,#2822);
#2286=AXIS2_PLACEMENT_3D('',#3458,#2823,#2824);
#2287=AXIS2_PLACEMENT_3D('',#3474,#2825,#2826);
#2288=AXIS2_PLACEMENT_3D('',#3480,#2827,#2828);
#2289=AXIS2_PLACEMENT_3D('',#3486,#2829,#2830);
#2290=AXIS2_PLACEMENT_3D('',#3489,#2833,#2834);
#2291=AXIS2_PLACEMENT_3D('',#3490,#2835,#2836);
#2292=AXIS2_PLACEMENT_3D('',#3491,#2837,#2838);
#2293=AXIS2_PLACEMENT_3D('',#3494,#2840,#2841);
#2294=AXIS2_PLACEMENT_3D('',#3495,#2842,#2843);
#2295=AXIS2_PLACEMENT_3D('',#3497,#2844,#2845);
#2296=AXIS2_PLACEMENT_3D('',#3513,#2846,#2847);
#2297=AXIS2_PLACEMENT_3D('',#3519,#2848,#2849);
#2298=AXIS2_PLACEMENT_3D('',#3525,#2850,#2851);
#2299=AXIS2_PLACEMENT_3D('',#3528,#2854,#2855);
#2300=AXIS2_PLACEMENT_3D('',#3529,#2856,#2857);
#2301=AXIS2_PLACEMENT_3D('',#3535,#2858,#2859);
#2302=AXIS2_PLACEMENT_3D('',#3543,#2861,#2862);
#2303=AXIS2_PLACEMENT_3D('',#3544,#2863,#2864);
#2304=AXIS2_PLACEMENT_3D('',#3545,#2865,#2866);
#2305=AXIS2_PLACEMENT_3D('',#3546,#2867,#2868);
#2306=AXIS2_PLACEMENT_3D('',#3548,#2869,#2870);
#2307=AXIS2_PLACEMENT_3D('',#3564,#2871,#2872);
#2308=AXIS2_PLACEMENT_3D('',#3567,#2875,#2876);
#2309=AXIS2_PLACEMENT_3D('',#3568,#2877,#2878);
#2310=AXIS2_PLACEMENT_3D('',#3569,#2879,#2880);
#2311=AXIS2_PLACEMENT_3D('',#3570,#2881,#2882);
#2312=AXIS2_PLACEMENT_3D('',#3571,#2883,#2884);
#2313=AXIS2_PLACEMENT_3D('',#3572,#2885,#2886);
#2314=AXIS2_PLACEMENT_3D('',#3573,#2887,#2888);
#2315=AXIS2_PLACEMENT_3D('',#3574,#2889,#2890);
#2316=AXIS2_PLACEMENT_3D('',#3575,#2891,#2892);
#2317=AXIS2_PLACEMENT_3D('',#3576,#2893,#2894);
#2318=AXIS2_PLACEMENT_3D('',#3577,#2895,#2896);
#2319=AXIS2_PLACEMENT_3D('',#3578,#2897,#2898);
#2320=AXIS2_PLACEMENT_3D('',#3579,#2899,#2900);
#2321=AXIS2_PLACEMENT_3D('',#3580,#2901,#2902);
#2322=AXIS2_PLACEMENT_3D('',#3581,#2903,#2904);
#2323=AXIS2_PLACEMENT_3D('',#3582,#2905,#2906);
#2324=AXIS2_PLACEMENT_3D('',#3583,#2907,#2908);
#2325=AXIS2_PLACEMENT_3D('',#3584,#2909,#2910);
#2326=AXIS2_PLACEMENT_3D('',#3588,#2913,#2914);
#2327=AXIS2_PLACEMENT_3D('',#3590,#2916,#2917);
#2328=AXIS2_PLACEMENT_3D('',#3591,#2918,#2919);
#2329=AXIS2_PLACEMENT_3D('',#3595,#2922,#2923);
#2330=AXIS2_PLACEMENT_3D('',#3597,#2925,#2926);
#2331=DIRECTION('',(0.,0.,1.));
#2332=DIRECTION('',(1.,0.,0.));
#2333=DIRECTION('',(-1.,0.,0.));
#2334=DIRECTION('',(0.,-1.,0.));
#2335=DIRECTION('',(-1.,0.,0.));
#2336=DIRECTION('',(0.,0.,1.));
#2337=DIRECTION('',(-1.,0.,0.));
#2338=DIRECTION('',(0.,0.,1.));
#2339=DIRECTION('',(0.,-0.707106781186548,-0.707106781186547));
#2340=DIRECTION('',(0.,0.,-1.));
#2341=DIRECTION('',(0.,1.,0.));
#2342=DIRECTION('',(0.,0.,1.));
#2343=DIRECTION('',(-1.,0.,0.));
#2344=DIRECTION('',(0.,0.,1.));
#2345=DIRECTION('',(0.,0.,1.));
#2346=DIRECTION('',(0.,1.,0.));
#2347=DIRECTION('',(-1.,0.,0.));
#2348=DIRECTION('',(0.,0.,-1.));
#2349=DIRECTION('',(0.,0.,-1.));
#2350=DIRECTION('',(0.,1.,0.));
#2351=DIRECTION('',(0.,0.,1.));
#2352=DIRECTION('',(-1.,0.,0.));
#2353=DIRECTION('',(0.,0.,1.));
#2354=DIRECTION('',(0.,-1.,0.));
#2355=DIRECTION('',(-1.,0.,0.));
#2356=DIRECTION('',(0.,0.,1.));
#2357=DIRECTION('',(0.,0.,-1.));
#2358=DIRECTION('',(0.,1.,0.));
#2359=DIRECTION('',(0.,0.,-1.));
#2360=DIRECTION('',(1.,0.,0.));
#2361=DIRECTION('',(0.,0.,-1.));
#2362=DIRECTION('',(0.,-1.,0.));
#2363=DIRECTION('',(0.,0.,-1.));
#2364=DIRECTION('',(-1.,0.,0.));
#2365=DIRECTION('',(0.,0.,1.));
#2366=DIRECTION('',(0.,0.,1.));
#2367=DIRECTION('',(0.,1.,0.));
#2368=DIRECTION('',(0.,0.,1.));
#2369=DIRECTION('',(0.,-1.,0.));
#2370=DIRECTION('',(0.,0.,-1.));
#2371=DIRECTION('',(0.,0.707106781186547,-0.707106781186548));
#2372=DIRECTION('',(0.,-1.,0.));
#2373=DIRECTION('',(0.,0.,-1.));
#2374=DIRECTION('',(0.,0.,1.));
#2375=DIRECTION('',(1.,0.,0.));
#2376=DIRECTION('',(1.,0.,0.));
#2377=DIRECTION('',(0.,0.,1.));
#2378=DIRECTION('',(1.,0.,0.));
#2379=DIRECTION('',(0.,-1.67259839281667E-16,-1.));
#2380=DIRECTION('',(1.,0.,0.));
#2381=DIRECTION('',(0.,-1.67259839281667E-16,-1.));
#2382=DIRECTION('',(1.,0.,0.));
#2383=DIRECTION('',(0.,0.,1.));
#2384=DIRECTION('',(-1.,0.,0.));
#2385=DIRECTION('',(0.,0.,1.));
#2386=DIRECTION('',(-1.,0.,0.));
#2387=DIRECTION('',(0.,0.,1.));
#2388=DIRECTION('',(1.,0.,0.));
#2389=DIRECTION('',(0.,1.,0.));
#2390=DIRECTION('',(0.,0.,1.));
#2391=DIRECTION('',(1.,0.,0.));
#2392=DIRECTION('',(0.,0.,1.));
#2393=DIRECTION('',(1.,0.,0.));
#2394=DIRECTION('',(0.,0.,1.));
#2395=DIRECTION('',(-1.,0.,0.));
#2396=DIRECTION('',(0.,0.,-1.));
#2397=DIRECTION('',(-1.,0.,0.));
#2398=DIRECTION('',(0.,0.,1.));
#2399=DIRECTION('',(1.,0.,0.));
#2400=DIRECTION('',(0.,-1.67259839281667E-16,-1.));
#2401=DIRECTION('',(1.,0.,0.));
#2402=DIRECTION('',(0.,-1.67259839281667E-16,-1.));
#2403=DIRECTION('',(1.,0.,0.));
#2404=DIRECTION('',(0.,0.,1.));
#2405=DIRECTION('',(1.,0.,0.));
#2406=DIRECTION('',(0.,-1.67259839281667E-16,-1.));
#2407=DIRECTION('',(0.,1.,-1.67259839281667E-16));
#2408=DIRECTION('',(0.,-1.67259839281667E-16,-1.));
#2409=DIRECTION('',(0.,1.,-1.67259839281667E-16));
#2410=DIRECTION('',(0.,-1.67259839281667E-16,-1.));
#2411=DIRECTION('',(0.,1.,-1.67259839281667E-16));
#2412=DIRECTION('',(0.,-1.67259839281667E-16,-1.));
#2413=DIRECTION('',(0.,1.,-1.67259839281667E-16));
#2414=DIRECTION('',(0.,-1.67259839281667E-16,-1.));
#2415=DIRECTION('',(0.,1.,-1.67259839281667E-16));
#2416=DIRECTION('',(0.,-1.67259839281667E-16,-1.));
#2417=DIRECTION('',(0.,1.,-1.67259839281667E-16));
#2418=DIRECTION('',(0.,-1.67259839281667E-16,-1.));
#2419=DIRECTION('',(0.,1.,-1.67259839281667E-16));
#2420=DIRECTION('',(0.,1.67259839281667E-16,1.));
#2421=DIRECTION('',(0.,-1.,1.67259839281667E-16));
#2422=DIRECTION('',(0.,1.,-1.67259839281667E-16));
#2423=DIRECTION('',(0.,1.,0.));
#2424=DIRECTION('',(-1.,0.,0.));
#2425=DIRECTION('',(0.,-1.,1.74636591541489E-16));
#2426=DIRECTION('',(-1.,0.,0.));
#2427=DIRECTION('',(0.,-1.,0.));
#2428=DIRECTION('',(0.,-1.,1.67259839281667E-16));
#2429=DIRECTION('',(0.,1.67259839281667E-16,1.));
#2430=DIRECTION('',(0.,-1.,1.67259839281667E-16));
#2431=DIRECTION('',(0.,-1.,1.67259839281667E-16));
#2432=DIRECTION('',(0.,-1.,0.));
#2433=DIRECTION('',(1.,0.,0.));
#2434=DIRECTION('',(0.,-1.,1.74636591541489E-16));
#2435=DIRECTION('',(1.,0.,0.));
#2436=DIRECTION('',(0.,1.,0.));
#2437=DIRECTION('',(0.,1.,-1.67259839281667E-16));
#2438=DIRECTION('',(0.,-1.,0.));
#2439=DIRECTION('',(0.,0.,-1.));
#2440=DIRECTION('',(1.,0.,0.));
#2441=DIRECTION('',(0.,0.,1.));
#2442=DIRECTION('',(0.,0.,-1.));
#2443=DIRECTION('',(1.,0.,0.));
#2444=DIRECTION('',(0.,1.,0.));
#2445=DIRECTION('',(0.,0.,1.));
#2446=DIRECTION('',(0.,0.,1.));
#2447=DIRECTION('',(-1.,0.,0.));
#2448=DIRECTION('',(0.,0.,-1.));
#2449=DIRECTION('',(-1.,0.,0.));
#2450=DIRECTION('',(0.,0.,-1.));
#2451=DIRECTION('',(0.,1.,0.));
#2452=DIRECTION('',(0.,0.,1.));
#2453=DIRECTION('',(-1.,0.,0.));
#2454=DIRECTION('',(0.,0.,-1.));
#2455=DIRECTION('',(0.,0.,-1.));
#2456=DIRECTION('',(-1.,0.,0.));
#2457=DIRECTION('',(0.,0.,-1.));
#2458=DIRECTION('',(1.,0.,0.));
#2459=DIRECTION('',(0.,-1.,0.));
#2460=DIRECTION('',(1.,0.,0.));
#2461=DIRECTION('',(0.,0.,-1.));
#2462=DIRECTION('',(1.,0.,0.));
#2463=DIRECTION('',(0.,0.,-1.));
#2464=DIRECTION('',(0.,0.,1.));
#2465=DIRECTION('',(0.,-0.707106781186548,-0.707106781186547));
#2466=DIRECTION('',(0.,0.707106781186547,-0.707106781186548));
#2467=DIRECTION('',(0.,0.,1.));
#2468=DIRECTION('',(0.,1.,0.));
#2469=DIRECTION('',(0.,0.,-1.));
#2470=DIRECTION('',(0.,-1.,0.));
#2471=DIRECTION('',(0.,0.,1.));
#2472=DIRECTION('',(1.,0.,0.));
#2473=DIRECTION('',(0.,0.,-1.));
#2474=DIRECTION('',(0.,-1.,0.));
#2475=DIRECTION('',(1.,0.,0.));
#2476=DIRECTION('',(0.,0.,-1.));
#2477=DIRECTION('',(0.,1.,0.));
#2478=DIRECTION('',(0.,0.,-1.));
#2479=DIRECTION('',(-1.,0.,0.));
#2480=DIRECTION('',(0.,0.,1.));
#2481=DIRECTION('',(0.,-1.,0.));
#2482=DIRECTION('',(-1.,0.,0.));
#2483=DIRECTION('',(0.,0.,1.));
#2484=DIRECTION('',(0.,0.,1.));
#2485=DIRECTION('',(0.,1.,0.));
#2486=DIRECTION('',(-1.,0.,0.));
#2487=DIRECTION('',(0.,0.,-1.));
#2488=DIRECTION('',(0.,1.,0.));
#2489=DIRECTION('',(1.,0.,0.));
#2490=DIRECTION('',(0.,0.,-1.));
#2491=DIRECTION('',(0.,0.,1.));
#2492=DIRECTION('',(0.,-1.,0.));
#2493=DIRECTION('',(0.,0.,-1.));
#2494=DIRECTION('',(-1.,0.,0.));
#2495=DIRECTION('',(0.,0.,-1.));
#2496=DIRECTION('',(-1.,0.,0.));
#2497=DIRECTION('',(0.,0.,-1.));
#2498=DIRECTION('',(-1.,0.,0.));
#2499=DIRECTION('',(1.,0.,0.));
#2500=DIRECTION('',(0.,0.,1.));
#2501=DIRECTION('',(1.,0.,0.));
#2502=DIRECTION('',(0.,1.,0.));
#2503=DIRECTION('',(0.,1.,0.));
#2504=DIRECTION('',(0.,0.,-1.));
#2505=DIRECTION('',(-1.,0.,0.));
#2506=DIRECTION('',(0.,0.,-1.));
#2507=DIRECTION('',(-1.,0.,0.));
#2508=DIRECTION('',(0.,0.,-1.));
#2509=DIRECTION('',(-1.,0.,0.));
#2510=DIRECTION('',(0.,0.,-1.));
#2511=DIRECTION('',(-1.,0.,0.));
#2512=DIRECTION('',(0.,-1.,0.));
#2513=DIRECTION('',(0.,0.,-1.));
#2514=DIRECTION('',(1.,0.,0.));
#2515=DIRECTION('',(1.,0.,0.));
#2516=DIRECTION('',(0.,0.,1.));
#2517=DIRECTION('',(-1.,0.,0.));
#2518=DIRECTION('',(0.,-1.,0.));
#2519=DIRECTION('',(0.,1.,0.));
#2520=DIRECTION('',(0.,0.,1.));
#2521=DIRECTION('',(1.,0.,0.));
#2522=DIRECTION('',(0.,0.,1.));
#2523=DIRECTION('',(1.,0.,0.));
#2524=DIRECTION('',(0.,0.,1.));
#2525=DIRECTION('',(1.,0.,0.));
#2526=DIRECTION('',(0.,0.,1.));
#2527=DIRECTION('',(1.,0.,0.));
#2528=DIRECTION('',(0.,0.,1.));
#2529=DIRECTION('',(1.,0.,0.));
#2530=DIRECTION('',(0.,0.,1.));
#2531=DIRECTION('',(1.,0.,0.));
#2532=DIRECTION('',(0.,0.,1.));
#2533=DIRECTION('',(1.,0.,0.));
#2534=DIRECTION('',(0.,0.,1.));
#2535=DIRECTION('',(1.,0.,0.));
#2536=DIRECTION('',(0.,0.,1.));
#2537=DIRECTION('',(1.,0.,0.));
#2538=DIRECTION('',(0.,0.,1.));
#2539=DIRECTION('',(1.,0.,0.));
#2540=DIRECTION('',(1.,0.,0.));
#2541=DIRECTION('',(0.,-1.,0.));
#2542=DIRECTION('',(0.,0.,-1.));
#2543=DIRECTION('',(0.,0.,1.));
#2544=DIRECTION('',(1.,0.,0.));
#2545=DIRECTION('',(-1.,0.,0.));
#2546=DIRECTION('',(0.,0.,1.));
#2547=DIRECTION('',(-1.,0.,0.));
#2548=DIRECTION('',(1.,0.,0.));
#2549=DIRECTION('',(-1.,0.,0.));
#2550=DIRECTION('',(0.,0.,1.));
#2551=DIRECTION('',(-1.,0.,0.));
#2552=DIRECTION('',(1.,0.,0.));
#2553=DIRECTION('',(0.,0.,-1.));
#2554=DIRECTION('',(0.,0.,-1.));
#2555=DIRECTION('',(-1.,0.,0.));
#2556=DIRECTION('',(0.,-1.,0.));
#2557=DIRECTION('',(-1.,0.,0.));
#2558=DIRECTION('',(0.,0.,1.));
#2559=DIRECTION('',(1.,0.,0.));
#2560=DIRECTION('',(0.,0.,-1.));
#2561=DIRECTION('',(1.,0.,0.));
#2562=DIRECTION('',(0.,0.,-1.));
#2563=DIRECTION('',(1.,0.,0.));
#2564=DIRECTION('',(0.,1.,0.));
#2565=DIRECTION('',(0.,0.,1.));
#2566=DIRECTION('',(1.,0.,0.));
#2567=DIRECTION('',(-1.,0.,0.));
#2568=DIRECTION('',(0.,1.,0.));
#2569=DIRECTION('',(-1.,0.,0.));
#2570=DIRECTION('',(0.,0.,1.));
#2571=DIRECTION('',(1.,0.,0.));
#2572=DIRECTION('',(0.,0.,-1.));
#2573=DIRECTION('',(-1.,0.,0.));
#2574=DIRECTION('',(0.,0.,-1.));
#2575=DIRECTION('',(-1.,0.,0.));
#2576=DIRECTION('',(0.,0.,1.));
#2577=DIRECTION('',(-1.,0.,0.));
#2578=DIRECTION('',(0.,0.,-1.));
#2579=DIRECTION('',(1.,0.,0.));
#2580=DIRECTION('',(0.,-1.,0.));
#2581=DIRECTION('',(0.,0.,1.));
#2582=DIRECTION('',(1.,0.,0.));
#2583=DIRECTION('',(0.,1.,0.));
#2584=DIRECTION('',(-1.,0.,0.));
#2585=DIRECTION('',(0.,0.,1.));
#2586=DIRECTION('',(1.,0.,0.));
#2587=DIRECTION('',(-1.,0.,0.));
#2588=DIRECTION('',(0.,1.,0.));
#2589=DIRECTION('',(0.,-1.,0.));
#2590=DIRECTION('',(0.,0.,-1.));
#2591=DIRECTION('',(-1.,0.,0.));
#2592=DIRECTION('',(0.,0.,1.));
#2593=DIRECTION('',(-1.,0.,0.));
#2594=DIRECTION('',(0.,0.,1.));
#2595=DIRECTION('',(-1.,0.,0.));
#2596=DIRECTION('',(-1.,0.,0.));
#2597=DIRECTION('',(0.,0.,1.));
#2598=DIRECTION('',(0.,0.,-1.));
#2599=DIRECTION('',(-1.,0.,0.));
#2600=DIRECTION('',(-1.,0.,0.));
#2601=DIRECTION('',(0.,-1.,0.));
#2602=DIRECTION('',(-1.,0.,0.));
#2603=DIRECTION('',(0.,0.,1.));
#2604=DIRECTION('',(-1.,0.,0.));
#2605=DIRECTION('',(-1.,0.,0.));
#2606=DIRECTION('',(0.,0.,1.));
#2607=DIRECTION('',(0.,1.,0.));
#2608=DIRECTION('',(0.,0.,1.));
#2609=DIRECTION('',(0.,0.,-1.));
#2610=DIRECTION('',(1.,0.,0.));
#2611=DIRECTION('',(0.,1.,0.));
#2612=DIRECTION('',(0.,0.,1.));
#2613=DIRECTION('',(1.,0.,0.));
#2614=DIRECTION('',(1.,0.,0.));
#2615=DIRECTION('',(0.,-1.,0.));
#2616=DIRECTION('',(1.,0.,0.));
#2617=DIRECTION('',(0.,0.,-1.));
#2618=DIRECTION('',(-1.,0.,0.));
#2619=DIRECTION('',(0.,0.,1.));
#2620=DIRECTION('',(1.,0.,0.));
#2621=DIRECTION('',(0.,0.,-1.));
#2622=DIRECTION('',(1.,0.,0.));
#2623=DIRECTION('',(0.,0.,-1.));
#2624=DIRECTION('',(1.,0.,0.));
#2625=DIRECTION('',(0.,0.,-1.));
#2626=DIRECTION('',(-1.,0.,0.));
#2627=DIRECTION('',(0.,1.,0.));
#2628=DIRECTION('',(0.,-1.,0.));
#2629=DIRECTION('',(0.,0.,-1.));
#2630=DIRECTION('',(0.,0.,-1.));
#2631=DIRECTION('',(1.,0.,0.));
#2632=DIRECTION('',(1.,0.,0.));
#2633=DIRECTION('',(0.,0.,-1.));
#2634=DIRECTION('',(1.,0.,0.));
#2635=DIRECTION('',(0.,0.,-1.));
#2636=DIRECTION('',(1.,0.,0.));
#2637=DIRECTION('',(-1.,0.,0.));
#2638=DIRECTION('',(0.,0.,-1.));
#2639=DIRECTION('',(0.,0.,-1.));
#2640=DIRECTION('',(-1.,0.,0.));
#2641=DIRECTION('',(0.,1.,0.));
#2642=DIRECTION('',(1.,0.,0.));
#2643=DIRECTION('',(0.,0.,-1.));
#2644=DIRECTION('',(-1.,0.,0.));
#2645=DIRECTION('',(0.,0.,1.));
#2646=DIRECTION('',(-1.,0.,0.));
#2647=DIRECTION('',(0.,0.,-1.));
#2648=DIRECTION('',(-1.,0.,0.));
#2649=DIRECTION('',(0.,-1.,0.));
#2650=DIRECTION('',(0.,0.,-1.));
#2651=DIRECTION('',(-1.,0.,0.));
#2652=DIRECTION('',(1.,0.,0.));
#2653=DIRECTION('',(0.,1.,0.));
#2654=DIRECTION('',(0.,-1.,0.));
#2655=DIRECTION('',(0.,0.,-1.));
#2656=DIRECTION('',(1.,0.,0.));
#2657=DIRECTION('',(0.,0.,-1.));
#2658=DIRECTION('',(1.,0.,0.));
#2659=DIRECTION('',(0.,0.,-1.));
#2660=DIRECTION('',(1.,0.,0.));
#2661=DIRECTION('',(-1.,0.,0.));
#2662=DIRECTION('',(0.,0.,1.));
#2663=DIRECTION('',(0.,0.,1.));
#2664=DIRECTION('',(1.,0.,0.));
#2665=DIRECTION('',(1.,0.,0.));
#2666=DIRECTION('',(0.,-1.,0.));
#2667=DIRECTION('',(1.,0.,0.));
#2668=DIRECTION('',(0.,0.,-1.));
#2669=DIRECTION('',(1.,0.,0.));
#2670=DIRECTION('',(-1.,0.,0.));
#2671=DIRECTION('',(0.,0.,1.));
#2672=DIRECTION('',(0.,1.,0.));
#2673=DIRECTION('',(0.,0.,1.));
#2674=DIRECTION('',(1.,0.,0.));
#2675=DIRECTION('',(0.,0.,1.));
#2676=DIRECTION('',(0.,0.,-1.));
#2677=DIRECTION('',(-1.,0.,0.));
#2678=DIRECTION('',(0.,1.,0.));
#2679=DIRECTION('',(-1.,0.,0.));
#2680=DIRECTION('',(0.,1.,0.));
#2681=DIRECTION('',(-1.,0.,0.));
#2682=DIRECTION('',(0.,0.,1.));
#2683=DIRECTION('',(0.,1.,0.));
#2684=DIRECTION('',(0.,-1.67259839281667E-16,-1.));
#2685=DIRECTION('',(0.,-1.67259839281667E-16,-1.));
#2686=DIRECTION('',(0.,1.,-1.67259839281667E-16));
#2687=DIRECTION('',(0.,0.,1.));
#2688=DIRECTION('',(1.,0.,0.));
#2689=DIRECTION('',(0.,-1.67259839281667E-16,-1.));
#2690=DIRECTION('',(-1.,0.,0.));
#2691=DIRECTION('',(0.,0.,1.));
#2692=DIRECTION('',(0.,1.,0.));
#2693=DIRECTION('',(0.,0.,1.));
#2694=DIRECTION('',(1.,0.,0.));
#2695=DIRECTION('',(0.,0.,1.));
#2696=DIRECTION('',(1.,0.,0.));
#2697=DIRECTION('',(1.,0.,0.));
#2698=DIRECTION('',(0.,0.,-1.));
#2699=DIRECTION('',(0.,-1.67259839281667E-16,-1.));
#2700=DIRECTION('',(0.,-1.,0.));
#2701=DIRECTION('',(0.,-1.67259839281667E-16,-1.));
#2702=DIRECTION('',(0.,1.,-1.67259839281667E-16));
#2703=DIRECTION('',(0.,0.,1.));
#2704=DIRECTION('',(1.,0.,0.));
#2705=DIRECTION('',(0.,-1.67259839281667E-16,-1.));
#2706=DIRECTION('',(1.,0.,0.));
#2707=DIRECTION('',(0.,0.,-1.));
#2708=DIRECTION('',(0.,-1.,0.));
#2709=DIRECTION('',(0.,0.,1.));
#2710=DIRECTION('',(1.,0.,0.));
#2711=DIRECTION('',(0.,0.,1.));
#2712=DIRECTION('',(1.,0.,0.));
#2713=DIRECTION('',(0.,0.,1.));
#2714=DIRECTION('',(1.,0.,0.));
#2715=DIRECTION('',(0.,0.,1.));
#2716=DIRECTION('',(1.,0.,0.));
#2717=DIRECTION('',(0.,0.,1.));
#2718=DIRECTION('',(1.,0.,0.));
#2719=DIRECTION('',(0.,0.,1.));
#2720=DIRECTION('',(1.,0.,0.));
#2721=DIRECTION('',(0.,0.,-1.));
#2722=DIRECTION('',(-1.,0.,0.));
#2723=DIRECTION('',(0.,0.,1.));
#2724=DIRECTION('',(1.,0.,0.));
#2725=DIRECTION('',(0.,0.,1.));
#2726=DIRECTION('',(1.,0.,0.));
#2727=DIRECTION('',(0.,0.,-1.));
#2728=DIRECTION('',(-1.,0.,0.));
#2729=DIRECTION('',(0.,0.,1.));
#2730=DIRECTION('',(1.,0.,0.));
#2731=DIRECTION('',(0.,0.,1.));
#2732=DIRECTION('',(1.,0.,0.));
#2733=DIRECTION('',(0.,0.,-1.));
#2734=DIRECTION('',(-1.,0.,0.));
#2735=DIRECTION('',(0.,0.,1.));
#2736=DIRECTION('',(1.,0.,0.));
#2737=DIRECTION('',(0.,0.,1.));
#2738=DIRECTION('',(1.,0.,0.));
#2739=DIRECTION('',(0.,0.,-1.));
#2740=DIRECTION('',(-1.,0.,0.));
#2741=DIRECTION('',(0.,0.,1.));
#2742=DIRECTION('',(1.,0.,0.));
#2743=DIRECTION('',(0.,0.,1.));
#2744=DIRECTION('',(1.,0.,0.));
#2745=DIRECTION('',(0.,0.,-1.));
#2746=DIRECTION('',(-1.,0.,0.));
#2747=DIRECTION('',(0.,0.,1.));
#2748=DIRECTION('',(1.,0.,0.));
#2749=DIRECTION('',(0.,0.,1.));
#2750=DIRECTION('',(1.,0.,0.));
#2751=DIRECTION('',(0.,0.,-1.));
#2752=DIRECTION('',(-1.,0.,0.));
#2753=DIRECTION('',(0.,0.,1.));
#2754=DIRECTION('',(1.,0.,0.));
#2755=DIRECTION('',(0.,0.,1.));
#2756=DIRECTION('',(1.,0.,0.));
#2757=DIRECTION('',(0.,-1.67259839281667E-16,-1.));
#2758=DIRECTION('',(0.,1.,-1.67259839281667E-16));
#2759=DIRECTION('',(0.,0.,1.));
#2760=DIRECTION('',(1.,0.,0.));
#2761=DIRECTION('',(0.,0.,1.));
#2762=DIRECTION('',(1.,0.,0.));
#2763=DIRECTION('',(0.,-1.67259839281667E-16,-1.));
#2764=DIRECTION('',(0.,1.,-1.67259839281667E-16));
#2765=DIRECTION('',(0.,0.,1.));
#2766=DIRECTION('',(1.,0.,0.));
#2767=DIRECTION('',(0.,0.,1.));
#2768=DIRECTION('',(1.,0.,0.));
#2769=DIRECTION('',(0.,-1.67259839281667E-16,-1.));
#2770=DIRECTION('',(0.,1.,-1.67259839281667E-16));
#2771=DIRECTION('',(0.,0.,1.));
#2772=DIRECTION('',(1.,0.,0.));
#2773=DIRECTION('',(0.,0.,1.));
#2774=DIRECTION('',(1.,0.,0.));
#2775=DIRECTION('',(0.,-1.67259839281667E-16,-1.));
#2776=DIRECTION('',(0.,1.,-1.67259839281667E-16));
#2777=DIRECTION('',(0.,0.,1.));
#2778=DIRECTION('',(1.,0.,0.));
#2779=DIRECTION('',(0.,0.,1.));
#2780=DIRECTION('',(1.,0.,0.));
#2781=DIRECTION('',(0.,-1.67259839281667E-16,-1.));
#2782=DIRECTION('',(0.,1.,-1.67259839281667E-16));
#2783=DIRECTION('',(0.,0.,1.));
#2784=DIRECTION('',(1.,0.,0.));
#2785=DIRECTION('',(0.,0.,1.));
#2786=DIRECTION('',(1.,0.,0.));
#2787=DIRECTION('',(0.,-1.67259839281667E-16,-1.));
#2788=DIRECTION('',(0.,1.,-1.67259839281667E-16));
#2789=DIRECTION('',(0.,0.,1.));
#2790=DIRECTION('',(1.,0.,0.));
#2791=DIRECTION('',(0.,0.,1.));
#2792=DIRECTION('',(1.,0.,0.));
#2793=DIRECTION('',(0.,0.,1.));
#2794=DIRECTION('',(1.,0.,0.));
#2795=DIRECTION('',(0.,0.,1.));
#2796=DIRECTION('',(1.,0.,0.));
#2797=DIRECTION('',(0.,0.,1.));
#2798=DIRECTION('',(1.,0.,0.));
#2799=DIRECTION('',(0.,0.,-1.));
#2800=DIRECTION('',(1.,0.,0.));
#2801=DIRECTION('',(0.,0.,-1.));
#2802=DIRECTION('',(0.,0.,1.));
#2803=DIRECTION('',(1.,0.,0.));
#2804=DIRECTION('',(0.,0.,-1.));
#2805=DIRECTION('',(-1.,0.,0.));
#2806=DIRECTION('',(0.,0.,1.));
#2807=DIRECTION('',(1.,0.,0.));
#2808=DIRECTION('',(0.,0.,1.));
#2809=DIRECTION('',(1.,0.,0.));
#2810=DIRECTION('',(-1.,0.,0.));
#2811=DIRECTION('',(-1.,0.,0.));
#2812=DIRECTION('',(1.,0.,0.));
#2813=DIRECTION('',(0.,0.,-1.));
#2814=DIRECTION('',(-1.,0.,0.));
#2815=DIRECTION('',(0.,0.,1.));
#2816=DIRECTION('',(-1.,0.,0.));
#2817=DIRECTION('',(0.,0.,1.));
#2818=DIRECTION('',(0.,0.,1.));
#2819=DIRECTION('',(0.,0.,1.));
#2820=DIRECTION('',(1.,0.,0.));
#2821=DIRECTION('',(0.,0.,-1.));
#2822=DIRECTION('',(-1.,0.,0.));
#2823=DIRECTION('',(0.,0.,-1.));
#2824=DIRECTION('',(1.,0.,0.));
#2825=DIRECTION('',(0.,0.,1.));
#2826=DIRECTION('',(1.,0.,0.));
#2827=DIRECTION('',(0.,0.,-1.));
#2828=DIRECTION('',(1.,0.,0.));
#2829=DIRECTION('',(0.,0.,1.));
#2830=DIRECTION('',(1.,0.,0.));
#2831=DIRECTION('',(-1.,0.,0.));
#2832=DIRECTION('',(-1.,0.,0.));
#2833=DIRECTION('',(1.,0.,0.));
#2834=DIRECTION('',(0.,0.,-1.));
#2835=DIRECTION('',(1.,0.,0.));
#2836=DIRECTION('',(0.,0.,-1.));
#2837=DIRECTION('',(1.,0.,0.));
#2838=DIRECTION('',(0.,0.,-1.));
#2839=DIRECTION('',(0.,0.,1.));
#2840=DIRECTION('',(0.,0.,1.));
#2841=DIRECTION('',(1.,0.,0.));
#2842=DIRECTION('',(0.,0.,-1.));
#2843=DIRECTION('',(-1.,0.,0.));
#2844=DIRECTION('',(0.,0.,-1.));
#2845=DIRECTION('',(-1.,0.,0.));
#2846=DIRECTION('',(0.,0.,1.));
#2847=DIRECTION('',(1.,0.,0.));
#2848=DIRECTION('',(0.,0.,-1.));
#2849=DIRECTION('',(-1.,0.,0.));
#2850=DIRECTION('',(0.,0.,1.));
#2851=DIRECTION('',(-1.,0.,0.));
#2852=DIRECTION('',(1.,0.,0.));
#2853=DIRECTION('',(1.,0.,0.));
#2854=DIRECTION('',(-1.,0.,0.));
#2855=DIRECTION('',(0.,0.,1.));
#2856=DIRECTION('',(0.,0.,1.));
#2857=DIRECTION('',(1.,0.,0.));
#2858=DIRECTION('',(0.,0.,1.));
#2859=DIRECTION('',(-1.,0.,0.));
#2860=DIRECTION('',(0.,0.,1.));
#2861=DIRECTION('',(-1.,0.,0.));
#2862=DIRECTION('',(0.,0.,1.));
#2863=DIRECTION('',(-1.,0.,0.));
#2864=DIRECTION('',(0.,0.,1.));
#2865=DIRECTION('',(0.,0.,1.));
#2866=DIRECTION('',(1.,0.,0.));
#2867=DIRECTION('',(0.,0.,-1.));
#2868=DIRECTION('',(-1.,0.,0.));
#2869=DIRECTION('',(0.,0.,1.));
#2870=DIRECTION('',(-1.,0.,0.));
#2871=DIRECTION('',(0.,0.,1.));
#2872=DIRECTION('',(-1.,0.,0.));
#2873=DIRECTION('',(1.,0.,0.));
#2874=DIRECTION('',(1.,0.,0.));
#2875=DIRECTION('',(-1.,0.,0.));
#2876=DIRECTION('',(0.,0.,1.));
#2877=DIRECTION('',(0.,0.,1.));
#2878=DIRECTION('',(1.,0.,0.));
#2879=DIRECTION('',(0.,0.,1.));
#2880=DIRECTION('',(1.,0.,0.));
#2881=DIRECTION('',(0.,0.,1.));
#2882=DIRECTION('',(1.,0.,0.));
#2883=DIRECTION('',(0.,0.,1.));
#2884=DIRECTION('',(1.,0.,0.));
#2885=DIRECTION('',(0.,0.,-1.));
#2886=DIRECTION('',(-1.,0.,0.));
#2887=DIRECTION('',(0.,0.,-1.));
#2888=DIRECTION('',(-1.,0.,0.));
#2889=DIRECTION('',(0.,0.,-1.));
#2890=DIRECTION('',(-1.,0.,0.));
#2891=DIRECTION('',(0.,0.,-1.));
#2892=DIRECTION('',(-1.,0.,0.));
#2893=DIRECTION('',(0.,0.,-1.));
#2894=DIRECTION('',(-1.,0.,0.));
#2895=DIRECTION('',(0.,0.,-1.));
#2896=DIRECTION('',(-1.,0.,0.));
#2897=DIRECTION('',(0.,0.,1.));
#2898=DIRECTION('',(1.,0.,0.));
#2899=DIRECTION('',(0.,0.,1.));
#2900=DIRECTION('',(1.,0.,0.));
#2901=DIRECTION('',(1.,0.,0.));
#2902=DIRECTION('',(0.,0.,-1.));
#2903=DIRECTION('',(1.,0.,0.));
#2904=DIRECTION('',(0.,0.,-1.));
#2905=DIRECTION('',(-1.,0.,0.));
#2906=DIRECTION('',(0.,0.,1.));
#2907=DIRECTION('',(-1.,0.,0.));
#2908=DIRECTION('',(0.,0.,1.));
#2909=DIRECTION('',(0.,0.707106781186547,-0.707106781186548));
#2910=DIRECTION('',(0.,0.707106781186548,0.707106781186547));
#2911=DIRECTION('',(0.,-0.707106781186548,-0.707106781186547));
#2912=DIRECTION('',(-1.,0.,0.));
#2913=DIRECTION('',(0.,0.707106781186548,0.707106781186547));
#2914=DIRECTION('',(0.,-0.707106781186547,0.707106781186548));
#2915=DIRECTION('',(0.,0.707106781186547,-0.707106781186548));
#2916=DIRECTION('',(-1.,0.,0.));
#2917=DIRECTION('',(0.,-1.,0.));
#2918=DIRECTION('',(0.,-0.707106781186547,0.707106781186548));
#2919=DIRECTION('',(0.,-0.707106781186548,-0.707106781186547));
#2920=DIRECTION('',(1.,0.,0.));
#2921=DIRECTION('',(0.,-0.707106781186548,-0.707106781186547));
#2922=DIRECTION('',(0.,-0.707106781186548,-0.707106781186547));
#2923=DIRECTION('',(0.,0.707106781186547,-0.707106781186548));
#2924=DIRECTION('',(0.,0.707106781186547,-0.707106781186548));
#2925=DIRECTION('',(1.,0.,0.));
#2926=DIRECTION('',(0.,-1.,0.));
#2927=CARTESIAN_POINT('',(0.,0.,0.));
#2928=CARTESIAN_POINT('',(0.1088,-0.0591,-0.0066));
#2929=CARTESIAN_POINT('',(0.1088,-0.092699999999966,-0.0096));
#2930=CARTESIAN_POINT('',(0.1088,-0.092699999999966,-0.00745));
#2931=CARTESIAN_POINT('',(0.1088,-0.025500000000034,-0.0096));
#2932=CARTESIAN_POINT('',(0.1088,-0.025500000000034,-0.00745));
#2933=CARTESIAN_POINT('',(0.1088,-0.021500000000034,-0.0061));
#2934=CARTESIAN_POINT('',(0.1088,-0.021000000000034,-0.0056));
#2935=CARTESIAN_POINT('',(0.1088,-0.022000000000034,-0.0066));
#2936=CARTESIAN_POINT('',(0.1088,-0.021000000000034,-0.0066));
#2937=CARTESIAN_POINT('',(0.1088,-0.021000000000034,0.));
#2938=CARTESIAN_POINT('',(0.1088,-0.021900000000034,0.));
#2939=CARTESIAN_POINT('',(0.1088,-0.02479,0.));
#2940=CARTESIAN_POINT('',(0.1088,-0.02479,-0.0025));
#2941=CARTESIAN_POINT('',(0.1088,-0.02479,-0.00267512832151057));
#2942=CARTESIAN_POINT('',(0.1088,-0.025800000000034,-0.0055));
#2943=CARTESIAN_POINT('',(0.1088,-0.022800000000034,-0.0055));
#2944=CARTESIAN_POINT('',(0.1088,-0.022800000000034,-0.0062));
#2945=CARTESIAN_POINT('',(0.1088,-0.022800000000034,-0.0058));
#2946=CARTESIAN_POINT('',(0.1088,-0.024150000000034,-0.0058));
#2947=CARTESIAN_POINT('',(0.1088,-0.025500000000034,-0.0058));
#2948=CARTESIAN_POINT('',(0.1088,-0.025500000000034,-0.0096));
#2949=CARTESIAN_POINT('',(0.1088,-0.029300000000034,-0.0096));
#2950=CARTESIAN_POINT('',(0.1088,-0.029300000000034,-0.011));
#2951=CARTESIAN_POINT('',(0.1088,-0.029300000000034,-0.0098));
#2952=CARTESIAN_POINT('',(0.1088,-0.0409340960869673,-0.0098));
#2953=CARTESIAN_POINT('',(0.1088,-0.0525681921739005,-0.0098));
#2954=CARTESIAN_POINT('',(0.1088,-0.0525681921739005,-0.0083));
#2955=CARTESIAN_POINT('',(0.1088,-0.0525681921739005,-0.009895198));
#2956=CARTESIAN_POINT('',(0.1088,-0.0529681921739005,-0.009895198));
#2957=CARTESIAN_POINT('',(0.1088,-0.0529681921739005,-0.010295198));
#2958=CARTESIAN_POINT('',(0.1088,-0.0590681910869677,-0.010295198));
#2959=CARTESIAN_POINT('',(0.1088,-0.065168190000035,-0.010295198));
#2960=CARTESIAN_POINT('',(0.1088,-0.065168190000035,-0.009895198));
#2961=CARTESIAN_POINT('',(0.1088,-0.065568190000035,-0.009895198));
#2962=CARTESIAN_POINT('',(0.1088,-0.065568190000035,-0.0083));
#2963=CARTESIAN_POINT('',(0.1088,-0.065568190000035,-0.0098));
#2964=CARTESIAN_POINT('',(0.1088,-0.0772340950000005,-0.0098));
#2965=CARTESIAN_POINT('',(0.1088,-0.088899999999966,-0.0098));
#2966=CARTESIAN_POINT('',(0.1088,-0.088899999999966,-0.011));
#2967=CARTESIAN_POINT('',(0.1088,-0.088899999999966,-0.0096));
#2968=CARTESIAN_POINT('',(0.1088,-0.092699999999966,-0.0096));
#2969=CARTESIAN_POINT('',(0.1088,-0.092699999999966,-0.0058));
#2970=CARTESIAN_POINT('',(0.1088,-0.094049999999966,-0.0058));
#2971=CARTESIAN_POINT('',(0.1088,-0.095399999999966,-0.0058));
#2972=CARTESIAN_POINT('',(0.1088,-0.095399999999966,-0.0062));
#2973=CARTESIAN_POINT('',(0.1088,-0.095399999999966,-0.0055));
#2974=CARTESIAN_POINT('',(0.1088,-0.092399999999966,-0.0055));
#2975=CARTESIAN_POINT('',(0.1088,-0.09341,-0.00267512832151056));
#2976=CARTESIAN_POINT('',(0.1088,-0.09341,-0.0025));
#2977=CARTESIAN_POINT('',(0.1088,-0.09341,0.));
#2978=CARTESIAN_POINT('',(0.1088,-0.096299999999966,0.));
#2979=CARTESIAN_POINT('',(0.1088,-0.097199999999966,0.));
#2980=CARTESIAN_POINT('',(0.1088,-0.097199999999966,-0.0066));
#2981=CARTESIAN_POINT('',(0.1088,-0.097199999999966,-0.0132));
#2982=CARTESIAN_POINT('',(0.1088,-0.0591,-0.0132));
#2983=CARTESIAN_POINT('',(0.1088,-0.021000000000034,-0.0132));
#2984=CARTESIAN_POINT('',(0.1088,-0.021000000000034,-0.0066));
#2985=CARTESIAN_POINT('',(0.1088,-0.021000000000034,-0.0076));
#2986=CARTESIAN_POINT('',(0.1088,-0.021500000000034,-0.0071));
#2987=CARTESIAN_POINT('',(0.061198,-0.095399999999966,-0.0062));
#2988=CARTESIAN_POINT('',(0.1009,-0.095399999999966,-0.0025));
#2989=CARTESIAN_POINT('',(0.1009,-0.095399999999966,-0.0055));
#2990=CARTESIAN_POINT('',(0.1009,-0.095399999999966,0.));
#2991=CARTESIAN_POINT('',(0.1088,-0.095399999999966,-0.0055));
#2992=CARTESIAN_POINT('',(0.1038,-0.095399999999966,-0.0058));
#2993=CARTESIAN_POINT('',(0.1038,-0.095399999999966,-0.0058));
#2994=CARTESIAN_POINT('',(0.1038,-0.095399999999966,-0.0091));
#2995=CARTESIAN_POINT('',(0.1038,-0.095399999999966,-0.0124));
#2996=CARTESIAN_POINT('',(0.061198,-0.095399999999966,-0.0124));
#2997=CARTESIAN_POINT('',(0.0888,-0.095399999999966,-0.0124));
#2998=CARTESIAN_POINT('',(0.0888,-0.095399999999966,-0.009798));
#2999=CARTESIAN_POINT('',(0.0888,-0.095399999999966,-0.0098));
#3000=CARTESIAN_POINT('',(0.061198,-0.095399999999966,-0.0098));
#3001=CARTESIAN_POINT('',(0.0812,-0.095399999999966,-0.0098));
#3002=CARTESIAN_POINT('',(0.0812,-0.095399999999966,-0.009798));
#3003=CARTESIAN_POINT('',(0.0812,-0.095399999999966,-0.0124));
#3004=CARTESIAN_POINT('',(0.061198,-0.095399999999966,-0.0124));
#3005=CARTESIAN_POINT('',(0.0662,-0.095399999999966,-0.0124));
#3006=CARTESIAN_POINT('',(0.0662,-0.095399999999966,-0.0091));
#3007=CARTESIAN_POINT('',(0.0662,-0.095399999999966,-0.0058));
#3008=CARTESIAN_POINT('',(0.0662,-0.095399999999966,-0.0058));
#3009=CARTESIAN_POINT('',(0.0612,-0.095399999999966,-0.0058));
#3010=CARTESIAN_POINT('',(0.0612,-0.095399999999966,-0.0062));
#3011=CARTESIAN_POINT('',(0.0612,-0.095399999999966,-0.0055));
#3012=CARTESIAN_POINT('',(0.0691,-0.095399999999966,-0.0055));
#3013=CARTESIAN_POINT('',(0.0691,-0.095399999999966,-0.0055));
#3014=CARTESIAN_POINT('',(0.0691,-0.095399999999966,-0.0025));
#3015=CARTESIAN_POINT('',(0.0691,-0.095399999999966,0.));
#3016=CARTESIAN_POINT('',(0.061198,-0.095399999999966,0.));
#3017=CARTESIAN_POINT('',(0.061198,-0.022800000000034,-0.0062));
#3018=CARTESIAN_POINT('',(0.1009,-0.022800000000034,-0.0055));
#3019=CARTESIAN_POINT('',(0.1009,-0.022800000000034,-0.0055));
#3020=CARTESIAN_POINT('',(0.1009,-0.022800000000034,-0.0025));
#3021=CARTESIAN_POINT('',(0.1009,-0.022800000000034,0.));
#3022=CARTESIAN_POINT('',(0.061198,-0.022800000000034,0.));
#3023=CARTESIAN_POINT('',(0.0691,-0.022800000000034,0.));
#3024=CARTESIAN_POINT('',(0.0691,-0.022800000000034,-0.0025));
#3025=CARTESIAN_POINT('',(0.0691,-0.022800000000034,-0.0055));
#3026=CARTESIAN_POINT('',(0.0612,-0.022800000000034,-0.0055));
#3027=CARTESIAN_POINT('',(0.0612,-0.022800000000034,-0.0055));
#3028=CARTESIAN_POINT('',(0.0612,-0.022800000000034,-0.0062));
#3029=CARTESIAN_POINT('',(0.0612,-0.022800000000034,-0.0058));
#3030=CARTESIAN_POINT('',(0.0662,-0.022800000000034,-0.0058));
#3031=CARTESIAN_POINT('',(0.0662,-0.022800000000034,-0.0058));
#3032=CARTESIAN_POINT('',(0.0662,-0.022800000000034,-0.0091));
#3033=CARTESIAN_POINT('',(0.0662,-0.022800000000034,-0.0124));
#3034=CARTESIAN_POINT('',(0.061198,-0.022800000000034,-0.0124));
#3035=CARTESIAN_POINT('',(0.0812,-0.022800000000034,-0.0124));
#3036=CARTESIAN_POINT('',(0.0812,-0.022800000000034,-0.009798));
#3037=CARTESIAN_POINT('',(0.0812,-0.022800000000034,-0.0098));
#3038=CARTESIAN_POINT('',(0.061198,-0.022800000000034,-0.0098));
#3039=CARTESIAN_POINT('',(0.0888,-0.022800000000034,-0.0098));
#3040=CARTESIAN_POINT('',(0.0888,-0.022800000000034,-0.009798));
#3041=CARTESIAN_POINT('',(0.0888,-0.022800000000034,-0.0124));
#3042=CARTESIAN_POINT('',(0.061198,-0.022800000000034,-0.0124));
#3043=CARTESIAN_POINT('',(0.1038,-0.022800000000034,-0.0124));
#3044=CARTESIAN_POINT('',(0.1038,-0.022800000000034,-0.0091));
#3045=CARTESIAN_POINT('',(0.1038,-0.022800000000034,-0.0058));
#3046=CARTESIAN_POINT('',(0.1038,-0.022800000000034,-0.0058));
#3047=CARTESIAN_POINT('',(0.061198,-0.0591,-0.0124));
#3048=CARTESIAN_POINT('',(0.0723,-0.09085,-0.0124));
#3049=CARTESIAN_POINT('',(0.0723,-0.08705,-0.0124));
#3050=CARTESIAN_POINT('',(0.0723,-0.02735,-0.0124));
#3051=CARTESIAN_POINT('',(0.0723,-0.02355,-0.0124));
#3052=CARTESIAN_POINT('',(0.07865,-0.0591,-0.0124));
#3053=CARTESIAN_POINT('',(0.07865,-0.0553,-0.0124));
#3054=CARTESIAN_POINT('',(0.09135,-0.0591,-0.0124));
#3055=CARTESIAN_POINT('',(0.09135,-0.0553,-0.0124));
#3056=CARTESIAN_POINT('',(0.0977,-0.09085,-0.0124));
#3057=CARTESIAN_POINT('',(0.0977,-0.08705,-0.0124));
#3058=CARTESIAN_POINT('',(0.0977,-0.02735,-0.0124));
#3059=CARTESIAN_POINT('',(0.0977,-0.02355,-0.0124));
#3060=CARTESIAN_POINT('',(0.085,-0.0273,-0.0124));
#3061=CARTESIAN_POINT('',(0.0812,-0.0273,-0.0124));
#3062=CARTESIAN_POINT('',(0.0888,-0.0273,-0.0124));
#3063=CARTESIAN_POINT('',(0.0812,-0.025050000000017,-0.0124));
#3064=CARTESIAN_POINT('',(0.0662,-0.026050000000034,-0.0124));
#3065=CARTESIAN_POINT('',(0.0662,-0.029300000000034,-0.0124));
#3066=CARTESIAN_POINT('',(0.0662,-0.029300000000034,-0.0124));
#3067=CARTESIAN_POINT('',(0.0648,-0.029300000000034,-0.0124));
#3068=CARTESIAN_POINT('',(0.0648,-0.0591,-0.0124));
#3069=CARTESIAN_POINT('',(0.0648,-0.088899999999966,-0.0124));
#3070=CARTESIAN_POINT('',(0.0662,-0.088899999999966,-0.0124));
#3071=CARTESIAN_POINT('',(0.0662,-0.088899999999966,-0.0124));
#3072=CARTESIAN_POINT('',(0.0662,-0.092149999999966,-0.0124));
#3073=CARTESIAN_POINT('',(0.0812,-0.093099999999983,-0.0124));
#3074=CARTESIAN_POINT('',(0.0812,-0.0908,-0.0124));
#3075=CARTESIAN_POINT('',(0.085,-0.0908,-0.0124));
#3076=CARTESIAN_POINT('',(0.0888,-0.0908,-0.0124));
#3077=CARTESIAN_POINT('',(0.0888,-0.093099999999983,-0.0124));
#3078=CARTESIAN_POINT('',(0.1038,-0.092149999999966,-0.0124));
#3079=CARTESIAN_POINT('',(0.1038,-0.088899999999966,-0.0124));
#3080=CARTESIAN_POINT('',(0.1038,-0.088899999999966,-0.0124));
#3081=CARTESIAN_POINT('',(0.1052,-0.088899999999966,-0.0124));
#3082=CARTESIAN_POINT('',(0.1052,-0.0591,-0.0124));
#3083=CARTESIAN_POINT('',(0.1052,-0.029300000000034,-0.0124));
#3084=CARTESIAN_POINT('',(0.1038,-0.029300000000034,-0.0124));
#3085=CARTESIAN_POINT('',(0.1038,-0.029300000000034,-0.0124));
#3086=CARTESIAN_POINT('',(0.1038,-0.026050000000034,-0.0124));
#3087=CARTESIAN_POINT('',(0.0888,-0.025050000000017,-0.0124));
#3088=CARTESIAN_POINT('',(0.1038,-0.088899999999966,-0.011));
#3089=CARTESIAN_POINT('',(0.1052,-0.088899999999966,-0.0098));
#3090=CARTESIAN_POINT('',(0.1052,-0.088899999999966,-0.0098));
#3091=CARTESIAN_POINT('',(0.1052,-0.088899999999966,-0.0111));
#3092=CARTESIAN_POINT('',(0.1038,-0.088899999999966,-0.011));
#3093=CARTESIAN_POINT('',(0.1038,-0.088899999999966,-0.0096));
#3094=CARTESIAN_POINT('',(0.1038,-0.088899999999966,-0.0096));
#3095=CARTESIAN_POINT('',(0.0662,-0.088899999999966,-0.011));
#3096=CARTESIAN_POINT('',(0.0648,-0.088899999999966,-0.0111));
#3097=CARTESIAN_POINT('',(0.0648,-0.088899999999966,-0.0098));
#3098=CARTESIAN_POINT('',(0.0648,-0.088899999999966,-0.0098));
#3099=CARTESIAN_POINT('',(0.0612,-0.088899999999966,-0.0098));
#3100=CARTESIAN_POINT('',(0.0612,-0.088899999999966,-0.011));
#3101=CARTESIAN_POINT('',(0.0612,-0.088899999999966,-0.0096));
#3102=CARTESIAN_POINT('',(0.0662,-0.088899999999966,-0.0096));
#3103=CARTESIAN_POINT('',(0.0662,-0.088899999999966,-0.0096));
#3104=CARTESIAN_POINT('',(0.0662,-0.088899999999966,-0.011));
#3105=CARTESIAN_POINT('',(0.0662,-0.029300000000034,-0.011));
#3106=CARTESIAN_POINT('',(0.0648,-0.029300000000034,-0.0098));
#3107=CARTESIAN_POINT('',(0.0648,-0.029300000000034,-0.0098));
#3108=CARTESIAN_POINT('',(0.0612,-0.029300000000034,-0.0098));
#3109=CARTESIAN_POINT('',(0.0648,-0.029300000000034,-0.0111));
#3110=CARTESIAN_POINT('',(0.0662,-0.029300000000034,-0.011));
#3111=CARTESIAN_POINT('',(0.0662,-0.029300000000034,-0.0096));
#3112=CARTESIAN_POINT('',(0.0662,-0.029300000000034,-0.0096));
#3113=CARTESIAN_POINT('',(0.0612,-0.029300000000034,-0.0096));
#3114=CARTESIAN_POINT('',(0.0612,-0.029300000000034,-0.011));
#3115=CARTESIAN_POINT('',(0.0612,-0.0591,-0.0066));
#3116=CARTESIAN_POINT('',(0.0612,-0.025500000000034,-0.0096));
#3117=CARTESIAN_POINT('',(0.0612,-0.025500000000034,-0.01175));
#3118=CARTESIAN_POINT('',(0.0612,-0.092699999999966,-0.0096));
#3119=CARTESIAN_POINT('',(0.0612,-0.092699999999966,-0.01175));
#3120=CARTESIAN_POINT('',(0.0612,-0.021000000000034,-0.0066));
#3121=CARTESIAN_POINT('',(0.0612,-0.021000000000034,-0.0056));
#3122=CARTESIAN_POINT('',(0.0612,-0.021000000000034,0.));
#3123=CARTESIAN_POINT('',(0.0612,-0.021500000000034,-0.0061));
#3124=CARTESIAN_POINT('',(0.0612,-0.022000000000034,-0.0066));
#3125=CARTESIAN_POINT('',(0.0612,-0.021500000000034,-0.0071));
#3126=CARTESIAN_POINT('',(0.0612,-0.021000000000034,-0.0076));
#3127=CARTESIAN_POINT('',(0.0612,-0.021000000000034,-0.0066));
#3128=CARTESIAN_POINT('',(0.0612,-0.021000000000034,-0.0132));
#3129=CARTESIAN_POINT('',(0.0612,-0.0591,-0.0132));
#3130=CARTESIAN_POINT('',(0.0612,-0.097199999999966,-0.0132));
#3131=CARTESIAN_POINT('',(0.0612,-0.097199999999966,-0.0066));
#3132=CARTESIAN_POINT('',(0.0612,-0.097199999999966,0.));
#3133=CARTESIAN_POINT('',(0.0612,-0.096299999999966,0.));
#3134=CARTESIAN_POINT('',(0.0612,-0.09341,0.));
#3135=CARTESIAN_POINT('',(0.0612,-0.09341,-0.0025));
#3136=CARTESIAN_POINT('',(0.0612,-0.09341,-0.00267512832151056));
#3137=CARTESIAN_POINT('',(0.0612,-0.092399999999966,-0.0055));
#3138=CARTESIAN_POINT('',(0.0612,-0.094049999999966,-0.0058));
#3139=CARTESIAN_POINT('',(0.0612,-0.092699999999966,-0.0058));
#3140=CARTESIAN_POINT('',(0.0612,-0.092699999999966,-0.0096));
#3141=CARTESIAN_POINT('',(0.0612,-0.0772340950000005,-0.0098));
#3142=CARTESIAN_POINT('',(0.0612,-0.065568190000035,-0.0098));
#3143=CARTESIAN_POINT('',(0.0612,-0.065568190000035,-0.0083));
#3144=CARTESIAN_POINT('',(0.0612,-0.065568190000035,-0.009895198));
#3145=CARTESIAN_POINT('',(0.0612,-0.065168190000035,-0.009895198));
#3146=CARTESIAN_POINT('',(0.0612,-0.065168190000035,-0.010295198));
#3147=CARTESIAN_POINT('',(0.0612,-0.0590681910869677,-0.010295198));
#3148=CARTESIAN_POINT('',(0.0612,-0.0529681921739005,-0.010295198));
#3149=CARTESIAN_POINT('',(0.0612,-0.0529681921739005,-0.009895198));
#3150=CARTESIAN_POINT('',(0.0612,-0.0525681921739005,-0.009895198));
#3151=CARTESIAN_POINT('',(0.0612,-0.0525681921739005,-0.0083));
#3152=CARTESIAN_POINT('',(0.0612,-0.0525681921739005,-0.0098));
#3153=CARTESIAN_POINT('',(0.0612,-0.0409340960869673,-0.0098));
#3154=CARTESIAN_POINT('',(0.0612,-0.025500000000034,-0.0096));
#3155=CARTESIAN_POINT('',(0.0612,-0.025500000000034,-0.0058));
#3156=CARTESIAN_POINT('',(0.0612,-0.024150000000034,-0.0058));
#3157=CARTESIAN_POINT('',(0.0612,-0.025800000000034,-0.0055));
#3158=CARTESIAN_POINT('',(0.0612,-0.02479,-0.00267512832151056));
#3159=CARTESIAN_POINT('',(0.0612,-0.02479,-0.0025));
#3160=CARTESIAN_POINT('',(0.0612,-0.02479,0.));
#3161=CARTESIAN_POINT('',(0.0612,-0.021900000000034,0.));
#3162=CARTESIAN_POINT('',(0.061198,-0.021900000000034,0.));
#3163=CARTESIAN_POINT('',(0.10485,-0.02479,0.));
#3164=CARTESIAN_POINT('',(0.102625,-0.02479,0.));
#3165=CARTESIAN_POINT('',(0.06515,-0.02479,0.));
#3166=CARTESIAN_POINT('',(0.062925,-0.02479,0.));
#3167=CARTESIAN_POINT('',(0.061198,-0.021000000000034,0.));
#3168=CARTESIAN_POINT('',(0.06515,-0.02479,0.));
#3169=CARTESIAN_POINT('',(0.0691,-0.02479,0.));
#3170=CARTESIAN_POINT('',(0.0691,-0.023795000000017,0.));
#3171=CARTESIAN_POINT('',(0.1009,-0.023795000000017,0.));
#3172=CARTESIAN_POINT('',(0.1009,-0.02479,0.));
#3173=CARTESIAN_POINT('',(0.10485,-0.02479,0.));
#3174=CARTESIAN_POINT('',(0.061198,-0.096299999999966,0.));
#3175=CARTESIAN_POINT('',(0.10485,-0.09341,0.));
#3176=CARTESIAN_POINT('',(0.102625,-0.09341,0.));
#3177=CARTESIAN_POINT('',(0.06515,-0.09341,0.));
#3178=CARTESIAN_POINT('',(0.062925,-0.09341,0.));
#3179=CARTESIAN_POINT('',(0.0691,-0.094404999999983,0.));
#3180=CARTESIAN_POINT('',(0.0691,-0.09341,0.));
#3181=CARTESIAN_POINT('',(0.06515,-0.09341,0.));
#3182=CARTESIAN_POINT('',(0.061198,-0.097199999999966,0.));
#3183=CARTESIAN_POINT('',(0.10485,-0.09341,0.));
#3184=CARTESIAN_POINT('',(0.1009,-0.09341,0.));
#3185=CARTESIAN_POINT('',(0.1009,-0.094404999999983,0.));
#3186=CARTESIAN_POINT('',(0.061198,-0.097199999999966,-0.0066));
#3187=CARTESIAN_POINT('',(0.061198,-0.097199999999966,-0.0132));
#3188=CARTESIAN_POINT('',(0.061198,-0.0591,-0.0132));
#3189=CARTESIAN_POINT('',(0.09135,-0.0591,-0.0132));
#3190=CARTESIAN_POINT('',(0.093575,-0.0591,-0.0132));
#3191=CARTESIAN_POINT('',(0.07865,-0.0591,-0.0132));
#3192=CARTESIAN_POINT('',(0.080875,-0.0591,-0.0132));
#3193=CARTESIAN_POINT('',(0.0723,-0.02735,-0.0132));
#3194=CARTESIAN_POINT('',(0.074525,-0.02735,-0.0132));
#3195=CARTESIAN_POINT('',(0.0977,-0.02735,-0.0132));
#3196=CARTESIAN_POINT('',(0.099925,-0.02735,-0.0132));
#3197=CARTESIAN_POINT('',(0.0977,-0.09085,-0.0132));
#3198=CARTESIAN_POINT('',(0.099925,-0.09085,-0.0132));
#3199=CARTESIAN_POINT('',(0.0723,-0.09085,-0.0132));
#3200=CARTESIAN_POINT('',(0.074525,-0.09085,-0.0132));
#3201=CARTESIAN_POINT('',(0.085,-0.0273,-0.0132));
#3202=CARTESIAN_POINT('',(0.086625,-0.0273,-0.0132));
#3203=CARTESIAN_POINT('',(0.085,-0.0908,-0.0132));
#3204=CARTESIAN_POINT('',(0.086625,-0.0908,-0.0132));
#3205=CARTESIAN_POINT('',(0.061198,-0.021000000000034,-0.0132));
#3206=CARTESIAN_POINT('',(0.061198,-0.021000000000034,-0.0066));
#3207=CARTESIAN_POINT('',(0.1038,-0.021000000000034,-0.0066));
#3208=CARTESIAN_POINT('',(0.1038,-0.021000000000034,-0.0076));
#3209=CARTESIAN_POINT('',(0.1038,-0.021000000000034,-0.0056));
#3210=CARTESIAN_POINT('',(0.1038,-0.021000000000034,-0.0076));
#3211=CARTESIAN_POINT('',(0.0662,-0.021000000000034,-0.0076));
#3212=CARTESIAN_POINT('',(0.0662,-0.021000000000034,-0.0076));
#3213=CARTESIAN_POINT('',(0.0662,-0.021000000000034,-0.0066));
#3214=CARTESIAN_POINT('',(0.0662,-0.021000000000034,-0.0056));
#3215=CARTESIAN_POINT('',(0.0662,-0.021000000000034,-0.0056));
#3216=CARTESIAN_POINT('',(0.1038,-0.021000000000034,-0.0056));
#3217=CARTESIAN_POINT('',(0.0662,-0.092699999999966,-0.0096));
#3218=CARTESIAN_POINT('',(0.0662,-0.092699999999966,-0.0058));
#3219=CARTESIAN_POINT('',(0.0662,-0.092699999999966,-0.0058));
#3220=CARTESIAN_POINT('',(0.0662,-0.092699999999966,-0.0096));
#3221=CARTESIAN_POINT('',(0.0662,-0.094049999999966,-0.0058));
#3222=CARTESIAN_POINT('',(0.0662,-0.094049999999966,-0.0058));
#3223=CARTESIAN_POINT('',(0.0662,-0.092699999999966,-0.0096));
#3224=CARTESIAN_POINT('',(0.0618,-0.092699999999966,-0.0096));
#3225=CARTESIAN_POINT('',(0.0618,-0.092699999999966,-0.01115));
#3226=CARTESIAN_POINT('',(0.0662,-0.092699999999966,-0.0096));
#3227=CARTESIAN_POINT('',(0.0662,-0.092699999999966,-0.01115));
#3228=CARTESIAN_POINT('',(0.0662,-0.0591,-0.0066));
#3229=CARTESIAN_POINT('',(0.0662,-0.024150000000034,-0.0058));
#3230=CARTESIAN_POINT('',(0.0662,-0.025500000000034,-0.0058));
#3231=CARTESIAN_POINT('',(0.0662,-0.025500000000034,-0.0058));
#3232=CARTESIAN_POINT('',(0.0662,-0.024150000000034,-0.0058));
#3233=CARTESIAN_POINT('',(0.0662,-0.025500000000034,-0.0096));
#3234=CARTESIAN_POINT('',(0.0618,-0.025500000000034,-0.0096));
#3235=CARTESIAN_POINT('',(0.0618,-0.025500000000034,-0.01115));
#3236=CARTESIAN_POINT('',(0.0662,-0.025500000000034,-0.0096));
#3237=CARTESIAN_POINT('',(0.0662,-0.025500000000034,-0.01115));
#3238=CARTESIAN_POINT('',(0.0662,-0.025500000000034,-0.0096));
#3239=CARTESIAN_POINT('',(0.0662,-0.025500000000034,-0.0096));
#3240=CARTESIAN_POINT('',(0.0662,-0.0591,-0.0066));
#3241=CARTESIAN_POINT('',(0.0648,-0.0772340950000005,-0.0098));
#3242=CARTESIAN_POINT('',(0.0648,-0.0772340950000005,-0.0098));
#3243=CARTESIAN_POINT('',(0.0648,-0.065568190000035,-0.0098));
#3244=CARTESIAN_POINT('',(0.0648,-0.065568190000035,-0.0098));
#3245=CARTESIAN_POINT('',(0.0648,-0.0409340960869673,-0.0098));
#3246=CARTESIAN_POINT('',(0.0648,-0.0525681921739005,-0.0098));
#3247=CARTESIAN_POINT('',(0.0648,-0.0525681921739005,-0.0098));
#3248=CARTESIAN_POINT('',(0.0648,-0.0409340960869673,-0.0098));
#3249=CARTESIAN_POINT('',(0.0648,-0.0525681921739005,-0.0083));
#3250=CARTESIAN_POINT('',(0.0648,-0.0525681921739005,-0.009895198));
#3251=CARTESIAN_POINT('',(0.0648,-0.0525681921739005,-0.009895198));
#3252=CARTESIAN_POINT('',(0.0648,-0.0525681921739005,-0.0083));
#3253=CARTESIAN_POINT('',(0.0648,-0.0529681921739005,-0.009895198));
#3254=CARTESIAN_POINT('',(0.0648,-0.0529681921739005,-0.010295198));
#3255=CARTESIAN_POINT('',(0.0648,-0.0529681921739005,-0.010295198));
#3256=CARTESIAN_POINT('',(0.0648,-0.0529681921739005,-0.009895198));
#3257=CARTESIAN_POINT('',(0.0648,-0.0590681910869677,-0.010295198));
#3258=CARTESIAN_POINT('',(0.0648,-0.065168190000035,-0.010295198));
#3259=CARTESIAN_POINT('',(0.0648,-0.065168190000035,-0.010295198));
#3260=CARTESIAN_POINT('',(0.0648,-0.0590681910869677,-0.010295198));
#3261=CARTESIAN_POINT('',(0.0648,-0.065168190000035,-0.009895198));
#3262=CARTESIAN_POINT('',(0.0648,-0.065568190000035,-0.009895198));
#3263=CARTESIAN_POINT('',(0.0648,-0.065568190000035,-0.009895198));
#3264=CARTESIAN_POINT('',(0.0648,-0.065168190000035,-0.009895198));
#3265=CARTESIAN_POINT('',(0.0648,-0.065568190000035,-0.0083));
#3266=CARTESIAN_POINT('',(0.0648,-0.065568190000035,-0.0083));
#3267=CARTESIAN_POINT('',(0.0648,-0.0591,-0.0066));
#3268=CARTESIAN_POINT('',(0.1038,-0.094049999999966,-0.0058));
#3269=CARTESIAN_POINT('',(0.1038,-0.092699999999966,-0.0058));
#3270=CARTESIAN_POINT('',(0.1038,-0.092699999999966,-0.0058));
#3271=CARTESIAN_POINT('',(0.1038,-0.094049999999966,-0.0058));
#3272=CARTESIAN_POINT('',(0.1038,-0.092699999999966,-0.0096));
#3273=CARTESIAN_POINT('',(0.1082,-0.092699999999966,-0.0096));
#3274=CARTESIAN_POINT('',(0.1082,-0.092699999999966,-0.00805));
#3275=CARTESIAN_POINT('',(0.1038,-0.092699999999966,-0.0096));
#3276=CARTESIAN_POINT('',(0.1038,-0.092699999999966,-0.01115));
#3277=CARTESIAN_POINT('',(0.1038,-0.092699999999966,-0.0096));
#3278=CARTESIAN_POINT('',(0.1038,-0.092699999999966,-0.0096));
#3279=CARTESIAN_POINT('',(0.1038,-0.0591,-0.0066));
#3280=CARTESIAN_POINT('',(0.1038,-0.029300000000034,-0.011));
#3281=CARTESIAN_POINT('',(0.1052,-0.029300000000034,-0.0111));
#3282=CARTESIAN_POINT('',(0.1052,-0.029300000000034,-0.0098));
#3283=CARTESIAN_POINT('',(0.1052,-0.029300000000034,-0.0098));
#3284=CARTESIAN_POINT('',(0.1038,-0.029300000000034,-0.0096));
#3285=CARTESIAN_POINT('',(0.1038,-0.029300000000034,-0.0096));
#3286=CARTESIAN_POINT('',(0.1038,-0.029300000000034,-0.011));
#3287=CARTESIAN_POINT('',(0.1038,-0.025500000000034,-0.0096));
#3288=CARTESIAN_POINT('',(0.1038,-0.025500000000034,-0.0058));
#3289=CARTESIAN_POINT('',(0.1038,-0.025500000000034,-0.0058));
#3290=CARTESIAN_POINT('',(0.1038,-0.025500000000034,-0.0096));
#3291=CARTESIAN_POINT('',(0.1038,-0.024150000000034,-0.0058));
#3292=CARTESIAN_POINT('',(0.1038,-0.024150000000034,-0.0058));
#3293=CARTESIAN_POINT('',(0.1038,-0.025500000000034,-0.0096));
#3294=CARTESIAN_POINT('',(0.1082,-0.025500000000034,-0.0096));
#3295=CARTESIAN_POINT('',(0.1082,-0.025500000000034,-0.00805));
#3296=CARTESIAN_POINT('',(0.1038,-0.025500000000034,-0.0096));
#3297=CARTESIAN_POINT('',(0.1038,-0.025500000000034,-0.01115));
#3298=CARTESIAN_POINT('',(0.1038,-0.0591,-0.0066));
#3299=CARTESIAN_POINT('',(0.1052,-0.0772340950000005,-0.0098));
#3300=CARTESIAN_POINT('',(0.1052,-0.065568190000035,-0.0098));
#3301=CARTESIAN_POINT('',(0.1052,-0.065568190000035,-0.0098));
#3302=CARTESIAN_POINT('',(0.1052,-0.0772340950000005,-0.0098));
#3303=CARTESIAN_POINT('',(0.1052,-0.065568190000035,-0.0083));
#3304=CARTESIAN_POINT('',(0.1052,-0.065568190000035,-0.009895198));
#3305=CARTESIAN_POINT('',(0.1052,-0.065568190000035,-0.009895198));
#3306=CARTESIAN_POINT('',(0.1052,-0.065568190000035,-0.0083));
#3307=CARTESIAN_POINT('',(0.1052,-0.065168190000035,-0.009895198));
#3308=CARTESIAN_POINT('',(0.1052,-0.065168190000035,-0.010295198));
#3309=CARTESIAN_POINT('',(0.1052,-0.065168190000035,-0.010295198));
#3310=CARTESIAN_POINT('',(0.1052,-0.065168190000035,-0.009895198));
#3311=CARTESIAN_POINT('',(0.1052,-0.0590681910869677,-0.010295198));
#3312=CARTESIAN_POINT('',(0.1052,-0.0529681921739005,-0.010295198));
#3313=CARTESIAN_POINT('',(0.1052,-0.0529681921739005,-0.010295198));
#3314=CARTESIAN_POINT('',(0.1052,-0.0590681910869677,-0.010295198));
#3315=CARTESIAN_POINT('',(0.1052,-0.0529681921739005,-0.009895198));
#3316=CARTESIAN_POINT('',(0.1052,-0.0525681921739005,-0.009895198));
#3317=CARTESIAN_POINT('',(0.1052,-0.0525681921739005,-0.009895198));
#3318=CARTESIAN_POINT('',(0.1052,-0.0529681921739005,-0.009895198));
#3319=CARTESIAN_POINT('',(0.1052,-0.0525681921739005,-0.0083));
#3320=CARTESIAN_POINT('',(0.1052,-0.0525681921739005,-0.0098));
#3321=CARTESIAN_POINT('',(0.1052,-0.0525681921739005,-0.0098));
#3322=CARTESIAN_POINT('',(0.1052,-0.0525681921739005,-0.0083));
#3323=CARTESIAN_POINT('',(0.1052,-0.0409340960869673,-0.0098));
#3324=CARTESIAN_POINT('',(0.1052,-0.0409340960869673,-0.0098));
#3325=CARTESIAN_POINT('',(0.1052,-0.0591,-0.0066));
#3326=CARTESIAN_POINT('',(0.0888,-0.025050000000017,-0.009798));
#3327=CARTESIAN_POINT('',(0.0888,-0.025050000000017,-0.0098));
#3328=CARTESIAN_POINT('',(0.0888,-0.0273,-0.0098));
#3329=CARTESIAN_POINT('',(0.0888,-0.0273,-0.009798));
#3330=CARTESIAN_POINT('',(0.085,-0.0273,-0.009798));
#3331=CARTESIAN_POINT('',(0.085,-0.0273,-0.0098));
#3332=CARTESIAN_POINT('',(0.0812,-0.0273,-0.0098));
#3333=CARTESIAN_POINT('',(0.0812,-0.0273,-0.009798));
#3334=CARTESIAN_POINT('',(0.0812,-0.025050000000017,-0.009798));
#3335=CARTESIAN_POINT('',(0.0812,-0.025050000000017,-0.0098));
#3336=CARTESIAN_POINT('',(0.,0.,-0.0098));
#3337=CARTESIAN_POINT('',(0.085,-0.0273,-0.0098));
#3338=CARTESIAN_POINT('',(0.087225,-0.0273,-0.0098));
#3339=CARTESIAN_POINT('',(0.0888,-0.093099999999983,-0.009798));
#3340=CARTESIAN_POINT('',(0.0888,-0.0908,-0.009798));
#3341=CARTESIAN_POINT('',(0.0888,-0.0908,-0.0098));
#3342=CARTESIAN_POINT('',(0.0888,-0.093099999999983,-0.0098));
#3343=CARTESIAN_POINT('',(0.085,-0.0908,-0.009798));
#3344=CARTESIAN_POINT('',(0.085,-0.0908,-0.0098));
#3345=CARTESIAN_POINT('',(0.0812,-0.0908,-0.0098));
#3346=CARTESIAN_POINT('',(0.0812,-0.0908,-0.009798));
#3347=CARTESIAN_POINT('',(0.0812,-0.093099999999983,-0.009798));
#3348=CARTESIAN_POINT('',(0.0812,-0.093099999999983,-0.0098));
#3349=CARTESIAN_POINT('',(0.,0.,-0.0098));
#3350=CARTESIAN_POINT('',(0.085,-0.0908,-0.0098));
#3351=CARTESIAN_POINT('',(0.087225,-0.0908,-0.0098));
#3352=CARTESIAN_POINT('',(0.085,-0.0908,-0.013202));
#3353=CARTESIAN_POINT('',(0.085,-0.0908,-0.0104));
#3354=CARTESIAN_POINT('',(0.086625,-0.0908,-0.0104));
#3355=CARTESIAN_POINT('',(0.085,-0.0273,-0.013202));
#3356=CARTESIAN_POINT('',(0.085,-0.0273,-0.0104));
#3357=CARTESIAN_POINT('',(0.086625,-0.0273,-0.0104));
#3358=CARTESIAN_POINT('',(0.0723,-0.09085,-0.012398));
#3359=CARTESIAN_POINT('',(0.0723,-0.09085,-0.0126));
#3360=CARTESIAN_POINT('',(0.073925,-0.09085,-0.0126));
#3361=CARTESIAN_POINT('',(0.0723,-0.09085,-0.0098));
#3362=CARTESIAN_POINT('',(0.073925,-0.09085,-0.0098));
#3363=CARTESIAN_POINT('',(0.09135,-0.0591,-0.012398));
#3364=CARTESIAN_POINT('',(0.09135,-0.0591,-0.0126));
#3365=CARTESIAN_POINT('',(0.092975,-0.0591,-0.0126));
#3366=CARTESIAN_POINT('',(0.09135,-0.0591,-0.0098));
#3367=CARTESIAN_POINT('',(0.092975,-0.0591,-0.0098));
#3368=CARTESIAN_POINT('',(0.07865,-0.0591,-0.012398));
#3369=CARTESIAN_POINT('',(0.07865,-0.0591,-0.0126));
#3370=CARTESIAN_POINT('',(0.080275,-0.0591,-0.0126));
#3371=CARTESIAN_POINT('',(0.07865,-0.0591,-0.0098));
#3372=CARTESIAN_POINT('',(0.080275,-0.0591,-0.0098));
#3373=CARTESIAN_POINT('',(0.0723,-0.02735,-0.012398));
#3374=CARTESIAN_POINT('',(0.0723,-0.02735,-0.0126));
#3375=CARTESIAN_POINT('',(0.073925,-0.02735,-0.0126));
#3376=CARTESIAN_POINT('',(0.0723,-0.02735,-0.0098));
#3377=CARTESIAN_POINT('',(0.073925,-0.02735,-0.0098));
#3378=CARTESIAN_POINT('',(0.0977,-0.02735,-0.012398));
#3379=CARTESIAN_POINT('',(0.0977,-0.02735,-0.0126));
#3380=CARTESIAN_POINT('',(0.099325,-0.02735,-0.0126));
#3381=CARTESIAN_POINT('',(0.0977,-0.02735,-0.0098));
#3382=CARTESIAN_POINT('',(0.099325,-0.02735,-0.0098));
#3383=CARTESIAN_POINT('',(0.0977,-0.09085,-0.012398));
#3384=CARTESIAN_POINT('',(0.0977,-0.09085,-0.0126));
#3385=CARTESIAN_POINT('',(0.099325,-0.09085,-0.0126));
#3386=CARTESIAN_POINT('',(0.0977,-0.09085,-0.0098));
#3387=CARTESIAN_POINT('',(0.099325,-0.09085,-0.0098));
#3388=CARTESIAN_POINT('',(0.0977,-0.09085,-0.009798));
#3389=CARTESIAN_POINT('',(0.0977,-0.09085,-0.0098));
#3390=CARTESIAN_POINT('',(0.1015,-0.09085,-0.0098));
#3391=CARTESIAN_POINT('',(0.,0.,-0.0098));
#3392=CARTESIAN_POINT('',(0.0977,-0.02735,-0.009798));
#3393=CARTESIAN_POINT('',(0.0977,-0.02735,-0.0098));
#3394=CARTESIAN_POINT('',(0.1015,-0.02735,-0.0098));
#3395=CARTESIAN_POINT('',(0.,0.,-0.0098));
#3396=CARTESIAN_POINT('',(0.0723,-0.02735,-0.009798));
#3397=CARTESIAN_POINT('',(0.0723,-0.02735,-0.0098));
#3398=CARTESIAN_POINT('',(0.0761,-0.02735,-0.0098));
#3399=CARTESIAN_POINT('',(0.,0.,-0.0098));
#3400=CARTESIAN_POINT('',(0.07865,-0.0591,-0.009798));
#3401=CARTESIAN_POINT('',(0.07865,-0.0591,-0.0098));
#3402=CARTESIAN_POINT('',(0.08245,-0.0591,-0.0098));
#3403=CARTESIAN_POINT('',(0.,0.,-0.0098));
#3404=CARTESIAN_POINT('',(0.09135,-0.0591,-0.009798));
#3405=CARTESIAN_POINT('',(0.09135,-0.0591,-0.0098));
#3406=CARTESIAN_POINT('',(0.09515,-0.0591,-0.0098));
#3407=CARTESIAN_POINT('',(0.,0.,-0.0098));
#3408=CARTESIAN_POINT('',(0.0723,-0.09085,-0.009798));
#3409=CARTESIAN_POINT('',(0.0723,-0.09085,-0.0098));
#3410=CARTESIAN_POINT('',(0.0761,-0.09085,-0.0098));
#3411=CARTESIAN_POINT('',(0.,0.,-0.0098));
#3412=CARTESIAN_POINT('',(0.06515,-0.02479,-0.0025));
#3413=CARTESIAN_POINT('',(0.0612,-0.02479,-0.00267512832151056));
#3414=CARTESIAN_POINT('',(0.0612,-0.0251193610804816,-0.00255736909944369));
#3415=CARTESIAN_POINT('',(0.0612418550400265,-0.0254617846560144,-0.0025));
#3416=CARTESIAN_POINT('',(0.0613313091248529,-0.025800000000034,-0.0025));
#3417=CARTESIAN_POINT('',(0.0613313091248529,-0.025800000000034,-0.0025));
#3418=CARTESIAN_POINT('',(0.06515,-0.02479,-0.0025));
#3419=CARTESIAN_POINT('',(0.0689686908751471,-0.025800000000034,-0.0025));
#3420=CARTESIAN_POINT('',(0.0689686908751471,-0.025800000000034,-0.0025));
#3421=CARTESIAN_POINT('',(0.0690581282289606,-0.025461847914001,-0.0025));
#3422=CARTESIAN_POINT('',(0.0691,-0.0251194224074574,-0.00255734717269713));
#3423=CARTESIAN_POINT('',(0.0691,-0.02479,-0.00267512832151063));
#3424=CARTESIAN_POINT('',(0.0691,-0.02479,-0.00267512832151056));
#3425=CARTESIAN_POINT('',(0.0691,-0.02479,-0.0025));
#3426=CARTESIAN_POINT('',(0.0691,-0.023795000000017,-0.0025));
#3427=CARTESIAN_POINT('',(0.0691,-0.025800000000034,-0.0055));
#3428=CARTESIAN_POINT('',(0.06515,-0.02479,-0.0025));
#3429=CARTESIAN_POINT('',(0.06515,-0.02479,-0.0006));
#3430=CARTESIAN_POINT('',(0.063525,-0.02479,-0.0006));
#3431=CARTESIAN_POINT('',(0.06515,-0.02479,-0.0025));
#3432=CARTESIAN_POINT('',(0.0638770015711199,-0.025800000000034,-0.0025));
#3433=CARTESIAN_POINT('',(0.0664229984288802,-0.025800000000034,-0.0025));
#3434=CARTESIAN_POINT('',(0.0638770015711199,-0.025800000000034,-0.0025));
#3435=CARTESIAN_POINT('',(0.0636657769466827,-0.025533773648509,-0.0025));
#3436=CARTESIAN_POINT('',(0.063428620857867,-0.0248694663223714,-0.00258372184183777));
#3437=CARTESIAN_POINT('',(0.0636675194720249,-0.0239607526705176,-0.00306637912613748));
#3438=CARTESIAN_POINT('',(0.0641412441436659,-0.0234679751043035,-0.00358581447688307));
#3439=CARTESIAN_POINT('',(0.0646452331631971,-0.0232224889188973,-0.00395708922070247));
#3440=CARTESIAN_POINT('',(0.0651444740195815,-0.0231370018792969,-0.00411897368810624));
#3441=CARTESIAN_POINT('',(0.0656473223760668,-0.0232195483387309,-0.00396205723724318));
#3442=CARTESIAN_POINT('',(0.066157915041242,-0.0234667407524955,-0.0035870485436617));
#3443=CARTESIAN_POINT('',(0.0666297087615775,-0.0239563795125067,-0.00306985766902867));
#3444=CARTESIAN_POINT('',(0.066871947421669,-0.0248674440413564,-0.0025839576640482));
#3445=CARTESIAN_POINT('',(0.0666352571009108,-0.025532470340626,-0.0025));
#3446=CARTESIAN_POINT('',(0.0664229984288802,-0.025800000000034,-0.0025));
#3447=CARTESIAN_POINT('',(0.085,-0.060070000000017,-0.0025));
#3448=CARTESIAN_POINT('',(0.0691,-0.025800000000034,-0.0025));
#3449=CARTESIAN_POINT('',(0.0691,-0.025800000000034,-0.0025));
#3450=CARTESIAN_POINT('',(0.061198,-0.025800000000034,-0.0055));
#3451=CARTESIAN_POINT('',(0.0691,-0.094404999999983,-0.0025));
#3452=CARTESIAN_POINT('',(0.0691,-0.092399999999966,-0.0055));
#3453=CARTESIAN_POINT('',(0.0691,-0.09341,-0.00267512832151056));
#3454=CARTESIAN_POINT('',(0.0691,-0.09341,-0.0025));
#3455=CARTESIAN_POINT('',(0.06515,-0.09341,-0.0025));
#3456=CARTESIAN_POINT('',(0.06515,-0.09341,-0.0006));
#3457=CARTESIAN_POINT('',(0.063525,-0.09341,-0.0006));
#3458=CARTESIAN_POINT('',(0.06515,-0.09341,-0.0025));
#3459=CARTESIAN_POINT('',(0.0638770015711198,-0.092399999999966,-0.0025));
#3460=CARTESIAN_POINT('',(0.0664229984288802,-0.092399999999966,-0.0025));
#3461=CARTESIAN_POINT('',(0.0664229984288802,-0.092399999999966,-0.0025));
#3462=CARTESIAN_POINT('',(0.0666342230533174,-0.092666226351491,-0.0025));
#3463=CARTESIAN_POINT('',(0.0668713791421329,-0.0933305336776287,-0.00258372184183779));
#3464=CARTESIAN_POINT('',(0.0666324805279751,-0.0942392473294825,-0.00306637912613753));
#3465=CARTESIAN_POINT('',(0.066158755856334,-0.0947320248956966,-0.00358581447688312));
#3466=CARTESIAN_POINT('',(0.0656547668368029,-0.0949775110811027,-0.00395708922070251));
#3467=CARTESIAN_POINT('',(0.0651555259804185,-0.0950629981207031,-0.00411897368810627));
#3468=CARTESIAN_POINT('',(0.0646526776239331,-0.094980451661269,-0.00396205723724316));
#3469=CARTESIAN_POINT('',(0.064142084958758,-0.0947332592475045,-0.00358704854366168));
#3470=CARTESIAN_POINT('',(0.0636702912384225,-0.0942436204874933,-0.00306985766902864));
#3471=CARTESIAN_POINT('',(0.0634280525783311,-0.0933325559586436,-0.00258395766404819));
#3472=CARTESIAN_POINT('',(0.0636647428990892,-0.092667529659374,-0.0025));
#3473=CARTESIAN_POINT('',(0.0638770015711198,-0.092399999999966,-0.0025));
#3474=CARTESIAN_POINT('',(0.06515,-0.09341,-0.0025));
#3475=CARTESIAN_POINT('',(0.0691,-0.09341,-0.00267512832151056));
#3476=CARTESIAN_POINT('',(0.0691,-0.0930806389195184,-0.00255736909944369));
#3477=CARTESIAN_POINT('',(0.0690581449599735,-0.0927382153439856,-0.0025));
#3478=CARTESIAN_POINT('',(0.0689686908751471,-0.092399999999966,-0.0025));
#3479=CARTESIAN_POINT('',(0.0689686908751471,-0.092399999999966,-0.0025));
#3480=CARTESIAN_POINT('',(0.06515,-0.09341,-0.0025));
#3481=CARTESIAN_POINT('',(0.0613313091248529,-0.092399999999966,-0.0025));
#3482=CARTESIAN_POINT('',(0.0613313091248529,-0.092399999999966,-0.0025));
#3483=CARTESIAN_POINT('',(0.0612418717710394,-0.092738152085999,-0.0025));
#3484=CARTESIAN_POINT('',(0.0612,-0.0930805775925426,-0.00255734717269712));
#3485=CARTESIAN_POINT('',(0.0612,-0.09341,-0.00267512832151063));
#3486=CARTESIAN_POINT('',(0.085,-0.058129999999983,-0.0025));
#3487=CARTESIAN_POINT('',(0.0612,-0.092399999999966,-0.0025));
#3488=CARTESIAN_POINT('',(0.0612,-0.092399999999966,-0.0025));
#3489=CARTESIAN_POINT('',(0.085,-0.092399999999966,-0.0055));
#3490=CARTESIAN_POINT('',(0.1009,-0.023795000000017,-0.0025));
#3491=CARTESIAN_POINT('',(0.1009,-0.025800000000034,-0.0055));
#3492=CARTESIAN_POINT('',(0.1009,-0.02479,-0.00267512832151057));
#3493=CARTESIAN_POINT('',(0.1009,-0.02479,-0.0025));
#3494=CARTESIAN_POINT('',(0.10485,-0.02479,-0.0025));
#3495=CARTESIAN_POINT('',(0.10485,-0.02479,-0.0006));
#3496=CARTESIAN_POINT('',(0.103225,-0.02479,-0.0006));
#3497=CARTESIAN_POINT('',(0.10485,-0.02479,-0.0025));
#3498=CARTESIAN_POINT('',(0.10612299842888,-0.025800000000034,-0.0025));
#3499=CARTESIAN_POINT('',(0.10357700157112,-0.025800000000034,-0.0025));
#3500=CARTESIAN_POINT('',(0.10357700157112,-0.025800000000034,-0.0025));
#3501=CARTESIAN_POINT('',(0.103365776946683,-0.025533773648509,-0.0025));
#3502=CARTESIAN_POINT('',(0.103128620857867,-0.0248694663223713,-0.00258372184183778));
#3503=CARTESIAN_POINT('',(0.103367519472025,-0.0239607526705175,-0.00306637912613754));
#3504=CARTESIAN_POINT('',(0.103841244143666,-0.0234679751043034,-0.00358581447688314));
#3505=CARTESIAN_POINT('',(0.104345233163197,-0.0232224889188973,-0.00395708922070253));
#3506=CARTESIAN_POINT('',(0.104844474019582,-0.0231370018792969,-0.00411897368810625));
#3507=CARTESIAN_POINT('',(0.105347322376067,-0.023219548338731,-0.00396205723724312));
#3508=CARTESIAN_POINT('',(0.105857915041242,-0.0234667407524956,-0.00358704854366163));
#3509=CARTESIAN_POINT('',(0.106329708761578,-0.0239563795125068,-0.00306985766902859));
#3510=CARTESIAN_POINT('',(0.106571947421669,-0.0248674440413565,-0.00258395766404815));
#3511=CARTESIAN_POINT('',(0.106335257100911,-0.025532470340626,-0.0025));
#3512=CARTESIAN_POINT('',(0.10612299842888,-0.025800000000034,-0.0025));
#3513=CARTESIAN_POINT('',(0.10485,-0.02479,-0.0025));
#3514=CARTESIAN_POINT('',(0.1009,-0.02479,-0.00267512832151057));
#3515=CARTESIAN_POINT('',(0.1009,-0.0251193610804816,-0.0025573690994437));
#3516=CARTESIAN_POINT('',(0.100941855040027,-0.0254617846560144,-0.0025));
#3517=CARTESIAN_POINT('',(0.101031309124853,-0.025800000000034,-0.0025));
#3518=CARTESIAN_POINT('',(0.101031309124853,-0.025800000000034,-0.0025));
#3519=CARTESIAN_POINT('',(0.10485,-0.02479,-0.0025));
#3520=CARTESIAN_POINT('',(0.108668690875147,-0.025800000000034,-0.0025));
#3521=CARTESIAN_POINT('',(0.108668690875147,-0.025800000000034,-0.0025));
#3522=CARTESIAN_POINT('',(0.10875812822896,-0.025461847914001,-0.0025));
#3523=CARTESIAN_POINT('',(0.1088,-0.0251194224074574,-0.00255734717269712));
#3524=CARTESIAN_POINT('',(0.1088,-0.02479,-0.00267512832151063));
#3525=CARTESIAN_POINT('',(0.085,-0.060070000000017,-0.0025));
#3526=CARTESIAN_POINT('',(0.1088,-0.025800000000034,-0.0025));
#3527=CARTESIAN_POINT('',(0.1088,-0.025800000000034,-0.0025));
#3528=CARTESIAN_POINT('',(0.085,-0.025800000000034,-0.0055));
#3529=CARTESIAN_POINT('',(0.10485,-0.09341,-0.0025));
#3530=CARTESIAN_POINT('',(0.1088,-0.09341,-0.00267512832151056));
#3531=CARTESIAN_POINT('',(0.1088,-0.0930806389195184,-0.00255736909944369));
#3532=CARTESIAN_POINT('',(0.108758144959973,-0.0927382153439856,-0.0025));
#3533=CARTESIAN_POINT('',(0.108668690875147,-0.092399999999966,-0.0025));
#3534=CARTESIAN_POINT('',(0.108668690875147,-0.092399999999966,-0.0025));
#3535=CARTESIAN_POINT('',(0.10485,-0.09341,-0.0025));
#3536=CARTESIAN_POINT('',(0.101031309124853,-0.092399999999966,-0.0025));
#3537=CARTESIAN_POINT('',(0.101031309124853,-0.092399999999966,-0.0025));
#3538=CARTESIAN_POINT('',(0.100941871771039,-0.092738152085999,-0.0025));
#3539=CARTESIAN_POINT('',(0.1009,-0.0930805775925426,-0.00255734717269712));
#3540=CARTESIAN_POINT('',(0.1009,-0.09341,-0.00267512832151063));
#3541=CARTESIAN_POINT('',(0.1009,-0.09341,-0.00267512832151056));
#3542=CARTESIAN_POINT('',(0.1009,-0.09341,-0.0025));
#3543=CARTESIAN_POINT('',(0.1009,-0.094404999999983,-0.0025));
#3544=CARTESIAN_POINT('',(0.1009,-0.092399999999966,-0.0055));
#3545=CARTESIAN_POINT('',(0.10485,-0.09341,-0.0025));
#3546=CARTESIAN_POINT('',(0.10485,-0.09341,-0.0006));
#3547=CARTESIAN_POINT('',(0.103225,-0.09341,-0.0006));
#3548=CARTESIAN_POINT('',(0.10485,-0.09341,-0.0025));
#3549=CARTESIAN_POINT('',(0.10612299842888,-0.092399999999966,-0.0025));
#3550=CARTESIAN_POINT('',(0.10357700157112,-0.092399999999966,-0.0025));
#3551=CARTESIAN_POINT('',(0.10612299842888,-0.092399999999966,-0.0025));
#3552=CARTESIAN_POINT('',(0.106334223053317,-0.092666226351491,-0.0025));
#3553=CARTESIAN_POINT('',(0.106571379142133,-0.0933305336776286,-0.00258372184183778));
#3554=CARTESIAN_POINT('',(0.106332480527975,-0.0942392473294825,-0.00306637912613751));
#3555=CARTESIAN_POINT('',(0.105858755856334,-0.0947320248956965,-0.00358581447688307));
#3556=CARTESIAN_POINT('',(0.105354766836803,-0.0949775110811027,-0.00395708922070247));
#3557=CARTESIAN_POINT('',(0.104855525980419,-0.0950629981207031,-0.00411897368810626));
#3558=CARTESIAN_POINT('',(0.104352677623933,-0.094980451661269,-0.00396205723724322));
#3559=CARTESIAN_POINT('',(0.103842084958758,-0.0947332592475046,-0.00358704854366174));
#3560=CARTESIAN_POINT('',(0.103370291238423,-0.0942436204874934,-0.00306985766902868));
#3561=CARTESIAN_POINT('',(0.103128052578331,-0.0933325559586437,-0.0025839576640482));
#3562=CARTESIAN_POINT('',(0.103364742899089,-0.092667529659374,-0.0025));
#3563=CARTESIAN_POINT('',(0.10357700157112,-0.092399999999966,-0.0025));
#3564=CARTESIAN_POINT('',(0.085,-0.058129999999983,-0.0025));
#3565=CARTESIAN_POINT('',(0.1009,-0.092399999999966,-0.0025));
#3566=CARTESIAN_POINT('',(0.1009,-0.092399999999966,-0.0025));
#3567=CARTESIAN_POINT('',(0.061198,-0.092399999999966,-0.0055));
#3568=CARTESIAN_POINT('',(0.10485,-0.09341,-0.0006));
#3569=CARTESIAN_POINT('',(0.10485,-0.02479,0.));
#3570=CARTESIAN_POINT('',(0.06515,-0.09341,0.));
#3571=CARTESIAN_POINT('',(0.06515,-0.02479,-0.0006));
#3572=CARTESIAN_POINT('',(0.09135,-0.0591,-0.0126));
#3573=CARTESIAN_POINT('',(0.07865,-0.0591,-0.0126));
#3574=CARTESIAN_POINT('',(0.0723,-0.02735,-0.0126));
#3575=CARTESIAN_POINT('',(0.0977,-0.02735,-0.0126));
#3576=CARTESIAN_POINT('',(0.0977,-0.09085,-0.0126));
#3577=CARTESIAN_POINT('',(0.0723,-0.09085,-0.0126));
#3578=CARTESIAN_POINT('',(0.085,-0.0908,-0.0104));
#3579=CARTESIAN_POINT('',(0.085,-0.0273,-0.0104));
#3580=CARTESIAN_POINT('',(0.1088,-0.025500000000034,-0.0096));
#3581=CARTESIAN_POINT('',(0.1082,-0.092699999999966,-0.0096));
#3582=CARTESIAN_POINT('',(0.0618,-0.025500000000034,-0.0096));
#3583=CARTESIAN_POINT('',(0.0612,-0.092699999999966,-0.0096));
#3584=CARTESIAN_POINT('',(0.0662,-0.021500000000034,-0.0061));
#3585=CARTESIAN_POINT('',(0.0662,-0.021500000000034,-0.0061));
#3586=CARTESIAN_POINT('',(0.0662,-0.022000000000034,-0.0066));
#3587=CARTESIAN_POINT('',(0.0662,-0.022000000000034,-0.0066));
#3588=CARTESIAN_POINT('',(0.0662,-0.021500000000034,-0.0071));
#3589=CARTESIAN_POINT('',(0.0662,-0.021500000000034,-0.0071));
#3590=CARTESIAN_POINT('',(0.0662,-0.0591,-0.0066));
#3591=CARTESIAN_POINT('',(0.1038,-0.021500000000034,-0.0061));
#3592=CARTESIAN_POINT('',(0.1038,-0.022000000000034,-0.0066));
#3593=CARTESIAN_POINT('',(0.1038,-0.022000000000034,-0.0066));
#3594=CARTESIAN_POINT('',(0.1038,-0.021500000000034,-0.0061));
#3595=CARTESIAN_POINT('',(0.1038,-0.021500000000034,-0.0071));
#3596=CARTESIAN_POINT('',(0.1038,-0.021500000000034,-0.0071));
#3597=CARTESIAN_POINT('',(0.1038,-0.0591,-0.0066));
#3598=MECHANICAL_DESIGN_GEOMETRIC_PRESENTATION_REPRESENTATION('',(#2107),
#3599);
#3599=(
GEOMETRIC_REPRESENTATION_CONTEXT(3)
GLOBAL_UNCERTAINTY_ASSIGNED_CONTEXT((#3600))
GLOBAL_UNIT_ASSIGNED_CONTEXT((#3603,#3602,#3601))
REPRESENTATION_CONTEXT('case','TOP_LEVEL_ASSEMBLY_PART')
);
#3600=UNCERTAINTY_MEASURE_WITH_UNIT(LENGTH_MEASURE(2.E-5),#3603,
'DISTANCE_ACCURACY_VALUE','Maximum Tolerance applied to model');
#3601=(
NAMED_UNIT(*)
SI_UNIT($,.STERADIAN.)
SOLID_ANGLE_UNIT()
);
#3602=(
NAMED_UNIT(*)
PLANE_ANGLE_UNIT()
SI_UNIT($,.RADIAN.)
);
#3603=(
LENGTH_UNIT()
NAMED_UNIT(*)
SI_UNIT($,.METRE.)
);
#3604=PRODUCT_DEFINITION_SHAPE('','',#3605);
#3605=PRODUCT_DEFINITION('','',#3607,#3606);
#3606=PRODUCT_DEFINITION_CONTEXT('',#3613,'design');
#3607=PRODUCT_DEFINITION_FORMATION_WITH_SPECIFIED_SOURCE('','',#3609,
 .NOT_KNOWN.);
#3608=PRODUCT_RELATED_PRODUCT_CATEGORY('','',(#3609));
#3609=PRODUCT('case','case','case',(#3611));
#3610=PRODUCT_CATEGORY('','');
#3611=PRODUCT_CONTEXT('',#3613,'mechanical');
#3612=APPLICATION_PROTOCOL_DEFINITION('international standard',
'ap242_managed_model_based_3d_engineering',2020,#3613);
#3613=APPLICATION_CONTEXT('managed model based 3d engineering');
ENDSEC;
END-ISO-10303-21;
