ISO-10303-21;
HEADER;
FILE_DESCRIPTION(('KiCad electronic assembly'),'2;1');
FILE_NAME('hall face.step','2026-03-03T14:43:06',('Pcbnew'),('Kicad'),
  'Open CASCADE STEP processor 7.8','KiCad to STEP converter','Unknown'
  );
FILE_SCHEMA(('AUTOMOTIVE_DESIGN { 1 0 10303 214 1 1 1 1 }'));
ENDSEC;
DATA;
#1 = APPLICATION_PROTOCOL_DEFINITION('international standard',
  'automotive_design',2000,#2);
#2 = APPLICATION_CONTEXT(
  'core data for automotive mechanical design processes');
#3 = SHAPE_DEFINITION_REPRESENTATION(#4,#10);
#4 = PRODUCT_DEFINITION_SHAPE('','',#5);
#5 = PRODUCT_DEFINITION('design','',#6,#9);
#6 = PRODUCT_DEFINITION_FORMATION('','',#7);
#7 = PRODUCT('hall face 1','hall face 1','',(#8));
#8 = PRODUCT_CONTEXT('',#2,'mechanical');
#9 = PRODUCT_DEFINITION_CONTEXT('part definition',#2,'design');
#10 = SHAPE_REPRESENTATION('',(#11,#15),#19);
#11 = AXIS2_PLACEMENT_3D('',#12,#13,#14);
#12 = CARTESIAN_POINT('',(0.,0.,0.));
#13 = DIRECTION('',(0.,0.,1.));
#14 = DIRECTION('',(1.,0.,-0.));
#15 = AXIS2_PLACEMENT_3D('',#16,#17,#18);
#16 = CARTESIAN_POINT('',(0.,0.,0.));
#17 = DIRECTION('',(0.,0.,1.));
#18 = DIRECTION('',(1.,0.,-0.));
#19 = ( GEOMETRIC_REPRESENTATION_CONTEXT(3) 
GLOBAL_UNCERTAINTY_ASSIGNED_CONTEXT((#23)) GLOBAL_UNIT_ASSIGNED_CONTEXT(
(#20,#21,#22)) REPRESENTATION_CONTEXT('Context #1',
  '3D Context with UNIT and UNCERTAINTY') );
#20 = ( LENGTH_UNIT() NAMED_UNIT(*) SI_UNIT(.MILLI.,.METRE.) );
#21 = ( NAMED_UNIT(*) PLANE_ANGLE_UNIT() SI_UNIT($,.RADIAN.) );
#22 = ( NAMED_UNIT(*) SI_UNIT($,.STERADIAN.) SOLID_ANGLE_UNIT() );
#23 = UNCERTAINTY_MEASURE_WITH_UNIT(LENGTH_MEASURE(1.E-07),#20,
  'distance_accuracy_value','confusion accuracy');
#24 = PRODUCT_RELATED_PRODUCT_CATEGORY('part',$,(#7));
#25 = SHAPE_DEFINITION_REPRESENTATION(#26,#32);
#26 = PRODUCT_DEFINITION_SHAPE('','',#27);
#27 = PRODUCT_DEFINITION('design','',#28,#31);
#28 = PRODUCT_DEFINITION_FORMATION('','',#29);
#29 = PRODUCT('hall face_PCB','hall face_PCB','',(#30));
#30 = PRODUCT_CONTEXT('',#2,'mechanical');
#31 = PRODUCT_DEFINITION_CONTEXT('part definition',#2,'design');
#32 = ADVANCED_BREP_SHAPE_REPRESENTATION('',(#11,#33),#7259);
#33 = MANIFOLD_SOLID_BREP('',#34);
#34 = CLOSED_SHELL('',(#35,#77,#108,#139,#1959,#3779,#3796,#3813,#3830,
    #3847,#3859,#3881,#3898,#3915,#3932,#3949,#3966,#3983,#3995,#4017,
    #4034,#4051,#4068,#4085,#4102,#4119,#4131,#4148,#4165,#4187,#4204,
    #4221,#4238,#4255,#4272,#4289,#4301,#4323,#4340,#4357,#4374,#4391,
    #4408,#4425,#4437,#4459,#4476,#4493,#4510,#4527,#4544,#4561,#4573,
    #4595,#4612,#4629,#4646,#4663,#4680,#4697,#4709,#4731,#4748,#4765,
    #4782,#4799,#4816,#4833,#4845,#4867,#4884,#4901,#4918,#4935,#4952,
    #4969,#4981,#5003,#5020,#5037,#5054,#5071,#5088,#5105,#5117,#5134,
    #5151,#5173,#5190,#5207,#5224,#5241,#5258,#5275,#5287,#5309,#5326,
    #5343,#5360,#5377,#5394,#5411,#5423,#5445,#5462,#5479,#5496,#5513,
    #5530,#5547,#5559,#5581,#5598,#5615,#5632,#5649,#5666,#5683,#5695,
    #5717,#5734,#5751,#5768,#5785,#5802,#5819,#5831,#5853,#5870,#5887,
    #5904,#5921,#5938,#5955,#5967,#5984,#6001,#6023,#6040,#6057,#6074,
    #6091,#6108,#6125,#6137,#6159,#6176,#6193,#6210,#6227,#6244,#6261,
    #6273,#6295,#6312,#6329,#6346,#6363,#6380,#6397,#6409,#6431,#6448,
    #6465,#6482,#6499,#6516,#6533,#6545,#6567,#6584,#6601,#6618,#6635,
    #6652,#6669,#6681,#6703,#6720,#6737,#6754,#6771,#6788,#6805,#6817,
    #6839,#6856,#6873,#6890,#6907,#6924,#6941,#6953,#6975,#6992,#7009,
    #7026,#7043,#7060,#7077,#7089,#7106,#7123,#7145,#7162,#7179,#7196,
    #7213,#7230,#7247));
#35 = ADVANCED_FACE('',(#36),#72,.T.);
#36 = FACE_BOUND('',#37,.T.);
#37 = EDGE_LOOP('',(#38,#48,#57,#65));
#38 = ORIENTED_EDGE('',*,*,#39,.T.);
#39 = EDGE_CURVE('',#40,#42,#44,.T.);
#40 = VERTEX_POINT('',#41);
#41 = CARTESIAN_POINT('',(158.35,-25.4,0.));
#42 = VERTEX_POINT('',#43);
#43 = CARTESIAN_POINT('',(158.35,-25.4,1.510198));
#44 = LINE('',#45,#46);
#45 = CARTESIAN_POINT('',(158.35,-25.4,0.));
#46 = VECTOR('',#47,1.);
#47 = DIRECTION('',(0.,0.,1.));
#48 = ORIENTED_EDGE('',*,*,#49,.T.);
#49 = EDGE_CURVE('',#42,#50,#52,.T.);
#50 = VERTEX_POINT('',#51);
#51 = CARTESIAN_POINT('',(158.75,-25.8,1.510198));
#52 = CIRCLE('',#53,0.399999018331);
#53 = AXIS2_PLACEMENT_3D('',#54,#55,#56);
#54 = CARTESIAN_POINT('',(158.35000098167,-25.79999901833,1.510198));
#55 = DIRECTION('',(0.,0.,-1.));
#56 = DIRECTION('',(-2.454181410341E-06,0.999999999997,0.));
#57 = ORIENTED_EDGE('',*,*,#58,.F.);
#58 = EDGE_CURVE('',#59,#50,#61,.T.);
#59 = VERTEX_POINT('',#60);
#60 = CARTESIAN_POINT('',(158.75,-25.8,0.));
#61 = LINE('',#62,#63);
#62 = CARTESIAN_POINT('',(158.75,-25.8,0.));
#63 = VECTOR('',#64,1.);
#64 = DIRECTION('',(0.,0.,1.));
#65 = ORIENTED_EDGE('',*,*,#66,.F.);
#66 = EDGE_CURVE('',#40,#59,#67,.T.);
#67 = CIRCLE('',#68,0.399999018331);
#68 = AXIS2_PLACEMENT_3D('',#69,#70,#71);
#69 = CARTESIAN_POINT('',(158.35000098167,-25.79999901833,0.));
#70 = DIRECTION('',(0.,0.,-1.));
#71 = DIRECTION('',(-2.454181410341E-06,0.999999999997,0.));
#72 = CYLINDRICAL_SURFACE('',#73,0.399999018331);
#73 = AXIS2_PLACEMENT_3D('',#74,#75,#76);
#74 = CARTESIAN_POINT('',(158.35000098167,-25.79999901833,0.));
#75 = DIRECTION('',(0.,0.,-1.));
#76 = DIRECTION('',(-2.454181410341E-06,0.999999999997,0.));
#77 = ADVANCED_FACE('',(#78),#103,.T.);
#78 = FACE_BOUND('',#79,.T.);
#79 = EDGE_LOOP('',(#80,#90,#96,#97));
#80 = ORIENTED_EDGE('',*,*,#81,.T.);
#81 = EDGE_CURVE('',#82,#84,#86,.T.);
#82 = VERTEX_POINT('',#83);
#83 = CARTESIAN_POINT('',(25.8,-25.4,0.));
#84 = VERTEX_POINT('',#85);
#85 = CARTESIAN_POINT('',(25.8,-25.4,1.510198));
#86 = LINE('',#87,#88);
#87 = CARTESIAN_POINT('',(25.8,-25.4,0.));
#88 = VECTOR('',#89,1.);
#89 = DIRECTION('',(0.,0.,1.));
#90 = ORIENTED_EDGE('',*,*,#91,.T.);
#91 = EDGE_CURVE('',#84,#42,#92,.T.);
#92 = LINE('',#93,#94);
#93 = CARTESIAN_POINT('',(25.8,-25.4,1.510198));
#94 = VECTOR('',#95,1.);
#95 = DIRECTION('',(1.,0.,0.));
#96 = ORIENTED_EDGE('',*,*,#39,.F.);
#97 = ORIENTED_EDGE('',*,*,#98,.F.);
#98 = EDGE_CURVE('',#82,#40,#99,.T.);
#99 = LINE('',#100,#101);
#100 = CARTESIAN_POINT('',(25.8,-25.4,0.));
#101 = VECTOR('',#102,1.);
#102 = DIRECTION('',(1.,0.,0.));
#103 = PLANE('',#104);
#104 = AXIS2_PLACEMENT_3D('',#105,#106,#107);
#105 = CARTESIAN_POINT('',(25.8,-25.4,0.));
#106 = DIRECTION('',(0.,1.,0.));
#107 = DIRECTION('',(1.,0.,0.));
#108 = ADVANCED_FACE('',(#109),#134,.T.);
#109 = FACE_BOUND('',#110,.T.);
#110 = EDGE_LOOP('',(#111,#112,#120,#128));
#111 = ORIENTED_EDGE('',*,*,#58,.T.);
#112 = ORIENTED_EDGE('',*,*,#113,.T.);
#113 = EDGE_CURVE('',#50,#114,#116,.T.);
#114 = VERTEX_POINT('',#115);
#115 = CARTESIAN_POINT('',(158.75,-101.2,1.510198));
#116 = LINE('',#117,#118);
#117 = CARTESIAN_POINT('',(158.75,-25.8,1.510198));
#118 = VECTOR('',#119,1.);
#119 = DIRECTION('',(0.,-1.,0.));
#120 = ORIENTED_EDGE('',*,*,#121,.F.);
#121 = EDGE_CURVE('',#122,#114,#124,.T.);
#122 = VERTEX_POINT('',#123);
#123 = CARTESIAN_POINT('',(158.75,-101.2,0.));
#124 = LINE('',#125,#126);
#125 = CARTESIAN_POINT('',(158.75,-101.2,0.));
#126 = VECTOR('',#127,1.);
#127 = DIRECTION('',(0.,0.,1.));
#128 = ORIENTED_EDGE('',*,*,#129,.F.);
#129 = EDGE_CURVE('',#59,#122,#130,.T.);
#130 = LINE('',#131,#132);
#131 = CARTESIAN_POINT('',(158.75,-25.8,0.));
#132 = VECTOR('',#133,1.);
#133 = DIRECTION('',(0.,-1.,0.));
#134 = PLANE('',#135);
#135 = AXIS2_PLACEMENT_3D('',#136,#137,#138);
#136 = CARTESIAN_POINT('',(158.75,-25.8,0.));
#137 = DIRECTION('',(1.,0.,-0.));
#138 = DIRECTION('',(0.,-1.,0.));
#139 = ADVANCED_FACE('',(#140,#186,#256,#326,#337,#348,#418,#488,#558,
    #628,#698,#768,#838,#849,#860,#930,#1000,#1070,#1140,#1210,#1280,
    #1291,#1302,#1372,#1442,#1512,#1582,#1652,#1722,#1792,#1862,#1873,
    #1884),#1954,.F.);
#140 = FACE_BOUND('',#141,.F.);
#141 = EDGE_LOOP('',(#142,#143,#144,#153,#161,#170,#178,#185));
#142 = ORIENTED_EDGE('',*,*,#66,.F.);
#143 = ORIENTED_EDGE('',*,*,#98,.F.);
#144 = ORIENTED_EDGE('',*,*,#145,.F.);
#145 = EDGE_CURVE('',#146,#82,#148,.T.);
#146 = VERTEX_POINT('',#147);
#147 = CARTESIAN_POINT('',(25.4,-25.8,0.));
#148 = CIRCLE('',#149,0.399999018331);
#149 = AXIS2_PLACEMENT_3D('',#150,#151,#152);
#150 = CARTESIAN_POINT('',(25.79999901833,-25.79999901833,0.));
#151 = DIRECTION('',(0.,0.,-1.));
#152 = DIRECTION('',(-0.999999999997,-2.454181374813E-06,-0.));
#153 = ORIENTED_EDGE('',*,*,#154,.F.);
#154 = EDGE_CURVE('',#155,#146,#157,.T.);
#155 = VERTEX_POINT('',#156);
#156 = CARTESIAN_POINT('',(25.4,-101.2,0.));
#157 = LINE('',#158,#159);
#158 = CARTESIAN_POINT('',(25.4,-101.2,0.));
#159 = VECTOR('',#160,1.);
#160 = DIRECTION('',(0.,1.,0.));
#161 = ORIENTED_EDGE('',*,*,#162,.F.);
#162 = EDGE_CURVE('',#163,#155,#165,.T.);
#163 = VERTEX_POINT('',#164);
#164 = CARTESIAN_POINT('',(25.8,-101.6,0.));
#165 = CIRCLE('',#166,0.399999018331);
#166 = AXIS2_PLACEMENT_3D('',#167,#168,#169);
#167 = CARTESIAN_POINT('',(25.79999901833,-101.2000009816,0.));
#168 = DIRECTION('',(0.,0.,-1.));
#169 = DIRECTION('',(2.454181410341E-06,-0.999999999997,0.));
#170 = ORIENTED_EDGE('',*,*,#171,.F.);
#171 = EDGE_CURVE('',#172,#163,#174,.T.);
#172 = VERTEX_POINT('',#173);
#173 = CARTESIAN_POINT('',(158.35,-101.6,0.));
#174 = LINE('',#175,#176);
#175 = CARTESIAN_POINT('',(158.35,-101.6,0.));
#176 = VECTOR('',#177,1.);
#177 = DIRECTION('',(-1.,0.,0.));
#178 = ORIENTED_EDGE('',*,*,#179,.F.);
#179 = EDGE_CURVE('',#122,#172,#180,.T.);
#180 = CIRCLE('',#181,0.399999018331);
#181 = AXIS2_PLACEMENT_3D('',#182,#183,#184);
#182 = CARTESIAN_POINT('',(158.35000098167,-101.2000009816,0.));
#183 = DIRECTION('',(0.,0.,-1.));
#184 = DIRECTION('',(0.999999999997,2.454181445868E-06,0.));
#185 = ORIENTED_EDGE('',*,*,#129,.F.);
#186 = FACE_BOUND('',#187,.F.);
#187 = EDGE_LOOP('',(#188,#199,#207,#216,#224,#233,#241,#250));
#188 = ORIENTED_EDGE('',*,*,#189,.F.);
#189 = EDGE_CURVE('',#190,#192,#194,.T.);
#190 = VERTEX_POINT('',#191);
#191 = CARTESIAN_POINT('',(28.325,-85.075,0.));
#192 = VERTEX_POINT('',#193);
#193 = CARTESIAN_POINT('',(27.925,-85.475,0.));
#194 = CIRCLE('',#195,0.399999018331);
#195 = AXIS2_PLACEMENT_3D('',#196,#197,#198);
#196 = CARTESIAN_POINT('',(28.32499901833,-85.47499901833,0.));
#197 = DIRECTION('',(0.,0.,1.));
#198 = DIRECTION('',(2.454181436986E-06,0.999999999997,-0.));
#199 = ORIENTED_EDGE('',*,*,#200,.F.);
#200 = EDGE_CURVE('',#201,#190,#203,.T.);
#201 = VERTEX_POINT('',#202);
#202 = CARTESIAN_POINT('',(41.525,-85.075,0.));
#203 = LINE('',#204,#205);
#204 = CARTESIAN_POINT('',(41.525,-85.075,0.));
#205 = VECTOR('',#206,1.);
#206 = DIRECTION('',(-1.,0.,0.));
#207 = ORIENTED_EDGE('',*,*,#208,.F.);
#208 = EDGE_CURVE('',#209,#201,#211,.T.);
#209 = VERTEX_POINT('',#210);
#210 = CARTESIAN_POINT('',(41.925,-85.475,0.));
#211 = CIRCLE('',#212,0.399999018331);
#212 = AXIS2_PLACEMENT_3D('',#213,#214,#215);
#213 = CARTESIAN_POINT('',(41.52500098167,-85.47499901833,0.));
#214 = DIRECTION('',(0.,0.,1.));
#215 = DIRECTION('',(0.999999999997,-2.454181410341E-06,0.));
#216 = ORIENTED_EDGE('',*,*,#217,.F.);
#217 = EDGE_CURVE('',#218,#209,#220,.T.);
#218 = VERTEX_POINT('',#219);
#219 = CARTESIAN_POINT('',(41.925,-98.675,0.));
#220 = LINE('',#221,#222);
#221 = CARTESIAN_POINT('',(41.925,-98.675,0.));
#222 = VECTOR('',#223,1.);
#223 = DIRECTION('',(0.,1.,0.));
#224 = ORIENTED_EDGE('',*,*,#225,.F.);
#225 = EDGE_CURVE('',#226,#218,#228,.T.);
#226 = VERTEX_POINT('',#227);
#227 = CARTESIAN_POINT('',(41.525,-99.075,0.));
#228 = CIRCLE('',#229,0.399999018331);
#229 = AXIS2_PLACEMENT_3D('',#230,#231,#232);
#230 = CARTESIAN_POINT('',(41.52500098167,-98.67500098167,0.));
#231 = DIRECTION('',(0.,0.,1.));
#232 = DIRECTION('',(-2.454181339286E-06,-0.999999999997,0.));
#233 = ORIENTED_EDGE('',*,*,#234,.F.);
#234 = EDGE_CURVE('',#235,#226,#237,.T.);
#235 = VERTEX_POINT('',#236);
#236 = CARTESIAN_POINT('',(28.325,-99.075,0.));
#237 = LINE('',#238,#239);
#238 = CARTESIAN_POINT('',(28.325,-99.075,0.));
#239 = VECTOR('',#240,1.);
#240 = DIRECTION('',(1.,0.,0.));
#241 = ORIENTED_EDGE('',*,*,#242,.F.);
#242 = EDGE_CURVE('',#243,#235,#245,.T.);
#243 = VERTEX_POINT('',#244);
#244 = CARTESIAN_POINT('',(27.925,-98.675,0.));
#245 = CIRCLE('',#246,0.399999018331);
#246 = AXIS2_PLACEMENT_3D('',#247,#248,#249);
#247 = CARTESIAN_POINT('',(28.32499901833,-98.67500098167,0.));
#248 = DIRECTION('',(0.,0.,1.));
#249 = DIRECTION('',(-0.999999999997,2.454181374813E-06,0.));
#250 = ORIENTED_EDGE('',*,*,#251,.F.);
#251 = EDGE_CURVE('',#192,#243,#252,.T.);
#252 = LINE('',#253,#254);
#253 = CARTESIAN_POINT('',(27.925,-85.475,0.));
#254 = VECTOR('',#255,1.);
#255 = DIRECTION('',(0.,-1.,0.));
#256 = FACE_BOUND('',#257,.F.);
#257 = EDGE_LOOP('',(#258,#269,#277,#286,#294,#303,#311,#320));
#258 = ORIENTED_EDGE('',*,*,#259,.F.);
#259 = EDGE_CURVE('',#260,#262,#264,.T.);
#260 = VERTEX_POINT('',#261);
#261 = CARTESIAN_POINT('',(47.375,-85.075,0.));
#262 = VERTEX_POINT('',#263);
#263 = CARTESIAN_POINT('',(46.975,-85.475,0.));
#264 = CIRCLE('',#265,0.399999018331);
#265 = AXIS2_PLACEMENT_3D('',#266,#267,#268);
#266 = CARTESIAN_POINT('',(47.37499901833,-85.47499901833,0.));
#267 = DIRECTION('',(0.,0.,1.));
#268 = DIRECTION('',(2.454181445868E-06,0.999999999997,-0.));
#269 = ORIENTED_EDGE('',*,*,#270,.F.);
#270 = EDGE_CURVE('',#271,#260,#273,.T.);
#271 = VERTEX_POINT('',#272);
#272 = CARTESIAN_POINT('',(60.575,-85.075,0.));
#273 = LINE('',#274,#275);
#274 = CARTESIAN_POINT('',(60.575,-85.075,0.));
#275 = VECTOR('',#276,1.);
#276 = DIRECTION('',(-1.,0.,0.));
#277 = ORIENTED_EDGE('',*,*,#278,.F.);
#278 = EDGE_CURVE('',#279,#271,#281,.T.);
#279 = VERTEX_POINT('',#280);
#280 = CARTESIAN_POINT('',(60.975,-85.475,0.));
#281 = CIRCLE('',#282,0.399999018331);
#282 = AXIS2_PLACEMENT_3D('',#283,#284,#285);
#283 = CARTESIAN_POINT('',(60.57500098167,-85.47499901833,0.));
#284 = DIRECTION('',(0.,0.,1.));
#285 = DIRECTION('',(0.999999999997,-2.454181445868E-06,0.));
#286 = ORIENTED_EDGE('',*,*,#287,.F.);
#287 = EDGE_CURVE('',#288,#279,#290,.T.);
#288 = VERTEX_POINT('',#289);
#289 = CARTESIAN_POINT('',(60.975,-98.675,0.));
#290 = LINE('',#291,#292);
#291 = CARTESIAN_POINT('',(60.975,-98.675,0.));
#292 = VECTOR('',#293,1.);
#293 = DIRECTION('',(0.,1.,0.));
#294 = ORIENTED_EDGE('',*,*,#295,.F.);
#295 = EDGE_CURVE('',#296,#288,#298,.T.);
#296 = VERTEX_POINT('',#297);
#297 = CARTESIAN_POINT('',(60.575,-99.075,0.));
#298 = CIRCLE('',#299,0.399999018331);
#299 = AXIS2_PLACEMENT_3D('',#300,#301,#302);
#300 = CARTESIAN_POINT('',(60.57500098167,-98.67500098167,0.));
#301 = DIRECTION('',(0.,0.,1.));
#302 = DIRECTION('',(-2.45418135705E-06,-0.999999999997,0.));
#303 = ORIENTED_EDGE('',*,*,#304,.F.);
#304 = EDGE_CURVE('',#305,#296,#307,.T.);
#305 = VERTEX_POINT('',#306);
#306 = CARTESIAN_POINT('',(47.375,-99.075,0.));
#307 = LINE('',#308,#309);
#308 = CARTESIAN_POINT('',(47.375,-99.075,0.));
#309 = VECTOR('',#310,1.);
#310 = DIRECTION('',(1.,0.,0.));
#311 = ORIENTED_EDGE('',*,*,#312,.F.);
#312 = EDGE_CURVE('',#313,#305,#315,.T.);
#313 = VERTEX_POINT('',#314);
#314 = CARTESIAN_POINT('',(46.975,-98.675,0.));
#315 = CIRCLE('',#316,0.399999018331);
#316 = AXIS2_PLACEMENT_3D('',#317,#318,#319);
#317 = CARTESIAN_POINT('',(47.37499901833,-98.67500098167,0.));
#318 = DIRECTION('',(0.,0.,1.));
#319 = DIRECTION('',(-0.999999999997,2.454181374813E-06,0.));
#320 = ORIENTED_EDGE('',*,*,#321,.F.);
#321 = EDGE_CURVE('',#262,#313,#322,.T.);
#322 = LINE('',#323,#324);
#323 = CARTESIAN_POINT('',(46.975,-85.475,0.));
#324 = VECTOR('',#325,1.);
#325 = DIRECTION('',(0.,-1.,0.));
#326 = FACE_BOUND('',#327,.F.);
#327 = EDGE_LOOP('',(#328));
#328 = ORIENTED_EDGE('',*,*,#329,.T.);
#329 = EDGE_CURVE('',#330,#330,#332,.T.);
#330 = VERTEX_POINT('',#331);
#331 = CARTESIAN_POINT('',(44.45,-84.634095,0.));
#332 = CIRCLE('',#333,1.35);
#333 = AXIS2_PLACEMENT_3D('',#334,#335,#336);
#334 = CARTESIAN_POINT('',(44.45,-83.284095,0.));
#335 = DIRECTION('',(-0.,0.,-1.));
#336 = DIRECTION('',(-0.,-1.,0.));
#337 = FACE_BOUND('',#338,.F.);
#338 = EDGE_LOOP('',(#339));
#339 = ORIENTED_EDGE('',*,*,#340,.T.);
#340 = EDGE_CURVE('',#341,#341,#343,.T.);
#341 = VERTEX_POINT('',#342);
#342 = CARTESIAN_POINT('',(53.975,-83.165905,0.));
#343 = CIRCLE('',#344,1.35);
#344 = AXIS2_PLACEMENT_3D('',#345,#346,#347);
#345 = CARTESIAN_POINT('',(53.975,-81.815905,0.));
#346 = DIRECTION('',(-0.,0.,-1.));
#347 = DIRECTION('',(-0.,-1.,0.));
#348 = FACE_BOUND('',#349,.F.);
#349 = EDGE_LOOP('',(#350,#361,#369,#378,#386,#395,#403,#412));
#350 = ORIENTED_EDGE('',*,*,#351,.F.);
#351 = EDGE_CURVE('',#352,#354,#356,.T.);
#352 = VERTEX_POINT('',#353);
#353 = CARTESIAN_POINT('',(66.425,-85.075,0.));
#354 = VERTEX_POINT('',#355);
#355 = CARTESIAN_POINT('',(66.025,-85.475,0.));
#356 = CIRCLE('',#357,0.399999018331);
#357 = AXIS2_PLACEMENT_3D('',#358,#359,#360);
#358 = CARTESIAN_POINT('',(66.42499901833,-85.47499901833,0.));
#359 = DIRECTION('',(0.,0.,1.));
#360 = DIRECTION('',(2.454181410341E-06,0.999999999997,-0.));
#361 = ORIENTED_EDGE('',*,*,#362,.F.);
#362 = EDGE_CURVE('',#363,#352,#365,.T.);
#363 = VERTEX_POINT('',#364);
#364 = CARTESIAN_POINT('',(79.625,-85.075,0.));
#365 = LINE('',#366,#367);
#366 = CARTESIAN_POINT('',(79.625,-85.075,0.));
#367 = VECTOR('',#368,1.);
#368 = DIRECTION('',(-1.,0.,0.));
#369 = ORIENTED_EDGE('',*,*,#370,.F.);
#370 = EDGE_CURVE('',#371,#363,#373,.T.);
#371 = VERTEX_POINT('',#372);
#372 = CARTESIAN_POINT('',(80.025,-85.475,0.));
#373 = CIRCLE('',#374,0.399999018331);
#374 = AXIS2_PLACEMENT_3D('',#375,#376,#377);
#375 = CARTESIAN_POINT('',(79.62500098167,-85.47499901833,0.));
#376 = DIRECTION('',(0.,0.,1.));
#377 = DIRECTION('',(0.999999999997,-2.454181410341E-06,0.));
#378 = ORIENTED_EDGE('',*,*,#379,.F.);
#379 = EDGE_CURVE('',#380,#371,#382,.T.);
#380 = VERTEX_POINT('',#381);
#381 = CARTESIAN_POINT('',(80.025,-98.675,0.));
#382 = LINE('',#383,#384);
#383 = CARTESIAN_POINT('',(80.025,-98.675,0.));
#384 = VECTOR('',#385,1.);
#385 = DIRECTION('',(0.,1.,0.));
#386 = ORIENTED_EDGE('',*,*,#387,.F.);
#387 = EDGE_CURVE('',#388,#380,#390,.T.);
#388 = VERTEX_POINT('',#389);
#389 = CARTESIAN_POINT('',(79.625,-99.075,0.));
#390 = CIRCLE('',#391,0.399999018331);
#391 = AXIS2_PLACEMENT_3D('',#392,#393,#394);
#392 = CARTESIAN_POINT('',(79.62500098167,-98.67500098167,0.));
#393 = DIRECTION('',(0.,0.,1.));
#394 = DIRECTION('',(-2.454181374813E-06,-0.999999999997,0.));
#395 = ORIENTED_EDGE('',*,*,#396,.F.);
#396 = EDGE_CURVE('',#397,#388,#399,.T.);
#397 = VERTEX_POINT('',#398);
#398 = CARTESIAN_POINT('',(66.425,-99.075,0.));
#399 = LINE('',#400,#401);
#400 = CARTESIAN_POINT('',(66.425,-99.075,0.));
#401 = VECTOR('',#402,1.);
#402 = DIRECTION('',(1.,0.,0.));
#403 = ORIENTED_EDGE('',*,*,#404,.F.);
#404 = EDGE_CURVE('',#405,#397,#407,.T.);
#405 = VERTEX_POINT('',#406);
#406 = CARTESIAN_POINT('',(66.025,-98.675,0.));
#407 = CIRCLE('',#408,0.399999018331);
#408 = AXIS2_PLACEMENT_3D('',#409,#410,#411);
#409 = CARTESIAN_POINT('',(66.42499901833,-98.67500098167,0.));
#410 = DIRECTION('',(0.,0.,1.));
#411 = DIRECTION('',(-0.999999999997,2.454181374813E-06,0.));
#412 = ORIENTED_EDGE('',*,*,#413,.F.);
#413 = EDGE_CURVE('',#354,#405,#414,.T.);
#414 = LINE('',#415,#416);
#415 = CARTESIAN_POINT('',(66.025,-85.475,0.));
#416 = VECTOR('',#417,1.);
#417 = DIRECTION('',(0.,-1.,0.));
#418 = FACE_BOUND('',#419,.F.);
#419 = EDGE_LOOP('',(#420,#431,#439,#448,#456,#465,#473,#482));
#420 = ORIENTED_EDGE('',*,*,#421,.F.);
#421 = EDGE_CURVE('',#422,#424,#426,.T.);
#422 = VERTEX_POINT('',#423);
#423 = CARTESIAN_POINT('',(37.85,-66.025,0.));
#424 = VERTEX_POINT('',#425);
#425 = CARTESIAN_POINT('',(37.45,-66.425,0.));
#426 = CIRCLE('',#427,0.399999018331);
#427 = AXIS2_PLACEMENT_3D('',#428,#429,#430);
#428 = CARTESIAN_POINT('',(37.84999901833,-66.42499901833,0.));
#429 = DIRECTION('',(0.,0.,1.));
#430 = DIRECTION('',(2.454181410341E-06,0.999999999997,-0.));
#431 = ORIENTED_EDGE('',*,*,#432,.F.);
#432 = EDGE_CURVE('',#433,#422,#435,.T.);
#433 = VERTEX_POINT('',#434);
#434 = CARTESIAN_POINT('',(51.05,-66.025,0.));
#435 = LINE('',#436,#437);
#436 = CARTESIAN_POINT('',(51.05,-66.025,0.));
#437 = VECTOR('',#438,1.);
#438 = DIRECTION('',(-1.,0.,0.));
#439 = ORIENTED_EDGE('',*,*,#440,.F.);
#440 = EDGE_CURVE('',#441,#433,#443,.T.);
#441 = VERTEX_POINT('',#442);
#442 = CARTESIAN_POINT('',(51.45,-66.425,0.));
#443 = CIRCLE('',#444,0.399999018331);
#444 = AXIS2_PLACEMENT_3D('',#445,#446,#447);
#445 = CARTESIAN_POINT('',(51.05000098167,-66.42499901833,0.));
#446 = DIRECTION('',(0.,0.,1.));
#447 = DIRECTION('',(0.999999999997,-2.454181374813E-06,0.));
#448 = ORIENTED_EDGE('',*,*,#449,.F.);
#449 = EDGE_CURVE('',#450,#441,#452,.T.);
#450 = VERTEX_POINT('',#451);
#451 = CARTESIAN_POINT('',(51.45,-79.625,0.));
#452 = LINE('',#453,#454);
#453 = CARTESIAN_POINT('',(51.45,-79.625,0.));
#454 = VECTOR('',#455,1.);
#455 = DIRECTION('',(0.,1.,0.));
#456 = ORIENTED_EDGE('',*,*,#457,.F.);
#457 = EDGE_CURVE('',#458,#450,#460,.T.);
#458 = VERTEX_POINT('',#459);
#459 = CARTESIAN_POINT('',(51.05,-80.025,0.));
#460 = CIRCLE('',#461,0.399999018331);
#461 = AXIS2_PLACEMENT_3D('',#462,#463,#464);
#462 = CARTESIAN_POINT('',(51.05000098167,-79.62500098167,0.));
#463 = DIRECTION('',(0.,0.,1.));
#464 = DIRECTION('',(-2.454181374813E-06,-0.999999999997,0.));
#465 = ORIENTED_EDGE('',*,*,#466,.F.);
#466 = EDGE_CURVE('',#467,#458,#469,.T.);
#467 = VERTEX_POINT('',#468);
#468 = CARTESIAN_POINT('',(37.85,-80.025,0.));
#469 = LINE('',#470,#471);
#470 = CARTESIAN_POINT('',(37.85,-80.025,0.));
#471 = VECTOR('',#472,1.);
#472 = DIRECTION('',(1.,0.,0.));
#473 = ORIENTED_EDGE('',*,*,#474,.F.);
#474 = EDGE_CURVE('',#475,#467,#477,.T.);
#475 = VERTEX_POINT('',#476);
#476 = CARTESIAN_POINT('',(37.45,-79.625,0.));
#477 = CIRCLE('',#478,0.399999018331);
#478 = AXIS2_PLACEMENT_3D('',#479,#480,#481);
#479 = CARTESIAN_POINT('',(37.84999901833,-79.62500098167,0.));
#480 = DIRECTION('',(0.,0.,1.));
#481 = DIRECTION('',(-0.999999999997,2.454181410341E-06,0.));
#482 = ORIENTED_EDGE('',*,*,#483,.F.);
#483 = EDGE_CURVE('',#424,#475,#484,.T.);
#484 = LINE('',#485,#486);
#485 = CARTESIAN_POINT('',(37.45,-66.425,0.));
#486 = VECTOR('',#487,1.);
#487 = DIRECTION('',(0.,-1.,0.));
#488 = FACE_BOUND('',#489,.F.);
#489 = EDGE_LOOP('',(#490,#501,#509,#518,#526,#535,#543,#552));
#490 = ORIENTED_EDGE('',*,*,#491,.F.);
#491 = EDGE_CURVE('',#492,#494,#496,.T.);
#492 = VERTEX_POINT('',#493);
#493 = CARTESIAN_POINT('',(56.9,-66.025,0.));
#494 = VERTEX_POINT('',#495);
#495 = CARTESIAN_POINT('',(56.5,-66.425,0.));
#496 = CIRCLE('',#497,0.399999018331);
#497 = AXIS2_PLACEMENT_3D('',#498,#499,#500);
#498 = CARTESIAN_POINT('',(56.89999901833,-66.42499901833,0.));
#499 = DIRECTION('',(0.,0.,1.));
#500 = DIRECTION('',(2.454181410341E-06,0.999999999997,-0.));
#501 = ORIENTED_EDGE('',*,*,#502,.F.);
#502 = EDGE_CURVE('',#503,#492,#505,.T.);
#503 = VERTEX_POINT('',#504);
#504 = CARTESIAN_POINT('',(70.1,-66.025,0.));
#505 = LINE('',#506,#507);
#506 = CARTESIAN_POINT('',(70.1,-66.025,0.));
#507 = VECTOR('',#508,1.);
#508 = DIRECTION('',(-1.,0.,0.));
#509 = ORIENTED_EDGE('',*,*,#510,.F.);
#510 = EDGE_CURVE('',#511,#503,#513,.T.);
#511 = VERTEX_POINT('',#512);
#512 = CARTESIAN_POINT('',(70.5,-66.425,0.));
#513 = CIRCLE('',#514,0.399999018331);
#514 = AXIS2_PLACEMENT_3D('',#515,#516,#517);
#515 = CARTESIAN_POINT('',(70.10000098167,-66.42499901833,0.));
#516 = DIRECTION('',(0.,0.,1.));
#517 = DIRECTION('',(0.999999999997,-2.454181374813E-06,0.));
#518 = ORIENTED_EDGE('',*,*,#519,.F.);
#519 = EDGE_CURVE('',#520,#511,#522,.T.);
#520 = VERTEX_POINT('',#521);
#521 = CARTESIAN_POINT('',(70.5,-79.625,0.));
#522 = LINE('',#523,#524);
#523 = CARTESIAN_POINT('',(70.5,-79.625,0.));
#524 = VECTOR('',#525,1.);
#525 = DIRECTION('',(0.,1.,0.));
#526 = ORIENTED_EDGE('',*,*,#527,.F.);
#527 = EDGE_CURVE('',#528,#520,#530,.T.);
#528 = VERTEX_POINT('',#529);
#529 = CARTESIAN_POINT('',(70.1,-80.025,0.));
#530 = CIRCLE('',#531,0.399999018331);
#531 = AXIS2_PLACEMENT_3D('',#532,#533,#534);
#532 = CARTESIAN_POINT('',(70.10000098167,-79.62500098167,0.));
#533 = DIRECTION('',(0.,0.,1.));
#534 = DIRECTION('',(-2.454181410341E-06,-0.999999999997,0.));
#535 = ORIENTED_EDGE('',*,*,#536,.F.);
#536 = EDGE_CURVE('',#537,#528,#539,.T.);
#537 = VERTEX_POINT('',#538);
#538 = CARTESIAN_POINT('',(56.9,-80.025,0.));
#539 = LINE('',#540,#541);
#540 = CARTESIAN_POINT('',(56.9,-80.025,0.));
#541 = VECTOR('',#542,1.);
#542 = DIRECTION('',(1.,0.,0.));
#543 = ORIENTED_EDGE('',*,*,#544,.F.);
#544 = EDGE_CURVE('',#545,#537,#547,.T.);
#545 = VERTEX_POINT('',#546);
#546 = CARTESIAN_POINT('',(56.5,-79.625,0.));
#547 = CIRCLE('',#548,0.399999018331);
#548 = AXIS2_PLACEMENT_3D('',#549,#550,#551);
#549 = CARTESIAN_POINT('',(56.89999901833,-79.62500098167,0.));
#550 = DIRECTION('',(0.,0.,1.));
#551 = DIRECTION('',(-0.999999999997,2.454181410341E-06,0.));
#552 = ORIENTED_EDGE('',*,*,#553,.F.);
#553 = EDGE_CURVE('',#494,#545,#554,.T.);
#554 = LINE('',#555,#556);
#555 = CARTESIAN_POINT('',(56.5,-66.425,0.));
#556 = VECTOR('',#557,1.);
#557 = DIRECTION('',(0.,-1.,0.));
#558 = FACE_BOUND('',#559,.F.);
#559 = EDGE_LOOP('',(#560,#571,#579,#588,#596,#605,#613,#622));
#560 = ORIENTED_EDGE('',*,*,#561,.F.);
#561 = EDGE_CURVE('',#562,#564,#566,.T.);
#562 = VERTEX_POINT('',#563);
#563 = CARTESIAN_POINT('',(85.475,-85.075,0.));
#564 = VERTEX_POINT('',#565);
#565 = CARTESIAN_POINT('',(85.075,-85.475,0.));
#566 = CIRCLE('',#567,0.399999018331);
#567 = AXIS2_PLACEMENT_3D('',#568,#569,#570);
#568 = CARTESIAN_POINT('',(85.47499901833,-85.47499901833,0.));
#569 = DIRECTION('',(0.,0.,1.));
#570 = DIRECTION('',(2.454181481395E-06,0.999999999997,-0.));
#571 = ORIENTED_EDGE('',*,*,#572,.F.);
#572 = EDGE_CURVE('',#573,#562,#575,.T.);
#573 = VERTEX_POINT('',#574);
#574 = CARTESIAN_POINT('',(98.675,-85.075,0.));
#575 = LINE('',#576,#577);
#576 = CARTESIAN_POINT('',(98.675,-85.075,0.));
#577 = VECTOR('',#578,1.);
#578 = DIRECTION('',(-1.,0.,0.));
#579 = ORIENTED_EDGE('',*,*,#580,.F.);
#580 = EDGE_CURVE('',#581,#573,#583,.T.);
#581 = VERTEX_POINT('',#582);
#582 = CARTESIAN_POINT('',(99.075,-85.475,0.));
#583 = CIRCLE('',#584,0.399999018331);
#584 = AXIS2_PLACEMENT_3D('',#585,#586,#587);
#585 = CARTESIAN_POINT('',(98.67500098167,-85.47499901833,0.));
#586 = DIRECTION('',(0.,0.,1.));
#587 = DIRECTION('',(0.999999999997,-2.454181374813E-06,0.));
#588 = ORIENTED_EDGE('',*,*,#589,.F.);
#589 = EDGE_CURVE('',#590,#581,#592,.T.);
#590 = VERTEX_POINT('',#591);
#591 = CARTESIAN_POINT('',(99.075,-98.675,0.));
#592 = LINE('',#593,#594);
#593 = CARTESIAN_POINT('',(99.075,-98.675,0.));
#594 = VECTOR('',#595,1.);
#595 = DIRECTION('',(0.,1.,0.));
#596 = ORIENTED_EDGE('',*,*,#597,.F.);
#597 = EDGE_CURVE('',#598,#590,#600,.T.);
#598 = VERTEX_POINT('',#599);
#599 = CARTESIAN_POINT('',(98.675,-99.075,0.));
#600 = CIRCLE('',#601,0.399999018331);
#601 = AXIS2_PLACEMENT_3D('',#602,#603,#604);
#602 = CARTESIAN_POINT('',(98.67500098167,-98.67500098167,0.));
#603 = DIRECTION('',(0.,0.,1.));
#604 = DIRECTION('',(-2.454181303759E-06,-0.999999999997,0.));
#605 = ORIENTED_EDGE('',*,*,#606,.F.);
#606 = EDGE_CURVE('',#607,#598,#609,.T.);
#607 = VERTEX_POINT('',#608);
#608 = CARTESIAN_POINT('',(85.475,-99.075,0.));
#609 = LINE('',#610,#611);
#610 = CARTESIAN_POINT('',(85.475,-99.075,0.));
#611 = VECTOR('',#612,1.);
#612 = DIRECTION('',(1.,0.,0.));
#613 = ORIENTED_EDGE('',*,*,#614,.F.);
#614 = EDGE_CURVE('',#615,#607,#617,.T.);
#615 = VERTEX_POINT('',#616);
#616 = CARTESIAN_POINT('',(85.075,-98.675,0.));
#617 = CIRCLE('',#618,0.399999018331);
#618 = AXIS2_PLACEMENT_3D('',#619,#620,#621);
#619 = CARTESIAN_POINT('',(85.47499901833,-98.67500098167,0.));
#620 = DIRECTION('',(0.,0.,1.));
#621 = DIRECTION('',(-0.999999999997,2.454181410341E-06,0.));
#622 = ORIENTED_EDGE('',*,*,#623,.F.);
#623 = EDGE_CURVE('',#564,#615,#624,.T.);
#624 = LINE('',#625,#626);
#625 = CARTESIAN_POINT('',(85.075,-85.475,0.));
#626 = VECTOR('',#627,1.);
#627 = DIRECTION('',(0.,-1.,0.));
#628 = FACE_BOUND('',#629,.F.);
#629 = EDGE_LOOP('',(#630,#641,#649,#658,#666,#675,#683,#692));
#630 = ORIENTED_EDGE('',*,*,#631,.F.);
#631 = EDGE_CURVE('',#632,#634,#636,.T.);
#632 = VERTEX_POINT('',#633);
#633 = CARTESIAN_POINT('',(104.525,-85.075,0.));
#634 = VERTEX_POINT('',#635);
#635 = CARTESIAN_POINT('',(104.125,-85.475,0.));
#636 = CIRCLE('',#637,0.399999018331);
#637 = AXIS2_PLACEMENT_3D('',#638,#639,#640);
#638 = CARTESIAN_POINT('',(104.52499901833,-85.47499901833,0.));
#639 = DIRECTION('',(0.,0.,1.));
#640 = DIRECTION('',(2.454181445868E-06,0.999999999997,-0.));
#641 = ORIENTED_EDGE('',*,*,#642,.F.);
#642 = EDGE_CURVE('',#643,#632,#645,.T.);
#643 = VERTEX_POINT('',#644);
#644 = CARTESIAN_POINT('',(117.725,-85.075,0.));
#645 = LINE('',#646,#647);
#646 = CARTESIAN_POINT('',(117.725,-85.075,0.));
#647 = VECTOR('',#648,1.);
#648 = DIRECTION('',(-1.,0.,0.));
#649 = ORIENTED_EDGE('',*,*,#650,.F.);
#650 = EDGE_CURVE('',#651,#643,#653,.T.);
#651 = VERTEX_POINT('',#652);
#652 = CARTESIAN_POINT('',(118.125,-85.475,0.));
#653 = CIRCLE('',#654,0.399999018331);
#654 = AXIS2_PLACEMENT_3D('',#655,#656,#657);
#655 = CARTESIAN_POINT('',(117.72500098167,-85.47499901833,0.));
#656 = DIRECTION('',(0.,0.,1.));
#657 = DIRECTION('',(0.999999999997,-2.454181410341E-06,0.));
#658 = ORIENTED_EDGE('',*,*,#659,.F.);
#659 = EDGE_CURVE('',#660,#651,#662,.T.);
#660 = VERTEX_POINT('',#661);
#661 = CARTESIAN_POINT('',(118.125,-98.675,0.));
#662 = LINE('',#663,#664);
#663 = CARTESIAN_POINT('',(118.125,-98.675,0.));
#664 = VECTOR('',#665,1.);
#665 = DIRECTION('',(0.,1.,0.));
#666 = ORIENTED_EDGE('',*,*,#667,.F.);
#667 = EDGE_CURVE('',#668,#660,#670,.T.);
#668 = VERTEX_POINT('',#669);
#669 = CARTESIAN_POINT('',(117.725,-99.075,0.));
#670 = CIRCLE('',#671,0.399999018331);
#671 = AXIS2_PLACEMENT_3D('',#672,#673,#674);
#672 = CARTESIAN_POINT('',(117.72500098167,-98.67500098167,0.));
#673 = DIRECTION('',(0.,0.,1.));
#674 = DIRECTION('',(-2.454181374813E-06,-0.999999999997,0.));
#675 = ORIENTED_EDGE('',*,*,#676,.F.);
#676 = EDGE_CURVE('',#677,#668,#679,.T.);
#677 = VERTEX_POINT('',#678);
#678 = CARTESIAN_POINT('',(104.525,-99.075,0.));
#679 = LINE('',#680,#681);
#680 = CARTESIAN_POINT('',(104.525,-99.075,0.));
#681 = VECTOR('',#682,1.);
#682 = DIRECTION('',(1.,0.,0.));
#683 = ORIENTED_EDGE('',*,*,#684,.F.);
#684 = EDGE_CURVE('',#685,#677,#687,.T.);
#685 = VERTEX_POINT('',#686);
#686 = CARTESIAN_POINT('',(104.125,-98.675,0.));
#687 = CIRCLE('',#688,0.399999018331);
#688 = AXIS2_PLACEMENT_3D('',#689,#690,#691);
#689 = CARTESIAN_POINT('',(104.52499901833,-98.67500098167,0.));
#690 = DIRECTION('',(0.,0.,1.));
#691 = DIRECTION('',(-0.999999999997,2.454181339286E-06,0.));
#692 = ORIENTED_EDGE('',*,*,#693,.F.);
#693 = EDGE_CURVE('',#634,#685,#694,.T.);
#694 = LINE('',#695,#696);
#695 = CARTESIAN_POINT('',(104.125,-85.475,0.));
#696 = VECTOR('',#697,1.);
#697 = DIRECTION('',(0.,-1.,0.));
#698 = FACE_BOUND('',#699,.F.);
#699 = EDGE_LOOP('',(#700,#711,#719,#728,#736,#745,#753,#762));
#700 = ORIENTED_EDGE('',*,*,#701,.F.);
#701 = EDGE_CURVE('',#702,#704,#706,.T.);
#702 = VERTEX_POINT('',#703);
#703 = CARTESIAN_POINT('',(123.575,-85.075,0.));
#704 = VERTEX_POINT('',#705);
#705 = CARTESIAN_POINT('',(123.175,-85.475,0.));
#706 = CIRCLE('',#707,0.399999018331);
#707 = AXIS2_PLACEMENT_3D('',#708,#709,#710);
#708 = CARTESIAN_POINT('',(123.57499901833,-85.47499901833,0.));
#709 = DIRECTION('',(0.,0.,1.));
#710 = DIRECTION('',(2.454181410341E-06,0.999999999997,-0.));
#711 = ORIENTED_EDGE('',*,*,#712,.F.);
#712 = EDGE_CURVE('',#713,#702,#715,.T.);
#713 = VERTEX_POINT('',#714);
#714 = CARTESIAN_POINT('',(136.775,-85.075,0.));
#715 = LINE('',#716,#717);
#716 = CARTESIAN_POINT('',(136.775,-85.075,0.));
#717 = VECTOR('',#718,1.);
#718 = DIRECTION('',(-1.,0.,0.));
#719 = ORIENTED_EDGE('',*,*,#720,.F.);
#720 = EDGE_CURVE('',#721,#713,#723,.T.);
#721 = VERTEX_POINT('',#722);
#722 = CARTESIAN_POINT('',(137.175,-85.475,0.));
#723 = CIRCLE('',#724,0.399999018331);
#724 = AXIS2_PLACEMENT_3D('',#725,#726,#727);
#725 = CARTESIAN_POINT('',(136.77500098167,-85.47499901833,0.));
#726 = DIRECTION('',(0.,0.,1.));
#727 = DIRECTION('',(0.999999999997,-2.454181374813E-06,0.));
#728 = ORIENTED_EDGE('',*,*,#729,.F.);
#729 = EDGE_CURVE('',#730,#721,#732,.T.);
#730 = VERTEX_POINT('',#731);
#731 = CARTESIAN_POINT('',(137.175,-98.675,0.));
#732 = LINE('',#733,#734);
#733 = CARTESIAN_POINT('',(137.175,-98.675,0.));
#734 = VECTOR('',#735,1.);
#735 = DIRECTION('',(0.,1.,0.));
#736 = ORIENTED_EDGE('',*,*,#737,.F.);
#737 = EDGE_CURVE('',#738,#730,#740,.T.);
#738 = VERTEX_POINT('',#739);
#739 = CARTESIAN_POINT('',(136.775,-99.075,0.));
#740 = CIRCLE('',#741,0.399999018331);
#741 = AXIS2_PLACEMENT_3D('',#742,#743,#744);
#742 = CARTESIAN_POINT('',(136.77500098167,-98.67500098167,0.));
#743 = DIRECTION('',(0.,0.,1.));
#744 = DIRECTION('',(-2.454181339286E-06,-0.999999999997,0.));
#745 = ORIENTED_EDGE('',*,*,#746,.F.);
#746 = EDGE_CURVE('',#747,#738,#749,.T.);
#747 = VERTEX_POINT('',#748);
#748 = CARTESIAN_POINT('',(123.575,-99.075,0.));
#749 = LINE('',#750,#751);
#750 = CARTESIAN_POINT('',(123.575,-99.075,0.));
#751 = VECTOR('',#752,1.);
#752 = DIRECTION('',(1.,0.,0.));
#753 = ORIENTED_EDGE('',*,*,#754,.F.);
#754 = EDGE_CURVE('',#755,#747,#757,.T.);
#755 = VERTEX_POINT('',#756);
#756 = CARTESIAN_POINT('',(123.175,-98.675,0.));
#757 = CIRCLE('',#758,0.399999018331);
#758 = AXIS2_PLACEMENT_3D('',#759,#760,#761);
#759 = CARTESIAN_POINT('',(123.57499901833,-98.67500098167,0.));
#760 = DIRECTION('',(0.,0.,1.));
#761 = DIRECTION('',(-0.999999999997,2.454181303759E-06,0.));
#762 = ORIENTED_EDGE('',*,*,#763,.F.);
#763 = EDGE_CURVE('',#704,#755,#764,.T.);
#764 = LINE('',#765,#766);
#765 = CARTESIAN_POINT('',(123.175,-85.475,0.));
#766 = VECTOR('',#767,1.);
#767 = DIRECTION('',(0.,-1.,0.));
#768 = FACE_BOUND('',#769,.F.);
#769 = EDGE_LOOP('',(#770,#781,#789,#798,#806,#815,#823,#832));
#770 = ORIENTED_EDGE('',*,*,#771,.F.);
#771 = EDGE_CURVE('',#772,#774,#776,.T.);
#772 = VERTEX_POINT('',#773);
#773 = CARTESIAN_POINT('',(142.625,-85.075,0.));
#774 = VERTEX_POINT('',#775);
#775 = CARTESIAN_POINT('',(142.225,-85.475,0.));
#776 = CIRCLE('',#777,0.399999018331);
#777 = AXIS2_PLACEMENT_3D('',#778,#779,#780);
#778 = CARTESIAN_POINT('',(142.62499901833,-85.47499901833,0.));
#779 = DIRECTION('',(0.,0.,1.));
#780 = DIRECTION('',(2.454181481395E-06,0.999999999997,-0.));
#781 = ORIENTED_EDGE('',*,*,#782,.F.);
#782 = EDGE_CURVE('',#783,#772,#785,.T.);
#783 = VERTEX_POINT('',#784);
#784 = CARTESIAN_POINT('',(155.825,-85.075,0.));
#785 = LINE('',#786,#787);
#786 = CARTESIAN_POINT('',(155.825,-85.075,0.));
#787 = VECTOR('',#788,1.);
#788 = DIRECTION('',(-1.,0.,0.));
#789 = ORIENTED_EDGE('',*,*,#790,.F.);
#790 = EDGE_CURVE('',#791,#783,#793,.T.);
#791 = VERTEX_POINT('',#792);
#792 = CARTESIAN_POINT('',(156.225,-85.475,0.));
#793 = CIRCLE('',#794,0.399999018331);
#794 = AXIS2_PLACEMENT_3D('',#795,#796,#797);
#795 = CARTESIAN_POINT('',(155.82500098167,-85.47499901833,0.));
#796 = DIRECTION('',(0.,0.,1.));
#797 = DIRECTION('',(0.999999999997,-2.454181445868E-06,0.));
#798 = ORIENTED_EDGE('',*,*,#799,.F.);
#799 = EDGE_CURVE('',#800,#791,#802,.T.);
#800 = VERTEX_POINT('',#801);
#801 = CARTESIAN_POINT('',(156.225,-98.675,0.));
#802 = LINE('',#803,#804);
#803 = CARTESIAN_POINT('',(156.225,-98.675,0.));
#804 = VECTOR('',#805,1.);
#805 = DIRECTION('',(0.,1.,0.));
#806 = ORIENTED_EDGE('',*,*,#807,.F.);
#807 = EDGE_CURVE('',#808,#800,#810,.T.);
#808 = VERTEX_POINT('',#809);
#809 = CARTESIAN_POINT('',(155.825,-99.075,0.));
#810 = CIRCLE('',#811,0.399999018331);
#811 = AXIS2_PLACEMENT_3D('',#812,#813,#814);
#812 = CARTESIAN_POINT('',(155.82500098167,-98.67500098167,0.));
#813 = DIRECTION('',(0.,0.,1.));
#814 = DIRECTION('',(-2.45418141034E-06,-0.999999999997,0.));
#815 = ORIENTED_EDGE('',*,*,#816,.F.);
#816 = EDGE_CURVE('',#817,#808,#819,.T.);
#817 = VERTEX_POINT('',#818);
#818 = CARTESIAN_POINT('',(142.625,-99.075,0.));
#819 = LINE('',#820,#821);
#820 = CARTESIAN_POINT('',(142.625,-99.075,0.));
#821 = VECTOR('',#822,1.);
#822 = DIRECTION('',(1.,0.,0.));
#823 = ORIENTED_EDGE('',*,*,#824,.F.);
#824 = EDGE_CURVE('',#825,#817,#827,.T.);
#825 = VERTEX_POINT('',#826);
#826 = CARTESIAN_POINT('',(142.225,-98.675,0.));
#827 = CIRCLE('',#828,0.399999018331);
#828 = AXIS2_PLACEMENT_3D('',#829,#830,#831);
#829 = CARTESIAN_POINT('',(142.62499901833,-98.67500098167,0.));
#830 = DIRECTION('',(0.,0.,1.));
#831 = DIRECTION('',(-0.999999999997,2.454181374813E-06,0.));
#832 = ORIENTED_EDGE('',*,*,#833,.F.);
#833 = EDGE_CURVE('',#774,#825,#834,.T.);
#834 = LINE('',#835,#836);
#835 = CARTESIAN_POINT('',(142.225,-85.475,0.));
#836 = VECTOR('',#837,1.);
#837 = DIRECTION('',(0.,-1.,0.));
#838 = FACE_BOUND('',#839,.F.);
#839 = EDGE_LOOP('',(#840));
#840 = ORIENTED_EDGE('',*,*,#841,.T.);
#841 = EDGE_CURVE('',#842,#842,#844,.T.);
#842 = VERTEX_POINT('',#843);
#843 = CARTESIAN_POINT('',(130.175,-83.165905,0.));
#844 = CIRCLE('',#845,1.35);
#845 = AXIS2_PLACEMENT_3D('',#846,#847,#848);
#846 = CARTESIAN_POINT('',(130.175,-81.815905,0.));
#847 = DIRECTION('',(-0.,0.,-1.));
#848 = DIRECTION('',(-0.,-1.,0.));
#849 = FACE_BOUND('',#850,.F.);
#850 = EDGE_LOOP('',(#851));
#851 = ORIENTED_EDGE('',*,*,#852,.T.);
#852 = EDGE_CURVE('',#853,#853,#855,.T.);
#853 = VERTEX_POINT('',#854);
#854 = CARTESIAN_POINT('',(139.7,-84.634095,0.));
#855 = CIRCLE('',#856,1.35);
#856 = AXIS2_PLACEMENT_3D('',#857,#858,#859);
#857 = CARTESIAN_POINT('',(139.7,-83.284095,0.));
#858 = DIRECTION('',(-0.,0.,-1.));
#859 = DIRECTION('',(-0.,-1.,0.));
#860 = FACE_BOUND('',#861,.F.);
#861 = EDGE_LOOP('',(#862,#873,#881,#890,#898,#907,#915,#924));
#862 = ORIENTED_EDGE('',*,*,#863,.F.);
#863 = EDGE_CURVE('',#864,#866,#868,.T.);
#864 = VERTEX_POINT('',#865);
#865 = CARTESIAN_POINT('',(95.,-66.025,0.));
#866 = VERTEX_POINT('',#867);
#867 = CARTESIAN_POINT('',(94.6,-66.425,0.));
#868 = CIRCLE('',#869,0.399999018331);
#869 = AXIS2_PLACEMENT_3D('',#870,#871,#872);
#870 = CARTESIAN_POINT('',(94.99999901833,-66.42499901833,0.));
#871 = DIRECTION('',(0.,0.,1.));
#872 = DIRECTION('',(2.454181445868E-06,0.999999999997,-0.));
#873 = ORIENTED_EDGE('',*,*,#874,.F.);
#874 = EDGE_CURVE('',#875,#864,#877,.T.);
#875 = VERTEX_POINT('',#876);
#876 = CARTESIAN_POINT('',(108.2,-66.025,0.));
#877 = LINE('',#878,#879);
#878 = CARTESIAN_POINT('',(108.2,-66.025,0.));
#879 = VECTOR('',#880,1.);
#880 = DIRECTION('',(-1.,0.,0.));
#881 = ORIENTED_EDGE('',*,*,#882,.F.);
#882 = EDGE_CURVE('',#883,#875,#885,.T.);
#883 = VERTEX_POINT('',#884);
#884 = CARTESIAN_POINT('',(108.6,-66.425,0.));
#885 = CIRCLE('',#886,0.399999018331);
#886 = AXIS2_PLACEMENT_3D('',#887,#888,#889);
#887 = CARTESIAN_POINT('',(108.20000098167,-66.42499901833,0.));
#888 = DIRECTION('',(0.,0.,1.));
#889 = DIRECTION('',(0.999999999997,-2.454181410341E-06,0.));
#890 = ORIENTED_EDGE('',*,*,#891,.F.);
#891 = EDGE_CURVE('',#892,#883,#894,.T.);
#892 = VERTEX_POINT('',#893);
#893 = CARTESIAN_POINT('',(108.6,-79.625,0.));
#894 = LINE('',#895,#896);
#895 = CARTESIAN_POINT('',(108.6,-79.625,0.));
#896 = VECTOR('',#897,1.);
#897 = DIRECTION('',(0.,1.,0.));
#898 = ORIENTED_EDGE('',*,*,#899,.F.);
#899 = EDGE_CURVE('',#900,#892,#902,.T.);
#900 = VERTEX_POINT('',#901);
#901 = CARTESIAN_POINT('',(108.2,-80.025,0.));
#902 = CIRCLE('',#903,0.399999018331);
#903 = AXIS2_PLACEMENT_3D('',#904,#905,#906);
#904 = CARTESIAN_POINT('',(108.20000098167,-79.62500098167,0.));
#905 = DIRECTION('',(0.,0.,1.));
#906 = DIRECTION('',(-2.454181374813E-06,-0.999999999997,0.));
#907 = ORIENTED_EDGE('',*,*,#908,.F.);
#908 = EDGE_CURVE('',#909,#900,#911,.T.);
#909 = VERTEX_POINT('',#910);
#910 = CARTESIAN_POINT('',(95.,-80.025,0.));
#911 = LINE('',#912,#913);
#912 = CARTESIAN_POINT('',(95.,-80.025,0.));
#913 = VECTOR('',#914,1.);
#914 = DIRECTION('',(1.,0.,0.));
#915 = ORIENTED_EDGE('',*,*,#916,.F.);
#916 = EDGE_CURVE('',#917,#909,#919,.T.);
#917 = VERTEX_POINT('',#918);
#918 = CARTESIAN_POINT('',(94.6,-79.625,0.));
#919 = CIRCLE('',#920,0.399999018331);
#920 = AXIS2_PLACEMENT_3D('',#921,#922,#923);
#921 = CARTESIAN_POINT('',(94.99999901833,-79.62500098167,0.));
#922 = DIRECTION('',(0.,0.,1.));
#923 = DIRECTION('',(-0.999999999997,2.454181410341E-06,0.));
#924 = ORIENTED_EDGE('',*,*,#925,.F.);
#925 = EDGE_CURVE('',#866,#917,#926,.T.);
#926 = LINE('',#927,#928);
#927 = CARTESIAN_POINT('',(94.6,-66.425,0.));
#928 = VECTOR('',#929,1.);
#929 = DIRECTION('',(0.,-1.,0.));
#930 = FACE_BOUND('',#931,.F.);
#931 = EDGE_LOOP('',(#932,#943,#951,#960,#968,#977,#985,#994));
#932 = ORIENTED_EDGE('',*,*,#933,.F.);
#933 = EDGE_CURVE('',#934,#936,#938,.T.);
#934 = VERTEX_POINT('',#935);
#935 = CARTESIAN_POINT('',(114.05,-66.025,0.));
#936 = VERTEX_POINT('',#937);
#937 = CARTESIAN_POINT('',(113.65,-66.425,0.));
#938 = CIRCLE('',#939,0.399999018331);
#939 = AXIS2_PLACEMENT_3D('',#940,#941,#942);
#940 = CARTESIAN_POINT('',(114.04999901833,-66.42499901833,0.));
#941 = DIRECTION('',(0.,0.,1.));
#942 = DIRECTION('',(2.454181410341E-06,0.999999999997,-0.));
#943 = ORIENTED_EDGE('',*,*,#944,.F.);
#944 = EDGE_CURVE('',#945,#934,#947,.T.);
#945 = VERTEX_POINT('',#946);
#946 = CARTESIAN_POINT('',(127.25,-66.025,0.));
#947 = LINE('',#948,#949);
#948 = CARTESIAN_POINT('',(127.25,-66.025,0.));
#949 = VECTOR('',#950,1.);
#950 = DIRECTION('',(-1.,0.,0.));
#951 = ORIENTED_EDGE('',*,*,#952,.F.);
#952 = EDGE_CURVE('',#953,#945,#955,.T.);
#953 = VERTEX_POINT('',#954);
#954 = CARTESIAN_POINT('',(127.65,-66.425,0.));
#955 = CIRCLE('',#956,0.399999018331);
#956 = AXIS2_PLACEMENT_3D('',#957,#958,#959);
#957 = CARTESIAN_POINT('',(127.25000098167,-66.42499901833,0.));
#958 = DIRECTION('',(0.,0.,1.));
#959 = DIRECTION('',(0.999999999997,-2.454181374813E-06,0.));
#960 = ORIENTED_EDGE('',*,*,#961,.F.);
#961 = EDGE_CURVE('',#962,#953,#964,.T.);
#962 = VERTEX_POINT('',#963);
#963 = CARTESIAN_POINT('',(127.65,-79.625,0.));
#964 = LINE('',#965,#966);
#965 = CARTESIAN_POINT('',(127.65,-79.625,0.));
#966 = VECTOR('',#967,1.);
#967 = DIRECTION('',(0.,1.,0.));
#968 = ORIENTED_EDGE('',*,*,#969,.F.);
#969 = EDGE_CURVE('',#970,#962,#972,.T.);
#970 = VERTEX_POINT('',#971);
#971 = CARTESIAN_POINT('',(127.25,-80.025,0.));
#972 = CIRCLE('',#973,0.399999018331);
#973 = AXIS2_PLACEMENT_3D('',#974,#975,#976);
#974 = CARTESIAN_POINT('',(127.25000098167,-79.62500098167,0.));
#975 = DIRECTION('',(0.,0.,1.));
#976 = DIRECTION('',(-2.454181410341E-06,-0.999999999997,0.));
#977 = ORIENTED_EDGE('',*,*,#978,.F.);
#978 = EDGE_CURVE('',#979,#970,#981,.T.);
#979 = VERTEX_POINT('',#980);
#980 = CARTESIAN_POINT('',(114.05,-80.025,0.));
#981 = LINE('',#982,#983);
#982 = CARTESIAN_POINT('',(114.05,-80.025,0.));
#983 = VECTOR('',#984,1.);
#984 = DIRECTION('',(1.,0.,0.));
#985 = ORIENTED_EDGE('',*,*,#986,.F.);
#986 = EDGE_CURVE('',#987,#979,#989,.T.);
#987 = VERTEX_POINT('',#988);
#988 = CARTESIAN_POINT('',(113.65,-79.625,0.));
#989 = CIRCLE('',#990,0.399999018331);
#990 = AXIS2_PLACEMENT_3D('',#991,#992,#993);
#991 = CARTESIAN_POINT('',(114.04999901833,-79.62500098167,0.));
#992 = DIRECTION('',(0.,0.,1.));
#993 = DIRECTION('',(-0.999999999997,2.454181445868E-06,0.));
#994 = ORIENTED_EDGE('',*,*,#995,.F.);
#995 = EDGE_CURVE('',#936,#987,#996,.T.);
#996 = LINE('',#997,#998);
#997 = CARTESIAN_POINT('',(113.65,-66.425,0.));
#998 = VECTOR('',#999,1.);
#999 = DIRECTION('',(0.,-1.,0.));
#1000 = FACE_BOUND('',#1001,.F.);
#1001 = EDGE_LOOP('',(#1002,#1013,#1021,#1030,#1038,#1047,#1055,#1064));
#1002 = ORIENTED_EDGE('',*,*,#1003,.F.);
#1003 = EDGE_CURVE('',#1004,#1006,#1008,.T.);
#1004 = VERTEX_POINT('',#1005);
#1005 = CARTESIAN_POINT('',(133.1,-66.025,0.));
#1006 = VERTEX_POINT('',#1007);
#1007 = CARTESIAN_POINT('',(132.7,-66.425,0.));
#1008 = CIRCLE('',#1009,0.399999018331);
#1009 = AXIS2_PLACEMENT_3D('',#1010,#1011,#1012);
#1010 = CARTESIAN_POINT('',(133.09999901833,-66.42499901833,0.));
#1011 = DIRECTION('',(0.,0.,1.));
#1012 = DIRECTION('',(2.45418141034E-06,0.999999999997,-0.));
#1013 = ORIENTED_EDGE('',*,*,#1014,.F.);
#1014 = EDGE_CURVE('',#1015,#1004,#1017,.T.);
#1015 = VERTEX_POINT('',#1016);
#1016 = CARTESIAN_POINT('',(146.3,-66.025,0.));
#1017 = LINE('',#1018,#1019);
#1018 = CARTESIAN_POINT('',(146.3,-66.025,0.));
#1019 = VECTOR('',#1020,1.);
#1020 = DIRECTION('',(-1.,0.,0.));
#1021 = ORIENTED_EDGE('',*,*,#1022,.F.);
#1022 = EDGE_CURVE('',#1023,#1015,#1025,.T.);
#1023 = VERTEX_POINT('',#1024);
#1024 = CARTESIAN_POINT('',(146.7,-66.425,0.));
#1025 = CIRCLE('',#1026,0.399999018331);
#1026 = AXIS2_PLACEMENT_3D('',#1027,#1028,#1029);
#1027 = CARTESIAN_POINT('',(146.30000098167,-66.42499901833,0.));
#1028 = DIRECTION('',(0.,0.,1.));
#1029 = DIRECTION('',(0.999999999997,-2.454181410341E-06,0.));
#1030 = ORIENTED_EDGE('',*,*,#1031,.F.);
#1031 = EDGE_CURVE('',#1032,#1023,#1034,.T.);
#1032 = VERTEX_POINT('',#1033);
#1033 = CARTESIAN_POINT('',(146.7,-79.625,0.));
#1034 = LINE('',#1035,#1036);
#1035 = CARTESIAN_POINT('',(146.7,-79.625,0.));
#1036 = VECTOR('',#1037,1.);
#1037 = DIRECTION('',(0.,1.,0.));
#1038 = ORIENTED_EDGE('',*,*,#1039,.F.);
#1039 = EDGE_CURVE('',#1040,#1032,#1042,.T.);
#1040 = VERTEX_POINT('',#1041);
#1041 = CARTESIAN_POINT('',(146.3,-80.025,0.));
#1042 = CIRCLE('',#1043,0.399999018331);
#1043 = AXIS2_PLACEMENT_3D('',#1044,#1045,#1046);
#1044 = CARTESIAN_POINT('',(146.30000098167,-79.62500098167,0.));
#1045 = DIRECTION('',(0.,0.,1.));
#1046 = DIRECTION('',(-2.454181339286E-06,-0.999999999997,0.));
#1047 = ORIENTED_EDGE('',*,*,#1048,.F.);
#1048 = EDGE_CURVE('',#1049,#1040,#1051,.T.);
#1049 = VERTEX_POINT('',#1050);
#1050 = CARTESIAN_POINT('',(133.1,-80.025,0.));
#1051 = LINE('',#1052,#1053);
#1052 = CARTESIAN_POINT('',(133.1,-80.025,0.));
#1053 = VECTOR('',#1054,1.);
#1054 = DIRECTION('',(1.,0.,0.));
#1055 = ORIENTED_EDGE('',*,*,#1056,.F.);
#1056 = EDGE_CURVE('',#1057,#1049,#1059,.T.);
#1057 = VERTEX_POINT('',#1058);
#1058 = CARTESIAN_POINT('',(132.7,-79.625,0.));
#1059 = CIRCLE('',#1060,0.399999018331);
#1060 = AXIS2_PLACEMENT_3D('',#1061,#1062,#1063);
#1061 = CARTESIAN_POINT('',(133.09999901833,-79.62500098167,0.));
#1062 = DIRECTION('',(0.,0.,1.));
#1063 = DIRECTION('',(-0.999999999997,2.454181339286E-06,0.));
#1064 = ORIENTED_EDGE('',*,*,#1065,.F.);
#1065 = EDGE_CURVE('',#1006,#1057,#1066,.T.);
#1066 = LINE('',#1067,#1068);
#1067 = CARTESIAN_POINT('',(132.7,-66.425,0.));
#1068 = VECTOR('',#1069,1.);
#1069 = DIRECTION('',(0.,-1.,0.));
#1070 = FACE_BOUND('',#1071,.F.);
#1071 = EDGE_LOOP('',(#1072,#1083,#1091,#1100,#1108,#1117,#1125,#1134));
#1072 = ORIENTED_EDGE('',*,*,#1073,.F.);
#1073 = EDGE_CURVE('',#1074,#1076,#1078,.T.);
#1074 = VERTEX_POINT('',#1075);
#1075 = CARTESIAN_POINT('',(28.325,-46.975,0.));
#1076 = VERTEX_POINT('',#1077);
#1077 = CARTESIAN_POINT('',(27.925,-47.375,0.));
#1078 = CIRCLE('',#1079,0.399999018331);
#1079 = AXIS2_PLACEMENT_3D('',#1080,#1081,#1082);
#1080 = CARTESIAN_POINT('',(28.32499901833,-47.37499901833,0.));
#1081 = DIRECTION('',(0.,0.,1.));
#1082 = DIRECTION('',(2.454181401459E-06,0.999999999997,-0.));
#1083 = ORIENTED_EDGE('',*,*,#1084,.F.);
#1084 = EDGE_CURVE('',#1085,#1074,#1087,.T.);
#1085 = VERTEX_POINT('',#1086);
#1086 = CARTESIAN_POINT('',(41.525,-46.975,0.));
#1087 = LINE('',#1088,#1089);
#1088 = CARTESIAN_POINT('',(41.525,-46.975,0.));
#1089 = VECTOR('',#1090,1.);
#1090 = DIRECTION('',(-1.,0.,0.));
#1091 = ORIENTED_EDGE('',*,*,#1092,.F.);
#1092 = EDGE_CURVE('',#1093,#1085,#1095,.T.);
#1093 = VERTEX_POINT('',#1094);
#1094 = CARTESIAN_POINT('',(41.925,-47.375,0.));
#1095 = CIRCLE('',#1096,0.399999018331);
#1096 = AXIS2_PLACEMENT_3D('',#1097,#1098,#1099);
#1097 = CARTESIAN_POINT('',(41.52500098167,-47.37499901833,0.));
#1098 = DIRECTION('',(0.,0.,1.));
#1099 = DIRECTION('',(0.999999999997,-2.454181392577E-06,0.));
#1100 = ORIENTED_EDGE('',*,*,#1101,.F.);
#1101 = EDGE_CURVE('',#1102,#1093,#1104,.T.);
#1102 = VERTEX_POINT('',#1103);
#1103 = CARTESIAN_POINT('',(41.925,-60.575,0.));
#1104 = LINE('',#1105,#1106);
#1105 = CARTESIAN_POINT('',(41.925,-60.575,0.));
#1106 = VECTOR('',#1107,1.);
#1107 = DIRECTION('',(0.,1.,0.));
#1108 = ORIENTED_EDGE('',*,*,#1109,.F.);
#1109 = EDGE_CURVE('',#1110,#1102,#1112,.T.);
#1110 = VERTEX_POINT('',#1111);
#1111 = CARTESIAN_POINT('',(41.525,-60.975,0.));
#1112 = CIRCLE('',#1113,0.399999018331);
#1113 = AXIS2_PLACEMENT_3D('',#1114,#1115,#1116);
#1114 = CARTESIAN_POINT('',(41.52500098167,-60.57500098167,0.));
#1115 = DIRECTION('',(0.,0.,1.));
#1116 = DIRECTION('',(-2.454181392577E-06,-0.999999999997,0.));
#1117 = ORIENTED_EDGE('',*,*,#1118,.F.);
#1118 = EDGE_CURVE('',#1119,#1110,#1121,.T.);
#1119 = VERTEX_POINT('',#1120);
#1120 = CARTESIAN_POINT('',(28.325,-60.975,0.));
#1121 = LINE('',#1122,#1123);
#1122 = CARTESIAN_POINT('',(28.325,-60.975,0.));
#1123 = VECTOR('',#1124,1.);
#1124 = DIRECTION('',(1.,0.,0.));
#1125 = ORIENTED_EDGE('',*,*,#1126,.F.);
#1126 = EDGE_CURVE('',#1127,#1119,#1129,.T.);
#1127 = VERTEX_POINT('',#1128);
#1128 = CARTESIAN_POINT('',(27.925,-60.575,0.));
#1129 = CIRCLE('',#1130,0.399999018331);
#1130 = AXIS2_PLACEMENT_3D('',#1131,#1132,#1133);
#1131 = CARTESIAN_POINT('',(28.32499901833,-60.57500098167,0.));
#1132 = DIRECTION('',(0.,0.,1.));
#1133 = DIRECTION('',(-0.999999999997,2.454181392577E-06,0.));
#1134 = ORIENTED_EDGE('',*,*,#1135,.F.);
#1135 = EDGE_CURVE('',#1076,#1127,#1136,.T.);
#1136 = LINE('',#1137,#1138);
#1137 = CARTESIAN_POINT('',(27.925,-47.375,0.));
#1138 = VECTOR('',#1139,1.);
#1139 = DIRECTION('',(0.,-1.,0.));
#1140 = FACE_BOUND('',#1141,.F.);
#1141 = EDGE_LOOP('',(#1142,#1153,#1161,#1170,#1178,#1187,#1195,#1204));
#1142 = ORIENTED_EDGE('',*,*,#1143,.F.);
#1143 = EDGE_CURVE('',#1144,#1146,#1148,.T.);
#1144 = VERTEX_POINT('',#1145);
#1145 = CARTESIAN_POINT('',(47.375,-46.975,0.));
#1146 = VERTEX_POINT('',#1147);
#1147 = CARTESIAN_POINT('',(46.975,-47.375,0.));
#1148 = CIRCLE('',#1149,0.399999018331);
#1149 = AXIS2_PLACEMENT_3D('',#1150,#1151,#1152);
#1150 = CARTESIAN_POINT('',(47.37499901833,-47.37499901833,0.));
#1151 = DIRECTION('',(0.,0.,1.));
#1152 = DIRECTION('',(2.454181410341E-06,0.999999999997,-0.));
#1153 = ORIENTED_EDGE('',*,*,#1154,.F.);
#1154 = EDGE_CURVE('',#1155,#1144,#1157,.T.);
#1155 = VERTEX_POINT('',#1156);
#1156 = CARTESIAN_POINT('',(60.575,-46.975,0.));
#1157 = LINE('',#1158,#1159);
#1158 = CARTESIAN_POINT('',(60.575,-46.975,0.));
#1159 = VECTOR('',#1160,1.);
#1160 = DIRECTION('',(-1.,0.,0.));
#1161 = ORIENTED_EDGE('',*,*,#1162,.F.);
#1162 = EDGE_CURVE('',#1163,#1155,#1165,.T.);
#1163 = VERTEX_POINT('',#1164);
#1164 = CARTESIAN_POINT('',(60.975,-47.375,0.));
#1165 = CIRCLE('',#1166,0.399999018331);
#1166 = AXIS2_PLACEMENT_3D('',#1167,#1168,#1169);
#1167 = CARTESIAN_POINT('',(60.57500098167,-47.37499901833,0.));
#1168 = DIRECTION('',(0.,0.,1.));
#1169 = DIRECTION('',(0.999999999997,-2.454181410341E-06,0.));
#1170 = ORIENTED_EDGE('',*,*,#1171,.F.);
#1171 = EDGE_CURVE('',#1172,#1163,#1174,.T.);
#1172 = VERTEX_POINT('',#1173);
#1173 = CARTESIAN_POINT('',(60.975,-60.575,0.));
#1174 = LINE('',#1175,#1176);
#1175 = CARTESIAN_POINT('',(60.975,-60.575,0.));
#1176 = VECTOR('',#1177,1.);
#1177 = DIRECTION('',(0.,1.,0.));
#1178 = ORIENTED_EDGE('',*,*,#1179,.F.);
#1179 = EDGE_CURVE('',#1180,#1172,#1182,.T.);
#1180 = VERTEX_POINT('',#1181);
#1181 = CARTESIAN_POINT('',(60.575,-60.975,0.));
#1182 = CIRCLE('',#1183,0.399999018331);
#1183 = AXIS2_PLACEMENT_3D('',#1184,#1185,#1186);
#1184 = CARTESIAN_POINT('',(60.57500098167,-60.57500098167,0.));
#1185 = DIRECTION('',(0.,0.,1.));
#1186 = DIRECTION('',(-2.454181410341E-06,-0.999999999997,0.));
#1187 = ORIENTED_EDGE('',*,*,#1188,.F.);
#1188 = EDGE_CURVE('',#1189,#1180,#1191,.T.);
#1189 = VERTEX_POINT('',#1190);
#1190 = CARTESIAN_POINT('',(47.375,-60.975,0.));
#1191 = LINE('',#1192,#1193);
#1192 = CARTESIAN_POINT('',(47.375,-60.975,0.));
#1193 = VECTOR('',#1194,1.);
#1194 = DIRECTION('',(1.,0.,0.));
#1195 = ORIENTED_EDGE('',*,*,#1196,.F.);
#1196 = EDGE_CURVE('',#1197,#1189,#1199,.T.);
#1197 = VERTEX_POINT('',#1198);
#1198 = CARTESIAN_POINT('',(46.975,-60.575,0.));
#1199 = CIRCLE('',#1200,0.399999018331);
#1200 = AXIS2_PLACEMENT_3D('',#1201,#1202,#1203);
#1201 = CARTESIAN_POINT('',(47.37499901833,-60.57500098167,0.));
#1202 = DIRECTION('',(0.,0.,1.));
#1203 = DIRECTION('',(-0.999999999997,2.454181410341E-06,0.));
#1204 = ORIENTED_EDGE('',*,*,#1205,.F.);
#1205 = EDGE_CURVE('',#1146,#1197,#1206,.T.);
#1206 = LINE('',#1207,#1208);
#1207 = CARTESIAN_POINT('',(46.975,-47.375,0.));
#1208 = VECTOR('',#1209,1.);
#1209 = DIRECTION('',(0.,-1.,0.));
#1210 = FACE_BOUND('',#1211,.F.);
#1211 = EDGE_LOOP('',(#1212,#1223,#1231,#1240,#1248,#1257,#1265,#1274));
#1212 = ORIENTED_EDGE('',*,*,#1213,.F.);
#1213 = EDGE_CURVE('',#1214,#1216,#1218,.T.);
#1214 = VERTEX_POINT('',#1215);
#1215 = CARTESIAN_POINT('',(66.425,-46.975,0.));
#1216 = VERTEX_POINT('',#1217);
#1217 = CARTESIAN_POINT('',(66.025,-47.375,0.));
#1218 = CIRCLE('',#1219,0.399999018331);
#1219 = AXIS2_PLACEMENT_3D('',#1220,#1221,#1222);
#1220 = CARTESIAN_POINT('',(66.42499901833,-47.37499901833,0.));
#1221 = DIRECTION('',(0.,0.,1.));
#1222 = DIRECTION('',(2.454181410341E-06,0.999999999997,-0.));
#1223 = ORIENTED_EDGE('',*,*,#1224,.F.);
#1224 = EDGE_CURVE('',#1225,#1214,#1227,.T.);
#1225 = VERTEX_POINT('',#1226);
#1226 = CARTESIAN_POINT('',(79.625,-46.975,0.));
#1227 = LINE('',#1228,#1229);
#1228 = CARTESIAN_POINT('',(79.625,-46.975,0.));
#1229 = VECTOR('',#1230,1.);
#1230 = DIRECTION('',(-1.,0.,0.));
#1231 = ORIENTED_EDGE('',*,*,#1232,.F.);
#1232 = EDGE_CURVE('',#1233,#1225,#1235,.T.);
#1233 = VERTEX_POINT('',#1234);
#1234 = CARTESIAN_POINT('',(80.025,-47.375,0.));
#1235 = CIRCLE('',#1236,0.399999018331);
#1236 = AXIS2_PLACEMENT_3D('',#1237,#1238,#1239);
#1237 = CARTESIAN_POINT('',(79.62500098167,-47.37499901833,0.));
#1238 = DIRECTION('',(0.,0.,1.));
#1239 = DIRECTION('',(0.999999999997,-2.454181392577E-06,0.));
#1240 = ORIENTED_EDGE('',*,*,#1241,.F.);
#1241 = EDGE_CURVE('',#1242,#1233,#1244,.T.);
#1242 = VERTEX_POINT('',#1243);
#1243 = CARTESIAN_POINT('',(80.025,-60.575,0.));
#1244 = LINE('',#1245,#1246);
#1245 = CARTESIAN_POINT('',(80.025,-60.575,0.));
#1246 = VECTOR('',#1247,1.);
#1247 = DIRECTION('',(0.,1.,0.));
#1248 = ORIENTED_EDGE('',*,*,#1249,.F.);
#1249 = EDGE_CURVE('',#1250,#1242,#1252,.T.);
#1250 = VERTEX_POINT('',#1251);
#1251 = CARTESIAN_POINT('',(79.625,-60.975,0.));
#1252 = CIRCLE('',#1253,0.399999018331);
#1253 = AXIS2_PLACEMENT_3D('',#1254,#1255,#1256);
#1254 = CARTESIAN_POINT('',(79.62500098167,-60.57500098167,0.));
#1255 = DIRECTION('',(0.,0.,1.));
#1256 = DIRECTION('',(-2.454181410341E-06,-0.999999999997,0.));
#1257 = ORIENTED_EDGE('',*,*,#1258,.F.);
#1258 = EDGE_CURVE('',#1259,#1250,#1261,.T.);
#1259 = VERTEX_POINT('',#1260);
#1260 = CARTESIAN_POINT('',(66.425,-60.975,0.));
#1261 = LINE('',#1262,#1263);
#1262 = CARTESIAN_POINT('',(66.425,-60.975,0.));
#1263 = VECTOR('',#1264,1.);
#1264 = DIRECTION('',(1.,0.,0.));
#1265 = ORIENTED_EDGE('',*,*,#1266,.F.);
#1266 = EDGE_CURVE('',#1267,#1259,#1269,.T.);
#1267 = VERTEX_POINT('',#1268);
#1268 = CARTESIAN_POINT('',(66.025,-60.575,0.));
#1269 = CIRCLE('',#1270,0.399999018331);
#1270 = AXIS2_PLACEMENT_3D('',#1271,#1272,#1273);
#1271 = CARTESIAN_POINT('',(66.42499901833,-60.57500098167,0.));
#1272 = DIRECTION('',(0.,0.,1.));
#1273 = DIRECTION('',(-0.999999999997,2.454181428104E-06,0.));
#1274 = ORIENTED_EDGE('',*,*,#1275,.F.);
#1275 = EDGE_CURVE('',#1216,#1267,#1276,.T.);
#1276 = LINE('',#1277,#1278);
#1277 = CARTESIAN_POINT('',(66.025,-47.375,0.));
#1278 = VECTOR('',#1279,1.);
#1279 = DIRECTION('',(0.,-1.,0.));
#1280 = FACE_BOUND('',#1281,.F.);
#1281 = EDGE_LOOP('',(#1282));
#1282 = ORIENTED_EDGE('',*,*,#1283,.T.);
#1283 = EDGE_CURVE('',#1284,#1284,#1286,.T.);
#1284 = VERTEX_POINT('',#1285);
#1285 = CARTESIAN_POINT('',(44.45,-46.534095,0.));
#1286 = CIRCLE('',#1287,1.35);
#1287 = AXIS2_PLACEMENT_3D('',#1288,#1289,#1290);
#1288 = CARTESIAN_POINT('',(44.45,-45.184095,0.));
#1289 = DIRECTION('',(-0.,0.,-1.));
#1290 = DIRECTION('',(-0.,-1.,0.));
#1291 = FACE_BOUND('',#1292,.F.);
#1292 = EDGE_LOOP('',(#1293));
#1293 = ORIENTED_EDGE('',*,*,#1294,.T.);
#1294 = EDGE_CURVE('',#1295,#1295,#1297,.T.);
#1295 = VERTEX_POINT('',#1296);
#1296 = CARTESIAN_POINT('',(53.975,-45.065905,0.));
#1297 = CIRCLE('',#1298,1.35);
#1298 = AXIS2_PLACEMENT_3D('',#1299,#1300,#1301);
#1299 = CARTESIAN_POINT('',(53.975,-43.715905,0.));
#1300 = DIRECTION('',(-0.,0.,-1.));
#1301 = DIRECTION('',(-0.,-1.,0.));
#1302 = FACE_BOUND('',#1303,.F.);
#1303 = EDGE_LOOP('',(#1304,#1315,#1323,#1332,#1340,#1349,#1357,#1366));
#1304 = ORIENTED_EDGE('',*,*,#1305,.F.);
#1305 = EDGE_CURVE('',#1306,#1308,#1310,.T.);
#1306 = VERTEX_POINT('',#1307);
#1307 = CARTESIAN_POINT('',(37.85,-27.925,0.));
#1308 = VERTEX_POINT('',#1309);
#1309 = CARTESIAN_POINT('',(37.45,-28.325,0.));
#1310 = CIRCLE('',#1311,0.399999018331);
#1311 = AXIS2_PLACEMENT_3D('',#1312,#1313,#1314);
#1312 = CARTESIAN_POINT('',(37.84999901833,-28.32499901833,0.));
#1313 = DIRECTION('',(0.,0.,1.));
#1314 = DIRECTION('',(2.454181392577E-06,0.999999999997,-0.));
#1315 = ORIENTED_EDGE('',*,*,#1316,.F.);
#1316 = EDGE_CURVE('',#1317,#1306,#1319,.T.);
#1317 = VERTEX_POINT('',#1318);
#1318 = CARTESIAN_POINT('',(51.05,-27.925,0.));
#1319 = LINE('',#1320,#1321);
#1320 = CARTESIAN_POINT('',(51.05,-27.925,0.));
#1321 = VECTOR('',#1322,1.);
#1322 = DIRECTION('',(-1.,0.,0.));
#1323 = ORIENTED_EDGE('',*,*,#1324,.F.);
#1324 = EDGE_CURVE('',#1325,#1317,#1327,.T.);
#1325 = VERTEX_POINT('',#1326);
#1326 = CARTESIAN_POINT('',(51.45,-28.325,0.));
#1327 = CIRCLE('',#1328,0.399999018331);
#1328 = AXIS2_PLACEMENT_3D('',#1329,#1330,#1331);
#1329 = CARTESIAN_POINT('',(51.05000098167,-28.32499901833,0.));
#1330 = DIRECTION('',(0.,0.,1.));
#1331 = DIRECTION('',(0.999999999997,-2.454181365931E-06,0.));
#1332 = ORIENTED_EDGE('',*,*,#1333,.F.);
#1333 = EDGE_CURVE('',#1334,#1325,#1336,.T.);
#1334 = VERTEX_POINT('',#1335);
#1335 = CARTESIAN_POINT('',(51.45,-41.525,0.));
#1336 = LINE('',#1337,#1338);
#1337 = CARTESIAN_POINT('',(51.45,-41.525,0.));
#1338 = VECTOR('',#1339,1.);
#1339 = DIRECTION('',(0.,1.,0.));
#1340 = ORIENTED_EDGE('',*,*,#1341,.F.);
#1341 = EDGE_CURVE('',#1342,#1334,#1344,.T.);
#1342 = VERTEX_POINT('',#1343);
#1343 = CARTESIAN_POINT('',(51.05,-41.925,0.));
#1344 = CIRCLE('',#1345,0.399999018331);
#1345 = AXIS2_PLACEMENT_3D('',#1346,#1347,#1348);
#1346 = CARTESIAN_POINT('',(51.05000098167,-41.52500098167,0.));
#1347 = DIRECTION('',(0.,0.,1.));
#1348 = DIRECTION('',(-2.454181374813E-06,-0.999999999997,0.));
#1349 = ORIENTED_EDGE('',*,*,#1350,.F.);
#1350 = EDGE_CURVE('',#1351,#1342,#1353,.T.);
#1351 = VERTEX_POINT('',#1352);
#1352 = CARTESIAN_POINT('',(37.85,-41.925,0.));
#1353 = LINE('',#1354,#1355);
#1354 = CARTESIAN_POINT('',(37.85,-41.925,0.));
#1355 = VECTOR('',#1356,1.);
#1356 = DIRECTION('',(1.,0.,0.));
#1357 = ORIENTED_EDGE('',*,*,#1358,.F.);
#1358 = EDGE_CURVE('',#1359,#1351,#1361,.T.);
#1359 = VERTEX_POINT('',#1360);
#1360 = CARTESIAN_POINT('',(37.45,-41.525,0.));
#1361 = CIRCLE('',#1362,0.399999018331);
#1362 = AXIS2_PLACEMENT_3D('',#1363,#1364,#1365);
#1363 = CARTESIAN_POINT('',(37.84999901833,-41.52500098167,0.));
#1364 = DIRECTION('',(0.,0.,1.));
#1365 = DIRECTION('',(-0.999999999997,2.454181392577E-06,0.));
#1366 = ORIENTED_EDGE('',*,*,#1367,.F.);
#1367 = EDGE_CURVE('',#1308,#1359,#1368,.T.);
#1368 = LINE('',#1369,#1370);
#1369 = CARTESIAN_POINT('',(37.45,-28.325,0.));
#1370 = VECTOR('',#1371,1.);
#1371 = DIRECTION('',(0.,-1.,0.));
#1372 = FACE_BOUND('',#1373,.F.);
#1373 = EDGE_LOOP('',(#1374,#1385,#1393,#1402,#1410,#1419,#1427,#1436));
#1374 = ORIENTED_EDGE('',*,*,#1375,.F.);
#1375 = EDGE_CURVE('',#1376,#1378,#1380,.T.);
#1376 = VERTEX_POINT('',#1377);
#1377 = CARTESIAN_POINT('',(56.9,-27.925,0.));
#1378 = VERTEX_POINT('',#1379);
#1379 = CARTESIAN_POINT('',(56.5,-28.325,0.));
#1380 = CIRCLE('',#1381,0.399999018331);
#1381 = AXIS2_PLACEMENT_3D('',#1382,#1383,#1384);
#1382 = CARTESIAN_POINT('',(56.89999901833,-28.32499901833,0.));
#1383 = DIRECTION('',(0.,0.,1.));
#1384 = DIRECTION('',(2.454181392577E-06,0.999999999997,-0.));
#1385 = ORIENTED_EDGE('',*,*,#1386,.F.);
#1386 = EDGE_CURVE('',#1387,#1376,#1389,.T.);
#1387 = VERTEX_POINT('',#1388);
#1388 = CARTESIAN_POINT('',(70.1,-27.925,0.));
#1389 = LINE('',#1390,#1391);
#1390 = CARTESIAN_POINT('',(70.1,-27.925,0.));
#1391 = VECTOR('',#1392,1.);
#1392 = DIRECTION('',(-1.,0.,0.));
#1393 = ORIENTED_EDGE('',*,*,#1394,.F.);
#1394 = EDGE_CURVE('',#1395,#1387,#1397,.T.);
#1395 = VERTEX_POINT('',#1396);
#1396 = CARTESIAN_POINT('',(70.5,-28.325,0.));
#1397 = CIRCLE('',#1398,0.399999018331);
#1398 = AXIS2_PLACEMENT_3D('',#1399,#1400,#1401);
#1399 = CARTESIAN_POINT('',(70.10000098167,-28.32499901833,0.));
#1400 = DIRECTION('',(0.,0.,1.));
#1401 = DIRECTION('',(0.999999999997,-2.454181383695E-06,0.));
#1402 = ORIENTED_EDGE('',*,*,#1403,.F.);
#1403 = EDGE_CURVE('',#1404,#1395,#1406,.T.);
#1404 = VERTEX_POINT('',#1405);
#1405 = CARTESIAN_POINT('',(70.5,-41.525,0.));
#1406 = LINE('',#1407,#1408);
#1407 = CARTESIAN_POINT('',(70.5,-41.525,0.));
#1408 = VECTOR('',#1409,1.);
#1409 = DIRECTION('',(0.,1.,0.));
#1410 = ORIENTED_EDGE('',*,*,#1411,.F.);
#1411 = EDGE_CURVE('',#1412,#1404,#1414,.T.);
#1412 = VERTEX_POINT('',#1413);
#1413 = CARTESIAN_POINT('',(70.1,-41.925,0.));
#1414 = CIRCLE('',#1415,0.399999018331);
#1415 = AXIS2_PLACEMENT_3D('',#1416,#1417,#1418);
#1416 = CARTESIAN_POINT('',(70.10000098167,-41.52500098167,0.));
#1417 = DIRECTION('',(0.,0.,1.));
#1418 = DIRECTION('',(-2.454181410341E-06,-0.999999999997,0.));
#1419 = ORIENTED_EDGE('',*,*,#1420,.F.);
#1420 = EDGE_CURVE('',#1421,#1412,#1423,.T.);
#1421 = VERTEX_POINT('',#1422);
#1422 = CARTESIAN_POINT('',(56.9,-41.925,0.));
#1423 = LINE('',#1424,#1425);
#1424 = CARTESIAN_POINT('',(56.9,-41.925,0.));
#1425 = VECTOR('',#1426,1.);
#1426 = DIRECTION('',(1.,0.,0.));
#1427 = ORIENTED_EDGE('',*,*,#1428,.F.);
#1428 = EDGE_CURVE('',#1429,#1421,#1431,.T.);
#1429 = VERTEX_POINT('',#1430);
#1430 = CARTESIAN_POINT('',(56.5,-41.525,0.));
#1431 = CIRCLE('',#1432,0.399999018331);
#1432 = AXIS2_PLACEMENT_3D('',#1433,#1434,#1435);
#1433 = CARTESIAN_POINT('',(56.89999901833,-41.52500098167,0.));
#1434 = DIRECTION('',(0.,0.,1.));
#1435 = DIRECTION('',(-0.999999999997,2.454181392577E-06,0.));
#1436 = ORIENTED_EDGE('',*,*,#1437,.F.);
#1437 = EDGE_CURVE('',#1378,#1429,#1438,.T.);
#1438 = LINE('',#1439,#1440);
#1439 = CARTESIAN_POINT('',(56.5,-28.325,0.));
#1440 = VECTOR('',#1441,1.);
#1441 = DIRECTION('',(0.,-1.,0.));
#1442 = FACE_BOUND('',#1443,.F.);
#1443 = EDGE_LOOP('',(#1444,#1455,#1463,#1472,#1480,#1489,#1497,#1506));
#1444 = ORIENTED_EDGE('',*,*,#1445,.F.);
#1445 = EDGE_CURVE('',#1446,#1448,#1450,.T.);
#1446 = VERTEX_POINT('',#1447);
#1447 = CARTESIAN_POINT('',(85.475,-46.975,0.));
#1448 = VERTEX_POINT('',#1449);
#1449 = CARTESIAN_POINT('',(85.075,-47.375,0.));
#1450 = CIRCLE('',#1451,0.399999018331);
#1451 = AXIS2_PLACEMENT_3D('',#1452,#1453,#1454);
#1452 = CARTESIAN_POINT('',(85.47499901833,-47.37499901833,0.));
#1453 = DIRECTION('',(0.,0.,1.));
#1454 = DIRECTION('',(2.454181445868E-06,0.999999999997,-0.));
#1455 = ORIENTED_EDGE('',*,*,#1456,.F.);
#1456 = EDGE_CURVE('',#1457,#1446,#1459,.T.);
#1457 = VERTEX_POINT('',#1458);
#1458 = CARTESIAN_POINT('',(98.675,-46.975,0.));
#1459 = LINE('',#1460,#1461);
#1460 = CARTESIAN_POINT('',(98.675,-46.975,0.));
#1461 = VECTOR('',#1462,1.);
#1462 = DIRECTION('',(-1.,0.,0.));
#1463 = ORIENTED_EDGE('',*,*,#1464,.F.);
#1464 = EDGE_CURVE('',#1465,#1457,#1467,.T.);
#1465 = VERTEX_POINT('',#1466);
#1466 = CARTESIAN_POINT('',(99.075,-47.375,0.));
#1467 = CIRCLE('',#1468,0.399999018331);
#1468 = AXIS2_PLACEMENT_3D('',#1469,#1470,#1471);
#1469 = CARTESIAN_POINT('',(98.67500098167,-47.37499901833,0.));
#1470 = DIRECTION('',(0.,0.,1.));
#1471 = DIRECTION('',(0.999999999997,-2.45418135705E-06,0.));
#1472 = ORIENTED_EDGE('',*,*,#1473,.F.);
#1473 = EDGE_CURVE('',#1474,#1465,#1476,.T.);
#1474 = VERTEX_POINT('',#1475);
#1475 = CARTESIAN_POINT('',(99.075,-60.575,0.));
#1476 = LINE('',#1477,#1478);
#1477 = CARTESIAN_POINT('',(99.075,-60.575,0.));
#1478 = VECTOR('',#1479,1.);
#1479 = DIRECTION('',(0.,1.,0.));
#1480 = ORIENTED_EDGE('',*,*,#1481,.F.);
#1481 = EDGE_CURVE('',#1482,#1474,#1484,.T.);
#1482 = VERTEX_POINT('',#1483);
#1483 = CARTESIAN_POINT('',(98.675,-60.975,0.));
#1484 = CIRCLE('',#1485,0.399999018331);
#1485 = AXIS2_PLACEMENT_3D('',#1486,#1487,#1488);
#1486 = CARTESIAN_POINT('',(98.67500098167,-60.57500098167,0.));
#1487 = DIRECTION('',(0.,0.,1.));
#1488 = DIRECTION('',(-2.454181374813E-06,-0.999999999997,0.));
#1489 = ORIENTED_EDGE('',*,*,#1490,.F.);
#1490 = EDGE_CURVE('',#1491,#1482,#1493,.T.);
#1491 = VERTEX_POINT('',#1492);
#1492 = CARTESIAN_POINT('',(85.475,-60.975,0.));
#1493 = LINE('',#1494,#1495);
#1494 = CARTESIAN_POINT('',(85.475,-60.975,0.));
#1495 = VECTOR('',#1496,1.);
#1496 = DIRECTION('',(1.,0.,0.));
#1497 = ORIENTED_EDGE('',*,*,#1498,.F.);
#1498 = EDGE_CURVE('',#1499,#1491,#1501,.T.);
#1499 = VERTEX_POINT('',#1500);
#1500 = CARTESIAN_POINT('',(85.075,-60.575,0.));
#1501 = CIRCLE('',#1502,0.399999018331);
#1502 = AXIS2_PLACEMENT_3D('',#1503,#1504,#1505);
#1503 = CARTESIAN_POINT('',(85.47499901833,-60.57500098167,0.));
#1504 = DIRECTION('',(0.,0.,1.));
#1505 = DIRECTION('',(-0.999999999997,2.454181445868E-06,0.));
#1506 = ORIENTED_EDGE('',*,*,#1507,.F.);
#1507 = EDGE_CURVE('',#1448,#1499,#1508,.T.);
#1508 = LINE('',#1509,#1510);
#1509 = CARTESIAN_POINT('',(85.075,-47.375,0.));
#1510 = VECTOR('',#1511,1.);
#1511 = DIRECTION('',(0.,-1.,0.));
#1512 = FACE_BOUND('',#1513,.F.);
#1513 = EDGE_LOOP('',(#1514,#1525,#1533,#1542,#1550,#1559,#1567,#1576));
#1514 = ORIENTED_EDGE('',*,*,#1515,.F.);
#1515 = EDGE_CURVE('',#1516,#1518,#1520,.T.);
#1516 = VERTEX_POINT('',#1517);
#1517 = CARTESIAN_POINT('',(104.525,-46.975,0.));
#1518 = VERTEX_POINT('',#1519);
#1519 = CARTESIAN_POINT('',(104.125,-47.375,0.));
#1520 = CIRCLE('',#1521,0.399999018331);
#1521 = AXIS2_PLACEMENT_3D('',#1522,#1523,#1524);
#1522 = CARTESIAN_POINT('',(104.52499901833,-47.37499901833,0.));
#1523 = DIRECTION('',(0.,0.,1.));
#1524 = DIRECTION('',(2.454181410341E-06,0.999999999997,-0.));
#1525 = ORIENTED_EDGE('',*,*,#1526,.F.);
#1526 = EDGE_CURVE('',#1527,#1516,#1529,.T.);
#1527 = VERTEX_POINT('',#1528);
#1528 = CARTESIAN_POINT('',(117.725,-46.975,0.));
#1529 = LINE('',#1530,#1531);
#1530 = CARTESIAN_POINT('',(117.725,-46.975,0.));
#1531 = VECTOR('',#1532,1.);
#1532 = DIRECTION('',(-1.,0.,0.));
#1533 = ORIENTED_EDGE('',*,*,#1534,.F.);
#1534 = EDGE_CURVE('',#1535,#1527,#1537,.T.);
#1535 = VERTEX_POINT('',#1536);
#1536 = CARTESIAN_POINT('',(118.125,-47.375,0.));
#1537 = CIRCLE('',#1538,0.399999018331);
#1538 = AXIS2_PLACEMENT_3D('',#1539,#1540,#1541);
#1539 = CARTESIAN_POINT('',(117.72500098167,-47.37499901833,0.));
#1540 = DIRECTION('',(0.,0.,1.));
#1541 = DIRECTION('',(0.999999999997,-2.454181392577E-06,0.));
#1542 = ORIENTED_EDGE('',*,*,#1543,.F.);
#1543 = EDGE_CURVE('',#1544,#1535,#1546,.T.);
#1544 = VERTEX_POINT('',#1545);
#1545 = CARTESIAN_POINT('',(118.125,-60.575,0.));
#1546 = LINE('',#1547,#1548);
#1547 = CARTESIAN_POINT('',(118.125,-60.575,0.));
#1548 = VECTOR('',#1549,1.);
#1549 = DIRECTION('',(0.,1.,0.));
#1550 = ORIENTED_EDGE('',*,*,#1551,.F.);
#1551 = EDGE_CURVE('',#1552,#1544,#1554,.T.);
#1552 = VERTEX_POINT('',#1553);
#1553 = CARTESIAN_POINT('',(117.725,-60.975,0.));
#1554 = CIRCLE('',#1555,0.399999018331);
#1555 = AXIS2_PLACEMENT_3D('',#1556,#1557,#1558);
#1556 = CARTESIAN_POINT('',(117.72500098167,-60.57500098167,0.));
#1557 = DIRECTION('',(0.,0.,1.));
#1558 = DIRECTION('',(-2.454181410341E-06,-0.999999999997,0.));
#1559 = ORIENTED_EDGE('',*,*,#1560,.F.);
#1560 = EDGE_CURVE('',#1561,#1552,#1563,.T.);
#1561 = VERTEX_POINT('',#1562);
#1562 = CARTESIAN_POINT('',(104.525,-60.975,0.));
#1563 = LINE('',#1564,#1565);
#1564 = CARTESIAN_POINT('',(104.525,-60.975,0.));
#1565 = VECTOR('',#1566,1.);
#1566 = DIRECTION('',(1.,0.,0.));
#1567 = ORIENTED_EDGE('',*,*,#1568,.F.);
#1568 = EDGE_CURVE('',#1569,#1561,#1571,.T.);
#1569 = VERTEX_POINT('',#1570);
#1570 = CARTESIAN_POINT('',(104.125,-60.575,0.));
#1571 = CIRCLE('',#1572,0.399999018331);
#1572 = AXIS2_PLACEMENT_3D('',#1573,#1574,#1575);
#1573 = CARTESIAN_POINT('',(104.52499901833,-60.57500098167,0.));
#1574 = DIRECTION('',(0.,0.,1.));
#1575 = DIRECTION('',(-0.999999999997,2.454181392577E-06,0.));
#1576 = ORIENTED_EDGE('',*,*,#1577,.F.);
#1577 = EDGE_CURVE('',#1518,#1569,#1578,.T.);
#1578 = LINE('',#1579,#1580);
#1579 = CARTESIAN_POINT('',(104.125,-47.375,0.));
#1580 = VECTOR('',#1581,1.);
#1581 = DIRECTION('',(0.,-1.,0.));
#1582 = FACE_BOUND('',#1583,.F.);
#1583 = EDGE_LOOP('',(#1584,#1595,#1603,#1612,#1620,#1629,#1637,#1646));
#1584 = ORIENTED_EDGE('',*,*,#1585,.F.);
#1585 = EDGE_CURVE('',#1586,#1588,#1590,.T.);
#1586 = VERTEX_POINT('',#1587);
#1587 = CARTESIAN_POINT('',(123.575,-46.975,0.));
#1588 = VERTEX_POINT('',#1589);
#1589 = CARTESIAN_POINT('',(123.175,-47.375,0.));
#1590 = CIRCLE('',#1591,0.399999018331);
#1591 = AXIS2_PLACEMENT_3D('',#1592,#1593,#1594);
#1592 = CARTESIAN_POINT('',(123.57499901833,-47.37499901833,0.));
#1593 = DIRECTION('',(0.,0.,1.));
#1594 = DIRECTION('',(2.454181374813E-06,0.999999999997,-0.));
#1595 = ORIENTED_EDGE('',*,*,#1596,.F.);
#1596 = EDGE_CURVE('',#1597,#1586,#1599,.T.);
#1597 = VERTEX_POINT('',#1598);
#1598 = CARTESIAN_POINT('',(136.775,-46.975,0.));
#1599 = LINE('',#1600,#1601);
#1600 = CARTESIAN_POINT('',(136.775,-46.975,0.));
#1601 = VECTOR('',#1602,1.);
#1602 = DIRECTION('',(-1.,0.,0.));
#1603 = ORIENTED_EDGE('',*,*,#1604,.F.);
#1604 = EDGE_CURVE('',#1605,#1597,#1607,.T.);
#1605 = VERTEX_POINT('',#1606);
#1606 = CARTESIAN_POINT('',(137.175,-47.375,0.));
#1607 = CIRCLE('',#1608,0.399999018331);
#1608 = AXIS2_PLACEMENT_3D('',#1609,#1610,#1611);
#1609 = CARTESIAN_POINT('',(136.77500098167,-47.37499901833,0.));
#1610 = DIRECTION('',(0.,0.,1.));
#1611 = DIRECTION('',(0.999999999997,-2.454181321522E-06,0.));
#1612 = ORIENTED_EDGE('',*,*,#1613,.F.);
#1613 = EDGE_CURVE('',#1614,#1605,#1616,.T.);
#1614 = VERTEX_POINT('',#1615);
#1615 = CARTESIAN_POINT('',(137.175,-60.575,0.));
#1616 = LINE('',#1617,#1618);
#1617 = CARTESIAN_POINT('',(137.175,-60.575,0.));
#1618 = VECTOR('',#1619,1.);
#1619 = DIRECTION('',(0.,1.,0.));
#1620 = ORIENTED_EDGE('',*,*,#1621,.F.);
#1621 = EDGE_CURVE('',#1622,#1614,#1624,.T.);
#1622 = VERTEX_POINT('',#1623);
#1623 = CARTESIAN_POINT('',(136.775,-60.975,0.));
#1624 = CIRCLE('',#1625,0.399999018331);
#1625 = AXIS2_PLACEMENT_3D('',#1626,#1627,#1628);
#1626 = CARTESIAN_POINT('',(136.77500098167,-60.57500098167,0.));
#1627 = DIRECTION('',(0.,0.,1.));
#1628 = DIRECTION('',(-2.454181339286E-06,-0.999999999997,0.));
#1629 = ORIENTED_EDGE('',*,*,#1630,.F.);
#1630 = EDGE_CURVE('',#1631,#1622,#1633,.T.);
#1631 = VERTEX_POINT('',#1632);
#1632 = CARTESIAN_POINT('',(123.575,-60.975,0.));
#1633 = LINE('',#1634,#1635);
#1634 = CARTESIAN_POINT('',(123.575,-60.975,0.));
#1635 = VECTOR('',#1636,1.);
#1636 = DIRECTION('',(1.,0.,0.));
#1637 = ORIENTED_EDGE('',*,*,#1638,.F.);
#1638 = EDGE_CURVE('',#1639,#1631,#1641,.T.);
#1639 = VERTEX_POINT('',#1640);
#1640 = CARTESIAN_POINT('',(123.175,-60.575,0.));
#1641 = CIRCLE('',#1642,0.399999018331);
#1642 = AXIS2_PLACEMENT_3D('',#1643,#1644,#1645);
#1643 = CARTESIAN_POINT('',(123.57499901833,-60.57500098167,0.));
#1644 = DIRECTION('',(0.,0.,1.));
#1645 = DIRECTION('',(-0.999999999997,2.45418135705E-06,0.));
#1646 = ORIENTED_EDGE('',*,*,#1647,.F.);
#1647 = EDGE_CURVE('',#1588,#1639,#1648,.T.);
#1648 = LINE('',#1649,#1650);
#1649 = CARTESIAN_POINT('',(123.175,-47.375,0.));
#1650 = VECTOR('',#1651,1.);
#1651 = DIRECTION('',(0.,-1.,0.));
#1652 = FACE_BOUND('',#1653,.F.);
#1653 = EDGE_LOOP('',(#1654,#1665,#1673,#1682,#1690,#1699,#1707,#1716));
#1654 = ORIENTED_EDGE('',*,*,#1655,.F.);
#1655 = EDGE_CURVE('',#1656,#1658,#1660,.T.);
#1656 = VERTEX_POINT('',#1657);
#1657 = CARTESIAN_POINT('',(142.625,-46.975,0.));
#1658 = VERTEX_POINT('',#1659);
#1659 = CARTESIAN_POINT('',(142.225,-47.375,0.));
#1660 = CIRCLE('',#1661,0.399999018331);
#1661 = AXIS2_PLACEMENT_3D('',#1662,#1663,#1664);
#1662 = CARTESIAN_POINT('',(142.62499901833,-47.37499901833,0.));
#1663 = DIRECTION('',(0.,0.,1.));
#1664 = DIRECTION('',(2.454181410341E-06,0.999999999997,-0.));
#1665 = ORIENTED_EDGE('',*,*,#1666,.F.);
#1666 = EDGE_CURVE('',#1667,#1656,#1669,.T.);
#1667 = VERTEX_POINT('',#1668);
#1668 = CARTESIAN_POINT('',(155.825,-46.975,0.));
#1669 = LINE('',#1670,#1671);
#1670 = CARTESIAN_POINT('',(155.825,-46.975,0.));
#1671 = VECTOR('',#1672,1.);
#1672 = DIRECTION('',(-1.,0.,0.));
#1673 = ORIENTED_EDGE('',*,*,#1674,.F.);
#1674 = EDGE_CURVE('',#1675,#1667,#1677,.T.);
#1675 = VERTEX_POINT('',#1676);
#1676 = CARTESIAN_POINT('',(156.225,-47.375,0.));
#1677 = CIRCLE('',#1678,0.399999018331);
#1678 = AXIS2_PLACEMENT_3D('',#1679,#1680,#1681);
#1679 = CARTESIAN_POINT('',(155.82500098167,-47.37499901833,0.));
#1680 = DIRECTION('',(0.,0.,1.));
#1681 = DIRECTION('',(0.999999999997,-2.454181410341E-06,0.));
#1682 = ORIENTED_EDGE('',*,*,#1683,.F.);
#1683 = EDGE_CURVE('',#1684,#1675,#1686,.T.);
#1684 = VERTEX_POINT('',#1685);
#1685 = CARTESIAN_POINT('',(156.225,-60.575,0.));
#1686 = LINE('',#1687,#1688);
#1687 = CARTESIAN_POINT('',(156.225,-60.575,0.));
#1688 = VECTOR('',#1689,1.);
#1689 = DIRECTION('',(0.,1.,0.));
#1690 = ORIENTED_EDGE('',*,*,#1691,.F.);
#1691 = EDGE_CURVE('',#1692,#1684,#1694,.T.);
#1692 = VERTEX_POINT('',#1693);
#1693 = CARTESIAN_POINT('',(155.825,-60.975,0.));
#1694 = CIRCLE('',#1695,0.399999018331);
#1695 = AXIS2_PLACEMENT_3D('',#1696,#1697,#1698);
#1696 = CARTESIAN_POINT('',(155.82500098167,-60.57500098167,0.));
#1697 = DIRECTION('',(0.,0.,1.));
#1698 = DIRECTION('',(-2.454181410341E-06,-0.999999999997,0.));
#1699 = ORIENTED_EDGE('',*,*,#1700,.F.);
#1700 = EDGE_CURVE('',#1701,#1692,#1703,.T.);
#1701 = VERTEX_POINT('',#1702);
#1702 = CARTESIAN_POINT('',(142.625,-60.975,0.));
#1703 = LINE('',#1704,#1705);
#1704 = CARTESIAN_POINT('',(142.625,-60.975,0.));
#1705 = VECTOR('',#1706,1.);
#1706 = DIRECTION('',(1.,0.,0.));
#1707 = ORIENTED_EDGE('',*,*,#1708,.F.);
#1708 = EDGE_CURVE('',#1709,#1701,#1711,.T.);
#1709 = VERTEX_POINT('',#1710);
#1710 = CARTESIAN_POINT('',(142.225,-60.575,0.));
#1711 = CIRCLE('',#1712,0.399999018331);
#1712 = AXIS2_PLACEMENT_3D('',#1713,#1714,#1715);
#1713 = CARTESIAN_POINT('',(142.62499901833,-60.57500098167,0.));
#1714 = DIRECTION('',(0.,0.,1.));
#1715 = DIRECTION('',(-0.999999999997,2.454181410341E-06,0.));
#1716 = ORIENTED_EDGE('',*,*,#1717,.F.);
#1717 = EDGE_CURVE('',#1658,#1709,#1718,.T.);
#1718 = LINE('',#1719,#1720);
#1719 = CARTESIAN_POINT('',(142.225,-47.375,0.));
#1720 = VECTOR('',#1721,1.);
#1721 = DIRECTION('',(0.,-1.,0.));
#1722 = FACE_BOUND('',#1723,.F.);
#1723 = EDGE_LOOP('',(#1724,#1735,#1743,#1752,#1760,#1769,#1777,#1786));
#1724 = ORIENTED_EDGE('',*,*,#1725,.F.);
#1725 = EDGE_CURVE('',#1726,#1728,#1730,.T.);
#1726 = VERTEX_POINT('',#1727);
#1727 = CARTESIAN_POINT('',(95.,-27.925,0.));
#1728 = VERTEX_POINT('',#1729);
#1729 = CARTESIAN_POINT('',(94.6,-28.325,0.));
#1730 = CIRCLE('',#1731,0.399999018331);
#1731 = AXIS2_PLACEMENT_3D('',#1732,#1733,#1734);
#1732 = CARTESIAN_POINT('',(94.99999901833,-28.32499901833,0.));
#1733 = DIRECTION('',(0.,0.,1.));
#1734 = DIRECTION('',(2.454181410341E-06,0.999999999997,-0.));
#1735 = ORIENTED_EDGE('',*,*,#1736,.F.);
#1736 = EDGE_CURVE('',#1737,#1726,#1739,.T.);
#1737 = VERTEX_POINT('',#1738);
#1738 = CARTESIAN_POINT('',(108.2,-27.925,0.));
#1739 = LINE('',#1740,#1741);
#1740 = CARTESIAN_POINT('',(108.2,-27.925,0.));
#1741 = VECTOR('',#1742,1.);
#1742 = DIRECTION('',(-1.,0.,0.));
#1743 = ORIENTED_EDGE('',*,*,#1744,.F.);
#1744 = EDGE_CURVE('',#1745,#1737,#1747,.T.);
#1745 = VERTEX_POINT('',#1746);
#1746 = CARTESIAN_POINT('',(108.6,-28.325,0.));
#1747 = CIRCLE('',#1748,0.399999018331);
#1748 = AXIS2_PLACEMENT_3D('',#1749,#1750,#1751);
#1749 = CARTESIAN_POINT('',(108.20000098167,-28.32499901833,0.));
#1750 = DIRECTION('',(0.,0.,1.));
#1751 = DIRECTION('',(0.999999999997,-2.454181419222E-06,0.));
#1752 = ORIENTED_EDGE('',*,*,#1753,.F.);
#1753 = EDGE_CURVE('',#1754,#1745,#1756,.T.);
#1754 = VERTEX_POINT('',#1755);
#1755 = CARTESIAN_POINT('',(108.6,-41.525,0.));
#1756 = LINE('',#1757,#1758);
#1757 = CARTESIAN_POINT('',(108.6,-41.525,0.));
#1758 = VECTOR('',#1759,1.);
#1759 = DIRECTION('',(0.,1.,0.));
#1760 = ORIENTED_EDGE('',*,*,#1761,.F.);
#1761 = EDGE_CURVE('',#1762,#1754,#1764,.T.);
#1762 = VERTEX_POINT('',#1763);
#1763 = CARTESIAN_POINT('',(108.2,-41.925,0.));
#1764 = CIRCLE('',#1765,0.399999018331);
#1765 = AXIS2_PLACEMENT_3D('',#1766,#1767,#1768);
#1766 = CARTESIAN_POINT('',(108.20000098167,-41.52500098167,0.));
#1767 = DIRECTION('',(0.,0.,1.));
#1768 = DIRECTION('',(-2.454181374813E-06,-0.999999999997,0.));
#1769 = ORIENTED_EDGE('',*,*,#1770,.F.);
#1770 = EDGE_CURVE('',#1771,#1762,#1773,.T.);
#1771 = VERTEX_POINT('',#1772);
#1772 = CARTESIAN_POINT('',(95.,-41.925,0.));
#1773 = LINE('',#1774,#1775);
#1774 = CARTESIAN_POINT('',(95.,-41.925,0.));
#1775 = VECTOR('',#1776,1.);
#1776 = DIRECTION('',(1.,0.,0.));
#1777 = ORIENTED_EDGE('',*,*,#1778,.F.);
#1778 = EDGE_CURVE('',#1779,#1771,#1781,.T.);
#1779 = VERTEX_POINT('',#1780);
#1780 = CARTESIAN_POINT('',(94.6,-41.525,0.));
#1781 = CIRCLE('',#1782,0.399999018331);
#1782 = AXIS2_PLACEMENT_3D('',#1783,#1784,#1785);
#1783 = CARTESIAN_POINT('',(94.99999901833,-41.52500098167,0.));
#1784 = DIRECTION('',(0.,0.,1.));
#1785 = DIRECTION('',(-0.999999999997,2.454181374813E-06,0.));
#1786 = ORIENTED_EDGE('',*,*,#1787,.F.);
#1787 = EDGE_CURVE('',#1728,#1779,#1788,.T.);
#1788 = LINE('',#1789,#1790);
#1789 = CARTESIAN_POINT('',(94.6,-28.325,0.));
#1790 = VECTOR('',#1791,1.);
#1791 = DIRECTION('',(0.,-1.,0.));
#1792 = FACE_BOUND('',#1793,.F.);
#1793 = EDGE_LOOP('',(#1794,#1805,#1813,#1822,#1830,#1839,#1847,#1856));
#1794 = ORIENTED_EDGE('',*,*,#1795,.F.);
#1795 = EDGE_CURVE('',#1796,#1798,#1800,.T.);
#1796 = VERTEX_POINT('',#1797);
#1797 = CARTESIAN_POINT('',(114.05,-27.925,0.));
#1798 = VERTEX_POINT('',#1799);
#1799 = CARTESIAN_POINT('',(113.65,-28.325,0.));
#1800 = CIRCLE('',#1801,0.399999018331);
#1801 = AXIS2_PLACEMENT_3D('',#1802,#1803,#1804);
#1802 = CARTESIAN_POINT('',(114.04999901833,-28.32499901833,0.));
#1803 = DIRECTION('',(0.,0.,1.));
#1804 = DIRECTION('',(2.454181374813E-06,0.999999999997,-0.));
#1805 = ORIENTED_EDGE('',*,*,#1806,.F.);
#1806 = EDGE_CURVE('',#1807,#1796,#1809,.T.);
#1807 = VERTEX_POINT('',#1808);
#1808 = CARTESIAN_POINT('',(127.25,-27.925,0.));
#1809 = LINE('',#1810,#1811);
#1810 = CARTESIAN_POINT('',(127.25,-27.925,0.));
#1811 = VECTOR('',#1812,1.);
#1812 = DIRECTION('',(-1.,0.,0.));
#1813 = ORIENTED_EDGE('',*,*,#1814,.F.);
#1814 = EDGE_CURVE('',#1815,#1807,#1817,.T.);
#1815 = VERTEX_POINT('',#1816);
#1816 = CARTESIAN_POINT('',(127.65,-28.325,0.));
#1817 = CIRCLE('',#1818,0.399999018331);
#1818 = AXIS2_PLACEMENT_3D('',#1819,#1820,#1821);
#1819 = CARTESIAN_POINT('',(127.25000098167,-28.32499901833,0.));
#1820 = DIRECTION('',(0.,0.,1.));
#1821 = DIRECTION('',(0.999999999997,-2.454181383695E-06,0.));
#1822 = ORIENTED_EDGE('',*,*,#1823,.F.);
#1823 = EDGE_CURVE('',#1824,#1815,#1826,.T.);
#1824 = VERTEX_POINT('',#1825);
#1825 = CARTESIAN_POINT('',(127.65,-41.525,0.));
#1826 = LINE('',#1827,#1828);
#1827 = CARTESIAN_POINT('',(127.65,-41.525,0.));
#1828 = VECTOR('',#1829,1.);
#1829 = DIRECTION('',(0.,1.,0.));
#1830 = ORIENTED_EDGE('',*,*,#1831,.F.);
#1831 = EDGE_CURVE('',#1832,#1824,#1834,.T.);
#1832 = VERTEX_POINT('',#1833);
#1833 = CARTESIAN_POINT('',(127.25,-41.925,0.));
#1834 = CIRCLE('',#1835,0.399999018331);
#1835 = AXIS2_PLACEMENT_3D('',#1836,#1837,#1838);
#1836 = CARTESIAN_POINT('',(127.25000098167,-41.52500098167,0.));
#1837 = DIRECTION('',(0.,0.,1.));
#1838 = DIRECTION('',(-2.454181410341E-06,-0.999999999997,0.));
#1839 = ORIENTED_EDGE('',*,*,#1840,.F.);
#1840 = EDGE_CURVE('',#1841,#1832,#1843,.T.);
#1841 = VERTEX_POINT('',#1842);
#1842 = CARTESIAN_POINT('',(114.05,-41.925,0.));
#1843 = LINE('',#1844,#1845);
#1844 = CARTESIAN_POINT('',(114.05,-41.925,0.));
#1845 = VECTOR('',#1846,1.);
#1846 = DIRECTION('',(1.,0.,0.));
#1847 = ORIENTED_EDGE('',*,*,#1848,.F.);
#1848 = EDGE_CURVE('',#1849,#1841,#1851,.T.);
#1849 = VERTEX_POINT('',#1850);
#1850 = CARTESIAN_POINT('',(113.65,-41.525,0.));
#1851 = CIRCLE('',#1852,0.399999018331);
#1852 = AXIS2_PLACEMENT_3D('',#1853,#1854,#1855);
#1853 = CARTESIAN_POINT('',(114.04999901833,-41.52500098167,0.));
#1854 = DIRECTION('',(0.,0.,1.));
#1855 = DIRECTION('',(-0.999999999997,2.454181410341E-06,0.));
#1856 = ORIENTED_EDGE('',*,*,#1857,.F.);
#1857 = EDGE_CURVE('',#1798,#1849,#1858,.T.);
#1858 = LINE('',#1859,#1860);
#1859 = CARTESIAN_POINT('',(113.65,-28.325,0.));
#1860 = VECTOR('',#1861,1.);
#1861 = DIRECTION('',(0.,-1.,0.));
#1862 = FACE_BOUND('',#1863,.F.);
#1863 = EDGE_LOOP('',(#1864));
#1864 = ORIENTED_EDGE('',*,*,#1865,.T.);
#1865 = EDGE_CURVE('',#1866,#1866,#1868,.T.);
#1866 = VERTEX_POINT('',#1867);
#1867 = CARTESIAN_POINT('',(130.175,-45.065905,0.));
#1868 = CIRCLE('',#1869,1.35);
#1869 = AXIS2_PLACEMENT_3D('',#1870,#1871,#1872);
#1870 = CARTESIAN_POINT('',(130.175,-43.715905,0.));
#1871 = DIRECTION('',(-0.,0.,-1.));
#1872 = DIRECTION('',(-0.,-1.,0.));
#1873 = FACE_BOUND('',#1874,.F.);
#1874 = EDGE_LOOP('',(#1875));
#1875 = ORIENTED_EDGE('',*,*,#1876,.T.);
#1876 = EDGE_CURVE('',#1877,#1877,#1879,.T.);
#1877 = VERTEX_POINT('',#1878);
#1878 = CARTESIAN_POINT('',(139.7,-46.534095,0.));
#1879 = CIRCLE('',#1880,1.35);
#1880 = AXIS2_PLACEMENT_3D('',#1881,#1882,#1883);
#1881 = CARTESIAN_POINT('',(139.7,-45.184095,0.));
#1882 = DIRECTION('',(-0.,0.,-1.));
#1883 = DIRECTION('',(-0.,-1.,0.));
#1884 = FACE_BOUND('',#1885,.F.);
#1885 = EDGE_LOOP('',(#1886,#1897,#1905,#1914,#1922,#1931,#1939,#1948));
#1886 = ORIENTED_EDGE('',*,*,#1887,.F.);
#1887 = EDGE_CURVE('',#1888,#1890,#1892,.T.);
#1888 = VERTEX_POINT('',#1889);
#1889 = CARTESIAN_POINT('',(133.1,-27.925,0.));
#1890 = VERTEX_POINT('',#1891);
#1891 = CARTESIAN_POINT('',(132.7,-28.325,0.));
#1892 = CIRCLE('',#1893,0.399999018331);
#1893 = AXIS2_PLACEMENT_3D('',#1894,#1895,#1896);
#1894 = CARTESIAN_POINT('',(133.09999901833,-28.32499901833,0.));
#1895 = DIRECTION('',(0.,0.,1.));
#1896 = DIRECTION('',(2.454181339286E-06,0.999999999997,-0.));
#1897 = ORIENTED_EDGE('',*,*,#1898,.F.);
#1898 = EDGE_CURVE('',#1899,#1888,#1901,.T.);
#1899 = VERTEX_POINT('',#1900);
#1900 = CARTESIAN_POINT('',(146.3,-27.925,0.));
#1901 = LINE('',#1902,#1903);
#1902 = CARTESIAN_POINT('',(146.3,-27.925,0.));
#1903 = VECTOR('',#1904,1.);
#1904 = DIRECTION('',(-1.,0.,0.));
#1905 = ORIENTED_EDGE('',*,*,#1906,.F.);
#1906 = EDGE_CURVE('',#1907,#1899,#1909,.T.);
#1907 = VERTEX_POINT('',#1908);
#1908 = CARTESIAN_POINT('',(146.7,-28.325,0.));
#1909 = CIRCLE('',#1910,0.399999018331);
#1910 = AXIS2_PLACEMENT_3D('',#1911,#1912,#1913);
#1911 = CARTESIAN_POINT('',(146.30000098167,-28.32499901833,0.));
#1912 = DIRECTION('',(0.,0.,1.));
#1913 = DIRECTION('',(0.999999999997,-2.454181428104E-06,0.));
#1914 = ORIENTED_EDGE('',*,*,#1915,.F.);
#1915 = EDGE_CURVE('',#1916,#1907,#1918,.T.);
#1916 = VERTEX_POINT('',#1917);
#1917 = CARTESIAN_POINT('',(146.7,-41.525,0.));
#1918 = LINE('',#1919,#1920);
#1919 = CARTESIAN_POINT('',(146.7,-41.525,0.));
#1920 = VECTOR('',#1921,1.);
#1921 = DIRECTION('',(0.,1.,0.));
#1922 = ORIENTED_EDGE('',*,*,#1923,.F.);
#1923 = EDGE_CURVE('',#1924,#1916,#1926,.T.);
#1924 = VERTEX_POINT('',#1925);
#1925 = CARTESIAN_POINT('',(146.3,-41.925,0.));
#1926 = CIRCLE('',#1927,0.399999018331);
#1927 = AXIS2_PLACEMENT_3D('',#1928,#1929,#1930);
#1928 = CARTESIAN_POINT('',(146.30000098167,-41.52500098167,0.));
#1929 = DIRECTION('',(0.,0.,1.));
#1930 = DIRECTION('',(-2.454181339286E-06,-0.999999999997,0.));
#1931 = ORIENTED_EDGE('',*,*,#1932,.F.);
#1932 = EDGE_CURVE('',#1933,#1924,#1935,.T.);
#1933 = VERTEX_POINT('',#1934);
#1934 = CARTESIAN_POINT('',(133.1,-41.925,0.));
#1935 = LINE('',#1936,#1937);
#1936 = CARTESIAN_POINT('',(133.1,-41.925,0.));
#1937 = VECTOR('',#1938,1.);
#1938 = DIRECTION('',(1.,0.,0.));
#1939 = ORIENTED_EDGE('',*,*,#1940,.F.);
#1940 = EDGE_CURVE('',#1941,#1933,#1943,.T.);
#1941 = VERTEX_POINT('',#1942);
#1942 = CARTESIAN_POINT('',(132.7,-41.525,0.));
#1943 = CIRCLE('',#1944,0.399999018331);
#1944 = AXIS2_PLACEMENT_3D('',#1945,#1946,#1947);
#1945 = CARTESIAN_POINT('',(133.09999901833,-41.52500098167,0.));
#1946 = DIRECTION('',(0.,0.,1.));
#1947 = DIRECTION('',(-0.999999999997,2.454181321522E-06,0.));
#1948 = ORIENTED_EDGE('',*,*,#1949,.F.);
#1949 = EDGE_CURVE('',#1890,#1941,#1950,.T.);
#1950 = LINE('',#1951,#1952);
#1951 = CARTESIAN_POINT('',(132.7,-28.325,0.));
#1952 = VECTOR('',#1953,1.);
#1953 = DIRECTION('',(0.,-1.,0.));
#1954 = PLANE('',#1955);
#1955 = AXIS2_PLACEMENT_3D('',#1956,#1957,#1958);
#1956 = CARTESIAN_POINT('',(0.,0.,0.));
#1957 = DIRECTION('',(0.,0.,1.));
#1958 = DIRECTION('',(1.,0.,-0.));
#1959 = ADVANCED_FACE('',(#1960,#2006,#2076,#2146,#2157,#2168,#2238,
    #2308,#2378,#2448,#2518,#2588,#2658,#2669,#2680,#2750,#2820,#2890,
    #2960,#3030,#3100,#3111,#3122,#3192,#3262,#3332,#3402,#3472,#3542,
    #3612,#3682,#3693,#3704),#3774,.T.);
#1960 = FACE_BOUND('',#1961,.T.);
#1961 = EDGE_LOOP('',(#1962,#1963,#1964,#1973,#1981,#1990,#1998,#2005));
#1962 = ORIENTED_EDGE('',*,*,#49,.F.);
#1963 = ORIENTED_EDGE('',*,*,#91,.F.);
#1964 = ORIENTED_EDGE('',*,*,#1965,.F.);
#1965 = EDGE_CURVE('',#1966,#84,#1968,.T.);
#1966 = VERTEX_POINT('',#1967);
#1967 = CARTESIAN_POINT('',(25.4,-25.8,1.510198));
#1968 = CIRCLE('',#1969,0.399999018331);
#1969 = AXIS2_PLACEMENT_3D('',#1970,#1971,#1972);
#1970 = CARTESIAN_POINT('',(25.79999901833,-25.79999901833,1.510198));
#1971 = DIRECTION('',(0.,0.,-1.));
#1972 = DIRECTION('',(-0.999999999997,-2.454181374813E-06,-0.));
#1973 = ORIENTED_EDGE('',*,*,#1974,.F.);
#1974 = EDGE_CURVE('',#1975,#1966,#1977,.T.);
#1975 = VERTEX_POINT('',#1976);
#1976 = CARTESIAN_POINT('',(25.4,-101.2,1.510198));
#1977 = LINE('',#1978,#1979);
#1978 = CARTESIAN_POINT('',(25.4,-101.2,1.510198));
#1979 = VECTOR('',#1980,1.);
#1980 = DIRECTION('',(0.,1.,0.));
#1981 = ORIENTED_EDGE('',*,*,#1982,.F.);
#1982 = EDGE_CURVE('',#1983,#1975,#1985,.T.);
#1983 = VERTEX_POINT('',#1984);
#1984 = CARTESIAN_POINT('',(25.8,-101.6,1.510198));
#1985 = CIRCLE('',#1986,0.399999018331);
#1986 = AXIS2_PLACEMENT_3D('',#1987,#1988,#1989);
#1987 = CARTESIAN_POINT('',(25.79999901833,-101.2000009816,1.510198));
#1988 = DIRECTION('',(0.,0.,-1.));
#1989 = DIRECTION('',(2.454181410341E-06,-0.999999999997,0.));
#1990 = ORIENTED_EDGE('',*,*,#1991,.F.);
#1991 = EDGE_CURVE('',#1992,#1983,#1994,.T.);
#1992 = VERTEX_POINT('',#1993);
#1993 = CARTESIAN_POINT('',(158.35,-101.6,1.510198));
#1994 = LINE('',#1995,#1996);
#1995 = CARTESIAN_POINT('',(158.35,-101.6,1.510198));
#1996 = VECTOR('',#1997,1.);
#1997 = DIRECTION('',(-1.,0.,0.));
#1998 = ORIENTED_EDGE('',*,*,#1999,.F.);
#1999 = EDGE_CURVE('',#114,#1992,#2000,.T.);
#2000 = CIRCLE('',#2001,0.399999018331);
#2001 = AXIS2_PLACEMENT_3D('',#2002,#2003,#2004);
#2002 = CARTESIAN_POINT('',(158.35000098167,-101.2000009816,1.510198));
#2003 = DIRECTION('',(0.,0.,-1.));
#2004 = DIRECTION('',(0.999999999997,2.454181445868E-06,0.));
#2005 = ORIENTED_EDGE('',*,*,#113,.F.);
#2006 = FACE_BOUND('',#2007,.T.);
#2007 = EDGE_LOOP('',(#2008,#2019,#2027,#2036,#2044,#2053,#2061,#2070));
#2008 = ORIENTED_EDGE('',*,*,#2009,.F.);
#2009 = EDGE_CURVE('',#2010,#2012,#2014,.T.);
#2010 = VERTEX_POINT('',#2011);
#2011 = CARTESIAN_POINT('',(28.325,-85.075,1.510198));
#2012 = VERTEX_POINT('',#2013);
#2013 = CARTESIAN_POINT('',(27.925,-85.475,1.510198));
#2014 = CIRCLE('',#2015,0.399999018331);
#2015 = AXIS2_PLACEMENT_3D('',#2016,#2017,#2018);
#2016 = CARTESIAN_POINT('',(28.32499901833,-85.47499901833,1.510198));
#2017 = DIRECTION('',(0.,0.,1.));
#2018 = DIRECTION('',(2.454181436986E-06,0.999999999997,-0.));
#2019 = ORIENTED_EDGE('',*,*,#2020,.F.);
#2020 = EDGE_CURVE('',#2021,#2010,#2023,.T.);
#2021 = VERTEX_POINT('',#2022);
#2022 = CARTESIAN_POINT('',(41.525,-85.075,1.510198));
#2023 = LINE('',#2024,#2025);
#2024 = CARTESIAN_POINT('',(41.525,-85.075,1.510198));
#2025 = VECTOR('',#2026,1.);
#2026 = DIRECTION('',(-1.,0.,0.));
#2027 = ORIENTED_EDGE('',*,*,#2028,.F.);
#2028 = EDGE_CURVE('',#2029,#2021,#2031,.T.);
#2029 = VERTEX_POINT('',#2030);
#2030 = CARTESIAN_POINT('',(41.925,-85.475,1.510198));
#2031 = CIRCLE('',#2032,0.399999018331);
#2032 = AXIS2_PLACEMENT_3D('',#2033,#2034,#2035);
#2033 = CARTESIAN_POINT('',(41.52500098167,-85.47499901833,1.510198));
#2034 = DIRECTION('',(0.,0.,1.));
#2035 = DIRECTION('',(0.999999999997,-2.454181410341E-06,0.));
#2036 = ORIENTED_EDGE('',*,*,#2037,.F.);
#2037 = EDGE_CURVE('',#2038,#2029,#2040,.T.);
#2038 = VERTEX_POINT('',#2039);
#2039 = CARTESIAN_POINT('',(41.925,-98.675,1.510198));
#2040 = LINE('',#2041,#2042);
#2041 = CARTESIAN_POINT('',(41.925,-98.675,1.510198));
#2042 = VECTOR('',#2043,1.);
#2043 = DIRECTION('',(0.,1.,0.));
#2044 = ORIENTED_EDGE('',*,*,#2045,.F.);
#2045 = EDGE_CURVE('',#2046,#2038,#2048,.T.);
#2046 = VERTEX_POINT('',#2047);
#2047 = CARTESIAN_POINT('',(41.525,-99.075,1.510198));
#2048 = CIRCLE('',#2049,0.399999018331);
#2049 = AXIS2_PLACEMENT_3D('',#2050,#2051,#2052);
#2050 = CARTESIAN_POINT('',(41.52500098167,-98.67500098167,1.510198));
#2051 = DIRECTION('',(0.,0.,1.));
#2052 = DIRECTION('',(-2.454181339286E-06,-0.999999999997,0.));
#2053 = ORIENTED_EDGE('',*,*,#2054,.F.);
#2054 = EDGE_CURVE('',#2055,#2046,#2057,.T.);
#2055 = VERTEX_POINT('',#2056);
#2056 = CARTESIAN_POINT('',(28.325,-99.075,1.510198));
#2057 = LINE('',#2058,#2059);
#2058 = CARTESIAN_POINT('',(28.325,-99.075,1.510198));
#2059 = VECTOR('',#2060,1.);
#2060 = DIRECTION('',(1.,0.,0.));
#2061 = ORIENTED_EDGE('',*,*,#2062,.F.);
#2062 = EDGE_CURVE('',#2063,#2055,#2065,.T.);
#2063 = VERTEX_POINT('',#2064);
#2064 = CARTESIAN_POINT('',(27.925,-98.675,1.510198));
#2065 = CIRCLE('',#2066,0.399999018331);
#2066 = AXIS2_PLACEMENT_3D('',#2067,#2068,#2069);
#2067 = CARTESIAN_POINT('',(28.32499901833,-98.67500098167,1.510198));
#2068 = DIRECTION('',(0.,0.,1.));
#2069 = DIRECTION('',(-0.999999999997,2.454181374813E-06,0.));
#2070 = ORIENTED_EDGE('',*,*,#2071,.F.);
#2071 = EDGE_CURVE('',#2012,#2063,#2072,.T.);
#2072 = LINE('',#2073,#2074);
#2073 = CARTESIAN_POINT('',(27.925,-85.475,1.510198));
#2074 = VECTOR('',#2075,1.);
#2075 = DIRECTION('',(0.,-1.,0.));
#2076 = FACE_BOUND('',#2077,.T.);
#2077 = EDGE_LOOP('',(#2078,#2089,#2097,#2106,#2114,#2123,#2131,#2140));
#2078 = ORIENTED_EDGE('',*,*,#2079,.F.);
#2079 = EDGE_CURVE('',#2080,#2082,#2084,.T.);
#2080 = VERTEX_POINT('',#2081);
#2081 = CARTESIAN_POINT('',(47.375,-85.075,1.510198));
#2082 = VERTEX_POINT('',#2083);
#2083 = CARTESIAN_POINT('',(46.975,-85.475,1.510198));
#2084 = CIRCLE('',#2085,0.399999018331);
#2085 = AXIS2_PLACEMENT_3D('',#2086,#2087,#2088);
#2086 = CARTESIAN_POINT('',(47.37499901833,-85.47499901833,1.510198));
#2087 = DIRECTION('',(0.,0.,1.));
#2088 = DIRECTION('',(2.454181445868E-06,0.999999999997,-0.));
#2089 = ORIENTED_EDGE('',*,*,#2090,.F.);
#2090 = EDGE_CURVE('',#2091,#2080,#2093,.T.);
#2091 = VERTEX_POINT('',#2092);
#2092 = CARTESIAN_POINT('',(60.575,-85.075,1.510198));
#2093 = LINE('',#2094,#2095);
#2094 = CARTESIAN_POINT('',(60.575,-85.075,1.510198));
#2095 = VECTOR('',#2096,1.);
#2096 = DIRECTION('',(-1.,0.,0.));
#2097 = ORIENTED_EDGE('',*,*,#2098,.F.);
#2098 = EDGE_CURVE('',#2099,#2091,#2101,.T.);
#2099 = VERTEX_POINT('',#2100);
#2100 = CARTESIAN_POINT('',(60.975,-85.475,1.510198));
#2101 = CIRCLE('',#2102,0.399999018331);
#2102 = AXIS2_PLACEMENT_3D('',#2103,#2104,#2105);
#2103 = CARTESIAN_POINT('',(60.57500098167,-85.47499901833,1.510198));
#2104 = DIRECTION('',(0.,0.,1.));
#2105 = DIRECTION('',(0.999999999997,-2.454181445868E-06,0.));
#2106 = ORIENTED_EDGE('',*,*,#2107,.F.);
#2107 = EDGE_CURVE('',#2108,#2099,#2110,.T.);
#2108 = VERTEX_POINT('',#2109);
#2109 = CARTESIAN_POINT('',(60.975,-98.675,1.510198));
#2110 = LINE('',#2111,#2112);
#2111 = CARTESIAN_POINT('',(60.975,-98.675,1.510198));
#2112 = VECTOR('',#2113,1.);
#2113 = DIRECTION('',(0.,1.,0.));
#2114 = ORIENTED_EDGE('',*,*,#2115,.F.);
#2115 = EDGE_CURVE('',#2116,#2108,#2118,.T.);
#2116 = VERTEX_POINT('',#2117);
#2117 = CARTESIAN_POINT('',(60.575,-99.075,1.510198));
#2118 = CIRCLE('',#2119,0.399999018331);
#2119 = AXIS2_PLACEMENT_3D('',#2120,#2121,#2122);
#2120 = CARTESIAN_POINT('',(60.57500098167,-98.67500098167,1.510198));
#2121 = DIRECTION('',(0.,0.,1.));
#2122 = DIRECTION('',(-2.45418135705E-06,-0.999999999997,0.));
#2123 = ORIENTED_EDGE('',*,*,#2124,.F.);
#2124 = EDGE_CURVE('',#2125,#2116,#2127,.T.);
#2125 = VERTEX_POINT('',#2126);
#2126 = CARTESIAN_POINT('',(47.375,-99.075,1.510198));
#2127 = LINE('',#2128,#2129);
#2128 = CARTESIAN_POINT('',(47.375,-99.075,1.510198));
#2129 = VECTOR('',#2130,1.);
#2130 = DIRECTION('',(1.,0.,0.));
#2131 = ORIENTED_EDGE('',*,*,#2132,.F.);
#2132 = EDGE_CURVE('',#2133,#2125,#2135,.T.);
#2133 = VERTEX_POINT('',#2134);
#2134 = CARTESIAN_POINT('',(46.975,-98.675,1.510198));
#2135 = CIRCLE('',#2136,0.399999018331);
#2136 = AXIS2_PLACEMENT_3D('',#2137,#2138,#2139);
#2137 = CARTESIAN_POINT('',(47.37499901833,-98.67500098167,1.510198));
#2138 = DIRECTION('',(0.,0.,1.));
#2139 = DIRECTION('',(-0.999999999997,2.454181374813E-06,0.));
#2140 = ORIENTED_EDGE('',*,*,#2141,.F.);
#2141 = EDGE_CURVE('',#2082,#2133,#2142,.T.);
#2142 = LINE('',#2143,#2144);
#2143 = CARTESIAN_POINT('',(46.975,-85.475,1.510198));
#2144 = VECTOR('',#2145,1.);
#2145 = DIRECTION('',(0.,-1.,0.));
#2146 = FACE_BOUND('',#2147,.T.);
#2147 = EDGE_LOOP('',(#2148));
#2148 = ORIENTED_EDGE('',*,*,#2149,.T.);
#2149 = EDGE_CURVE('',#2150,#2150,#2152,.T.);
#2150 = VERTEX_POINT('',#2151);
#2151 = CARTESIAN_POINT('',(44.45,-84.634095,1.510198));
#2152 = CIRCLE('',#2153,1.35);
#2153 = AXIS2_PLACEMENT_3D('',#2154,#2155,#2156);
#2154 = CARTESIAN_POINT('',(44.45,-83.284095,1.510198));
#2155 = DIRECTION('',(-0.,0.,-1.));
#2156 = DIRECTION('',(-0.,-1.,0.));
#2157 = FACE_BOUND('',#2158,.T.);
#2158 = EDGE_LOOP('',(#2159));
#2159 = ORIENTED_EDGE('',*,*,#2160,.T.);
#2160 = EDGE_CURVE('',#2161,#2161,#2163,.T.);
#2161 = VERTEX_POINT('',#2162);
#2162 = CARTESIAN_POINT('',(53.975,-83.165905,1.510198));
#2163 = CIRCLE('',#2164,1.35);
#2164 = AXIS2_PLACEMENT_3D('',#2165,#2166,#2167);
#2165 = CARTESIAN_POINT('',(53.975,-81.815905,1.510198));
#2166 = DIRECTION('',(-0.,0.,-1.));
#2167 = DIRECTION('',(-0.,-1.,0.));
#2168 = FACE_BOUND('',#2169,.T.);
#2169 = EDGE_LOOP('',(#2170,#2181,#2189,#2198,#2206,#2215,#2223,#2232));
#2170 = ORIENTED_EDGE('',*,*,#2171,.F.);
#2171 = EDGE_CURVE('',#2172,#2174,#2176,.T.);
#2172 = VERTEX_POINT('',#2173);
#2173 = CARTESIAN_POINT('',(66.425,-85.075,1.510198));
#2174 = VERTEX_POINT('',#2175);
#2175 = CARTESIAN_POINT('',(66.025,-85.475,1.510198));
#2176 = CIRCLE('',#2177,0.399999018331);
#2177 = AXIS2_PLACEMENT_3D('',#2178,#2179,#2180);
#2178 = CARTESIAN_POINT('',(66.42499901833,-85.47499901833,1.510198));
#2179 = DIRECTION('',(0.,0.,1.));
#2180 = DIRECTION('',(2.454181410341E-06,0.999999999997,-0.));
#2181 = ORIENTED_EDGE('',*,*,#2182,.F.);
#2182 = EDGE_CURVE('',#2183,#2172,#2185,.T.);
#2183 = VERTEX_POINT('',#2184);
#2184 = CARTESIAN_POINT('',(79.625,-85.075,1.510198));
#2185 = LINE('',#2186,#2187);
#2186 = CARTESIAN_POINT('',(79.625,-85.075,1.510198));
#2187 = VECTOR('',#2188,1.);
#2188 = DIRECTION('',(-1.,0.,0.));
#2189 = ORIENTED_EDGE('',*,*,#2190,.F.);
#2190 = EDGE_CURVE('',#2191,#2183,#2193,.T.);
#2191 = VERTEX_POINT('',#2192);
#2192 = CARTESIAN_POINT('',(80.025,-85.475,1.510198));
#2193 = CIRCLE('',#2194,0.399999018331);
#2194 = AXIS2_PLACEMENT_3D('',#2195,#2196,#2197);
#2195 = CARTESIAN_POINT('',(79.62500098167,-85.47499901833,1.510198));
#2196 = DIRECTION('',(0.,0.,1.));
#2197 = DIRECTION('',(0.999999999997,-2.454181410341E-06,0.));
#2198 = ORIENTED_EDGE('',*,*,#2199,.F.);
#2199 = EDGE_CURVE('',#2200,#2191,#2202,.T.);
#2200 = VERTEX_POINT('',#2201);
#2201 = CARTESIAN_POINT('',(80.025,-98.675,1.510198));
#2202 = LINE('',#2203,#2204);
#2203 = CARTESIAN_POINT('',(80.025,-98.675,1.510198));
#2204 = VECTOR('',#2205,1.);
#2205 = DIRECTION('',(0.,1.,0.));
#2206 = ORIENTED_EDGE('',*,*,#2207,.F.);
#2207 = EDGE_CURVE('',#2208,#2200,#2210,.T.);
#2208 = VERTEX_POINT('',#2209);
#2209 = CARTESIAN_POINT('',(79.625,-99.075,1.510198));
#2210 = CIRCLE('',#2211,0.399999018331);
#2211 = AXIS2_PLACEMENT_3D('',#2212,#2213,#2214);
#2212 = CARTESIAN_POINT('',(79.62500098167,-98.67500098167,1.510198));
#2213 = DIRECTION('',(0.,0.,1.));
#2214 = DIRECTION('',(-2.454181374813E-06,-0.999999999997,0.));
#2215 = ORIENTED_EDGE('',*,*,#2216,.F.);
#2216 = EDGE_CURVE('',#2217,#2208,#2219,.T.);
#2217 = VERTEX_POINT('',#2218);
#2218 = CARTESIAN_POINT('',(66.425,-99.075,1.510198));
#2219 = LINE('',#2220,#2221);
#2220 = CARTESIAN_POINT('',(66.425,-99.075,1.510198));
#2221 = VECTOR('',#2222,1.);
#2222 = DIRECTION('',(1.,0.,0.));
#2223 = ORIENTED_EDGE('',*,*,#2224,.F.);
#2224 = EDGE_CURVE('',#2225,#2217,#2227,.T.);
#2225 = VERTEX_POINT('',#2226);
#2226 = CARTESIAN_POINT('',(66.025,-98.675,1.510198));
#2227 = CIRCLE('',#2228,0.399999018331);
#2228 = AXIS2_PLACEMENT_3D('',#2229,#2230,#2231);
#2229 = CARTESIAN_POINT('',(66.42499901833,-98.67500098167,1.510198));
#2230 = DIRECTION('',(0.,0.,1.));
#2231 = DIRECTION('',(-0.999999999997,2.454181374813E-06,0.));
#2232 = ORIENTED_EDGE('',*,*,#2233,.F.);
#2233 = EDGE_CURVE('',#2174,#2225,#2234,.T.);
#2234 = LINE('',#2235,#2236);
#2235 = CARTESIAN_POINT('',(66.025,-85.475,1.510198));
#2236 = VECTOR('',#2237,1.);
#2237 = DIRECTION('',(0.,-1.,0.));
#2238 = FACE_BOUND('',#2239,.T.);
#2239 = EDGE_LOOP('',(#2240,#2251,#2259,#2268,#2276,#2285,#2293,#2302));
#2240 = ORIENTED_EDGE('',*,*,#2241,.F.);
#2241 = EDGE_CURVE('',#2242,#2244,#2246,.T.);
#2242 = VERTEX_POINT('',#2243);
#2243 = CARTESIAN_POINT('',(37.85,-66.025,1.510198));
#2244 = VERTEX_POINT('',#2245);
#2245 = CARTESIAN_POINT('',(37.45,-66.425,1.510198));
#2246 = CIRCLE('',#2247,0.399999018331);
#2247 = AXIS2_PLACEMENT_3D('',#2248,#2249,#2250);
#2248 = CARTESIAN_POINT('',(37.84999901833,-66.42499901833,1.510198));
#2249 = DIRECTION('',(0.,0.,1.));
#2250 = DIRECTION('',(2.454181410341E-06,0.999999999997,-0.));
#2251 = ORIENTED_EDGE('',*,*,#2252,.F.);
#2252 = EDGE_CURVE('',#2253,#2242,#2255,.T.);
#2253 = VERTEX_POINT('',#2254);
#2254 = CARTESIAN_POINT('',(51.05,-66.025,1.510198));
#2255 = LINE('',#2256,#2257);
#2256 = CARTESIAN_POINT('',(51.05,-66.025,1.510198));
#2257 = VECTOR('',#2258,1.);
#2258 = DIRECTION('',(-1.,0.,0.));
#2259 = ORIENTED_EDGE('',*,*,#2260,.F.);
#2260 = EDGE_CURVE('',#2261,#2253,#2263,.T.);
#2261 = VERTEX_POINT('',#2262);
#2262 = CARTESIAN_POINT('',(51.45,-66.425,1.510198));
#2263 = CIRCLE('',#2264,0.399999018331);
#2264 = AXIS2_PLACEMENT_3D('',#2265,#2266,#2267);
#2265 = CARTESIAN_POINT('',(51.05000098167,-66.42499901833,1.510198));
#2266 = DIRECTION('',(0.,0.,1.));
#2267 = DIRECTION('',(0.999999999997,-2.454181374813E-06,0.));
#2268 = ORIENTED_EDGE('',*,*,#2269,.F.);
#2269 = EDGE_CURVE('',#2270,#2261,#2272,.T.);
#2270 = VERTEX_POINT('',#2271);
#2271 = CARTESIAN_POINT('',(51.45,-79.625,1.510198));
#2272 = LINE('',#2273,#2274);
#2273 = CARTESIAN_POINT('',(51.45,-79.625,1.510198));
#2274 = VECTOR('',#2275,1.);
#2275 = DIRECTION('',(0.,1.,0.));
#2276 = ORIENTED_EDGE('',*,*,#2277,.F.);
#2277 = EDGE_CURVE('',#2278,#2270,#2280,.T.);
#2278 = VERTEX_POINT('',#2279);
#2279 = CARTESIAN_POINT('',(51.05,-80.025,1.510198));
#2280 = CIRCLE('',#2281,0.399999018331);
#2281 = AXIS2_PLACEMENT_3D('',#2282,#2283,#2284);
#2282 = CARTESIAN_POINT('',(51.05000098167,-79.62500098167,1.510198));
#2283 = DIRECTION('',(0.,0.,1.));
#2284 = DIRECTION('',(-2.454181374813E-06,-0.999999999997,0.));
#2285 = ORIENTED_EDGE('',*,*,#2286,.F.);
#2286 = EDGE_CURVE('',#2287,#2278,#2289,.T.);
#2287 = VERTEX_POINT('',#2288);
#2288 = CARTESIAN_POINT('',(37.85,-80.025,1.510198));
#2289 = LINE('',#2290,#2291);
#2290 = CARTESIAN_POINT('',(37.85,-80.025,1.510198));
#2291 = VECTOR('',#2292,1.);
#2292 = DIRECTION('',(1.,0.,0.));
#2293 = ORIENTED_EDGE('',*,*,#2294,.F.);
#2294 = EDGE_CURVE('',#2295,#2287,#2297,.T.);
#2295 = VERTEX_POINT('',#2296);
#2296 = CARTESIAN_POINT('',(37.45,-79.625,1.510198));
#2297 = CIRCLE('',#2298,0.399999018331);
#2298 = AXIS2_PLACEMENT_3D('',#2299,#2300,#2301);
#2299 = CARTESIAN_POINT('',(37.84999901833,-79.62500098167,1.510198));
#2300 = DIRECTION('',(0.,0.,1.));
#2301 = DIRECTION('',(-0.999999999997,2.454181410341E-06,0.));
#2302 = ORIENTED_EDGE('',*,*,#2303,.F.);
#2303 = EDGE_CURVE('',#2244,#2295,#2304,.T.);
#2304 = LINE('',#2305,#2306);
#2305 = CARTESIAN_POINT('',(37.45,-66.425,1.510198));
#2306 = VECTOR('',#2307,1.);
#2307 = DIRECTION('',(0.,-1.,0.));
#2308 = FACE_BOUND('',#2309,.T.);
#2309 = EDGE_LOOP('',(#2310,#2321,#2329,#2338,#2346,#2355,#2363,#2372));
#2310 = ORIENTED_EDGE('',*,*,#2311,.F.);
#2311 = EDGE_CURVE('',#2312,#2314,#2316,.T.);
#2312 = VERTEX_POINT('',#2313);
#2313 = CARTESIAN_POINT('',(56.9,-66.025,1.510198));
#2314 = VERTEX_POINT('',#2315);
#2315 = CARTESIAN_POINT('',(56.5,-66.425,1.510198));
#2316 = CIRCLE('',#2317,0.399999018331);
#2317 = AXIS2_PLACEMENT_3D('',#2318,#2319,#2320);
#2318 = CARTESIAN_POINT('',(56.89999901833,-66.42499901833,1.510198));
#2319 = DIRECTION('',(0.,0.,1.));
#2320 = DIRECTION('',(2.454181410341E-06,0.999999999997,-0.));
#2321 = ORIENTED_EDGE('',*,*,#2322,.F.);
#2322 = EDGE_CURVE('',#2323,#2312,#2325,.T.);
#2323 = VERTEX_POINT('',#2324);
#2324 = CARTESIAN_POINT('',(70.1,-66.025,1.510198));
#2325 = LINE('',#2326,#2327);
#2326 = CARTESIAN_POINT('',(70.1,-66.025,1.510198));
#2327 = VECTOR('',#2328,1.);
#2328 = DIRECTION('',(-1.,0.,0.));
#2329 = ORIENTED_EDGE('',*,*,#2330,.F.);
#2330 = EDGE_CURVE('',#2331,#2323,#2333,.T.);
#2331 = VERTEX_POINT('',#2332);
#2332 = CARTESIAN_POINT('',(70.5,-66.425,1.510198));
#2333 = CIRCLE('',#2334,0.399999018331);
#2334 = AXIS2_PLACEMENT_3D('',#2335,#2336,#2337);
#2335 = CARTESIAN_POINT('',(70.10000098167,-66.42499901833,1.510198));
#2336 = DIRECTION('',(0.,0.,1.));
#2337 = DIRECTION('',(0.999999999997,-2.454181374813E-06,0.));
#2338 = ORIENTED_EDGE('',*,*,#2339,.F.);
#2339 = EDGE_CURVE('',#2340,#2331,#2342,.T.);
#2340 = VERTEX_POINT('',#2341);
#2341 = CARTESIAN_POINT('',(70.5,-79.625,1.510198));
#2342 = LINE('',#2343,#2344);
#2343 = CARTESIAN_POINT('',(70.5,-79.625,1.510198));
#2344 = VECTOR('',#2345,1.);
#2345 = DIRECTION('',(0.,1.,0.));
#2346 = ORIENTED_EDGE('',*,*,#2347,.F.);
#2347 = EDGE_CURVE('',#2348,#2340,#2350,.T.);
#2348 = VERTEX_POINT('',#2349);
#2349 = CARTESIAN_POINT('',(70.1,-80.025,1.510198));
#2350 = CIRCLE('',#2351,0.399999018331);
#2351 = AXIS2_PLACEMENT_3D('',#2352,#2353,#2354);
#2352 = CARTESIAN_POINT('',(70.10000098167,-79.62500098167,1.510198));
#2353 = DIRECTION('',(0.,0.,1.));
#2354 = DIRECTION('',(-2.454181410341E-06,-0.999999999997,0.));
#2355 = ORIENTED_EDGE('',*,*,#2356,.F.);
#2356 = EDGE_CURVE('',#2357,#2348,#2359,.T.);
#2357 = VERTEX_POINT('',#2358);
#2358 = CARTESIAN_POINT('',(56.9,-80.025,1.510198));
#2359 = LINE('',#2360,#2361);
#2360 = CARTESIAN_POINT('',(56.9,-80.025,1.510198));
#2361 = VECTOR('',#2362,1.);
#2362 = DIRECTION('',(1.,0.,0.));
#2363 = ORIENTED_EDGE('',*,*,#2364,.F.);
#2364 = EDGE_CURVE('',#2365,#2357,#2367,.T.);
#2365 = VERTEX_POINT('',#2366);
#2366 = CARTESIAN_POINT('',(56.5,-79.625,1.510198));
#2367 = CIRCLE('',#2368,0.399999018331);
#2368 = AXIS2_PLACEMENT_3D('',#2369,#2370,#2371);
#2369 = CARTESIAN_POINT('',(56.89999901833,-79.62500098167,1.510198));
#2370 = DIRECTION('',(0.,0.,1.));
#2371 = DIRECTION('',(-0.999999999997,2.454181410341E-06,0.));
#2372 = ORIENTED_EDGE('',*,*,#2373,.F.);
#2373 = EDGE_CURVE('',#2314,#2365,#2374,.T.);
#2374 = LINE('',#2375,#2376);
#2375 = CARTESIAN_POINT('',(56.5,-66.425,1.510198));
#2376 = VECTOR('',#2377,1.);
#2377 = DIRECTION('',(0.,-1.,0.));
#2378 = FACE_BOUND('',#2379,.T.);
#2379 = EDGE_LOOP('',(#2380,#2391,#2399,#2408,#2416,#2425,#2433,#2442));
#2380 = ORIENTED_EDGE('',*,*,#2381,.F.);
#2381 = EDGE_CURVE('',#2382,#2384,#2386,.T.);
#2382 = VERTEX_POINT('',#2383);
#2383 = CARTESIAN_POINT('',(85.475,-85.075,1.510198));
#2384 = VERTEX_POINT('',#2385);
#2385 = CARTESIAN_POINT('',(85.075,-85.475,1.510198));
#2386 = CIRCLE('',#2387,0.399999018331);
#2387 = AXIS2_PLACEMENT_3D('',#2388,#2389,#2390);
#2388 = CARTESIAN_POINT('',(85.47499901833,-85.47499901833,1.510198));
#2389 = DIRECTION('',(0.,0.,1.));
#2390 = DIRECTION('',(2.454181481395E-06,0.999999999997,-0.));
#2391 = ORIENTED_EDGE('',*,*,#2392,.F.);
#2392 = EDGE_CURVE('',#2393,#2382,#2395,.T.);
#2393 = VERTEX_POINT('',#2394);
#2394 = CARTESIAN_POINT('',(98.675,-85.075,1.510198));
#2395 = LINE('',#2396,#2397);
#2396 = CARTESIAN_POINT('',(98.675,-85.075,1.510198));
#2397 = VECTOR('',#2398,1.);
#2398 = DIRECTION('',(-1.,0.,0.));
#2399 = ORIENTED_EDGE('',*,*,#2400,.F.);
#2400 = EDGE_CURVE('',#2401,#2393,#2403,.T.);
#2401 = VERTEX_POINT('',#2402);
#2402 = CARTESIAN_POINT('',(99.075,-85.475,1.510198));
#2403 = CIRCLE('',#2404,0.399999018331);
#2404 = AXIS2_PLACEMENT_3D('',#2405,#2406,#2407);
#2405 = CARTESIAN_POINT('',(98.67500098167,-85.47499901833,1.510198));
#2406 = DIRECTION('',(0.,0.,1.));
#2407 = DIRECTION('',(0.999999999997,-2.454181374813E-06,0.));
#2408 = ORIENTED_EDGE('',*,*,#2409,.F.);
#2409 = EDGE_CURVE('',#2410,#2401,#2412,.T.);
#2410 = VERTEX_POINT('',#2411);
#2411 = CARTESIAN_POINT('',(99.075,-98.675,1.510198));
#2412 = LINE('',#2413,#2414);
#2413 = CARTESIAN_POINT('',(99.075,-98.675,1.510198));
#2414 = VECTOR('',#2415,1.);
#2415 = DIRECTION('',(0.,1.,0.));
#2416 = ORIENTED_EDGE('',*,*,#2417,.F.);
#2417 = EDGE_CURVE('',#2418,#2410,#2420,.T.);
#2418 = VERTEX_POINT('',#2419);
#2419 = CARTESIAN_POINT('',(98.675,-99.075,1.510198));
#2420 = CIRCLE('',#2421,0.399999018331);
#2421 = AXIS2_PLACEMENT_3D('',#2422,#2423,#2424);
#2422 = CARTESIAN_POINT('',(98.67500098167,-98.67500098167,1.510198));
#2423 = DIRECTION('',(0.,0.,1.));
#2424 = DIRECTION('',(-2.454181303759E-06,-0.999999999997,0.));
#2425 = ORIENTED_EDGE('',*,*,#2426,.F.);
#2426 = EDGE_CURVE('',#2427,#2418,#2429,.T.);
#2427 = VERTEX_POINT('',#2428);
#2428 = CARTESIAN_POINT('',(85.475,-99.075,1.510198));
#2429 = LINE('',#2430,#2431);
#2430 = CARTESIAN_POINT('',(85.475,-99.075,1.510198));
#2431 = VECTOR('',#2432,1.);
#2432 = DIRECTION('',(1.,0.,0.));
#2433 = ORIENTED_EDGE('',*,*,#2434,.F.);
#2434 = EDGE_CURVE('',#2435,#2427,#2437,.T.);
#2435 = VERTEX_POINT('',#2436);
#2436 = CARTESIAN_POINT('',(85.075,-98.675,1.510198));
#2437 = CIRCLE('',#2438,0.399999018331);
#2438 = AXIS2_PLACEMENT_3D('',#2439,#2440,#2441);
#2439 = CARTESIAN_POINT('',(85.47499901833,-98.67500098167,1.510198));
#2440 = DIRECTION('',(0.,0.,1.));
#2441 = DIRECTION('',(-0.999999999997,2.454181410341E-06,0.));
#2442 = ORIENTED_EDGE('',*,*,#2443,.F.);
#2443 = EDGE_CURVE('',#2384,#2435,#2444,.T.);
#2444 = LINE('',#2445,#2446);
#2445 = CARTESIAN_POINT('',(85.075,-85.475,1.510198));
#2446 = VECTOR('',#2447,1.);
#2447 = DIRECTION('',(0.,-1.,0.));
#2448 = FACE_BOUND('',#2449,.T.);
#2449 = EDGE_LOOP('',(#2450,#2461,#2469,#2478,#2486,#2495,#2503,#2512));
#2450 = ORIENTED_EDGE('',*,*,#2451,.F.);
#2451 = EDGE_CURVE('',#2452,#2454,#2456,.T.);
#2452 = VERTEX_POINT('',#2453);
#2453 = CARTESIAN_POINT('',(104.525,-85.075,1.510198));
#2454 = VERTEX_POINT('',#2455);
#2455 = CARTESIAN_POINT('',(104.125,-85.475,1.510198));
#2456 = CIRCLE('',#2457,0.399999018331);
#2457 = AXIS2_PLACEMENT_3D('',#2458,#2459,#2460);
#2458 = CARTESIAN_POINT('',(104.52499901833,-85.47499901833,1.510198));
#2459 = DIRECTION('',(0.,0.,1.));
#2460 = DIRECTION('',(2.454181445868E-06,0.999999999997,-0.));
#2461 = ORIENTED_EDGE('',*,*,#2462,.F.);
#2462 = EDGE_CURVE('',#2463,#2452,#2465,.T.);
#2463 = VERTEX_POINT('',#2464);
#2464 = CARTESIAN_POINT('',(117.725,-85.075,1.510198));
#2465 = LINE('',#2466,#2467);
#2466 = CARTESIAN_POINT('',(117.725,-85.075,1.510198));
#2467 = VECTOR('',#2468,1.);
#2468 = DIRECTION('',(-1.,0.,0.));
#2469 = ORIENTED_EDGE('',*,*,#2470,.F.);
#2470 = EDGE_CURVE('',#2471,#2463,#2473,.T.);
#2471 = VERTEX_POINT('',#2472);
#2472 = CARTESIAN_POINT('',(118.125,-85.475,1.510198));
#2473 = CIRCLE('',#2474,0.399999018331);
#2474 = AXIS2_PLACEMENT_3D('',#2475,#2476,#2477);
#2475 = CARTESIAN_POINT('',(117.72500098167,-85.47499901833,1.510198));
#2476 = DIRECTION('',(0.,0.,1.));
#2477 = DIRECTION('',(0.999999999997,-2.454181410341E-06,0.));
#2478 = ORIENTED_EDGE('',*,*,#2479,.F.);
#2479 = EDGE_CURVE('',#2480,#2471,#2482,.T.);
#2480 = VERTEX_POINT('',#2481);
#2481 = CARTESIAN_POINT('',(118.125,-98.675,1.510198));
#2482 = LINE('',#2483,#2484);
#2483 = CARTESIAN_POINT('',(118.125,-98.675,1.510198));
#2484 = VECTOR('',#2485,1.);
#2485 = DIRECTION('',(0.,1.,0.));
#2486 = ORIENTED_EDGE('',*,*,#2487,.F.);
#2487 = EDGE_CURVE('',#2488,#2480,#2490,.T.);
#2488 = VERTEX_POINT('',#2489);
#2489 = CARTESIAN_POINT('',(117.725,-99.075,1.510198));
#2490 = CIRCLE('',#2491,0.399999018331);
#2491 = AXIS2_PLACEMENT_3D('',#2492,#2493,#2494);
#2492 = CARTESIAN_POINT('',(117.72500098167,-98.67500098167,1.510198));
#2493 = DIRECTION('',(0.,0.,1.));
#2494 = DIRECTION('',(-2.454181374813E-06,-0.999999999997,0.));
#2495 = ORIENTED_EDGE('',*,*,#2496,.F.);
#2496 = EDGE_CURVE('',#2497,#2488,#2499,.T.);
#2497 = VERTEX_POINT('',#2498);
#2498 = CARTESIAN_POINT('',(104.525,-99.075,1.510198));
#2499 = LINE('',#2500,#2501);
#2500 = CARTESIAN_POINT('',(104.525,-99.075,1.510198));
#2501 = VECTOR('',#2502,1.);
#2502 = DIRECTION('',(1.,0.,0.));
#2503 = ORIENTED_EDGE('',*,*,#2504,.F.);
#2504 = EDGE_CURVE('',#2505,#2497,#2507,.T.);
#2505 = VERTEX_POINT('',#2506);
#2506 = CARTESIAN_POINT('',(104.125,-98.675,1.510198));
#2507 = CIRCLE('',#2508,0.399999018331);
#2508 = AXIS2_PLACEMENT_3D('',#2509,#2510,#2511);
#2509 = CARTESIAN_POINT('',(104.52499901833,-98.67500098167,1.510198));
#2510 = DIRECTION('',(0.,0.,1.));
#2511 = DIRECTION('',(-0.999999999997,2.454181339286E-06,0.));
#2512 = ORIENTED_EDGE('',*,*,#2513,.F.);
#2513 = EDGE_CURVE('',#2454,#2505,#2514,.T.);
#2514 = LINE('',#2515,#2516);
#2515 = CARTESIAN_POINT('',(104.125,-85.475,1.510198));
#2516 = VECTOR('',#2517,1.);
#2517 = DIRECTION('',(0.,-1.,0.));
#2518 = FACE_BOUND('',#2519,.T.);
#2519 = EDGE_LOOP('',(#2520,#2531,#2539,#2548,#2556,#2565,#2573,#2582));
#2520 = ORIENTED_EDGE('',*,*,#2521,.F.);
#2521 = EDGE_CURVE('',#2522,#2524,#2526,.T.);
#2522 = VERTEX_POINT('',#2523);
#2523 = CARTESIAN_POINT('',(123.575,-85.075,1.510198));
#2524 = VERTEX_POINT('',#2525);
#2525 = CARTESIAN_POINT('',(123.175,-85.475,1.510198));
#2526 = CIRCLE('',#2527,0.399999018331);
#2527 = AXIS2_PLACEMENT_3D('',#2528,#2529,#2530);
#2528 = CARTESIAN_POINT('',(123.57499901833,-85.47499901833,1.510198));
#2529 = DIRECTION('',(0.,0.,1.));
#2530 = DIRECTION('',(2.454181410341E-06,0.999999999997,-0.));
#2531 = ORIENTED_EDGE('',*,*,#2532,.F.);
#2532 = EDGE_CURVE('',#2533,#2522,#2535,.T.);
#2533 = VERTEX_POINT('',#2534);
#2534 = CARTESIAN_POINT('',(136.775,-85.075,1.510198));
#2535 = LINE('',#2536,#2537);
#2536 = CARTESIAN_POINT('',(136.775,-85.075,1.510198));
#2537 = VECTOR('',#2538,1.);
#2538 = DIRECTION('',(-1.,0.,0.));
#2539 = ORIENTED_EDGE('',*,*,#2540,.F.);
#2540 = EDGE_CURVE('',#2541,#2533,#2543,.T.);
#2541 = VERTEX_POINT('',#2542);
#2542 = CARTESIAN_POINT('',(137.175,-85.475,1.510198));
#2543 = CIRCLE('',#2544,0.399999018331);
#2544 = AXIS2_PLACEMENT_3D('',#2545,#2546,#2547);
#2545 = CARTESIAN_POINT('',(136.77500098167,-85.47499901833,1.510198));
#2546 = DIRECTION('',(0.,0.,1.));
#2547 = DIRECTION('',(0.999999999997,-2.454181374813E-06,0.));
#2548 = ORIENTED_EDGE('',*,*,#2549,.F.);
#2549 = EDGE_CURVE('',#2550,#2541,#2552,.T.);
#2550 = VERTEX_POINT('',#2551);
#2551 = CARTESIAN_POINT('',(137.175,-98.675,1.510198));
#2552 = LINE('',#2553,#2554);
#2553 = CARTESIAN_POINT('',(137.175,-98.675,1.510198));
#2554 = VECTOR('',#2555,1.);
#2555 = DIRECTION('',(0.,1.,0.));
#2556 = ORIENTED_EDGE('',*,*,#2557,.F.);
#2557 = EDGE_CURVE('',#2558,#2550,#2560,.T.);
#2558 = VERTEX_POINT('',#2559);
#2559 = CARTESIAN_POINT('',(136.775,-99.075,1.510198));
#2560 = CIRCLE('',#2561,0.399999018331);
#2561 = AXIS2_PLACEMENT_3D('',#2562,#2563,#2564);
#2562 = CARTESIAN_POINT('',(136.77500098167,-98.67500098167,1.510198));
#2563 = DIRECTION('',(0.,0.,1.));
#2564 = DIRECTION('',(-2.454181339286E-06,-0.999999999997,0.));
#2565 = ORIENTED_EDGE('',*,*,#2566,.F.);
#2566 = EDGE_CURVE('',#2567,#2558,#2569,.T.);
#2567 = VERTEX_POINT('',#2568);
#2568 = CARTESIAN_POINT('',(123.575,-99.075,1.510198));
#2569 = LINE('',#2570,#2571);
#2570 = CARTESIAN_POINT('',(123.575,-99.075,1.510198));
#2571 = VECTOR('',#2572,1.);
#2572 = DIRECTION('',(1.,0.,0.));
#2573 = ORIENTED_EDGE('',*,*,#2574,.F.);
#2574 = EDGE_CURVE('',#2575,#2567,#2577,.T.);
#2575 = VERTEX_POINT('',#2576);
#2576 = CARTESIAN_POINT('',(123.175,-98.675,1.510198));
#2577 = CIRCLE('',#2578,0.399999018331);
#2578 = AXIS2_PLACEMENT_3D('',#2579,#2580,#2581);
#2579 = CARTESIAN_POINT('',(123.57499901833,-98.67500098167,1.510198));
#2580 = DIRECTION('',(0.,0.,1.));
#2581 = DIRECTION('',(-0.999999999997,2.454181303759E-06,0.));
#2582 = ORIENTED_EDGE('',*,*,#2583,.F.);
#2583 = EDGE_CURVE('',#2524,#2575,#2584,.T.);
#2584 = LINE('',#2585,#2586);
#2585 = CARTESIAN_POINT('',(123.175,-85.475,1.510198));
#2586 = VECTOR('',#2587,1.);
#2587 = DIRECTION('',(0.,-1.,0.));
#2588 = FACE_BOUND('',#2589,.T.);
#2589 = EDGE_LOOP('',(#2590,#2601,#2609,#2618,#2626,#2635,#2643,#2652));
#2590 = ORIENTED_EDGE('',*,*,#2591,.F.);
#2591 = EDGE_CURVE('',#2592,#2594,#2596,.T.);
#2592 = VERTEX_POINT('',#2593);
#2593 = CARTESIAN_POINT('',(142.625,-85.075,1.510198));
#2594 = VERTEX_POINT('',#2595);
#2595 = CARTESIAN_POINT('',(142.225,-85.475,1.510198));
#2596 = CIRCLE('',#2597,0.399999018331);
#2597 = AXIS2_PLACEMENT_3D('',#2598,#2599,#2600);
#2598 = CARTESIAN_POINT('',(142.62499901833,-85.47499901833,1.510198));
#2599 = DIRECTION('',(0.,0.,1.));
#2600 = DIRECTION('',(2.454181481395E-06,0.999999999997,-0.));
#2601 = ORIENTED_EDGE('',*,*,#2602,.F.);
#2602 = EDGE_CURVE('',#2603,#2592,#2605,.T.);
#2603 = VERTEX_POINT('',#2604);
#2604 = CARTESIAN_POINT('',(155.825,-85.075,1.510198));
#2605 = LINE('',#2606,#2607);
#2606 = CARTESIAN_POINT('',(155.825,-85.075,1.510198));
#2607 = VECTOR('',#2608,1.);
#2608 = DIRECTION('',(-1.,0.,0.));
#2609 = ORIENTED_EDGE('',*,*,#2610,.F.);
#2610 = EDGE_CURVE('',#2611,#2603,#2613,.T.);
#2611 = VERTEX_POINT('',#2612);
#2612 = CARTESIAN_POINT('',(156.225,-85.475,1.510198));
#2613 = CIRCLE('',#2614,0.399999018331);
#2614 = AXIS2_PLACEMENT_3D('',#2615,#2616,#2617);
#2615 = CARTESIAN_POINT('',(155.82500098167,-85.47499901833,1.510198));
#2616 = DIRECTION('',(0.,0.,1.));
#2617 = DIRECTION('',(0.999999999997,-2.454181445868E-06,0.));
#2618 = ORIENTED_EDGE('',*,*,#2619,.F.);
#2619 = EDGE_CURVE('',#2620,#2611,#2622,.T.);
#2620 = VERTEX_POINT('',#2621);
#2621 = CARTESIAN_POINT('',(156.225,-98.675,1.510198));
#2622 = LINE('',#2623,#2624);
#2623 = CARTESIAN_POINT('',(156.225,-98.675,1.510198));
#2624 = VECTOR('',#2625,1.);
#2625 = DIRECTION('',(0.,1.,0.));
#2626 = ORIENTED_EDGE('',*,*,#2627,.F.);
#2627 = EDGE_CURVE('',#2628,#2620,#2630,.T.);
#2628 = VERTEX_POINT('',#2629);
#2629 = CARTESIAN_POINT('',(155.825,-99.075,1.510198));
#2630 = CIRCLE('',#2631,0.399999018331);
#2631 = AXIS2_PLACEMENT_3D('',#2632,#2633,#2634);
#2632 = CARTESIAN_POINT('',(155.82500098167,-98.67500098167,1.510198));
#2633 = DIRECTION('',(0.,0.,1.));
#2634 = DIRECTION('',(-2.45418141034E-06,-0.999999999997,0.));
#2635 = ORIENTED_EDGE('',*,*,#2636,.F.);
#2636 = EDGE_CURVE('',#2637,#2628,#2639,.T.);
#2637 = VERTEX_POINT('',#2638);
#2638 = CARTESIAN_POINT('',(142.625,-99.075,1.510198));
#2639 = LINE('',#2640,#2641);
#2640 = CARTESIAN_POINT('',(142.625,-99.075,1.510198));
#2641 = VECTOR('',#2642,1.);
#2642 = DIRECTION('',(1.,0.,0.));
#2643 = ORIENTED_EDGE('',*,*,#2644,.F.);
#2644 = EDGE_CURVE('',#2645,#2637,#2647,.T.);
#2645 = VERTEX_POINT('',#2646);
#2646 = CARTESIAN_POINT('',(142.225,-98.675,1.510198));
#2647 = CIRCLE('',#2648,0.399999018331);
#2648 = AXIS2_PLACEMENT_3D('',#2649,#2650,#2651);
#2649 = CARTESIAN_POINT('',(142.62499901833,-98.67500098167,1.510198));
#2650 = DIRECTION('',(0.,0.,1.));
#2651 = DIRECTION('',(-0.999999999997,2.454181374813E-06,0.));
#2652 = ORIENTED_EDGE('',*,*,#2653,.F.);
#2653 = EDGE_CURVE('',#2594,#2645,#2654,.T.);
#2654 = LINE('',#2655,#2656);
#2655 = CARTESIAN_POINT('',(142.225,-85.475,1.510198));
#2656 = VECTOR('',#2657,1.);
#2657 = DIRECTION('',(0.,-1.,0.));
#2658 = FACE_BOUND('',#2659,.T.);
#2659 = EDGE_LOOP('',(#2660));
#2660 = ORIENTED_EDGE('',*,*,#2661,.T.);
#2661 = EDGE_CURVE('',#2662,#2662,#2664,.T.);
#2662 = VERTEX_POINT('',#2663);
#2663 = CARTESIAN_POINT('',(130.175,-83.165905,1.510198));
#2664 = CIRCLE('',#2665,1.35);
#2665 = AXIS2_PLACEMENT_3D('',#2666,#2667,#2668);
#2666 = CARTESIAN_POINT('',(130.175,-81.815905,1.510198));
#2667 = DIRECTION('',(-0.,0.,-1.));
#2668 = DIRECTION('',(-0.,-1.,0.));
#2669 = FACE_BOUND('',#2670,.T.);
#2670 = EDGE_LOOP('',(#2671));
#2671 = ORIENTED_EDGE('',*,*,#2672,.T.);
#2672 = EDGE_CURVE('',#2673,#2673,#2675,.T.);
#2673 = VERTEX_POINT('',#2674);
#2674 = CARTESIAN_POINT('',(139.7,-84.634095,1.510198));
#2675 = CIRCLE('',#2676,1.35);
#2676 = AXIS2_PLACEMENT_3D('',#2677,#2678,#2679);
#2677 = CARTESIAN_POINT('',(139.7,-83.284095,1.510198));
#2678 = DIRECTION('',(-0.,0.,-1.));
#2679 = DIRECTION('',(-0.,-1.,0.));
#2680 = FACE_BOUND('',#2681,.T.);
#2681 = EDGE_LOOP('',(#2682,#2693,#2701,#2710,#2718,#2727,#2735,#2744));
#2682 = ORIENTED_EDGE('',*,*,#2683,.F.);
#2683 = EDGE_CURVE('',#2684,#2686,#2688,.T.);
#2684 = VERTEX_POINT('',#2685);
#2685 = CARTESIAN_POINT('',(95.,-66.025,1.510198));
#2686 = VERTEX_POINT('',#2687);
#2687 = CARTESIAN_POINT('',(94.6,-66.425,1.510198));
#2688 = CIRCLE('',#2689,0.399999018331);
#2689 = AXIS2_PLACEMENT_3D('',#2690,#2691,#2692);
#2690 = CARTESIAN_POINT('',(94.99999901833,-66.42499901833,1.510198));
#2691 = DIRECTION('',(0.,0.,1.));
#2692 = DIRECTION('',(2.454181445868E-06,0.999999999997,-0.));
#2693 = ORIENTED_EDGE('',*,*,#2694,.F.);
#2694 = EDGE_CURVE('',#2695,#2684,#2697,.T.);
#2695 = VERTEX_POINT('',#2696);
#2696 = CARTESIAN_POINT('',(108.2,-66.025,1.510198));
#2697 = LINE('',#2698,#2699);
#2698 = CARTESIAN_POINT('',(108.2,-66.025,1.510198));
#2699 = VECTOR('',#2700,1.);
#2700 = DIRECTION('',(-1.,0.,0.));
#2701 = ORIENTED_EDGE('',*,*,#2702,.F.);
#2702 = EDGE_CURVE('',#2703,#2695,#2705,.T.);
#2703 = VERTEX_POINT('',#2704);
#2704 = CARTESIAN_POINT('',(108.6,-66.425,1.510198));
#2705 = CIRCLE('',#2706,0.399999018331);
#2706 = AXIS2_PLACEMENT_3D('',#2707,#2708,#2709);
#2707 = CARTESIAN_POINT('',(108.20000098167,-66.42499901833,1.510198));
#2708 = DIRECTION('',(0.,0.,1.));
#2709 = DIRECTION('',(0.999999999997,-2.454181410341E-06,0.));
#2710 = ORIENTED_EDGE('',*,*,#2711,.F.);
#2711 = EDGE_CURVE('',#2712,#2703,#2714,.T.);
#2712 = VERTEX_POINT('',#2713);
#2713 = CARTESIAN_POINT('',(108.6,-79.625,1.510198));
#2714 = LINE('',#2715,#2716);
#2715 = CARTESIAN_POINT('',(108.6,-79.625,1.510198));
#2716 = VECTOR('',#2717,1.);
#2717 = DIRECTION('',(0.,1.,0.));
#2718 = ORIENTED_EDGE('',*,*,#2719,.F.);
#2719 = EDGE_CURVE('',#2720,#2712,#2722,.T.);
#2720 = VERTEX_POINT('',#2721);
#2721 = CARTESIAN_POINT('',(108.2,-80.025,1.510198));
#2722 = CIRCLE('',#2723,0.399999018331);
#2723 = AXIS2_PLACEMENT_3D('',#2724,#2725,#2726);
#2724 = CARTESIAN_POINT('',(108.20000098167,-79.62500098167,1.510198));
#2725 = DIRECTION('',(0.,0.,1.));
#2726 = DIRECTION('',(-2.454181374813E-06,-0.999999999997,0.));
#2727 = ORIENTED_EDGE('',*,*,#2728,.F.);
#2728 = EDGE_CURVE('',#2729,#2720,#2731,.T.);
#2729 = VERTEX_POINT('',#2730);
#2730 = CARTESIAN_POINT('',(95.,-80.025,1.510198));
#2731 = LINE('',#2732,#2733);
#2732 = CARTESIAN_POINT('',(95.,-80.025,1.510198));
#2733 = VECTOR('',#2734,1.);
#2734 = DIRECTION('',(1.,0.,0.));
#2735 = ORIENTED_EDGE('',*,*,#2736,.F.);
#2736 = EDGE_CURVE('',#2737,#2729,#2739,.T.);
#2737 = VERTEX_POINT('',#2738);
#2738 = CARTESIAN_POINT('',(94.6,-79.625,1.510198));
#2739 = CIRCLE('',#2740,0.399999018331);
#2740 = AXIS2_PLACEMENT_3D('',#2741,#2742,#2743);
#2741 = CARTESIAN_POINT('',(94.99999901833,-79.62500098167,1.510198));
#2742 = DIRECTION('',(0.,0.,1.));
#2743 = DIRECTION('',(-0.999999999997,2.454181410341E-06,0.));
#2744 = ORIENTED_EDGE('',*,*,#2745,.F.);
#2745 = EDGE_CURVE('',#2686,#2737,#2746,.T.);
#2746 = LINE('',#2747,#2748);
#2747 = CARTESIAN_POINT('',(94.6,-66.425,1.510198));
#2748 = VECTOR('',#2749,1.);
#2749 = DIRECTION('',(0.,-1.,0.));
#2750 = FACE_BOUND('',#2751,.T.);
#2751 = EDGE_LOOP('',(#2752,#2763,#2771,#2780,#2788,#2797,#2805,#2814));
#2752 = ORIENTED_EDGE('',*,*,#2753,.F.);
#2753 = EDGE_CURVE('',#2754,#2756,#2758,.T.);
#2754 = VERTEX_POINT('',#2755);
#2755 = CARTESIAN_POINT('',(114.05,-66.025,1.510198));
#2756 = VERTEX_POINT('',#2757);
#2757 = CARTESIAN_POINT('',(113.65,-66.425,1.510198));
#2758 = CIRCLE('',#2759,0.399999018331);
#2759 = AXIS2_PLACEMENT_3D('',#2760,#2761,#2762);
#2760 = CARTESIAN_POINT('',(114.04999901833,-66.42499901833,1.510198));
#2761 = DIRECTION('',(0.,0.,1.));
#2762 = DIRECTION('',(2.454181410341E-06,0.999999999997,-0.));
#2763 = ORIENTED_EDGE('',*,*,#2764,.F.);
#2764 = EDGE_CURVE('',#2765,#2754,#2767,.T.);
#2765 = VERTEX_POINT('',#2766);
#2766 = CARTESIAN_POINT('',(127.25,-66.025,1.510198));
#2767 = LINE('',#2768,#2769);
#2768 = CARTESIAN_POINT('',(127.25,-66.025,1.510198));
#2769 = VECTOR('',#2770,1.);
#2770 = DIRECTION('',(-1.,0.,0.));
#2771 = ORIENTED_EDGE('',*,*,#2772,.F.);
#2772 = EDGE_CURVE('',#2773,#2765,#2775,.T.);
#2773 = VERTEX_POINT('',#2774);
#2774 = CARTESIAN_POINT('',(127.65,-66.425,1.510198));
#2775 = CIRCLE('',#2776,0.399999018331);
#2776 = AXIS2_PLACEMENT_3D('',#2777,#2778,#2779);
#2777 = CARTESIAN_POINT('',(127.25000098167,-66.42499901833,1.510198));
#2778 = DIRECTION('',(0.,0.,1.));
#2779 = DIRECTION('',(0.999999999997,-2.454181374813E-06,0.));
#2780 = ORIENTED_EDGE('',*,*,#2781,.F.);
#2781 = EDGE_CURVE('',#2782,#2773,#2784,.T.);
#2782 = VERTEX_POINT('',#2783);
#2783 = CARTESIAN_POINT('',(127.65,-79.625,1.510198));
#2784 = LINE('',#2785,#2786);
#2785 = CARTESIAN_POINT('',(127.65,-79.625,1.510198));
#2786 = VECTOR('',#2787,1.);
#2787 = DIRECTION('',(0.,1.,0.));
#2788 = ORIENTED_EDGE('',*,*,#2789,.F.);
#2789 = EDGE_CURVE('',#2790,#2782,#2792,.T.);
#2790 = VERTEX_POINT('',#2791);
#2791 = CARTESIAN_POINT('',(127.25,-80.025,1.510198));
#2792 = CIRCLE('',#2793,0.399999018331);
#2793 = AXIS2_PLACEMENT_3D('',#2794,#2795,#2796);
#2794 = CARTESIAN_POINT('',(127.25000098167,-79.62500098167,1.510198));
#2795 = DIRECTION('',(0.,0.,1.));
#2796 = DIRECTION('',(-2.454181410341E-06,-0.999999999997,0.));
#2797 = ORIENTED_EDGE('',*,*,#2798,.F.);
#2798 = EDGE_CURVE('',#2799,#2790,#2801,.T.);
#2799 = VERTEX_POINT('',#2800);
#2800 = CARTESIAN_POINT('',(114.05,-80.025,1.510198));
#2801 = LINE('',#2802,#2803);
#2802 = CARTESIAN_POINT('',(114.05,-80.025,1.510198));
#2803 = VECTOR('',#2804,1.);
#2804 = DIRECTION('',(1.,0.,0.));
#2805 = ORIENTED_EDGE('',*,*,#2806,.F.);
#2806 = EDGE_CURVE('',#2807,#2799,#2809,.T.);
#2807 = VERTEX_POINT('',#2808);
#2808 = CARTESIAN_POINT('',(113.65,-79.625,1.510198));
#2809 = CIRCLE('',#2810,0.399999018331);
#2810 = AXIS2_PLACEMENT_3D('',#2811,#2812,#2813);
#2811 = CARTESIAN_POINT('',(114.04999901833,-79.62500098167,1.510198));
#2812 = DIRECTION('',(0.,0.,1.));
#2813 = DIRECTION('',(-0.999999999997,2.454181445868E-06,0.));
#2814 = ORIENTED_EDGE('',*,*,#2815,.F.);
#2815 = EDGE_CURVE('',#2756,#2807,#2816,.T.);
#2816 = LINE('',#2817,#2818);
#2817 = CARTESIAN_POINT('',(113.65,-66.425,1.510198));
#2818 = VECTOR('',#2819,1.);
#2819 = DIRECTION('',(0.,-1.,0.));
#2820 = FACE_BOUND('',#2821,.T.);
#2821 = EDGE_LOOP('',(#2822,#2833,#2841,#2850,#2858,#2867,#2875,#2884));
#2822 = ORIENTED_EDGE('',*,*,#2823,.F.);
#2823 = EDGE_CURVE('',#2824,#2826,#2828,.T.);
#2824 = VERTEX_POINT('',#2825);
#2825 = CARTESIAN_POINT('',(133.1,-66.025,1.510198));
#2826 = VERTEX_POINT('',#2827);
#2827 = CARTESIAN_POINT('',(132.7,-66.425,1.510198));
#2828 = CIRCLE('',#2829,0.399999018331);
#2829 = AXIS2_PLACEMENT_3D('',#2830,#2831,#2832);
#2830 = CARTESIAN_POINT('',(133.09999901833,-66.42499901833,1.510198));
#2831 = DIRECTION('',(0.,0.,1.));
#2832 = DIRECTION('',(2.45418141034E-06,0.999999999997,-0.));
#2833 = ORIENTED_EDGE('',*,*,#2834,.F.);
#2834 = EDGE_CURVE('',#2835,#2824,#2837,.T.);
#2835 = VERTEX_POINT('',#2836);
#2836 = CARTESIAN_POINT('',(146.3,-66.025,1.510198));
#2837 = LINE('',#2838,#2839);
#2838 = CARTESIAN_POINT('',(146.3,-66.025,1.510198));
#2839 = VECTOR('',#2840,1.);
#2840 = DIRECTION('',(-1.,0.,0.));
#2841 = ORIENTED_EDGE('',*,*,#2842,.F.);
#2842 = EDGE_CURVE('',#2843,#2835,#2845,.T.);
#2843 = VERTEX_POINT('',#2844);
#2844 = CARTESIAN_POINT('',(146.7,-66.425,1.510198));
#2845 = CIRCLE('',#2846,0.399999018331);
#2846 = AXIS2_PLACEMENT_3D('',#2847,#2848,#2849);
#2847 = CARTESIAN_POINT('',(146.30000098167,-66.42499901833,1.510198));
#2848 = DIRECTION('',(0.,0.,1.));
#2849 = DIRECTION('',(0.999999999997,-2.454181410341E-06,0.));
#2850 = ORIENTED_EDGE('',*,*,#2851,.F.);
#2851 = EDGE_CURVE('',#2852,#2843,#2854,.T.);
#2852 = VERTEX_POINT('',#2853);
#2853 = CARTESIAN_POINT('',(146.7,-79.625,1.510198));
#2854 = LINE('',#2855,#2856);
#2855 = CARTESIAN_POINT('',(146.7,-79.625,1.510198));
#2856 = VECTOR('',#2857,1.);
#2857 = DIRECTION('',(0.,1.,0.));
#2858 = ORIENTED_EDGE('',*,*,#2859,.F.);
#2859 = EDGE_CURVE('',#2860,#2852,#2862,.T.);
#2860 = VERTEX_POINT('',#2861);
#2861 = CARTESIAN_POINT('',(146.3,-80.025,1.510198));
#2862 = CIRCLE('',#2863,0.399999018331);
#2863 = AXIS2_PLACEMENT_3D('',#2864,#2865,#2866);
#2864 = CARTESIAN_POINT('',(146.30000098167,-79.62500098167,1.510198));
#2865 = DIRECTION('',(0.,0.,1.));
#2866 = DIRECTION('',(-2.454181339286E-06,-0.999999999997,0.));
#2867 = ORIENTED_EDGE('',*,*,#2868,.F.);
#2868 = EDGE_CURVE('',#2869,#2860,#2871,.T.);
#2869 = VERTEX_POINT('',#2870);
#2870 = CARTESIAN_POINT('',(133.1,-80.025,1.510198));
#2871 = LINE('',#2872,#2873);
#2872 = CARTESIAN_POINT('',(133.1,-80.025,1.510198));
#2873 = VECTOR('',#2874,1.);
#2874 = DIRECTION('',(1.,0.,0.));
#2875 = ORIENTED_EDGE('',*,*,#2876,.F.);
#2876 = EDGE_CURVE('',#2877,#2869,#2879,.T.);
#2877 = VERTEX_POINT('',#2878);
#2878 = CARTESIAN_POINT('',(132.7,-79.625,1.510198));
#2879 = CIRCLE('',#2880,0.399999018331);
#2880 = AXIS2_PLACEMENT_3D('',#2881,#2882,#2883);
#2881 = CARTESIAN_POINT('',(133.09999901833,-79.62500098167,1.510198));
#2882 = DIRECTION('',(0.,0.,1.));
#2883 = DIRECTION('',(-0.999999999997,2.454181339286E-06,0.));
#2884 = ORIENTED_EDGE('',*,*,#2885,.F.);
#2885 = EDGE_CURVE('',#2826,#2877,#2886,.T.);
#2886 = LINE('',#2887,#2888);
#2887 = CARTESIAN_POINT('',(132.7,-66.425,1.510198));
#2888 = VECTOR('',#2889,1.);
#2889 = DIRECTION('',(0.,-1.,0.));
#2890 = FACE_BOUND('',#2891,.T.);
#2891 = EDGE_LOOP('',(#2892,#2903,#2911,#2920,#2928,#2937,#2945,#2954));
#2892 = ORIENTED_EDGE('',*,*,#2893,.F.);
#2893 = EDGE_CURVE('',#2894,#2896,#2898,.T.);
#2894 = VERTEX_POINT('',#2895);
#2895 = CARTESIAN_POINT('',(28.325,-46.975,1.510198));
#2896 = VERTEX_POINT('',#2897);
#2897 = CARTESIAN_POINT('',(27.925,-47.375,1.510198));
#2898 = CIRCLE('',#2899,0.399999018331);
#2899 = AXIS2_PLACEMENT_3D('',#2900,#2901,#2902);
#2900 = CARTESIAN_POINT('',(28.32499901833,-47.37499901833,1.510198));
#2901 = DIRECTION('',(0.,0.,1.));
#2902 = DIRECTION('',(2.454181401459E-06,0.999999999997,-0.));
#2903 = ORIENTED_EDGE('',*,*,#2904,.F.);
#2904 = EDGE_CURVE('',#2905,#2894,#2907,.T.);
#2905 = VERTEX_POINT('',#2906);
#2906 = CARTESIAN_POINT('',(41.525,-46.975,1.510198));
#2907 = LINE('',#2908,#2909);
#2908 = CARTESIAN_POINT('',(41.525,-46.975,1.510198));
#2909 = VECTOR('',#2910,1.);
#2910 = DIRECTION('',(-1.,0.,0.));
#2911 = ORIENTED_EDGE('',*,*,#2912,.F.);
#2912 = EDGE_CURVE('',#2913,#2905,#2915,.T.);
#2913 = VERTEX_POINT('',#2914);
#2914 = CARTESIAN_POINT('',(41.925,-47.375,1.510198));
#2915 = CIRCLE('',#2916,0.399999018331);
#2916 = AXIS2_PLACEMENT_3D('',#2917,#2918,#2919);
#2917 = CARTESIAN_POINT('',(41.52500098167,-47.37499901833,1.510198));
#2918 = DIRECTION('',(0.,0.,1.));
#2919 = DIRECTION('',(0.999999999997,-2.454181392577E-06,0.));
#2920 = ORIENTED_EDGE('',*,*,#2921,.F.);
#2921 = EDGE_CURVE('',#2922,#2913,#2924,.T.);
#2922 = VERTEX_POINT('',#2923);
#2923 = CARTESIAN_POINT('',(41.925,-60.575,1.510198));
#2924 = LINE('',#2925,#2926);
#2925 = CARTESIAN_POINT('',(41.925,-60.575,1.510198));
#2926 = VECTOR('',#2927,1.);
#2927 = DIRECTION('',(0.,1.,0.));
#2928 = ORIENTED_EDGE('',*,*,#2929,.F.);
#2929 = EDGE_CURVE('',#2930,#2922,#2932,.T.);
#2930 = VERTEX_POINT('',#2931);
#2931 = CARTESIAN_POINT('',(41.525,-60.975,1.510198));
#2932 = CIRCLE('',#2933,0.399999018331);
#2933 = AXIS2_PLACEMENT_3D('',#2934,#2935,#2936);
#2934 = CARTESIAN_POINT('',(41.52500098167,-60.57500098167,1.510198));
#2935 = DIRECTION('',(0.,0.,1.));
#2936 = DIRECTION('',(-2.454181392577E-06,-0.999999999997,0.));
#2937 = ORIENTED_EDGE('',*,*,#2938,.F.);
#2938 = EDGE_CURVE('',#2939,#2930,#2941,.T.);
#2939 = VERTEX_POINT('',#2940);
#2940 = CARTESIAN_POINT('',(28.325,-60.975,1.510198));
#2941 = LINE('',#2942,#2943);
#2942 = CARTESIAN_POINT('',(28.325,-60.975,1.510198));
#2943 = VECTOR('',#2944,1.);
#2944 = DIRECTION('',(1.,0.,0.));
#2945 = ORIENTED_EDGE('',*,*,#2946,.F.);
#2946 = EDGE_CURVE('',#2947,#2939,#2949,.T.);
#2947 = VERTEX_POINT('',#2948);
#2948 = CARTESIAN_POINT('',(27.925,-60.575,1.510198));
#2949 = CIRCLE('',#2950,0.399999018331);
#2950 = AXIS2_PLACEMENT_3D('',#2951,#2952,#2953);
#2951 = CARTESIAN_POINT('',(28.32499901833,-60.57500098167,1.510198));
#2952 = DIRECTION('',(0.,0.,1.));
#2953 = DIRECTION('',(-0.999999999997,2.454181392577E-06,0.));
#2954 = ORIENTED_EDGE('',*,*,#2955,.F.);
#2955 = EDGE_CURVE('',#2896,#2947,#2956,.T.);
#2956 = LINE('',#2957,#2958);
#2957 = CARTESIAN_POINT('',(27.925,-47.375,1.510198));
#2958 = VECTOR('',#2959,1.);
#2959 = DIRECTION('',(0.,-1.,0.));
#2960 = FACE_BOUND('',#2961,.T.);
#2961 = EDGE_LOOP('',(#2962,#2973,#2981,#2990,#2998,#3007,#3015,#3024));
#2962 = ORIENTED_EDGE('',*,*,#2963,.F.);
#2963 = EDGE_CURVE('',#2964,#2966,#2968,.T.);
#2964 = VERTEX_POINT('',#2965);
#2965 = CARTESIAN_POINT('',(47.375,-46.975,1.510198));
#2966 = VERTEX_POINT('',#2967);
#2967 = CARTESIAN_POINT('',(46.975,-47.375,1.510198));
#2968 = CIRCLE('',#2969,0.399999018331);
#2969 = AXIS2_PLACEMENT_3D('',#2970,#2971,#2972);
#2970 = CARTESIAN_POINT('',(47.37499901833,-47.37499901833,1.510198));
#2971 = DIRECTION('',(0.,0.,1.));
#2972 = DIRECTION('',(2.454181410341E-06,0.999999999997,-0.));
#2973 = ORIENTED_EDGE('',*,*,#2974,.F.);
#2974 = EDGE_CURVE('',#2975,#2964,#2977,.T.);
#2975 = VERTEX_POINT('',#2976);
#2976 = CARTESIAN_POINT('',(60.575,-46.975,1.510198));
#2977 = LINE('',#2978,#2979);
#2978 = CARTESIAN_POINT('',(60.575,-46.975,1.510198));
#2979 = VECTOR('',#2980,1.);
#2980 = DIRECTION('',(-1.,0.,0.));
#2981 = ORIENTED_EDGE('',*,*,#2982,.F.);
#2982 = EDGE_CURVE('',#2983,#2975,#2985,.T.);
#2983 = VERTEX_POINT('',#2984);
#2984 = CARTESIAN_POINT('',(60.975,-47.375,1.510198));
#2985 = CIRCLE('',#2986,0.399999018331);
#2986 = AXIS2_PLACEMENT_3D('',#2987,#2988,#2989);
#2987 = CARTESIAN_POINT('',(60.57500098167,-47.37499901833,1.510198));
#2988 = DIRECTION('',(0.,0.,1.));
#2989 = DIRECTION('',(0.999999999997,-2.454181410341E-06,0.));
#2990 = ORIENTED_EDGE('',*,*,#2991,.F.);
#2991 = EDGE_CURVE('',#2992,#2983,#2994,.T.);
#2992 = VERTEX_POINT('',#2993);
#2993 = CARTESIAN_POINT('',(60.975,-60.575,1.510198));
#2994 = LINE('',#2995,#2996);
#2995 = CARTESIAN_POINT('',(60.975,-60.575,1.510198));
#2996 = VECTOR('',#2997,1.);
#2997 = DIRECTION('',(0.,1.,0.));
#2998 = ORIENTED_EDGE('',*,*,#2999,.F.);
#2999 = EDGE_CURVE('',#3000,#2992,#3002,.T.);
#3000 = VERTEX_POINT('',#3001);
#3001 = CARTESIAN_POINT('',(60.575,-60.975,1.510198));
#3002 = CIRCLE('',#3003,0.399999018331);
#3003 = AXIS2_PLACEMENT_3D('',#3004,#3005,#3006);
#3004 = CARTESIAN_POINT('',(60.57500098167,-60.57500098167,1.510198));
#3005 = DIRECTION('',(0.,0.,1.));
#3006 = DIRECTION('',(-2.454181410341E-06,-0.999999999997,0.));
#3007 = ORIENTED_EDGE('',*,*,#3008,.F.);
#3008 = EDGE_CURVE('',#3009,#3000,#3011,.T.);
#3009 = VERTEX_POINT('',#3010);
#3010 = CARTESIAN_POINT('',(47.375,-60.975,1.510198));
#3011 = LINE('',#3012,#3013);
#3012 = CARTESIAN_POINT('',(47.375,-60.975,1.510198));
#3013 = VECTOR('',#3014,1.);
#3014 = DIRECTION('',(1.,0.,0.));
#3015 = ORIENTED_EDGE('',*,*,#3016,.F.);
#3016 = EDGE_CURVE('',#3017,#3009,#3019,.T.);
#3017 = VERTEX_POINT('',#3018);
#3018 = CARTESIAN_POINT('',(46.975,-60.575,1.510198));
#3019 = CIRCLE('',#3020,0.399999018331);
#3020 = AXIS2_PLACEMENT_3D('',#3021,#3022,#3023);
#3021 = CARTESIAN_POINT('',(47.37499901833,-60.57500098167,1.510198));
#3022 = DIRECTION('',(0.,0.,1.));
#3023 = DIRECTION('',(-0.999999999997,2.454181410341E-06,0.));
#3024 = ORIENTED_EDGE('',*,*,#3025,.F.);
#3025 = EDGE_CURVE('',#2966,#3017,#3026,.T.);
#3026 = LINE('',#3027,#3028);
#3027 = CARTESIAN_POINT('',(46.975,-47.375,1.510198));
#3028 = VECTOR('',#3029,1.);
#3029 = DIRECTION('',(0.,-1.,0.));
#3030 = FACE_BOUND('',#3031,.T.);
#3031 = EDGE_LOOP('',(#3032,#3043,#3051,#3060,#3068,#3077,#3085,#3094));
#3032 = ORIENTED_EDGE('',*,*,#3033,.F.);
#3033 = EDGE_CURVE('',#3034,#3036,#3038,.T.);
#3034 = VERTEX_POINT('',#3035);
#3035 = CARTESIAN_POINT('',(66.425,-46.975,1.510198));
#3036 = VERTEX_POINT('',#3037);
#3037 = CARTESIAN_POINT('',(66.025,-47.375,1.510198));
#3038 = CIRCLE('',#3039,0.399999018331);
#3039 = AXIS2_PLACEMENT_3D('',#3040,#3041,#3042);
#3040 = CARTESIAN_POINT('',(66.42499901833,-47.37499901833,1.510198));
#3041 = DIRECTION('',(0.,0.,1.));
#3042 = DIRECTION('',(2.454181410341E-06,0.999999999997,-0.));
#3043 = ORIENTED_EDGE('',*,*,#3044,.F.);
#3044 = EDGE_CURVE('',#3045,#3034,#3047,.T.);
#3045 = VERTEX_POINT('',#3046);
#3046 = CARTESIAN_POINT('',(79.625,-46.975,1.510198));
#3047 = LINE('',#3048,#3049);
#3048 = CARTESIAN_POINT('',(79.625,-46.975,1.510198));
#3049 = VECTOR('',#3050,1.);
#3050 = DIRECTION('',(-1.,0.,0.));
#3051 = ORIENTED_EDGE('',*,*,#3052,.F.);
#3052 = EDGE_CURVE('',#3053,#3045,#3055,.T.);
#3053 = VERTEX_POINT('',#3054);
#3054 = CARTESIAN_POINT('',(80.025,-47.375,1.510198));
#3055 = CIRCLE('',#3056,0.399999018331);
#3056 = AXIS2_PLACEMENT_3D('',#3057,#3058,#3059);
#3057 = CARTESIAN_POINT('',(79.62500098167,-47.37499901833,1.510198));
#3058 = DIRECTION('',(0.,0.,1.));
#3059 = DIRECTION('',(0.999999999997,-2.454181392577E-06,0.));
#3060 = ORIENTED_EDGE('',*,*,#3061,.F.);
#3061 = EDGE_CURVE('',#3062,#3053,#3064,.T.);
#3062 = VERTEX_POINT('',#3063);
#3063 = CARTESIAN_POINT('',(80.025,-60.575,1.510198));
#3064 = LINE('',#3065,#3066);
#3065 = CARTESIAN_POINT('',(80.025,-60.575,1.510198));
#3066 = VECTOR('',#3067,1.);
#3067 = DIRECTION('',(0.,1.,0.));
#3068 = ORIENTED_EDGE('',*,*,#3069,.F.);
#3069 = EDGE_CURVE('',#3070,#3062,#3072,.T.);
#3070 = VERTEX_POINT('',#3071);
#3071 = CARTESIAN_POINT('',(79.625,-60.975,1.510198));
#3072 = CIRCLE('',#3073,0.399999018331);
#3073 = AXIS2_PLACEMENT_3D('',#3074,#3075,#3076);
#3074 = CARTESIAN_POINT('',(79.62500098167,-60.57500098167,1.510198));
#3075 = DIRECTION('',(0.,0.,1.));
#3076 = DIRECTION('',(-2.454181410341E-06,-0.999999999997,0.));
#3077 = ORIENTED_EDGE('',*,*,#3078,.F.);
#3078 = EDGE_CURVE('',#3079,#3070,#3081,.T.);
#3079 = VERTEX_POINT('',#3080);
#3080 = CARTESIAN_POINT('',(66.425,-60.975,1.510198));
#3081 = LINE('',#3082,#3083);
#3082 = CARTESIAN_POINT('',(66.425,-60.975,1.510198));
#3083 = VECTOR('',#3084,1.);
#3084 = DIRECTION('',(1.,0.,0.));
#3085 = ORIENTED_EDGE('',*,*,#3086,.F.);
#3086 = EDGE_CURVE('',#3087,#3079,#3089,.T.);
#3087 = VERTEX_POINT('',#3088);
#3088 = CARTESIAN_POINT('',(66.025,-60.575,1.510198));
#3089 = CIRCLE('',#3090,0.399999018331);
#3090 = AXIS2_PLACEMENT_3D('',#3091,#3092,#3093);
#3091 = CARTESIAN_POINT('',(66.42499901833,-60.57500098167,1.510198));
#3092 = DIRECTION('',(0.,0.,1.));
#3093 = DIRECTION('',(-0.999999999997,2.454181428104E-06,0.));
#3094 = ORIENTED_EDGE('',*,*,#3095,.F.);
#3095 = EDGE_CURVE('',#3036,#3087,#3096,.T.);
#3096 = LINE('',#3097,#3098);
#3097 = CARTESIAN_POINT('',(66.025,-47.375,1.510198));
#3098 = VECTOR('',#3099,1.);
#3099 = DIRECTION('',(0.,-1.,0.));
#3100 = FACE_BOUND('',#3101,.T.);
#3101 = EDGE_LOOP('',(#3102));
#3102 = ORIENTED_EDGE('',*,*,#3103,.T.);
#3103 = EDGE_CURVE('',#3104,#3104,#3106,.T.);
#3104 = VERTEX_POINT('',#3105);
#3105 = CARTESIAN_POINT('',(44.45,-46.534095,1.510198));
#3106 = CIRCLE('',#3107,1.35);
#3107 = AXIS2_PLACEMENT_3D('',#3108,#3109,#3110);
#3108 = CARTESIAN_POINT('',(44.45,-45.184095,1.510198));
#3109 = DIRECTION('',(-0.,0.,-1.));
#3110 = DIRECTION('',(-0.,-1.,0.));
#3111 = FACE_BOUND('',#3112,.T.);
#3112 = EDGE_LOOP('',(#3113));
#3113 = ORIENTED_EDGE('',*,*,#3114,.T.);
#3114 = EDGE_CURVE('',#3115,#3115,#3117,.T.);
#3115 = VERTEX_POINT('',#3116);
#3116 = CARTESIAN_POINT('',(53.975,-45.065905,1.510198));
#3117 = CIRCLE('',#3118,1.35);
#3118 = AXIS2_PLACEMENT_3D('',#3119,#3120,#3121);
#3119 = CARTESIAN_POINT('',(53.975,-43.715905,1.510198));
#3120 = DIRECTION('',(-0.,0.,-1.));
#3121 = DIRECTION('',(-0.,-1.,0.));
#3122 = FACE_BOUND('',#3123,.T.);
#3123 = EDGE_LOOP('',(#3124,#3135,#3143,#3152,#3160,#3169,#3177,#3186));
#3124 = ORIENTED_EDGE('',*,*,#3125,.F.);
#3125 = EDGE_CURVE('',#3126,#3128,#3130,.T.);
#3126 = VERTEX_POINT('',#3127);
#3127 = CARTESIAN_POINT('',(37.85,-27.925,1.510198));
#3128 = VERTEX_POINT('',#3129);
#3129 = CARTESIAN_POINT('',(37.45,-28.325,1.510198));
#3130 = CIRCLE('',#3131,0.399999018331);
#3131 = AXIS2_PLACEMENT_3D('',#3132,#3133,#3134);
#3132 = CARTESIAN_POINT('',(37.84999901833,-28.32499901833,1.510198));
#3133 = DIRECTION('',(0.,0.,1.));
#3134 = DIRECTION('',(2.454181392577E-06,0.999999999997,-0.));
#3135 = ORIENTED_EDGE('',*,*,#3136,.F.);
#3136 = EDGE_CURVE('',#3137,#3126,#3139,.T.);
#3137 = VERTEX_POINT('',#3138);
#3138 = CARTESIAN_POINT('',(51.05,-27.925,1.510198));
#3139 = LINE('',#3140,#3141);
#3140 = CARTESIAN_POINT('',(51.05,-27.925,1.510198));
#3141 = VECTOR('',#3142,1.);
#3142 = DIRECTION('',(-1.,0.,0.));
#3143 = ORIENTED_EDGE('',*,*,#3144,.F.);
#3144 = EDGE_CURVE('',#3145,#3137,#3147,.T.);
#3145 = VERTEX_POINT('',#3146);
#3146 = CARTESIAN_POINT('',(51.45,-28.325,1.510198));
#3147 = CIRCLE('',#3148,0.399999018331);
#3148 = AXIS2_PLACEMENT_3D('',#3149,#3150,#3151);
#3149 = CARTESIAN_POINT('',(51.05000098167,-28.32499901833,1.510198));
#3150 = DIRECTION('',(0.,0.,1.));
#3151 = DIRECTION('',(0.999999999997,-2.454181365931E-06,0.));
#3152 = ORIENTED_EDGE('',*,*,#3153,.F.);
#3153 = EDGE_CURVE('',#3154,#3145,#3156,.T.);
#3154 = VERTEX_POINT('',#3155);
#3155 = CARTESIAN_POINT('',(51.45,-41.525,1.510198));
#3156 = LINE('',#3157,#3158);
#3157 = CARTESIAN_POINT('',(51.45,-41.525,1.510198));
#3158 = VECTOR('',#3159,1.);
#3159 = DIRECTION('',(0.,1.,0.));
#3160 = ORIENTED_EDGE('',*,*,#3161,.F.);
#3161 = EDGE_CURVE('',#3162,#3154,#3164,.T.);
#3162 = VERTEX_POINT('',#3163);
#3163 = CARTESIAN_POINT('',(51.05,-41.925,1.510198));
#3164 = CIRCLE('',#3165,0.399999018331);
#3165 = AXIS2_PLACEMENT_3D('',#3166,#3167,#3168);
#3166 = CARTESIAN_POINT('',(51.05000098167,-41.52500098167,1.510198));
#3167 = DIRECTION('',(0.,0.,1.));
#3168 = DIRECTION('',(-2.454181374813E-06,-0.999999999997,0.));
#3169 = ORIENTED_EDGE('',*,*,#3170,.F.);
#3170 = EDGE_CURVE('',#3171,#3162,#3173,.T.);
#3171 = VERTEX_POINT('',#3172);
#3172 = CARTESIAN_POINT('',(37.85,-41.925,1.510198));
#3173 = LINE('',#3174,#3175);
#3174 = CARTESIAN_POINT('',(37.85,-41.925,1.510198));
#3175 = VECTOR('',#3176,1.);
#3176 = DIRECTION('',(1.,0.,0.));
#3177 = ORIENTED_EDGE('',*,*,#3178,.F.);
#3178 = EDGE_CURVE('',#3179,#3171,#3181,.T.);
#3179 = VERTEX_POINT('',#3180);
#3180 = CARTESIAN_POINT('',(37.45,-41.525,1.510198));
#3181 = CIRCLE('',#3182,0.399999018331);
#3182 = AXIS2_PLACEMENT_3D('',#3183,#3184,#3185);
#3183 = CARTESIAN_POINT('',(37.84999901833,-41.52500098167,1.510198));
#3184 = DIRECTION('',(0.,0.,1.));
#3185 = DIRECTION('',(-0.999999999997,2.454181392577E-06,0.));
#3186 = ORIENTED_EDGE('',*,*,#3187,.F.);
#3187 = EDGE_CURVE('',#3128,#3179,#3188,.T.);
#3188 = LINE('',#3189,#3190);
#3189 = CARTESIAN_POINT('',(37.45,-28.325,1.510198));
#3190 = VECTOR('',#3191,1.);
#3191 = DIRECTION('',(0.,-1.,0.));
#3192 = FACE_BOUND('',#3193,.T.);
#3193 = EDGE_LOOP('',(#3194,#3205,#3213,#3222,#3230,#3239,#3247,#3256));
#3194 = ORIENTED_EDGE('',*,*,#3195,.F.);
#3195 = EDGE_CURVE('',#3196,#3198,#3200,.T.);
#3196 = VERTEX_POINT('',#3197);
#3197 = CARTESIAN_POINT('',(56.9,-27.925,1.510198));
#3198 = VERTEX_POINT('',#3199);
#3199 = CARTESIAN_POINT('',(56.5,-28.325,1.510198));
#3200 = CIRCLE('',#3201,0.399999018331);
#3201 = AXIS2_PLACEMENT_3D('',#3202,#3203,#3204);
#3202 = CARTESIAN_POINT('',(56.89999901833,-28.32499901833,1.510198));
#3203 = DIRECTION('',(0.,0.,1.));
#3204 = DIRECTION('',(2.454181392577E-06,0.999999999997,-0.));
#3205 = ORIENTED_EDGE('',*,*,#3206,.F.);
#3206 = EDGE_CURVE('',#3207,#3196,#3209,.T.);
#3207 = VERTEX_POINT('',#3208);
#3208 = CARTESIAN_POINT('',(70.1,-27.925,1.510198));
#3209 = LINE('',#3210,#3211);
#3210 = CARTESIAN_POINT('',(70.1,-27.925,1.510198));
#3211 = VECTOR('',#3212,1.);
#3212 = DIRECTION('',(-1.,0.,0.));
#3213 = ORIENTED_EDGE('',*,*,#3214,.F.);
#3214 = EDGE_CURVE('',#3215,#3207,#3217,.T.);
#3215 = VERTEX_POINT('',#3216);
#3216 = CARTESIAN_POINT('',(70.5,-28.325,1.510198));
#3217 = CIRCLE('',#3218,0.399999018331);
#3218 = AXIS2_PLACEMENT_3D('',#3219,#3220,#3221);
#3219 = CARTESIAN_POINT('',(70.10000098167,-28.32499901833,1.510198));
#3220 = DIRECTION('',(0.,0.,1.));
#3221 = DIRECTION('',(0.999999999997,-2.454181383695E-06,0.));
#3222 = ORIENTED_EDGE('',*,*,#3223,.F.);
#3223 = EDGE_CURVE('',#3224,#3215,#3226,.T.);
#3224 = VERTEX_POINT('',#3225);
#3225 = CARTESIAN_POINT('',(70.5,-41.525,1.510198));
#3226 = LINE('',#3227,#3228);
#3227 = CARTESIAN_POINT('',(70.5,-41.525,1.510198));
#3228 = VECTOR('',#3229,1.);
#3229 = DIRECTION('',(0.,1.,0.));
#3230 = ORIENTED_EDGE('',*,*,#3231,.F.);
#3231 = EDGE_CURVE('',#3232,#3224,#3234,.T.);
#3232 = VERTEX_POINT('',#3233);
#3233 = CARTESIAN_POINT('',(70.1,-41.925,1.510198));
#3234 = CIRCLE('',#3235,0.399999018331);
#3235 = AXIS2_PLACEMENT_3D('',#3236,#3237,#3238);
#3236 = CARTESIAN_POINT('',(70.10000098167,-41.52500098167,1.510198));
#3237 = DIRECTION('',(0.,0.,1.));
#3238 = DIRECTION('',(-2.454181410341E-06,-0.999999999997,0.));
#3239 = ORIENTED_EDGE('',*,*,#3240,.F.);
#3240 = EDGE_CURVE('',#3241,#3232,#3243,.T.);
#3241 = VERTEX_POINT('',#3242);
#3242 = CARTESIAN_POINT('',(56.9,-41.925,1.510198));
#3243 = LINE('',#3244,#3245);
#3244 = CARTESIAN_POINT('',(56.9,-41.925,1.510198));
#3245 = VECTOR('',#3246,1.);
#3246 = DIRECTION('',(1.,0.,0.));
#3247 = ORIENTED_EDGE('',*,*,#3248,.F.);
#3248 = EDGE_CURVE('',#3249,#3241,#3251,.T.);
#3249 = VERTEX_POINT('',#3250);
#3250 = CARTESIAN_POINT('',(56.5,-41.525,1.510198));
#3251 = CIRCLE('',#3252,0.399999018331);
#3252 = AXIS2_PLACEMENT_3D('',#3253,#3254,#3255);
#3253 = CARTESIAN_POINT('',(56.89999901833,-41.52500098167,1.510198));
#3254 = DIRECTION('',(0.,0.,1.));
#3255 = DIRECTION('',(-0.999999999997,2.454181392577E-06,0.));
#3256 = ORIENTED_EDGE('',*,*,#3257,.F.);
#3257 = EDGE_CURVE('',#3198,#3249,#3258,.T.);
#3258 = LINE('',#3259,#3260);
#3259 = CARTESIAN_POINT('',(56.5,-28.325,1.510198));
#3260 = VECTOR('',#3261,1.);
#3261 = DIRECTION('',(0.,-1.,0.));
#3262 = FACE_BOUND('',#3263,.T.);
#3263 = EDGE_LOOP('',(#3264,#3275,#3283,#3292,#3300,#3309,#3317,#3326));
#3264 = ORIENTED_EDGE('',*,*,#3265,.F.);
#3265 = EDGE_CURVE('',#3266,#3268,#3270,.T.);
#3266 = VERTEX_POINT('',#3267);
#3267 = CARTESIAN_POINT('',(85.475,-46.975,1.510198));
#3268 = VERTEX_POINT('',#3269);
#3269 = CARTESIAN_POINT('',(85.075,-47.375,1.510198));
#3270 = CIRCLE('',#3271,0.399999018331);
#3271 = AXIS2_PLACEMENT_3D('',#3272,#3273,#3274);
#3272 = CARTESIAN_POINT('',(85.47499901833,-47.37499901833,1.510198));
#3273 = DIRECTION('',(0.,0.,1.));
#3274 = DIRECTION('',(2.454181445868E-06,0.999999999997,-0.));
#3275 = ORIENTED_EDGE('',*,*,#3276,.F.);
#3276 = EDGE_CURVE('',#3277,#3266,#3279,.T.);
#3277 = VERTEX_POINT('',#3278);
#3278 = CARTESIAN_POINT('',(98.675,-46.975,1.510198));
#3279 = LINE('',#3280,#3281);
#3280 = CARTESIAN_POINT('',(98.675,-46.975,1.510198));
#3281 = VECTOR('',#3282,1.);
#3282 = DIRECTION('',(-1.,0.,0.));
#3283 = ORIENTED_EDGE('',*,*,#3284,.F.);
#3284 = EDGE_CURVE('',#3285,#3277,#3287,.T.);
#3285 = VERTEX_POINT('',#3286);
#3286 = CARTESIAN_POINT('',(99.075,-47.375,1.510198));
#3287 = CIRCLE('',#3288,0.399999018331);
#3288 = AXIS2_PLACEMENT_3D('',#3289,#3290,#3291);
#3289 = CARTESIAN_POINT('',(98.67500098167,-47.37499901833,1.510198));
#3290 = DIRECTION('',(0.,0.,1.));
#3291 = DIRECTION('',(0.999999999997,-2.45418135705E-06,0.));
#3292 = ORIENTED_EDGE('',*,*,#3293,.F.);
#3293 = EDGE_CURVE('',#3294,#3285,#3296,.T.);
#3294 = VERTEX_POINT('',#3295);
#3295 = CARTESIAN_POINT('',(99.075,-60.575,1.510198));
#3296 = LINE('',#3297,#3298);
#3297 = CARTESIAN_POINT('',(99.075,-60.575,1.510198));
#3298 = VECTOR('',#3299,1.);
#3299 = DIRECTION('',(0.,1.,0.));
#3300 = ORIENTED_EDGE('',*,*,#3301,.F.);
#3301 = EDGE_CURVE('',#3302,#3294,#3304,.T.);
#3302 = VERTEX_POINT('',#3303);
#3303 = CARTESIAN_POINT('',(98.675,-60.975,1.510198));
#3304 = CIRCLE('',#3305,0.399999018331);
#3305 = AXIS2_PLACEMENT_3D('',#3306,#3307,#3308);
#3306 = CARTESIAN_POINT('',(98.67500098167,-60.57500098167,1.510198));
#3307 = DIRECTION('',(0.,0.,1.));
#3308 = DIRECTION('',(-2.454181374813E-06,-0.999999999997,0.));
#3309 = ORIENTED_EDGE('',*,*,#3310,.F.);
#3310 = EDGE_CURVE('',#3311,#3302,#3313,.T.);
#3311 = VERTEX_POINT('',#3312);
#3312 = CARTESIAN_POINT('',(85.475,-60.975,1.510198));
#3313 = LINE('',#3314,#3315);
#3314 = CARTESIAN_POINT('',(85.475,-60.975,1.510198));
#3315 = VECTOR('',#3316,1.);
#3316 = DIRECTION('',(1.,0.,0.));
#3317 = ORIENTED_EDGE('',*,*,#3318,.F.);
#3318 = EDGE_CURVE('',#3319,#3311,#3321,.T.);
#3319 = VERTEX_POINT('',#3320);
#3320 = CARTESIAN_POINT('',(85.075,-60.575,1.510198));
#3321 = CIRCLE('',#3322,0.399999018331);
#3322 = AXIS2_PLACEMENT_3D('',#3323,#3324,#3325);
#3323 = CARTESIAN_POINT('',(85.47499901833,-60.57500098167,1.510198));
#3324 = DIRECTION('',(0.,0.,1.));
#3325 = DIRECTION('',(-0.999999999997,2.454181445868E-06,0.));
#3326 = ORIENTED_EDGE('',*,*,#3327,.F.);
#3327 = EDGE_CURVE('',#3268,#3319,#3328,.T.);
#3328 = LINE('',#3329,#3330);
#3329 = CARTESIAN_POINT('',(85.075,-47.375,1.510198));
#3330 = VECTOR('',#3331,1.);
#3331 = DIRECTION('',(0.,-1.,0.));
#3332 = FACE_BOUND('',#3333,.T.);
#3333 = EDGE_LOOP('',(#3334,#3345,#3353,#3362,#3370,#3379,#3387,#3396));
#3334 = ORIENTED_EDGE('',*,*,#3335,.F.);
#3335 = EDGE_CURVE('',#3336,#3338,#3340,.T.);
#3336 = VERTEX_POINT('',#3337);
#3337 = CARTESIAN_POINT('',(104.525,-46.975,1.510198));
#3338 = VERTEX_POINT('',#3339);
#3339 = CARTESIAN_POINT('',(104.125,-47.375,1.510198));
#3340 = CIRCLE('',#3341,0.399999018331);
#3341 = AXIS2_PLACEMENT_3D('',#3342,#3343,#3344);
#3342 = CARTESIAN_POINT('',(104.52499901833,-47.37499901833,1.510198));
#3343 = DIRECTION('',(0.,0.,1.));
#3344 = DIRECTION('',(2.454181410341E-06,0.999999999997,-0.));
#3345 = ORIENTED_EDGE('',*,*,#3346,.F.);
#3346 = EDGE_CURVE('',#3347,#3336,#3349,.T.);
#3347 = VERTEX_POINT('',#3348);
#3348 = CARTESIAN_POINT('',(117.725,-46.975,1.510198));
#3349 = LINE('',#3350,#3351);
#3350 = CARTESIAN_POINT('',(117.725,-46.975,1.510198));
#3351 = VECTOR('',#3352,1.);
#3352 = DIRECTION('',(-1.,0.,0.));
#3353 = ORIENTED_EDGE('',*,*,#3354,.F.);
#3354 = EDGE_CURVE('',#3355,#3347,#3357,.T.);
#3355 = VERTEX_POINT('',#3356);
#3356 = CARTESIAN_POINT('',(118.125,-47.375,1.510198));
#3357 = CIRCLE('',#3358,0.399999018331);
#3358 = AXIS2_PLACEMENT_3D('',#3359,#3360,#3361);
#3359 = CARTESIAN_POINT('',(117.72500098167,-47.37499901833,1.510198));
#3360 = DIRECTION('',(0.,0.,1.));
#3361 = DIRECTION('',(0.999999999997,-2.454181392577E-06,0.));
#3362 = ORIENTED_EDGE('',*,*,#3363,.F.);
#3363 = EDGE_CURVE('',#3364,#3355,#3366,.T.);
#3364 = VERTEX_POINT('',#3365);
#3365 = CARTESIAN_POINT('',(118.125,-60.575,1.510198));
#3366 = LINE('',#3367,#3368);
#3367 = CARTESIAN_POINT('',(118.125,-60.575,1.510198));
#3368 = VECTOR('',#3369,1.);
#3369 = DIRECTION('',(0.,1.,0.));
#3370 = ORIENTED_EDGE('',*,*,#3371,.F.);
#3371 = EDGE_CURVE('',#3372,#3364,#3374,.T.);
#3372 = VERTEX_POINT('',#3373);
#3373 = CARTESIAN_POINT('',(117.725,-60.975,1.510198));
#3374 = CIRCLE('',#3375,0.399999018331);
#3375 = AXIS2_PLACEMENT_3D('',#3376,#3377,#3378);
#3376 = CARTESIAN_POINT('',(117.72500098167,-60.57500098167,1.510198));
#3377 = DIRECTION('',(0.,0.,1.));
#3378 = DIRECTION('',(-2.454181410341E-06,-0.999999999997,0.));
#3379 = ORIENTED_EDGE('',*,*,#3380,.F.);
#3380 = EDGE_CURVE('',#3381,#3372,#3383,.T.);
#3381 = VERTEX_POINT('',#3382);
#3382 = CARTESIAN_POINT('',(104.525,-60.975,1.510198));
#3383 = LINE('',#3384,#3385);
#3384 = CARTESIAN_POINT('',(104.525,-60.975,1.510198));
#3385 = VECTOR('',#3386,1.);
#3386 = DIRECTION('',(1.,0.,0.));
#3387 = ORIENTED_EDGE('',*,*,#3388,.F.);
#3388 = EDGE_CURVE('',#3389,#3381,#3391,.T.);
#3389 = VERTEX_POINT('',#3390);
#3390 = CARTESIAN_POINT('',(104.125,-60.575,1.510198));
#3391 = CIRCLE('',#3392,0.399999018331);
#3392 = AXIS2_PLACEMENT_3D('',#3393,#3394,#3395);
#3393 = CARTESIAN_POINT('',(104.52499901833,-60.57500098167,1.510198));
#3394 = DIRECTION('',(0.,0.,1.));
#3395 = DIRECTION('',(-0.999999999997,2.454181392577E-06,0.));
#3396 = ORIENTED_EDGE('',*,*,#3397,.F.);
#3397 = EDGE_CURVE('',#3338,#3389,#3398,.T.);
#3398 = LINE('',#3399,#3400);
#3399 = CARTESIAN_POINT('',(104.125,-47.375,1.510198));
#3400 = VECTOR('',#3401,1.);
#3401 = DIRECTION('',(0.,-1.,0.));
#3402 = FACE_BOUND('',#3403,.T.);
#3403 = EDGE_LOOP('',(#3404,#3415,#3423,#3432,#3440,#3449,#3457,#3466));
#3404 = ORIENTED_EDGE('',*,*,#3405,.F.);
#3405 = EDGE_CURVE('',#3406,#3408,#3410,.T.);
#3406 = VERTEX_POINT('',#3407);
#3407 = CARTESIAN_POINT('',(123.575,-46.975,1.510198));
#3408 = VERTEX_POINT('',#3409);
#3409 = CARTESIAN_POINT('',(123.175,-47.375,1.510198));
#3410 = CIRCLE('',#3411,0.399999018331);
#3411 = AXIS2_PLACEMENT_3D('',#3412,#3413,#3414);
#3412 = CARTESIAN_POINT('',(123.57499901833,-47.37499901833,1.510198));
#3413 = DIRECTION('',(0.,0.,1.));
#3414 = DIRECTION('',(2.454181374813E-06,0.999999999997,-0.));
#3415 = ORIENTED_EDGE('',*,*,#3416,.F.);
#3416 = EDGE_CURVE('',#3417,#3406,#3419,.T.);
#3417 = VERTEX_POINT('',#3418);
#3418 = CARTESIAN_POINT('',(136.775,-46.975,1.510198));
#3419 = LINE('',#3420,#3421);
#3420 = CARTESIAN_POINT('',(136.775,-46.975,1.510198));
#3421 = VECTOR('',#3422,1.);
#3422 = DIRECTION('',(-1.,0.,0.));
#3423 = ORIENTED_EDGE('',*,*,#3424,.F.);
#3424 = EDGE_CURVE('',#3425,#3417,#3427,.T.);
#3425 = VERTEX_POINT('',#3426);
#3426 = CARTESIAN_POINT('',(137.175,-47.375,1.510198));
#3427 = CIRCLE('',#3428,0.399999018331);
#3428 = AXIS2_PLACEMENT_3D('',#3429,#3430,#3431);
#3429 = CARTESIAN_POINT('',(136.77500098167,-47.37499901833,1.510198));
#3430 = DIRECTION('',(0.,0.,1.));
#3431 = DIRECTION('',(0.999999999997,-2.454181321522E-06,0.));
#3432 = ORIENTED_EDGE('',*,*,#3433,.F.);
#3433 = EDGE_CURVE('',#3434,#3425,#3436,.T.);
#3434 = VERTEX_POINT('',#3435);
#3435 = CARTESIAN_POINT('',(137.175,-60.575,1.510198));
#3436 = LINE('',#3437,#3438);
#3437 = CARTESIAN_POINT('',(137.175,-60.575,1.510198));
#3438 = VECTOR('',#3439,1.);
#3439 = DIRECTION('',(0.,1.,0.));
#3440 = ORIENTED_EDGE('',*,*,#3441,.F.);
#3441 = EDGE_CURVE('',#3442,#3434,#3444,.T.);
#3442 = VERTEX_POINT('',#3443);
#3443 = CARTESIAN_POINT('',(136.775,-60.975,1.510198));
#3444 = CIRCLE('',#3445,0.399999018331);
#3445 = AXIS2_PLACEMENT_3D('',#3446,#3447,#3448);
#3446 = CARTESIAN_POINT('',(136.77500098167,-60.57500098167,1.510198));
#3447 = DIRECTION('',(0.,0.,1.));
#3448 = DIRECTION('',(-2.454181339286E-06,-0.999999999997,0.));
#3449 = ORIENTED_EDGE('',*,*,#3450,.F.);
#3450 = EDGE_CURVE('',#3451,#3442,#3453,.T.);
#3451 = VERTEX_POINT('',#3452);
#3452 = CARTESIAN_POINT('',(123.575,-60.975,1.510198));
#3453 = LINE('',#3454,#3455);
#3454 = CARTESIAN_POINT('',(123.575,-60.975,1.510198));
#3455 = VECTOR('',#3456,1.);
#3456 = DIRECTION('',(1.,0.,0.));
#3457 = ORIENTED_EDGE('',*,*,#3458,.F.);
#3458 = EDGE_CURVE('',#3459,#3451,#3461,.T.);
#3459 = VERTEX_POINT('',#3460);
#3460 = CARTESIAN_POINT('',(123.175,-60.575,1.510198));
#3461 = CIRCLE('',#3462,0.399999018331);
#3462 = AXIS2_PLACEMENT_3D('',#3463,#3464,#3465);
#3463 = CARTESIAN_POINT('',(123.57499901833,-60.57500098167,1.510198));
#3464 = DIRECTION('',(0.,0.,1.));
#3465 = DIRECTION('',(-0.999999999997,2.45418135705E-06,0.));
#3466 = ORIENTED_EDGE('',*,*,#3467,.F.);
#3467 = EDGE_CURVE('',#3408,#3459,#3468,.T.);
#3468 = LINE('',#3469,#3470);
#3469 = CARTESIAN_POINT('',(123.175,-47.375,1.510198));
#3470 = VECTOR('',#3471,1.);
#3471 = DIRECTION('',(0.,-1.,0.));
#3472 = FACE_BOUND('',#3473,.T.);
#3473 = EDGE_LOOP('',(#3474,#3485,#3493,#3502,#3510,#3519,#3527,#3536));
#3474 = ORIENTED_EDGE('',*,*,#3475,.F.);
#3475 = EDGE_CURVE('',#3476,#3478,#3480,.T.);
#3476 = VERTEX_POINT('',#3477);
#3477 = CARTESIAN_POINT('',(142.625,-46.975,1.510198));
#3478 = VERTEX_POINT('',#3479);
#3479 = CARTESIAN_POINT('',(142.225,-47.375,1.510198));
#3480 = CIRCLE('',#3481,0.399999018331);
#3481 = AXIS2_PLACEMENT_3D('',#3482,#3483,#3484);
#3482 = CARTESIAN_POINT('',(142.62499901833,-47.37499901833,1.510198));
#3483 = DIRECTION('',(0.,0.,1.));
#3484 = DIRECTION('',(2.454181410341E-06,0.999999999997,-0.));
#3485 = ORIENTED_EDGE('',*,*,#3486,.F.);
#3486 = EDGE_CURVE('',#3487,#3476,#3489,.T.);
#3487 = VERTEX_POINT('',#3488);
#3488 = CARTESIAN_POINT('',(155.825,-46.975,1.510198));
#3489 = LINE('',#3490,#3491);
#3490 = CARTESIAN_POINT('',(155.825,-46.975,1.510198));
#3491 = VECTOR('',#3492,1.);
#3492 = DIRECTION('',(-1.,0.,0.));
#3493 = ORIENTED_EDGE('',*,*,#3494,.F.);
#3494 = EDGE_CURVE('',#3495,#3487,#3497,.T.);
#3495 = VERTEX_POINT('',#3496);
#3496 = CARTESIAN_POINT('',(156.225,-47.375,1.510198));
#3497 = CIRCLE('',#3498,0.399999018331);
#3498 = AXIS2_PLACEMENT_3D('',#3499,#3500,#3501);
#3499 = CARTESIAN_POINT('',(155.82500098167,-47.37499901833,1.510198));
#3500 = DIRECTION('',(0.,0.,1.));
#3501 = DIRECTION('',(0.999999999997,-2.454181410341E-06,0.));
#3502 = ORIENTED_EDGE('',*,*,#3503,.F.);
#3503 = EDGE_CURVE('',#3504,#3495,#3506,.T.);
#3504 = VERTEX_POINT('',#3505);
#3505 = CARTESIAN_POINT('',(156.225,-60.575,1.510198));
#3506 = LINE('',#3507,#3508);
#3507 = CARTESIAN_POINT('',(156.225,-60.575,1.510198));
#3508 = VECTOR('',#3509,1.);
#3509 = DIRECTION('',(0.,1.,0.));
#3510 = ORIENTED_EDGE('',*,*,#3511,.F.);
#3511 = EDGE_CURVE('',#3512,#3504,#3514,.T.);
#3512 = VERTEX_POINT('',#3513);
#3513 = CARTESIAN_POINT('',(155.825,-60.975,1.510198));
#3514 = CIRCLE('',#3515,0.399999018331);
#3515 = AXIS2_PLACEMENT_3D('',#3516,#3517,#3518);
#3516 = CARTESIAN_POINT('',(155.82500098167,-60.57500098167,1.510198));
#3517 = DIRECTION('',(0.,0.,1.));
#3518 = DIRECTION('',(-2.454181410341E-06,-0.999999999997,0.));
#3519 = ORIENTED_EDGE('',*,*,#3520,.F.);
#3520 = EDGE_CURVE('',#3521,#3512,#3523,.T.);
#3521 = VERTEX_POINT('',#3522);
#3522 = CARTESIAN_POINT('',(142.625,-60.975,1.510198));
#3523 = LINE('',#3524,#3525);
#3524 = CARTESIAN_POINT('',(142.625,-60.975,1.510198));
#3525 = VECTOR('',#3526,1.);
#3526 = DIRECTION('',(1.,0.,0.));
#3527 = ORIENTED_EDGE('',*,*,#3528,.F.);
#3528 = EDGE_CURVE('',#3529,#3521,#3531,.T.);
#3529 = VERTEX_POINT('',#3530);
#3530 = CARTESIAN_POINT('',(142.225,-60.575,1.510198));
#3531 = CIRCLE('',#3532,0.399999018331);
#3532 = AXIS2_PLACEMENT_3D('',#3533,#3534,#3535);
#3533 = CARTESIAN_POINT('',(142.62499901833,-60.57500098167,1.510198));
#3534 = DIRECTION('',(0.,0.,1.));
#3535 = DIRECTION('',(-0.999999999997,2.454181410341E-06,0.));
#3536 = ORIENTED_EDGE('',*,*,#3537,.F.);
#3537 = EDGE_CURVE('',#3478,#3529,#3538,.T.);
#3538 = LINE('',#3539,#3540);
#3539 = CARTESIAN_POINT('',(142.225,-47.375,1.510198));
#3540 = VECTOR('',#3541,1.);
#3541 = DIRECTION('',(0.,-1.,0.));
#3542 = FACE_BOUND('',#3543,.T.);
#3543 = EDGE_LOOP('',(#3544,#3555,#3563,#3572,#3580,#3589,#3597,#3606));
#3544 = ORIENTED_EDGE('',*,*,#3545,.F.);
#3545 = EDGE_CURVE('',#3546,#3548,#3550,.T.);
#3546 = VERTEX_POINT('',#3547);
#3547 = CARTESIAN_POINT('',(95.,-27.925,1.510198));
#3548 = VERTEX_POINT('',#3549);
#3549 = CARTESIAN_POINT('',(94.6,-28.325,1.510198));
#3550 = CIRCLE('',#3551,0.399999018331);
#3551 = AXIS2_PLACEMENT_3D('',#3552,#3553,#3554);
#3552 = CARTESIAN_POINT('',(94.99999901833,-28.32499901833,1.510198));
#3553 = DIRECTION('',(0.,0.,1.));
#3554 = DIRECTION('',(2.454181410341E-06,0.999999999997,-0.));
#3555 = ORIENTED_EDGE('',*,*,#3556,.F.);
#3556 = EDGE_CURVE('',#3557,#3546,#3559,.T.);
#3557 = VERTEX_POINT('',#3558);
#3558 = CARTESIAN_POINT('',(108.2,-27.925,1.510198));
#3559 = LINE('',#3560,#3561);
#3560 = CARTESIAN_POINT('',(108.2,-27.925,1.510198));
#3561 = VECTOR('',#3562,1.);
#3562 = DIRECTION('',(-1.,0.,0.));
#3563 = ORIENTED_EDGE('',*,*,#3564,.F.);
#3564 = EDGE_CURVE('',#3565,#3557,#3567,.T.);
#3565 = VERTEX_POINT('',#3566);
#3566 = CARTESIAN_POINT('',(108.6,-28.325,1.510198));
#3567 = CIRCLE('',#3568,0.399999018331);
#3568 = AXIS2_PLACEMENT_3D('',#3569,#3570,#3571);
#3569 = CARTESIAN_POINT('',(108.20000098167,-28.32499901833,1.510198));
#3570 = DIRECTION('',(0.,0.,1.));
#3571 = DIRECTION('',(0.999999999997,-2.454181419222E-06,0.));
#3572 = ORIENTED_EDGE('',*,*,#3573,.F.);
#3573 = EDGE_CURVE('',#3574,#3565,#3576,.T.);
#3574 = VERTEX_POINT('',#3575);
#3575 = CARTESIAN_POINT('',(108.6,-41.525,1.510198));
#3576 = LINE('',#3577,#3578);
#3577 = CARTESIAN_POINT('',(108.6,-41.525,1.510198));
#3578 = VECTOR('',#3579,1.);
#3579 = DIRECTION('',(0.,1.,0.));
#3580 = ORIENTED_EDGE('',*,*,#3581,.F.);
#3581 = EDGE_CURVE('',#3582,#3574,#3584,.T.);
#3582 = VERTEX_POINT('',#3583);
#3583 = CARTESIAN_POINT('',(108.2,-41.925,1.510198));
#3584 = CIRCLE('',#3585,0.399999018331);
#3585 = AXIS2_PLACEMENT_3D('',#3586,#3587,#3588);
#3586 = CARTESIAN_POINT('',(108.20000098167,-41.52500098167,1.510198));
#3587 = DIRECTION('',(0.,0.,1.));
#3588 = DIRECTION('',(-2.454181374813E-06,-0.999999999997,0.));
#3589 = ORIENTED_EDGE('',*,*,#3590,.F.);
#3590 = EDGE_CURVE('',#3591,#3582,#3593,.T.);
#3591 = VERTEX_POINT('',#3592);
#3592 = CARTESIAN_POINT('',(95.,-41.925,1.510198));
#3593 = LINE('',#3594,#3595);
#3594 = CARTESIAN_POINT('',(95.,-41.925,1.510198));
#3595 = VECTOR('',#3596,1.);
#3596 = DIRECTION('',(1.,0.,0.));
#3597 = ORIENTED_EDGE('',*,*,#3598,.F.);
#3598 = EDGE_CURVE('',#3599,#3591,#3601,.T.);
#3599 = VERTEX_POINT('',#3600);
#3600 = CARTESIAN_POINT('',(94.6,-41.525,1.510198));
#3601 = CIRCLE('',#3602,0.399999018331);
#3602 = AXIS2_PLACEMENT_3D('',#3603,#3604,#3605);
#3603 = CARTESIAN_POINT('',(94.99999901833,-41.52500098167,1.510198));
#3604 = DIRECTION('',(0.,0.,1.));
#3605 = DIRECTION('',(-0.999999999997,2.454181374813E-06,0.));
#3606 = ORIENTED_EDGE('',*,*,#3607,.F.);
#3607 = EDGE_CURVE('',#3548,#3599,#3608,.T.);
#3608 = LINE('',#3609,#3610);
#3609 = CARTESIAN_POINT('',(94.6,-28.325,1.510198));
#3610 = VECTOR('',#3611,1.);
#3611 = DIRECTION('',(0.,-1.,0.));
#3612 = FACE_BOUND('',#3613,.T.);
#3613 = EDGE_LOOP('',(#3614,#3625,#3633,#3642,#3650,#3659,#3667,#3676));
#3614 = ORIENTED_EDGE('',*,*,#3615,.F.);
#3615 = EDGE_CURVE('',#3616,#3618,#3620,.T.);
#3616 = VERTEX_POINT('',#3617);
#3617 = CARTESIAN_POINT('',(114.05,-27.925,1.510198));
#3618 = VERTEX_POINT('',#3619);
#3619 = CARTESIAN_POINT('',(113.65,-28.325,1.510198));
#3620 = CIRCLE('',#3621,0.399999018331);
#3621 = AXIS2_PLACEMENT_3D('',#3622,#3623,#3624);
#3622 = CARTESIAN_POINT('',(114.04999901833,-28.32499901833,1.510198));
#3623 = DIRECTION('',(0.,0.,1.));
#3624 = DIRECTION('',(2.454181374813E-06,0.999999999997,-0.));
#3625 = ORIENTED_EDGE('',*,*,#3626,.F.);
#3626 = EDGE_CURVE('',#3627,#3616,#3629,.T.);
#3627 = VERTEX_POINT('',#3628);
#3628 = CARTESIAN_POINT('',(127.25,-27.925,1.510198));
#3629 = LINE('',#3630,#3631);
#3630 = CARTESIAN_POINT('',(127.25,-27.925,1.510198));
#3631 = VECTOR('',#3632,1.);
#3632 = DIRECTION('',(-1.,0.,0.));
#3633 = ORIENTED_EDGE('',*,*,#3634,.F.);
#3634 = EDGE_CURVE('',#3635,#3627,#3637,.T.);
#3635 = VERTEX_POINT('',#3636);
#3636 = CARTESIAN_POINT('',(127.65,-28.325,1.510198));
#3637 = CIRCLE('',#3638,0.399999018331);
#3638 = AXIS2_PLACEMENT_3D('',#3639,#3640,#3641);
#3639 = CARTESIAN_POINT('',(127.25000098167,-28.32499901833,1.510198));
#3640 = DIRECTION('',(0.,0.,1.));
#3641 = DIRECTION('',(0.999999999997,-2.454181383695E-06,0.));
#3642 = ORIENTED_EDGE('',*,*,#3643,.F.);
#3643 = EDGE_CURVE('',#3644,#3635,#3646,.T.);
#3644 = VERTEX_POINT('',#3645);
#3645 = CARTESIAN_POINT('',(127.65,-41.525,1.510198));
#3646 = LINE('',#3647,#3648);
#3647 = CARTESIAN_POINT('',(127.65,-41.525,1.510198));
#3648 = VECTOR('',#3649,1.);
#3649 = DIRECTION('',(0.,1.,0.));
#3650 = ORIENTED_EDGE('',*,*,#3651,.F.);
#3651 = EDGE_CURVE('',#3652,#3644,#3654,.T.);
#3652 = VERTEX_POINT('',#3653);
#3653 = CARTESIAN_POINT('',(127.25,-41.925,1.510198));
#3654 = CIRCLE('',#3655,0.399999018331);
#3655 = AXIS2_PLACEMENT_3D('',#3656,#3657,#3658);
#3656 = CARTESIAN_POINT('',(127.25000098167,-41.52500098167,1.510198));
#3657 = DIRECTION('',(0.,0.,1.));
#3658 = DIRECTION('',(-2.454181410341E-06,-0.999999999997,0.));
#3659 = ORIENTED_EDGE('',*,*,#3660,.F.);
#3660 = EDGE_CURVE('',#3661,#3652,#3663,.T.);
#3661 = VERTEX_POINT('',#3662);
#3662 = CARTESIAN_POINT('',(114.05,-41.925,1.510198));
#3663 = LINE('',#3664,#3665);
#3664 = CARTESIAN_POINT('',(114.05,-41.925,1.510198));
#3665 = VECTOR('',#3666,1.);
#3666 = DIRECTION('',(1.,0.,0.));
#3667 = ORIENTED_EDGE('',*,*,#3668,.F.);
#3668 = EDGE_CURVE('',#3669,#3661,#3671,.T.);
#3669 = VERTEX_POINT('',#3670);
#3670 = CARTESIAN_POINT('',(113.65,-41.525,1.510198));
#3671 = CIRCLE('',#3672,0.399999018331);
#3672 = AXIS2_PLACEMENT_3D('',#3673,#3674,#3675);
#3673 = CARTESIAN_POINT('',(114.04999901833,-41.52500098167,1.510198));
#3674 = DIRECTION('',(0.,0.,1.));
#3675 = DIRECTION('',(-0.999999999997,2.454181410341E-06,0.));
#3676 = ORIENTED_EDGE('',*,*,#3677,.F.);
#3677 = EDGE_CURVE('',#3618,#3669,#3678,.T.);
#3678 = LINE('',#3679,#3680);
#3679 = CARTESIAN_POINT('',(113.65,-28.325,1.510198));
#3680 = VECTOR('',#3681,1.);
#3681 = DIRECTION('',(0.,-1.,0.));
#3682 = FACE_BOUND('',#3683,.T.);
#3683 = EDGE_LOOP('',(#3684));
#3684 = ORIENTED_EDGE('',*,*,#3685,.T.);
#3685 = EDGE_CURVE('',#3686,#3686,#3688,.T.);
#3686 = VERTEX_POINT('',#3687);
#3687 = CARTESIAN_POINT('',(130.175,-45.065905,1.510198));
#3688 = CIRCLE('',#3689,1.35);
#3689 = AXIS2_PLACEMENT_3D('',#3690,#3691,#3692);
#3690 = CARTESIAN_POINT('',(130.175,-43.715905,1.510198));
#3691 = DIRECTION('',(-0.,0.,-1.));
#3692 = DIRECTION('',(-0.,-1.,0.));
#3693 = FACE_BOUND('',#3694,.T.);
#3694 = EDGE_LOOP('',(#3695));
#3695 = ORIENTED_EDGE('',*,*,#3696,.T.);
#3696 = EDGE_CURVE('',#3697,#3697,#3699,.T.);
#3697 = VERTEX_POINT('',#3698);
#3698 = CARTESIAN_POINT('',(139.7,-46.534095,1.510198));
#3699 = CIRCLE('',#3700,1.35);
#3700 = AXIS2_PLACEMENT_3D('',#3701,#3702,#3703);
#3701 = CARTESIAN_POINT('',(139.7,-45.184095,1.510198));
#3702 = DIRECTION('',(-0.,0.,-1.));
#3703 = DIRECTION('',(-0.,-1.,0.));
#3704 = FACE_BOUND('',#3705,.T.);
#3705 = EDGE_LOOP('',(#3706,#3717,#3725,#3734,#3742,#3751,#3759,#3768));
#3706 = ORIENTED_EDGE('',*,*,#3707,.F.);
#3707 = EDGE_CURVE('',#3708,#3710,#3712,.T.);
#3708 = VERTEX_POINT('',#3709);
#3709 = CARTESIAN_POINT('',(133.1,-27.925,1.510198));
#3710 = VERTEX_POINT('',#3711);
#3711 = CARTESIAN_POINT('',(132.7,-28.325,1.510198));
#3712 = CIRCLE('',#3713,0.399999018331);
#3713 = AXIS2_PLACEMENT_3D('',#3714,#3715,#3716);
#3714 = CARTESIAN_POINT('',(133.09999901833,-28.32499901833,1.510198));
#3715 = DIRECTION('',(0.,0.,1.));
#3716 = DIRECTION('',(2.454181339286E-06,0.999999999997,-0.));
#3717 = ORIENTED_EDGE('',*,*,#3718,.F.);
#3718 = EDGE_CURVE('',#3719,#3708,#3721,.T.);
#3719 = VERTEX_POINT('',#3720);
#3720 = CARTESIAN_POINT('',(146.3,-27.925,1.510198));
#3721 = LINE('',#3722,#3723);
#3722 = CARTESIAN_POINT('',(146.3,-27.925,1.510198));
#3723 = VECTOR('',#3724,1.);
#3724 = DIRECTION('',(-1.,0.,0.));
#3725 = ORIENTED_EDGE('',*,*,#3726,.F.);
#3726 = EDGE_CURVE('',#3727,#3719,#3729,.T.);
#3727 = VERTEX_POINT('',#3728);
#3728 = CARTESIAN_POINT('',(146.7,-28.325,1.510198));
#3729 = CIRCLE('',#3730,0.399999018331);
#3730 = AXIS2_PLACEMENT_3D('',#3731,#3732,#3733);
#3731 = CARTESIAN_POINT('',(146.30000098167,-28.32499901833,1.510198));
#3732 = DIRECTION('',(0.,0.,1.));
#3733 = DIRECTION('',(0.999999999997,-2.454181428104E-06,0.));
#3734 = ORIENTED_EDGE('',*,*,#3735,.F.);
#3735 = EDGE_CURVE('',#3736,#3727,#3738,.T.);
#3736 = VERTEX_POINT('',#3737);
#3737 = CARTESIAN_POINT('',(146.7,-41.525,1.510198));
#3738 = LINE('',#3739,#3740);
#3739 = CARTESIAN_POINT('',(146.7,-41.525,1.510198));
#3740 = VECTOR('',#3741,1.);
#3741 = DIRECTION('',(0.,1.,0.));
#3742 = ORIENTED_EDGE('',*,*,#3743,.F.);
#3743 = EDGE_CURVE('',#3744,#3736,#3746,.T.);
#3744 = VERTEX_POINT('',#3745);
#3745 = CARTESIAN_POINT('',(146.3,-41.925,1.510198));
#3746 = CIRCLE('',#3747,0.399999018331);
#3747 = AXIS2_PLACEMENT_3D('',#3748,#3749,#3750);
#3748 = CARTESIAN_POINT('',(146.30000098167,-41.52500098167,1.510198));
#3749 = DIRECTION('',(0.,0.,1.));
#3750 = DIRECTION('',(-2.454181339286E-06,-0.999999999997,0.));
#3751 = ORIENTED_EDGE('',*,*,#3752,.F.);
#3752 = EDGE_CURVE('',#3753,#3744,#3755,.T.);
#3753 = VERTEX_POINT('',#3754);
#3754 = CARTESIAN_POINT('',(133.1,-41.925,1.510198));
#3755 = LINE('',#3756,#3757);
#3756 = CARTESIAN_POINT('',(133.1,-41.925,1.510198));
#3757 = VECTOR('',#3758,1.);
#3758 = DIRECTION('',(1.,0.,0.));
#3759 = ORIENTED_EDGE('',*,*,#3760,.F.);
#3760 = EDGE_CURVE('',#3761,#3753,#3763,.T.);
#3761 = VERTEX_POINT('',#3762);
#3762 = CARTESIAN_POINT('',(132.7,-41.525,1.510198));
#3763 = CIRCLE('',#3764,0.399999018331);
#3764 = AXIS2_PLACEMENT_3D('',#3765,#3766,#3767);
#3765 = CARTESIAN_POINT('',(133.09999901833,-41.52500098167,1.510198));
#3766 = DIRECTION('',(0.,0.,1.));
#3767 = DIRECTION('',(-0.999999999997,2.454181321522E-06,0.));
#3768 = ORIENTED_EDGE('',*,*,#3769,.F.);
#3769 = EDGE_CURVE('',#3710,#3761,#3770,.T.);
#3770 = LINE('',#3771,#3772);
#3771 = CARTESIAN_POINT('',(132.7,-28.325,1.510198));
#3772 = VECTOR('',#3773,1.);
#3773 = DIRECTION('',(0.,-1.,0.));
#3774 = PLANE('',#3775);
#3775 = AXIS2_PLACEMENT_3D('',#3776,#3777,#3778);
#3776 = CARTESIAN_POINT('',(0.,0.,1.510198));
#3777 = DIRECTION('',(0.,0.,1.));
#3778 = DIRECTION('',(1.,0.,-0.));
#3779 = ADVANCED_FACE('',(#3780),#3791,.T.);
#3780 = FACE_BOUND('',#3781,.T.);
#3781 = EDGE_LOOP('',(#3782,#3788,#3789,#3790));
#3782 = ORIENTED_EDGE('',*,*,#3783,.T.);
#3783 = EDGE_CURVE('',#146,#1966,#3784,.T.);
#3784 = LINE('',#3785,#3786);
#3785 = CARTESIAN_POINT('',(25.4,-25.8,0.));
#3786 = VECTOR('',#3787,1.);
#3787 = DIRECTION('',(0.,0.,1.));
#3788 = ORIENTED_EDGE('',*,*,#1965,.T.);
#3789 = ORIENTED_EDGE('',*,*,#81,.F.);
#3790 = ORIENTED_EDGE('',*,*,#145,.F.);
#3791 = CYLINDRICAL_SURFACE('',#3792,0.399999018331);
#3792 = AXIS2_PLACEMENT_3D('',#3793,#3794,#3795);
#3793 = CARTESIAN_POINT('',(25.79999901833,-25.79999901833,0.));
#3794 = DIRECTION('',(0.,0.,-1.));
#3795 = DIRECTION('',(-0.999999999997,-2.454181374813E-06,-0.));
#3796 = ADVANCED_FACE('',(#3797),#3808,.T.);
#3797 = FACE_BOUND('',#3798,.T.);
#3798 = EDGE_LOOP('',(#3799,#3800,#3801,#3807));
#3799 = ORIENTED_EDGE('',*,*,#121,.T.);
#3800 = ORIENTED_EDGE('',*,*,#1999,.T.);
#3801 = ORIENTED_EDGE('',*,*,#3802,.F.);
#3802 = EDGE_CURVE('',#172,#1992,#3803,.T.);
#3803 = LINE('',#3804,#3805);
#3804 = CARTESIAN_POINT('',(158.35,-101.6,0.));
#3805 = VECTOR('',#3806,1.);
#3806 = DIRECTION('',(0.,0.,1.));
#3807 = ORIENTED_EDGE('',*,*,#179,.F.);
#3808 = CYLINDRICAL_SURFACE('',#3809,0.399999018331);
#3809 = AXIS2_PLACEMENT_3D('',#3810,#3811,#3812);
#3810 = CARTESIAN_POINT('',(158.35000098167,-101.2000009816,0.));
#3811 = DIRECTION('',(0.,0.,-1.));
#3812 = DIRECTION('',(0.999999999997,2.454181445868E-06,0.));
#3813 = ADVANCED_FACE('',(#3814),#3825,.T.);
#3814 = FACE_BOUND('',#3815,.T.);
#3815 = EDGE_LOOP('',(#3816,#3822,#3823,#3824));
#3816 = ORIENTED_EDGE('',*,*,#3817,.T.);
#3817 = EDGE_CURVE('',#155,#1975,#3818,.T.);
#3818 = LINE('',#3819,#3820);
#3819 = CARTESIAN_POINT('',(25.4,-101.2,0.));
#3820 = VECTOR('',#3821,1.);
#3821 = DIRECTION('',(0.,0.,1.));
#3822 = ORIENTED_EDGE('',*,*,#1974,.T.);
#3823 = ORIENTED_EDGE('',*,*,#3783,.F.);
#3824 = ORIENTED_EDGE('',*,*,#154,.F.);
#3825 = PLANE('',#3826);
#3826 = AXIS2_PLACEMENT_3D('',#3827,#3828,#3829);
#3827 = CARTESIAN_POINT('',(25.4,-101.2,0.));
#3828 = DIRECTION('',(-1.,0.,0.));
#3829 = DIRECTION('',(0.,1.,0.));
#3830 = ADVANCED_FACE('',(#3831),#3842,.T.);
#3831 = FACE_BOUND('',#3832,.T.);
#3832 = EDGE_LOOP('',(#3833,#3834,#3835,#3841));
#3833 = ORIENTED_EDGE('',*,*,#3802,.T.);
#3834 = ORIENTED_EDGE('',*,*,#1991,.T.);
#3835 = ORIENTED_EDGE('',*,*,#3836,.F.);
#3836 = EDGE_CURVE('',#163,#1983,#3837,.T.);
#3837 = LINE('',#3838,#3839);
#3838 = CARTESIAN_POINT('',(25.8,-101.6,0.));
#3839 = VECTOR('',#3840,1.);
#3840 = DIRECTION('',(0.,0.,1.));
#3841 = ORIENTED_EDGE('',*,*,#171,.F.);
#3842 = PLANE('',#3843);
#3843 = AXIS2_PLACEMENT_3D('',#3844,#3845,#3846);
#3844 = CARTESIAN_POINT('',(158.35,-101.6,0.));
#3845 = DIRECTION('',(0.,-1.,0.));
#3846 = DIRECTION('',(-1.,0.,0.));
#3847 = ADVANCED_FACE('',(#3848),#3854,.T.);
#3848 = FACE_BOUND('',#3849,.T.);
#3849 = EDGE_LOOP('',(#3850,#3851,#3852,#3853));
#3850 = ORIENTED_EDGE('',*,*,#3836,.T.);
#3851 = ORIENTED_EDGE('',*,*,#1982,.T.);
#3852 = ORIENTED_EDGE('',*,*,#3817,.F.);
#3853 = ORIENTED_EDGE('',*,*,#162,.F.);
#3854 = CYLINDRICAL_SURFACE('',#3855,0.399999018331);
#3855 = AXIS2_PLACEMENT_3D('',#3856,#3857,#3858);
#3856 = CARTESIAN_POINT('',(25.79999901833,-101.2000009816,0.));
#3857 = DIRECTION('',(0.,0.,-1.));
#3858 = DIRECTION('',(2.454181410341E-06,-0.999999999997,0.));
#3859 = ADVANCED_FACE('',(#3860),#3876,.F.);
#3860 = FACE_BOUND('',#3861,.T.);
#3861 = EDGE_LOOP('',(#3862,#3868,#3869,#3875));
#3862 = ORIENTED_EDGE('',*,*,#3863,.T.);
#3863 = EDGE_CURVE('',#190,#2010,#3864,.T.);
#3864 = LINE('',#3865,#3866);
#3865 = CARTESIAN_POINT('',(28.325,-85.075,0.));
#3866 = VECTOR('',#3867,1.);
#3867 = DIRECTION('',(0.,0.,1.));
#3868 = ORIENTED_EDGE('',*,*,#2009,.T.);
#3869 = ORIENTED_EDGE('',*,*,#3870,.F.);
#3870 = EDGE_CURVE('',#192,#2012,#3871,.T.);
#3871 = LINE('',#3872,#3873);
#3872 = CARTESIAN_POINT('',(27.925,-85.475,0.));
#3873 = VECTOR('',#3874,1.);
#3874 = DIRECTION('',(0.,0.,1.));
#3875 = ORIENTED_EDGE('',*,*,#189,.F.);
#3876 = CYLINDRICAL_SURFACE('',#3877,0.399999018331);
#3877 = AXIS2_PLACEMENT_3D('',#3878,#3879,#3880);
#3878 = CARTESIAN_POINT('',(28.32499901833,-85.47499901833,0.));
#3879 = DIRECTION('',(-0.,-0.,-1.));
#3880 = DIRECTION('',(2.454181436986E-06,0.999999999997,-0.));
#3881 = ADVANCED_FACE('',(#3882),#3893,.T.);
#3882 = FACE_BOUND('',#3883,.T.);
#3883 = EDGE_LOOP('',(#3884,#3890,#3891,#3892));
#3884 = ORIENTED_EDGE('',*,*,#3885,.T.);
#3885 = EDGE_CURVE('',#201,#2021,#3886,.T.);
#3886 = LINE('',#3887,#3888);
#3887 = CARTESIAN_POINT('',(41.525,-85.075,0.));
#3888 = VECTOR('',#3889,1.);
#3889 = DIRECTION('',(0.,0.,1.));
#3890 = ORIENTED_EDGE('',*,*,#2020,.T.);
#3891 = ORIENTED_EDGE('',*,*,#3863,.F.);
#3892 = ORIENTED_EDGE('',*,*,#200,.F.);
#3893 = PLANE('',#3894);
#3894 = AXIS2_PLACEMENT_3D('',#3895,#3896,#3897);
#3895 = CARTESIAN_POINT('',(41.525,-85.075,0.));
#3896 = DIRECTION('',(0.,-1.,0.));
#3897 = DIRECTION('',(-1.,0.,0.));
#3898 = ADVANCED_FACE('',(#3899),#3910,.T.);
#3899 = FACE_BOUND('',#3900,.T.);
#3900 = EDGE_LOOP('',(#3901,#3902,#3903,#3909));
#3901 = ORIENTED_EDGE('',*,*,#3870,.T.);
#3902 = ORIENTED_EDGE('',*,*,#2071,.T.);
#3903 = ORIENTED_EDGE('',*,*,#3904,.F.);
#3904 = EDGE_CURVE('',#243,#2063,#3905,.T.);
#3905 = LINE('',#3906,#3907);
#3906 = CARTESIAN_POINT('',(27.925,-98.675,0.));
#3907 = VECTOR('',#3908,1.);
#3908 = DIRECTION('',(0.,0.,1.));
#3909 = ORIENTED_EDGE('',*,*,#251,.F.);
#3910 = PLANE('',#3911);
#3911 = AXIS2_PLACEMENT_3D('',#3912,#3913,#3914);
#3912 = CARTESIAN_POINT('',(27.925,-85.475,0.));
#3913 = DIRECTION('',(1.,0.,-0.));
#3914 = DIRECTION('',(0.,-1.,0.));
#3915 = ADVANCED_FACE('',(#3916),#3927,.F.);
#3916 = FACE_BOUND('',#3917,.T.);
#3917 = EDGE_LOOP('',(#3918,#3924,#3925,#3926));
#3918 = ORIENTED_EDGE('',*,*,#3919,.T.);
#3919 = EDGE_CURVE('',#209,#2029,#3920,.T.);
#3920 = LINE('',#3921,#3922);
#3921 = CARTESIAN_POINT('',(41.925,-85.475,0.));
#3922 = VECTOR('',#3923,1.);
#3923 = DIRECTION('',(0.,0.,1.));
#3924 = ORIENTED_EDGE('',*,*,#2028,.T.);
#3925 = ORIENTED_EDGE('',*,*,#3885,.F.);
#3926 = ORIENTED_EDGE('',*,*,#208,.F.);
#3927 = CYLINDRICAL_SURFACE('',#3928,0.399999018331);
#3928 = AXIS2_PLACEMENT_3D('',#3929,#3930,#3931);
#3929 = CARTESIAN_POINT('',(41.52500098167,-85.47499901833,0.));
#3930 = DIRECTION('',(-0.,-0.,-1.));
#3931 = DIRECTION('',(0.999999999997,-2.454181410341E-06,0.));
#3932 = ADVANCED_FACE('',(#3933),#3944,.F.);
#3933 = FACE_BOUND('',#3934,.T.);
#3934 = EDGE_LOOP('',(#3935,#3936,#3937,#3943));
#3935 = ORIENTED_EDGE('',*,*,#3904,.T.);
#3936 = ORIENTED_EDGE('',*,*,#2062,.T.);
#3937 = ORIENTED_EDGE('',*,*,#3938,.F.);
#3938 = EDGE_CURVE('',#235,#2055,#3939,.T.);
#3939 = LINE('',#3940,#3941);
#3940 = CARTESIAN_POINT('',(28.325,-99.075,0.));
#3941 = VECTOR('',#3942,1.);
#3942 = DIRECTION('',(0.,0.,1.));
#3943 = ORIENTED_EDGE('',*,*,#242,.F.);
#3944 = CYLINDRICAL_SURFACE('',#3945,0.399999018331);
#3945 = AXIS2_PLACEMENT_3D('',#3946,#3947,#3948);
#3946 = CARTESIAN_POINT('',(28.32499901833,-98.67500098167,0.));
#3947 = DIRECTION('',(-0.,-0.,-1.));
#3948 = DIRECTION('',(-0.999999999997,2.454181374813E-06,0.));
#3949 = ADVANCED_FACE('',(#3950),#3961,.T.);
#3950 = FACE_BOUND('',#3951,.T.);
#3951 = EDGE_LOOP('',(#3952,#3958,#3959,#3960));
#3952 = ORIENTED_EDGE('',*,*,#3953,.T.);
#3953 = EDGE_CURVE('',#218,#2038,#3954,.T.);
#3954 = LINE('',#3955,#3956);
#3955 = CARTESIAN_POINT('',(41.925,-98.675,0.));
#3956 = VECTOR('',#3957,1.);
#3957 = DIRECTION('',(0.,0.,1.));
#3958 = ORIENTED_EDGE('',*,*,#2037,.T.);
#3959 = ORIENTED_EDGE('',*,*,#3919,.F.);
#3960 = ORIENTED_EDGE('',*,*,#217,.F.);
#3961 = PLANE('',#3962);
#3962 = AXIS2_PLACEMENT_3D('',#3963,#3964,#3965);
#3963 = CARTESIAN_POINT('',(41.925,-98.675,0.));
#3964 = DIRECTION('',(-1.,0.,0.));
#3965 = DIRECTION('',(0.,1.,0.));
#3966 = ADVANCED_FACE('',(#3967),#3978,.T.);
#3967 = FACE_BOUND('',#3968,.T.);
#3968 = EDGE_LOOP('',(#3969,#3970,#3971,#3977));
#3969 = ORIENTED_EDGE('',*,*,#3938,.T.);
#3970 = ORIENTED_EDGE('',*,*,#2054,.T.);
#3971 = ORIENTED_EDGE('',*,*,#3972,.F.);
#3972 = EDGE_CURVE('',#226,#2046,#3973,.T.);
#3973 = LINE('',#3974,#3975);
#3974 = CARTESIAN_POINT('',(41.525,-99.075,0.));
#3975 = VECTOR('',#3976,1.);
#3976 = DIRECTION('',(0.,0.,1.));
#3977 = ORIENTED_EDGE('',*,*,#234,.F.);
#3978 = PLANE('',#3979);
#3979 = AXIS2_PLACEMENT_3D('',#3980,#3981,#3982);
#3980 = CARTESIAN_POINT('',(28.325,-99.075,0.));
#3981 = DIRECTION('',(0.,1.,0.));
#3982 = DIRECTION('',(1.,0.,0.));
#3983 = ADVANCED_FACE('',(#3984),#3990,.F.);
#3984 = FACE_BOUND('',#3985,.T.);
#3985 = EDGE_LOOP('',(#3986,#3987,#3988,#3989));
#3986 = ORIENTED_EDGE('',*,*,#3972,.T.);
#3987 = ORIENTED_EDGE('',*,*,#2045,.T.);
#3988 = ORIENTED_EDGE('',*,*,#3953,.F.);
#3989 = ORIENTED_EDGE('',*,*,#225,.F.);
#3990 = CYLINDRICAL_SURFACE('',#3991,0.399999018331);
#3991 = AXIS2_PLACEMENT_3D('',#3992,#3993,#3994);
#3992 = CARTESIAN_POINT('',(41.52500098167,-98.67500098167,0.));
#3993 = DIRECTION('',(-0.,-0.,-1.));
#3994 = DIRECTION('',(-2.454181339286E-06,-0.999999999997,0.));
#3995 = ADVANCED_FACE('',(#3996),#4012,.F.);
#3996 = FACE_BOUND('',#3997,.T.);
#3997 = EDGE_LOOP('',(#3998,#4004,#4005,#4011));
#3998 = ORIENTED_EDGE('',*,*,#3999,.T.);
#3999 = EDGE_CURVE('',#260,#2080,#4000,.T.);
#4000 = LINE('',#4001,#4002);
#4001 = CARTESIAN_POINT('',(47.375,-85.075,0.));
#4002 = VECTOR('',#4003,1.);
#4003 = DIRECTION('',(0.,0.,1.));
#4004 = ORIENTED_EDGE('',*,*,#2079,.T.);
#4005 = ORIENTED_EDGE('',*,*,#4006,.F.);
#4006 = EDGE_CURVE('',#262,#2082,#4007,.T.);
#4007 = LINE('',#4008,#4009);
#4008 = CARTESIAN_POINT('',(46.975,-85.475,0.));
#4009 = VECTOR('',#4010,1.);
#4010 = DIRECTION('',(0.,0.,1.));
#4011 = ORIENTED_EDGE('',*,*,#259,.F.);
#4012 = CYLINDRICAL_SURFACE('',#4013,0.399999018331);
#4013 = AXIS2_PLACEMENT_3D('',#4014,#4015,#4016);
#4014 = CARTESIAN_POINT('',(47.37499901833,-85.47499901833,0.));
#4015 = DIRECTION('',(-0.,-0.,-1.));
#4016 = DIRECTION('',(2.454181445868E-06,0.999999999997,-0.));
#4017 = ADVANCED_FACE('',(#4018),#4029,.T.);
#4018 = FACE_BOUND('',#4019,.T.);
#4019 = EDGE_LOOP('',(#4020,#4026,#4027,#4028));
#4020 = ORIENTED_EDGE('',*,*,#4021,.T.);
#4021 = EDGE_CURVE('',#271,#2091,#4022,.T.);
#4022 = LINE('',#4023,#4024);
#4023 = CARTESIAN_POINT('',(60.575,-85.075,0.));
#4024 = VECTOR('',#4025,1.);
#4025 = DIRECTION('',(0.,0.,1.));
#4026 = ORIENTED_EDGE('',*,*,#2090,.T.);
#4027 = ORIENTED_EDGE('',*,*,#3999,.F.);
#4028 = ORIENTED_EDGE('',*,*,#270,.F.);
#4029 = PLANE('',#4030);
#4030 = AXIS2_PLACEMENT_3D('',#4031,#4032,#4033);
#4031 = CARTESIAN_POINT('',(60.575,-85.075,0.));
#4032 = DIRECTION('',(0.,-1.,0.));
#4033 = DIRECTION('',(-1.,0.,0.));
#4034 = ADVANCED_FACE('',(#4035),#4046,.T.);
#4035 = FACE_BOUND('',#4036,.T.);
#4036 = EDGE_LOOP('',(#4037,#4038,#4039,#4045));
#4037 = ORIENTED_EDGE('',*,*,#4006,.T.);
#4038 = ORIENTED_EDGE('',*,*,#2141,.T.);
#4039 = ORIENTED_EDGE('',*,*,#4040,.F.);
#4040 = EDGE_CURVE('',#313,#2133,#4041,.T.);
#4041 = LINE('',#4042,#4043);
#4042 = CARTESIAN_POINT('',(46.975,-98.675,0.));
#4043 = VECTOR('',#4044,1.);
#4044 = DIRECTION('',(0.,0.,1.));
#4045 = ORIENTED_EDGE('',*,*,#321,.F.);
#4046 = PLANE('',#4047);
#4047 = AXIS2_PLACEMENT_3D('',#4048,#4049,#4050);
#4048 = CARTESIAN_POINT('',(46.975,-85.475,0.));
#4049 = DIRECTION('',(1.,0.,-0.));
#4050 = DIRECTION('',(0.,-1.,0.));
#4051 = ADVANCED_FACE('',(#4052),#4063,.F.);
#4052 = FACE_BOUND('',#4053,.T.);
#4053 = EDGE_LOOP('',(#4054,#4060,#4061,#4062));
#4054 = ORIENTED_EDGE('',*,*,#4055,.T.);
#4055 = EDGE_CURVE('',#279,#2099,#4056,.T.);
#4056 = LINE('',#4057,#4058);
#4057 = CARTESIAN_POINT('',(60.975,-85.475,0.));
#4058 = VECTOR('',#4059,1.);
#4059 = DIRECTION('',(0.,0.,1.));
#4060 = ORIENTED_EDGE('',*,*,#2098,.T.);
#4061 = ORIENTED_EDGE('',*,*,#4021,.F.);
#4062 = ORIENTED_EDGE('',*,*,#278,.F.);
#4063 = CYLINDRICAL_SURFACE('',#4064,0.399999018331);
#4064 = AXIS2_PLACEMENT_3D('',#4065,#4066,#4067);
#4065 = CARTESIAN_POINT('',(60.57500098167,-85.47499901833,0.));
#4066 = DIRECTION('',(-0.,-0.,-1.));
#4067 = DIRECTION('',(0.999999999997,-2.454181445868E-06,0.));
#4068 = ADVANCED_FACE('',(#4069),#4080,.F.);
#4069 = FACE_BOUND('',#4070,.T.);
#4070 = EDGE_LOOP('',(#4071,#4072,#4073,#4079));
#4071 = ORIENTED_EDGE('',*,*,#4040,.T.);
#4072 = ORIENTED_EDGE('',*,*,#2132,.T.);
#4073 = ORIENTED_EDGE('',*,*,#4074,.F.);
#4074 = EDGE_CURVE('',#305,#2125,#4075,.T.);
#4075 = LINE('',#4076,#4077);
#4076 = CARTESIAN_POINT('',(47.375,-99.075,0.));
#4077 = VECTOR('',#4078,1.);
#4078 = DIRECTION('',(0.,0.,1.));
#4079 = ORIENTED_EDGE('',*,*,#312,.F.);
#4080 = CYLINDRICAL_SURFACE('',#4081,0.399999018331);
#4081 = AXIS2_PLACEMENT_3D('',#4082,#4083,#4084);
#4082 = CARTESIAN_POINT('',(47.37499901833,-98.67500098167,0.));
#4083 = DIRECTION('',(-0.,-0.,-1.));
#4084 = DIRECTION('',(-0.999999999997,2.454181374813E-06,0.));
#4085 = ADVANCED_FACE('',(#4086),#4097,.T.);
#4086 = FACE_BOUND('',#4087,.T.);
#4087 = EDGE_LOOP('',(#4088,#4094,#4095,#4096));
#4088 = ORIENTED_EDGE('',*,*,#4089,.T.);
#4089 = EDGE_CURVE('',#288,#2108,#4090,.T.);
#4090 = LINE('',#4091,#4092);
#4091 = CARTESIAN_POINT('',(60.975,-98.675,0.));
#4092 = VECTOR('',#4093,1.);
#4093 = DIRECTION('',(0.,0.,1.));
#4094 = ORIENTED_EDGE('',*,*,#2107,.T.);
#4095 = ORIENTED_EDGE('',*,*,#4055,.F.);
#4096 = ORIENTED_EDGE('',*,*,#287,.F.);
#4097 = PLANE('',#4098);
#4098 = AXIS2_PLACEMENT_3D('',#4099,#4100,#4101);
#4099 = CARTESIAN_POINT('',(60.975,-98.675,0.));
#4100 = DIRECTION('',(-1.,0.,0.));
#4101 = DIRECTION('',(0.,1.,0.));
#4102 = ADVANCED_FACE('',(#4103),#4114,.T.);
#4103 = FACE_BOUND('',#4104,.T.);
#4104 = EDGE_LOOP('',(#4105,#4106,#4107,#4113));
#4105 = ORIENTED_EDGE('',*,*,#4074,.T.);
#4106 = ORIENTED_EDGE('',*,*,#2124,.T.);
#4107 = ORIENTED_EDGE('',*,*,#4108,.F.);
#4108 = EDGE_CURVE('',#296,#2116,#4109,.T.);
#4109 = LINE('',#4110,#4111);
#4110 = CARTESIAN_POINT('',(60.575,-99.075,0.));
#4111 = VECTOR('',#4112,1.);
#4112 = DIRECTION('',(0.,0.,1.));
#4113 = ORIENTED_EDGE('',*,*,#304,.F.);
#4114 = PLANE('',#4115);
#4115 = AXIS2_PLACEMENT_3D('',#4116,#4117,#4118);
#4116 = CARTESIAN_POINT('',(47.375,-99.075,0.));
#4117 = DIRECTION('',(0.,1.,0.));
#4118 = DIRECTION('',(1.,0.,0.));
#4119 = ADVANCED_FACE('',(#4120),#4126,.F.);
#4120 = FACE_BOUND('',#4121,.T.);
#4121 = EDGE_LOOP('',(#4122,#4123,#4124,#4125));
#4122 = ORIENTED_EDGE('',*,*,#4108,.T.);
#4123 = ORIENTED_EDGE('',*,*,#2115,.T.);
#4124 = ORIENTED_EDGE('',*,*,#4089,.F.);
#4125 = ORIENTED_EDGE('',*,*,#295,.F.);
#4126 = CYLINDRICAL_SURFACE('',#4127,0.399999018331);
#4127 = AXIS2_PLACEMENT_3D('',#4128,#4129,#4130);
#4128 = CARTESIAN_POINT('',(60.57500098167,-98.67500098167,0.));
#4129 = DIRECTION('',(-0.,-0.,-1.));
#4130 = DIRECTION('',(-2.45418135705E-06,-0.999999999997,0.));
#4131 = ADVANCED_FACE('',(#4132),#4143,.F.);
#4132 = FACE_BOUND('',#4133,.T.);
#4133 = EDGE_LOOP('',(#4134,#4135,#4141,#4142));
#4134 = ORIENTED_EDGE('',*,*,#329,.T.);
#4135 = ORIENTED_EDGE('',*,*,#4136,.T.);
#4136 = EDGE_CURVE('',#330,#2150,#4137,.T.);
#4137 = LINE('',#4138,#4139);
#4138 = CARTESIAN_POINT('',(44.45,-84.634095,-4.6E-02));
#4139 = VECTOR('',#4140,1.);
#4140 = DIRECTION('',(0.,0.,1.));
#4141 = ORIENTED_EDGE('',*,*,#2149,.F.);
#4142 = ORIENTED_EDGE('',*,*,#4136,.F.);
#4143 = CYLINDRICAL_SURFACE('',#4144,1.35);
#4144 = AXIS2_PLACEMENT_3D('',#4145,#4146,#4147);
#4145 = CARTESIAN_POINT('',(44.45,-83.284095,-4.6E-02));
#4146 = DIRECTION('',(-0.,-0.,-1.));
#4147 = DIRECTION('',(-0.,-1.,0.));
#4148 = ADVANCED_FACE('',(#4149),#4160,.F.);
#4149 = FACE_BOUND('',#4150,.T.);
#4150 = EDGE_LOOP('',(#4151,#4152,#4158,#4159));
#4151 = ORIENTED_EDGE('',*,*,#340,.T.);
#4152 = ORIENTED_EDGE('',*,*,#4153,.T.);
#4153 = EDGE_CURVE('',#341,#2161,#4154,.T.);
#4154 = LINE('',#4155,#4156);
#4155 = CARTESIAN_POINT('',(53.975,-83.165905,-4.6E-02));
#4156 = VECTOR('',#4157,1.);
#4157 = DIRECTION('',(0.,0.,1.));
#4158 = ORIENTED_EDGE('',*,*,#2160,.F.);
#4159 = ORIENTED_EDGE('',*,*,#4153,.F.);
#4160 = CYLINDRICAL_SURFACE('',#4161,1.35);
#4161 = AXIS2_PLACEMENT_3D('',#4162,#4163,#4164);
#4162 = CARTESIAN_POINT('',(53.975,-81.815905,-4.6E-02));
#4163 = DIRECTION('',(-0.,-0.,-1.));
#4164 = DIRECTION('',(-0.,-1.,0.));
#4165 = ADVANCED_FACE('',(#4166),#4182,.F.);
#4166 = FACE_BOUND('',#4167,.T.);
#4167 = EDGE_LOOP('',(#4168,#4174,#4175,#4181));
#4168 = ORIENTED_EDGE('',*,*,#4169,.T.);
#4169 = EDGE_CURVE('',#352,#2172,#4170,.T.);
#4170 = LINE('',#4171,#4172);
#4171 = CARTESIAN_POINT('',(66.425,-85.075,0.));
#4172 = VECTOR('',#4173,1.);
#4173 = DIRECTION('',(0.,0.,1.));
#4174 = ORIENTED_EDGE('',*,*,#2171,.T.);
#4175 = ORIENTED_EDGE('',*,*,#4176,.F.);
#4176 = EDGE_CURVE('',#354,#2174,#4177,.T.);
#4177 = LINE('',#4178,#4179);
#4178 = CARTESIAN_POINT('',(66.025,-85.475,0.));
#4179 = VECTOR('',#4180,1.);
#4180 = DIRECTION('',(0.,0.,1.));
#4181 = ORIENTED_EDGE('',*,*,#351,.F.);
#4182 = CYLINDRICAL_SURFACE('',#4183,0.399999018331);
#4183 = AXIS2_PLACEMENT_3D('',#4184,#4185,#4186);
#4184 = CARTESIAN_POINT('',(66.42499901833,-85.47499901833,0.));
#4185 = DIRECTION('',(-0.,-0.,-1.));
#4186 = DIRECTION('',(2.454181410341E-06,0.999999999997,-0.));
#4187 = ADVANCED_FACE('',(#4188),#4199,.T.);
#4188 = FACE_BOUND('',#4189,.T.);
#4189 = EDGE_LOOP('',(#4190,#4196,#4197,#4198));
#4190 = ORIENTED_EDGE('',*,*,#4191,.T.);
#4191 = EDGE_CURVE('',#363,#2183,#4192,.T.);
#4192 = LINE('',#4193,#4194);
#4193 = CARTESIAN_POINT('',(79.625,-85.075,0.));
#4194 = VECTOR('',#4195,1.);
#4195 = DIRECTION('',(0.,0.,1.));
#4196 = ORIENTED_EDGE('',*,*,#2182,.T.);
#4197 = ORIENTED_EDGE('',*,*,#4169,.F.);
#4198 = ORIENTED_EDGE('',*,*,#362,.F.);
#4199 = PLANE('',#4200);
#4200 = AXIS2_PLACEMENT_3D('',#4201,#4202,#4203);
#4201 = CARTESIAN_POINT('',(79.625,-85.075,0.));
#4202 = DIRECTION('',(0.,-1.,0.));
#4203 = DIRECTION('',(-1.,0.,0.));
#4204 = ADVANCED_FACE('',(#4205),#4216,.T.);
#4205 = FACE_BOUND('',#4206,.T.);
#4206 = EDGE_LOOP('',(#4207,#4208,#4209,#4215));
#4207 = ORIENTED_EDGE('',*,*,#4176,.T.);
#4208 = ORIENTED_EDGE('',*,*,#2233,.T.);
#4209 = ORIENTED_EDGE('',*,*,#4210,.F.);
#4210 = EDGE_CURVE('',#405,#2225,#4211,.T.);
#4211 = LINE('',#4212,#4213);
#4212 = CARTESIAN_POINT('',(66.025,-98.675,0.));
#4213 = VECTOR('',#4214,1.);
#4214 = DIRECTION('',(0.,0.,1.));
#4215 = ORIENTED_EDGE('',*,*,#413,.F.);
#4216 = PLANE('',#4217);
#4217 = AXIS2_PLACEMENT_3D('',#4218,#4219,#4220);
#4218 = CARTESIAN_POINT('',(66.025,-85.475,0.));
#4219 = DIRECTION('',(1.,0.,-0.));
#4220 = DIRECTION('',(0.,-1.,0.));
#4221 = ADVANCED_FACE('',(#4222),#4233,.F.);
#4222 = FACE_BOUND('',#4223,.T.);
#4223 = EDGE_LOOP('',(#4224,#4230,#4231,#4232));
#4224 = ORIENTED_EDGE('',*,*,#4225,.T.);
#4225 = EDGE_CURVE('',#371,#2191,#4226,.T.);
#4226 = LINE('',#4227,#4228);
#4227 = CARTESIAN_POINT('',(80.025,-85.475,0.));
#4228 = VECTOR('',#4229,1.);
#4229 = DIRECTION('',(0.,0.,1.));
#4230 = ORIENTED_EDGE('',*,*,#2190,.T.);
#4231 = ORIENTED_EDGE('',*,*,#4191,.F.);
#4232 = ORIENTED_EDGE('',*,*,#370,.F.);
#4233 = CYLINDRICAL_SURFACE('',#4234,0.399999018331);
#4234 = AXIS2_PLACEMENT_3D('',#4235,#4236,#4237);
#4235 = CARTESIAN_POINT('',(79.62500098167,-85.47499901833,0.));
#4236 = DIRECTION('',(-0.,-0.,-1.));
#4237 = DIRECTION('',(0.999999999997,-2.454181410341E-06,0.));
#4238 = ADVANCED_FACE('',(#4239),#4250,.F.);
#4239 = FACE_BOUND('',#4240,.T.);
#4240 = EDGE_LOOP('',(#4241,#4242,#4243,#4249));
#4241 = ORIENTED_EDGE('',*,*,#4210,.T.);
#4242 = ORIENTED_EDGE('',*,*,#2224,.T.);
#4243 = ORIENTED_EDGE('',*,*,#4244,.F.);
#4244 = EDGE_CURVE('',#397,#2217,#4245,.T.);
#4245 = LINE('',#4246,#4247);
#4246 = CARTESIAN_POINT('',(66.425,-99.075,0.));
#4247 = VECTOR('',#4248,1.);
#4248 = DIRECTION('',(0.,0.,1.));
#4249 = ORIENTED_EDGE('',*,*,#404,.F.);
#4250 = CYLINDRICAL_SURFACE('',#4251,0.399999018331);
#4251 = AXIS2_PLACEMENT_3D('',#4252,#4253,#4254);
#4252 = CARTESIAN_POINT('',(66.42499901833,-98.67500098167,0.));
#4253 = DIRECTION('',(-0.,-0.,-1.));
#4254 = DIRECTION('',(-0.999999999997,2.454181374813E-06,0.));
#4255 = ADVANCED_FACE('',(#4256),#4267,.T.);
#4256 = FACE_BOUND('',#4257,.T.);
#4257 = EDGE_LOOP('',(#4258,#4264,#4265,#4266));
#4258 = ORIENTED_EDGE('',*,*,#4259,.T.);
#4259 = EDGE_CURVE('',#380,#2200,#4260,.T.);
#4260 = LINE('',#4261,#4262);
#4261 = CARTESIAN_POINT('',(80.025,-98.675,0.));
#4262 = VECTOR('',#4263,1.);
#4263 = DIRECTION('',(0.,0.,1.));
#4264 = ORIENTED_EDGE('',*,*,#2199,.T.);
#4265 = ORIENTED_EDGE('',*,*,#4225,.F.);
#4266 = ORIENTED_EDGE('',*,*,#379,.F.);
#4267 = PLANE('',#4268);
#4268 = AXIS2_PLACEMENT_3D('',#4269,#4270,#4271);
#4269 = CARTESIAN_POINT('',(80.025,-98.675,0.));
#4270 = DIRECTION('',(-1.,0.,0.));
#4271 = DIRECTION('',(0.,1.,0.));
#4272 = ADVANCED_FACE('',(#4273),#4284,.T.);
#4273 = FACE_BOUND('',#4274,.T.);
#4274 = EDGE_LOOP('',(#4275,#4276,#4277,#4283));
#4275 = ORIENTED_EDGE('',*,*,#4244,.T.);
#4276 = ORIENTED_EDGE('',*,*,#2216,.T.);
#4277 = ORIENTED_EDGE('',*,*,#4278,.F.);
#4278 = EDGE_CURVE('',#388,#2208,#4279,.T.);
#4279 = LINE('',#4280,#4281);
#4280 = CARTESIAN_POINT('',(79.625,-99.075,0.));
#4281 = VECTOR('',#4282,1.);
#4282 = DIRECTION('',(0.,0.,1.));
#4283 = ORIENTED_EDGE('',*,*,#396,.F.);
#4284 = PLANE('',#4285);
#4285 = AXIS2_PLACEMENT_3D('',#4286,#4287,#4288);
#4286 = CARTESIAN_POINT('',(66.425,-99.075,0.));
#4287 = DIRECTION('',(0.,1.,0.));
#4288 = DIRECTION('',(1.,0.,0.));
#4289 = ADVANCED_FACE('',(#4290),#4296,.F.);
#4290 = FACE_BOUND('',#4291,.T.);
#4291 = EDGE_LOOP('',(#4292,#4293,#4294,#4295));
#4292 = ORIENTED_EDGE('',*,*,#4278,.T.);
#4293 = ORIENTED_EDGE('',*,*,#2207,.T.);
#4294 = ORIENTED_EDGE('',*,*,#4259,.F.);
#4295 = ORIENTED_EDGE('',*,*,#387,.F.);
#4296 = CYLINDRICAL_SURFACE('',#4297,0.399999018331);
#4297 = AXIS2_PLACEMENT_3D('',#4298,#4299,#4300);
#4298 = CARTESIAN_POINT('',(79.62500098167,-98.67500098167,0.));
#4299 = DIRECTION('',(-0.,-0.,-1.));
#4300 = DIRECTION('',(-2.454181374813E-06,-0.999999999997,0.));
#4301 = ADVANCED_FACE('',(#4302),#4318,.F.);
#4302 = FACE_BOUND('',#4303,.T.);
#4303 = EDGE_LOOP('',(#4304,#4310,#4311,#4317));
#4304 = ORIENTED_EDGE('',*,*,#4305,.T.);
#4305 = EDGE_CURVE('',#422,#2242,#4306,.T.);
#4306 = LINE('',#4307,#4308);
#4307 = CARTESIAN_POINT('',(37.85,-66.025,0.));
#4308 = VECTOR('',#4309,1.);
#4309 = DIRECTION('',(0.,0.,1.));
#4310 = ORIENTED_EDGE('',*,*,#2241,.T.);
#4311 = ORIENTED_EDGE('',*,*,#4312,.F.);
#4312 = EDGE_CURVE('',#424,#2244,#4313,.T.);
#4313 = LINE('',#4314,#4315);
#4314 = CARTESIAN_POINT('',(37.45,-66.425,0.));
#4315 = VECTOR('',#4316,1.);
#4316 = DIRECTION('',(0.,0.,1.));
#4317 = ORIENTED_EDGE('',*,*,#421,.F.);
#4318 = CYLINDRICAL_SURFACE('',#4319,0.399999018331);
#4319 = AXIS2_PLACEMENT_3D('',#4320,#4321,#4322);
#4320 = CARTESIAN_POINT('',(37.84999901833,-66.42499901833,0.));
#4321 = DIRECTION('',(-0.,-0.,-1.));
#4322 = DIRECTION('',(2.454181410341E-06,0.999999999997,-0.));
#4323 = ADVANCED_FACE('',(#4324),#4335,.T.);
#4324 = FACE_BOUND('',#4325,.T.);
#4325 = EDGE_LOOP('',(#4326,#4332,#4333,#4334));
#4326 = ORIENTED_EDGE('',*,*,#4327,.T.);
#4327 = EDGE_CURVE('',#433,#2253,#4328,.T.);
#4328 = LINE('',#4329,#4330);
#4329 = CARTESIAN_POINT('',(51.05,-66.025,0.));
#4330 = VECTOR('',#4331,1.);
#4331 = DIRECTION('',(0.,0.,1.));
#4332 = ORIENTED_EDGE('',*,*,#2252,.T.);
#4333 = ORIENTED_EDGE('',*,*,#4305,.F.);
#4334 = ORIENTED_EDGE('',*,*,#432,.F.);
#4335 = PLANE('',#4336);
#4336 = AXIS2_PLACEMENT_3D('',#4337,#4338,#4339);
#4337 = CARTESIAN_POINT('',(51.05,-66.025,0.));
#4338 = DIRECTION('',(0.,-1.,0.));
#4339 = DIRECTION('',(-1.,0.,0.));
#4340 = ADVANCED_FACE('',(#4341),#4352,.T.);
#4341 = FACE_BOUND('',#4342,.T.);
#4342 = EDGE_LOOP('',(#4343,#4344,#4345,#4351));
#4343 = ORIENTED_EDGE('',*,*,#4312,.T.);
#4344 = ORIENTED_EDGE('',*,*,#2303,.T.);
#4345 = ORIENTED_EDGE('',*,*,#4346,.F.);
#4346 = EDGE_CURVE('',#475,#2295,#4347,.T.);
#4347 = LINE('',#4348,#4349);
#4348 = CARTESIAN_POINT('',(37.45,-79.625,0.));
#4349 = VECTOR('',#4350,1.);
#4350 = DIRECTION('',(0.,0.,1.));
#4351 = ORIENTED_EDGE('',*,*,#483,.F.);
#4352 = PLANE('',#4353);
#4353 = AXIS2_PLACEMENT_3D('',#4354,#4355,#4356);
#4354 = CARTESIAN_POINT('',(37.45,-66.425,0.));
#4355 = DIRECTION('',(1.,0.,-0.));
#4356 = DIRECTION('',(0.,-1.,0.));
#4357 = ADVANCED_FACE('',(#4358),#4369,.F.);
#4358 = FACE_BOUND('',#4359,.T.);
#4359 = EDGE_LOOP('',(#4360,#4366,#4367,#4368));
#4360 = ORIENTED_EDGE('',*,*,#4361,.T.);
#4361 = EDGE_CURVE('',#441,#2261,#4362,.T.);
#4362 = LINE('',#4363,#4364);
#4363 = CARTESIAN_POINT('',(51.45,-66.425,0.));
#4364 = VECTOR('',#4365,1.);
#4365 = DIRECTION('',(0.,0.,1.));
#4366 = ORIENTED_EDGE('',*,*,#2260,.T.);
#4367 = ORIENTED_EDGE('',*,*,#4327,.F.);
#4368 = ORIENTED_EDGE('',*,*,#440,.F.);
#4369 = CYLINDRICAL_SURFACE('',#4370,0.399999018331);
#4370 = AXIS2_PLACEMENT_3D('',#4371,#4372,#4373);
#4371 = CARTESIAN_POINT('',(51.05000098167,-66.42499901833,0.));
#4372 = DIRECTION('',(-0.,-0.,-1.));
#4373 = DIRECTION('',(0.999999999997,-2.454181374813E-06,0.));
#4374 = ADVANCED_FACE('',(#4375),#4386,.F.);
#4375 = FACE_BOUND('',#4376,.T.);
#4376 = EDGE_LOOP('',(#4377,#4378,#4379,#4385));
#4377 = ORIENTED_EDGE('',*,*,#4346,.T.);
#4378 = ORIENTED_EDGE('',*,*,#2294,.T.);
#4379 = ORIENTED_EDGE('',*,*,#4380,.F.);
#4380 = EDGE_CURVE('',#467,#2287,#4381,.T.);
#4381 = LINE('',#4382,#4383);
#4382 = CARTESIAN_POINT('',(37.85,-80.025,0.));
#4383 = VECTOR('',#4384,1.);
#4384 = DIRECTION('',(0.,0.,1.));
#4385 = ORIENTED_EDGE('',*,*,#474,.F.);
#4386 = CYLINDRICAL_SURFACE('',#4387,0.399999018331);
#4387 = AXIS2_PLACEMENT_3D('',#4388,#4389,#4390);
#4388 = CARTESIAN_POINT('',(37.84999901833,-79.62500098167,0.));
#4389 = DIRECTION('',(-0.,-0.,-1.));
#4390 = DIRECTION('',(-0.999999999997,2.454181410341E-06,0.));
#4391 = ADVANCED_FACE('',(#4392),#4403,.T.);
#4392 = FACE_BOUND('',#4393,.T.);
#4393 = EDGE_LOOP('',(#4394,#4400,#4401,#4402));
#4394 = ORIENTED_EDGE('',*,*,#4395,.T.);
#4395 = EDGE_CURVE('',#450,#2270,#4396,.T.);
#4396 = LINE('',#4397,#4398);
#4397 = CARTESIAN_POINT('',(51.45,-79.625,0.));
#4398 = VECTOR('',#4399,1.);
#4399 = DIRECTION('',(0.,0.,1.));
#4400 = ORIENTED_EDGE('',*,*,#2269,.T.);
#4401 = ORIENTED_EDGE('',*,*,#4361,.F.);
#4402 = ORIENTED_EDGE('',*,*,#449,.F.);
#4403 = PLANE('',#4404);
#4404 = AXIS2_PLACEMENT_3D('',#4405,#4406,#4407);
#4405 = CARTESIAN_POINT('',(51.45,-79.625,0.));
#4406 = DIRECTION('',(-1.,0.,0.));
#4407 = DIRECTION('',(0.,1.,0.));
#4408 = ADVANCED_FACE('',(#4409),#4420,.T.);
#4409 = FACE_BOUND('',#4410,.T.);
#4410 = EDGE_LOOP('',(#4411,#4412,#4413,#4419));
#4411 = ORIENTED_EDGE('',*,*,#4380,.T.);
#4412 = ORIENTED_EDGE('',*,*,#2286,.T.);
#4413 = ORIENTED_EDGE('',*,*,#4414,.F.);
#4414 = EDGE_CURVE('',#458,#2278,#4415,.T.);
#4415 = LINE('',#4416,#4417);
#4416 = CARTESIAN_POINT('',(51.05,-80.025,0.));
#4417 = VECTOR('',#4418,1.);
#4418 = DIRECTION('',(0.,0.,1.));
#4419 = ORIENTED_EDGE('',*,*,#466,.F.);
#4420 = PLANE('',#4421);
#4421 = AXIS2_PLACEMENT_3D('',#4422,#4423,#4424);
#4422 = CARTESIAN_POINT('',(37.85,-80.025,0.));
#4423 = DIRECTION('',(0.,1.,0.));
#4424 = DIRECTION('',(1.,0.,0.));
#4425 = ADVANCED_FACE('',(#4426),#4432,.F.);
#4426 = FACE_BOUND('',#4427,.T.);
#4427 = EDGE_LOOP('',(#4428,#4429,#4430,#4431));
#4428 = ORIENTED_EDGE('',*,*,#4414,.T.);
#4429 = ORIENTED_EDGE('',*,*,#2277,.T.);
#4430 = ORIENTED_EDGE('',*,*,#4395,.F.);
#4431 = ORIENTED_EDGE('',*,*,#457,.F.);
#4432 = CYLINDRICAL_SURFACE('',#4433,0.399999018331);
#4433 = AXIS2_PLACEMENT_3D('',#4434,#4435,#4436);
#4434 = CARTESIAN_POINT('',(51.05000098167,-79.62500098167,0.));
#4435 = DIRECTION('',(-0.,-0.,-1.));
#4436 = DIRECTION('',(-2.454181374813E-06,-0.999999999997,0.));
#4437 = ADVANCED_FACE('',(#4438),#4454,.F.);
#4438 = FACE_BOUND('',#4439,.T.);
#4439 = EDGE_LOOP('',(#4440,#4446,#4447,#4453));
#4440 = ORIENTED_EDGE('',*,*,#4441,.T.);
#4441 = EDGE_CURVE('',#492,#2312,#4442,.T.);
#4442 = LINE('',#4443,#4444);
#4443 = CARTESIAN_POINT('',(56.9,-66.025,0.));
#4444 = VECTOR('',#4445,1.);
#4445 = DIRECTION('',(0.,0.,1.));
#4446 = ORIENTED_EDGE('',*,*,#2311,.T.);
#4447 = ORIENTED_EDGE('',*,*,#4448,.F.);
#4448 = EDGE_CURVE('',#494,#2314,#4449,.T.);
#4449 = LINE('',#4450,#4451);
#4450 = CARTESIAN_POINT('',(56.5,-66.425,0.));
#4451 = VECTOR('',#4452,1.);
#4452 = DIRECTION('',(0.,0.,1.));
#4453 = ORIENTED_EDGE('',*,*,#491,.F.);
#4454 = CYLINDRICAL_SURFACE('',#4455,0.399999018331);
#4455 = AXIS2_PLACEMENT_3D('',#4456,#4457,#4458);
#4456 = CARTESIAN_POINT('',(56.89999901833,-66.42499901833,0.));
#4457 = DIRECTION('',(-0.,-0.,-1.));
#4458 = DIRECTION('',(2.454181410341E-06,0.999999999997,-0.));
#4459 = ADVANCED_FACE('',(#4460),#4471,.T.);
#4460 = FACE_BOUND('',#4461,.T.);
#4461 = EDGE_LOOP('',(#4462,#4468,#4469,#4470));
#4462 = ORIENTED_EDGE('',*,*,#4463,.T.);
#4463 = EDGE_CURVE('',#503,#2323,#4464,.T.);
#4464 = LINE('',#4465,#4466);
#4465 = CARTESIAN_POINT('',(70.1,-66.025,0.));
#4466 = VECTOR('',#4467,1.);
#4467 = DIRECTION('',(0.,0.,1.));
#4468 = ORIENTED_EDGE('',*,*,#2322,.T.);
#4469 = ORIENTED_EDGE('',*,*,#4441,.F.);
#4470 = ORIENTED_EDGE('',*,*,#502,.F.);
#4471 = PLANE('',#4472);
#4472 = AXIS2_PLACEMENT_3D('',#4473,#4474,#4475);
#4473 = CARTESIAN_POINT('',(70.1,-66.025,0.));
#4474 = DIRECTION('',(0.,-1.,0.));
#4475 = DIRECTION('',(-1.,0.,0.));
#4476 = ADVANCED_FACE('',(#4477),#4488,.T.);
#4477 = FACE_BOUND('',#4478,.T.);
#4478 = EDGE_LOOP('',(#4479,#4480,#4481,#4487));
#4479 = ORIENTED_EDGE('',*,*,#4448,.T.);
#4480 = ORIENTED_EDGE('',*,*,#2373,.T.);
#4481 = ORIENTED_EDGE('',*,*,#4482,.F.);
#4482 = EDGE_CURVE('',#545,#2365,#4483,.T.);
#4483 = LINE('',#4484,#4485);
#4484 = CARTESIAN_POINT('',(56.5,-79.625,0.));
#4485 = VECTOR('',#4486,1.);
#4486 = DIRECTION('',(0.,0.,1.));
#4487 = ORIENTED_EDGE('',*,*,#553,.F.);
#4488 = PLANE('',#4489);
#4489 = AXIS2_PLACEMENT_3D('',#4490,#4491,#4492);
#4490 = CARTESIAN_POINT('',(56.5,-66.425,0.));
#4491 = DIRECTION('',(1.,0.,-0.));
#4492 = DIRECTION('',(0.,-1.,0.));
#4493 = ADVANCED_FACE('',(#4494),#4505,.F.);
#4494 = FACE_BOUND('',#4495,.T.);
#4495 = EDGE_LOOP('',(#4496,#4502,#4503,#4504));
#4496 = ORIENTED_EDGE('',*,*,#4497,.T.);
#4497 = EDGE_CURVE('',#511,#2331,#4498,.T.);
#4498 = LINE('',#4499,#4500);
#4499 = CARTESIAN_POINT('',(70.5,-66.425,0.));
#4500 = VECTOR('',#4501,1.);
#4501 = DIRECTION('',(0.,0.,1.));
#4502 = ORIENTED_EDGE('',*,*,#2330,.T.);
#4503 = ORIENTED_EDGE('',*,*,#4463,.F.);
#4504 = ORIENTED_EDGE('',*,*,#510,.F.);
#4505 = CYLINDRICAL_SURFACE('',#4506,0.399999018331);
#4506 = AXIS2_PLACEMENT_3D('',#4507,#4508,#4509);
#4507 = CARTESIAN_POINT('',(70.10000098167,-66.42499901833,0.));
#4508 = DIRECTION('',(-0.,-0.,-1.));
#4509 = DIRECTION('',(0.999999999997,-2.454181374813E-06,0.));
#4510 = ADVANCED_FACE('',(#4511),#4522,.F.);
#4511 = FACE_BOUND('',#4512,.T.);
#4512 = EDGE_LOOP('',(#4513,#4514,#4515,#4521));
#4513 = ORIENTED_EDGE('',*,*,#4482,.T.);
#4514 = ORIENTED_EDGE('',*,*,#2364,.T.);
#4515 = ORIENTED_EDGE('',*,*,#4516,.F.);
#4516 = EDGE_CURVE('',#537,#2357,#4517,.T.);
#4517 = LINE('',#4518,#4519);
#4518 = CARTESIAN_POINT('',(56.9,-80.025,0.));
#4519 = VECTOR('',#4520,1.);
#4520 = DIRECTION('',(0.,0.,1.));
#4521 = ORIENTED_EDGE('',*,*,#544,.F.);
#4522 = CYLINDRICAL_SURFACE('',#4523,0.399999018331);
#4523 = AXIS2_PLACEMENT_3D('',#4524,#4525,#4526);
#4524 = CARTESIAN_POINT('',(56.89999901833,-79.62500098167,0.));
#4525 = DIRECTION('',(-0.,-0.,-1.));
#4526 = DIRECTION('',(-0.999999999997,2.454181410341E-06,0.));
#4527 = ADVANCED_FACE('',(#4528),#4539,.T.);
#4528 = FACE_BOUND('',#4529,.T.);
#4529 = EDGE_LOOP('',(#4530,#4536,#4537,#4538));
#4530 = ORIENTED_EDGE('',*,*,#4531,.T.);
#4531 = EDGE_CURVE('',#520,#2340,#4532,.T.);
#4532 = LINE('',#4533,#4534);
#4533 = CARTESIAN_POINT('',(70.5,-79.625,0.));
#4534 = VECTOR('',#4535,1.);
#4535 = DIRECTION('',(0.,0.,1.));
#4536 = ORIENTED_EDGE('',*,*,#2339,.T.);
#4537 = ORIENTED_EDGE('',*,*,#4497,.F.);
#4538 = ORIENTED_EDGE('',*,*,#519,.F.);
#4539 = PLANE('',#4540);
#4540 = AXIS2_PLACEMENT_3D('',#4541,#4542,#4543);
#4541 = CARTESIAN_POINT('',(70.5,-79.625,0.));
#4542 = DIRECTION('',(-1.,0.,0.));
#4543 = DIRECTION('',(0.,1.,0.));
#4544 = ADVANCED_FACE('',(#4545),#4556,.T.);
#4545 = FACE_BOUND('',#4546,.T.);
#4546 = EDGE_LOOP('',(#4547,#4548,#4549,#4555));
#4547 = ORIENTED_EDGE('',*,*,#4516,.T.);
#4548 = ORIENTED_EDGE('',*,*,#2356,.T.);
#4549 = ORIENTED_EDGE('',*,*,#4550,.F.);
#4550 = EDGE_CURVE('',#528,#2348,#4551,.T.);
#4551 = LINE('',#4552,#4553);
#4552 = CARTESIAN_POINT('',(70.1,-80.025,0.));
#4553 = VECTOR('',#4554,1.);
#4554 = DIRECTION('',(0.,0.,1.));
#4555 = ORIENTED_EDGE('',*,*,#536,.F.);
#4556 = PLANE('',#4557);
#4557 = AXIS2_PLACEMENT_3D('',#4558,#4559,#4560);
#4558 = CARTESIAN_POINT('',(56.9,-80.025,0.));
#4559 = DIRECTION('',(0.,1.,0.));
#4560 = DIRECTION('',(1.,0.,0.));
#4561 = ADVANCED_FACE('',(#4562),#4568,.F.);
#4562 = FACE_BOUND('',#4563,.T.);
#4563 = EDGE_LOOP('',(#4564,#4565,#4566,#4567));
#4564 = ORIENTED_EDGE('',*,*,#4550,.T.);
#4565 = ORIENTED_EDGE('',*,*,#2347,.T.);
#4566 = ORIENTED_EDGE('',*,*,#4531,.F.);
#4567 = ORIENTED_EDGE('',*,*,#527,.F.);
#4568 = CYLINDRICAL_SURFACE('',#4569,0.399999018331);
#4569 = AXIS2_PLACEMENT_3D('',#4570,#4571,#4572);
#4570 = CARTESIAN_POINT('',(70.10000098167,-79.62500098167,0.));
#4571 = DIRECTION('',(-0.,-0.,-1.));
#4572 = DIRECTION('',(-2.454181410341E-06,-0.999999999997,0.));
#4573 = ADVANCED_FACE('',(#4574),#4590,.F.);
#4574 = FACE_BOUND('',#4575,.T.);
#4575 = EDGE_LOOP('',(#4576,#4582,#4583,#4589));
#4576 = ORIENTED_EDGE('',*,*,#4577,.T.);
#4577 = EDGE_CURVE('',#562,#2382,#4578,.T.);
#4578 = LINE('',#4579,#4580);
#4579 = CARTESIAN_POINT('',(85.475,-85.075,0.));
#4580 = VECTOR('',#4581,1.);
#4581 = DIRECTION('',(0.,0.,1.));
#4582 = ORIENTED_EDGE('',*,*,#2381,.T.);
#4583 = ORIENTED_EDGE('',*,*,#4584,.F.);
#4584 = EDGE_CURVE('',#564,#2384,#4585,.T.);
#4585 = LINE('',#4586,#4587);
#4586 = CARTESIAN_POINT('',(85.075,-85.475,0.));
#4587 = VECTOR('',#4588,1.);
#4588 = DIRECTION('',(0.,0.,1.));
#4589 = ORIENTED_EDGE('',*,*,#561,.F.);
#4590 = CYLINDRICAL_SURFACE('',#4591,0.399999018331);
#4591 = AXIS2_PLACEMENT_3D('',#4592,#4593,#4594);
#4592 = CARTESIAN_POINT('',(85.47499901833,-85.47499901833,0.));
#4593 = DIRECTION('',(-0.,-0.,-1.));
#4594 = DIRECTION('',(2.454181481395E-06,0.999999999997,-0.));
#4595 = ADVANCED_FACE('',(#4596),#4607,.T.);
#4596 = FACE_BOUND('',#4597,.T.);
#4597 = EDGE_LOOP('',(#4598,#4604,#4605,#4606));
#4598 = ORIENTED_EDGE('',*,*,#4599,.T.);
#4599 = EDGE_CURVE('',#573,#2393,#4600,.T.);
#4600 = LINE('',#4601,#4602);
#4601 = CARTESIAN_POINT('',(98.675,-85.075,0.));
#4602 = VECTOR('',#4603,1.);
#4603 = DIRECTION('',(0.,0.,1.));
#4604 = ORIENTED_EDGE('',*,*,#2392,.T.);
#4605 = ORIENTED_EDGE('',*,*,#4577,.F.);
#4606 = ORIENTED_EDGE('',*,*,#572,.F.);
#4607 = PLANE('',#4608);
#4608 = AXIS2_PLACEMENT_3D('',#4609,#4610,#4611);
#4609 = CARTESIAN_POINT('',(98.675,-85.075,0.));
#4610 = DIRECTION('',(0.,-1.,0.));
#4611 = DIRECTION('',(-1.,0.,0.));
#4612 = ADVANCED_FACE('',(#4613),#4624,.T.);
#4613 = FACE_BOUND('',#4614,.T.);
#4614 = EDGE_LOOP('',(#4615,#4616,#4617,#4623));
#4615 = ORIENTED_EDGE('',*,*,#4584,.T.);
#4616 = ORIENTED_EDGE('',*,*,#2443,.T.);
#4617 = ORIENTED_EDGE('',*,*,#4618,.F.);
#4618 = EDGE_CURVE('',#615,#2435,#4619,.T.);
#4619 = LINE('',#4620,#4621);
#4620 = CARTESIAN_POINT('',(85.075,-98.675,0.));
#4621 = VECTOR('',#4622,1.);
#4622 = DIRECTION('',(0.,0.,1.));
#4623 = ORIENTED_EDGE('',*,*,#623,.F.);
#4624 = PLANE('',#4625);
#4625 = AXIS2_PLACEMENT_3D('',#4626,#4627,#4628);
#4626 = CARTESIAN_POINT('',(85.075,-85.475,0.));
#4627 = DIRECTION('',(1.,0.,-0.));
#4628 = DIRECTION('',(0.,-1.,0.));
#4629 = ADVANCED_FACE('',(#4630),#4641,.F.);
#4630 = FACE_BOUND('',#4631,.T.);
#4631 = EDGE_LOOP('',(#4632,#4638,#4639,#4640));
#4632 = ORIENTED_EDGE('',*,*,#4633,.T.);
#4633 = EDGE_CURVE('',#581,#2401,#4634,.T.);
#4634 = LINE('',#4635,#4636);
#4635 = CARTESIAN_POINT('',(99.075,-85.475,0.));
#4636 = VECTOR('',#4637,1.);
#4637 = DIRECTION('',(0.,0.,1.));
#4638 = ORIENTED_EDGE('',*,*,#2400,.T.);
#4639 = ORIENTED_EDGE('',*,*,#4599,.F.);
#4640 = ORIENTED_EDGE('',*,*,#580,.F.);
#4641 = CYLINDRICAL_SURFACE('',#4642,0.399999018331);
#4642 = AXIS2_PLACEMENT_3D('',#4643,#4644,#4645);
#4643 = CARTESIAN_POINT('',(98.67500098167,-85.47499901833,0.));
#4644 = DIRECTION('',(-0.,-0.,-1.));
#4645 = DIRECTION('',(0.999999999997,-2.454181374813E-06,0.));
#4646 = ADVANCED_FACE('',(#4647),#4658,.F.);
#4647 = FACE_BOUND('',#4648,.T.);
#4648 = EDGE_LOOP('',(#4649,#4650,#4651,#4657));
#4649 = ORIENTED_EDGE('',*,*,#4618,.T.);
#4650 = ORIENTED_EDGE('',*,*,#2434,.T.);
#4651 = ORIENTED_EDGE('',*,*,#4652,.F.);
#4652 = EDGE_CURVE('',#607,#2427,#4653,.T.);
#4653 = LINE('',#4654,#4655);
#4654 = CARTESIAN_POINT('',(85.475,-99.075,0.));
#4655 = VECTOR('',#4656,1.);
#4656 = DIRECTION('',(0.,0.,1.));
#4657 = ORIENTED_EDGE('',*,*,#614,.F.);
#4658 = CYLINDRICAL_SURFACE('',#4659,0.399999018331);
#4659 = AXIS2_PLACEMENT_3D('',#4660,#4661,#4662);
#4660 = CARTESIAN_POINT('',(85.47499901833,-98.67500098167,0.));
#4661 = DIRECTION('',(-0.,-0.,-1.));
#4662 = DIRECTION('',(-0.999999999997,2.454181410341E-06,0.));
#4663 = ADVANCED_FACE('',(#4664),#4675,.T.);
#4664 = FACE_BOUND('',#4665,.T.);
#4665 = EDGE_LOOP('',(#4666,#4672,#4673,#4674));
#4666 = ORIENTED_EDGE('',*,*,#4667,.T.);
#4667 = EDGE_CURVE('',#590,#2410,#4668,.T.);
#4668 = LINE('',#4669,#4670);
#4669 = CARTESIAN_POINT('',(99.075,-98.675,0.));
#4670 = VECTOR('',#4671,1.);
#4671 = DIRECTION('',(0.,0.,1.));
#4672 = ORIENTED_EDGE('',*,*,#2409,.T.);
#4673 = ORIENTED_EDGE('',*,*,#4633,.F.);
#4674 = ORIENTED_EDGE('',*,*,#589,.F.);
#4675 = PLANE('',#4676);
#4676 = AXIS2_PLACEMENT_3D('',#4677,#4678,#4679);
#4677 = CARTESIAN_POINT('',(99.075,-98.675,0.));
#4678 = DIRECTION('',(-1.,0.,0.));
#4679 = DIRECTION('',(0.,1.,0.));
#4680 = ADVANCED_FACE('',(#4681),#4692,.T.);
#4681 = FACE_BOUND('',#4682,.T.);
#4682 = EDGE_LOOP('',(#4683,#4684,#4685,#4691));
#4683 = ORIENTED_EDGE('',*,*,#4652,.T.);
#4684 = ORIENTED_EDGE('',*,*,#2426,.T.);
#4685 = ORIENTED_EDGE('',*,*,#4686,.F.);
#4686 = EDGE_CURVE('',#598,#2418,#4687,.T.);
#4687 = LINE('',#4688,#4689);
#4688 = CARTESIAN_POINT('',(98.675,-99.075,0.));
#4689 = VECTOR('',#4690,1.);
#4690 = DIRECTION('',(0.,0.,1.));
#4691 = ORIENTED_EDGE('',*,*,#606,.F.);
#4692 = PLANE('',#4693);
#4693 = AXIS2_PLACEMENT_3D('',#4694,#4695,#4696);
#4694 = CARTESIAN_POINT('',(85.475,-99.075,0.));
#4695 = DIRECTION('',(0.,1.,0.));
#4696 = DIRECTION('',(1.,0.,0.));
#4697 = ADVANCED_FACE('',(#4698),#4704,.F.);
#4698 = FACE_BOUND('',#4699,.T.);
#4699 = EDGE_LOOP('',(#4700,#4701,#4702,#4703));
#4700 = ORIENTED_EDGE('',*,*,#4686,.T.);
#4701 = ORIENTED_EDGE('',*,*,#2417,.T.);
#4702 = ORIENTED_EDGE('',*,*,#4667,.F.);
#4703 = ORIENTED_EDGE('',*,*,#597,.F.);
#4704 = CYLINDRICAL_SURFACE('',#4705,0.399999018331);
#4705 = AXIS2_PLACEMENT_3D('',#4706,#4707,#4708);
#4706 = CARTESIAN_POINT('',(98.67500098167,-98.67500098167,0.));
#4707 = DIRECTION('',(-0.,-0.,-1.));
#4708 = DIRECTION('',(-2.454181303759E-06,-0.999999999997,0.));
#4709 = ADVANCED_FACE('',(#4710),#4726,.F.);
#4710 = FACE_BOUND('',#4711,.T.);
#4711 = EDGE_LOOP('',(#4712,#4718,#4719,#4725));
#4712 = ORIENTED_EDGE('',*,*,#4713,.T.);
#4713 = EDGE_CURVE('',#632,#2452,#4714,.T.);
#4714 = LINE('',#4715,#4716);
#4715 = CARTESIAN_POINT('',(104.525,-85.075,0.));
#4716 = VECTOR('',#4717,1.);
#4717 = DIRECTION('',(0.,0.,1.));
#4718 = ORIENTED_EDGE('',*,*,#2451,.T.);
#4719 = ORIENTED_EDGE('',*,*,#4720,.F.);
#4720 = EDGE_CURVE('',#634,#2454,#4721,.T.);
#4721 = LINE('',#4722,#4723);
#4722 = CARTESIAN_POINT('',(104.125,-85.475,0.));
#4723 = VECTOR('',#4724,1.);
#4724 = DIRECTION('',(0.,0.,1.));
#4725 = ORIENTED_EDGE('',*,*,#631,.F.);
#4726 = CYLINDRICAL_SURFACE('',#4727,0.399999018331);
#4727 = AXIS2_PLACEMENT_3D('',#4728,#4729,#4730);
#4728 = CARTESIAN_POINT('',(104.52499901833,-85.47499901833,0.));
#4729 = DIRECTION('',(-0.,-0.,-1.));
#4730 = DIRECTION('',(2.454181445868E-06,0.999999999997,-0.));
#4731 = ADVANCED_FACE('',(#4732),#4743,.T.);
#4732 = FACE_BOUND('',#4733,.T.);
#4733 = EDGE_LOOP('',(#4734,#4740,#4741,#4742));
#4734 = ORIENTED_EDGE('',*,*,#4735,.T.);
#4735 = EDGE_CURVE('',#643,#2463,#4736,.T.);
#4736 = LINE('',#4737,#4738);
#4737 = CARTESIAN_POINT('',(117.725,-85.075,0.));
#4738 = VECTOR('',#4739,1.);
#4739 = DIRECTION('',(0.,0.,1.));
#4740 = ORIENTED_EDGE('',*,*,#2462,.T.);
#4741 = ORIENTED_EDGE('',*,*,#4713,.F.);
#4742 = ORIENTED_EDGE('',*,*,#642,.F.);
#4743 = PLANE('',#4744);
#4744 = AXIS2_PLACEMENT_3D('',#4745,#4746,#4747);
#4745 = CARTESIAN_POINT('',(117.725,-85.075,0.));
#4746 = DIRECTION('',(0.,-1.,0.));
#4747 = DIRECTION('',(-1.,0.,0.));
#4748 = ADVANCED_FACE('',(#4749),#4760,.T.);
#4749 = FACE_BOUND('',#4750,.T.);
#4750 = EDGE_LOOP('',(#4751,#4752,#4753,#4759));
#4751 = ORIENTED_EDGE('',*,*,#4720,.T.);
#4752 = ORIENTED_EDGE('',*,*,#2513,.T.);
#4753 = ORIENTED_EDGE('',*,*,#4754,.F.);
#4754 = EDGE_CURVE('',#685,#2505,#4755,.T.);
#4755 = LINE('',#4756,#4757);
#4756 = CARTESIAN_POINT('',(104.125,-98.675,0.));
#4757 = VECTOR('',#4758,1.);
#4758 = DIRECTION('',(0.,0.,1.));
#4759 = ORIENTED_EDGE('',*,*,#693,.F.);
#4760 = PLANE('',#4761);
#4761 = AXIS2_PLACEMENT_3D('',#4762,#4763,#4764);
#4762 = CARTESIAN_POINT('',(104.125,-85.475,0.));
#4763 = DIRECTION('',(1.,0.,-0.));
#4764 = DIRECTION('',(0.,-1.,0.));
#4765 = ADVANCED_FACE('',(#4766),#4777,.F.);
#4766 = FACE_BOUND('',#4767,.T.);
#4767 = EDGE_LOOP('',(#4768,#4774,#4775,#4776));
#4768 = ORIENTED_EDGE('',*,*,#4769,.T.);
#4769 = EDGE_CURVE('',#651,#2471,#4770,.T.);
#4770 = LINE('',#4771,#4772);
#4771 = CARTESIAN_POINT('',(118.125,-85.475,0.));
#4772 = VECTOR('',#4773,1.);
#4773 = DIRECTION('',(0.,0.,1.));
#4774 = ORIENTED_EDGE('',*,*,#2470,.T.);
#4775 = ORIENTED_EDGE('',*,*,#4735,.F.);
#4776 = ORIENTED_EDGE('',*,*,#650,.F.);
#4777 = CYLINDRICAL_SURFACE('',#4778,0.399999018331);
#4778 = AXIS2_PLACEMENT_3D('',#4779,#4780,#4781);
#4779 = CARTESIAN_POINT('',(117.72500098167,-85.47499901833,0.));
#4780 = DIRECTION('',(-0.,-0.,-1.));
#4781 = DIRECTION('',(0.999999999997,-2.454181410341E-06,0.));
#4782 = ADVANCED_FACE('',(#4783),#4794,.F.);
#4783 = FACE_BOUND('',#4784,.T.);
#4784 = EDGE_LOOP('',(#4785,#4786,#4787,#4793));
#4785 = ORIENTED_EDGE('',*,*,#4754,.T.);
#4786 = ORIENTED_EDGE('',*,*,#2504,.T.);
#4787 = ORIENTED_EDGE('',*,*,#4788,.F.);
#4788 = EDGE_CURVE('',#677,#2497,#4789,.T.);
#4789 = LINE('',#4790,#4791);
#4790 = CARTESIAN_POINT('',(104.525,-99.075,0.));
#4791 = VECTOR('',#4792,1.);
#4792 = DIRECTION('',(0.,0.,1.));
#4793 = ORIENTED_EDGE('',*,*,#684,.F.);
#4794 = CYLINDRICAL_SURFACE('',#4795,0.399999018331);
#4795 = AXIS2_PLACEMENT_3D('',#4796,#4797,#4798);
#4796 = CARTESIAN_POINT('',(104.52499901833,-98.67500098167,0.));
#4797 = DIRECTION('',(-0.,-0.,-1.));
#4798 = DIRECTION('',(-0.999999999997,2.454181339286E-06,0.));
#4799 = ADVANCED_FACE('',(#4800),#4811,.T.);
#4800 = FACE_BOUND('',#4801,.T.);
#4801 = EDGE_LOOP('',(#4802,#4808,#4809,#4810));
#4802 = ORIENTED_EDGE('',*,*,#4803,.T.);
#4803 = EDGE_CURVE('',#660,#2480,#4804,.T.);
#4804 = LINE('',#4805,#4806);
#4805 = CARTESIAN_POINT('',(118.125,-98.675,0.));
#4806 = VECTOR('',#4807,1.);
#4807 = DIRECTION('',(0.,0.,1.));
#4808 = ORIENTED_EDGE('',*,*,#2479,.T.);
#4809 = ORIENTED_EDGE('',*,*,#4769,.F.);
#4810 = ORIENTED_EDGE('',*,*,#659,.F.);
#4811 = PLANE('',#4812);
#4812 = AXIS2_PLACEMENT_3D('',#4813,#4814,#4815);
#4813 = CARTESIAN_POINT('',(118.125,-98.675,0.));
#4814 = DIRECTION('',(-1.,0.,0.));
#4815 = DIRECTION('',(0.,1.,0.));
#4816 = ADVANCED_FACE('',(#4817),#4828,.T.);
#4817 = FACE_BOUND('',#4818,.T.);
#4818 = EDGE_LOOP('',(#4819,#4820,#4821,#4827));
#4819 = ORIENTED_EDGE('',*,*,#4788,.T.);
#4820 = ORIENTED_EDGE('',*,*,#2496,.T.);
#4821 = ORIENTED_EDGE('',*,*,#4822,.F.);
#4822 = EDGE_CURVE('',#668,#2488,#4823,.T.);
#4823 = LINE('',#4824,#4825);
#4824 = CARTESIAN_POINT('',(117.725,-99.075,0.));
#4825 = VECTOR('',#4826,1.);
#4826 = DIRECTION('',(0.,0.,1.));
#4827 = ORIENTED_EDGE('',*,*,#676,.F.);
#4828 = PLANE('',#4829);
#4829 = AXIS2_PLACEMENT_3D('',#4830,#4831,#4832);
#4830 = CARTESIAN_POINT('',(104.525,-99.075,0.));
#4831 = DIRECTION('',(0.,1.,0.));
#4832 = DIRECTION('',(1.,0.,0.));
#4833 = ADVANCED_FACE('',(#4834),#4840,.F.);
#4834 = FACE_BOUND('',#4835,.T.);
#4835 = EDGE_LOOP('',(#4836,#4837,#4838,#4839));
#4836 = ORIENTED_EDGE('',*,*,#4822,.T.);
#4837 = ORIENTED_EDGE('',*,*,#2487,.T.);
#4838 = ORIENTED_EDGE('',*,*,#4803,.F.);
#4839 = ORIENTED_EDGE('',*,*,#667,.F.);
#4840 = CYLINDRICAL_SURFACE('',#4841,0.399999018331);
#4841 = AXIS2_PLACEMENT_3D('',#4842,#4843,#4844);
#4842 = CARTESIAN_POINT('',(117.72500098167,-98.67500098167,0.));
#4843 = DIRECTION('',(-0.,-0.,-1.));
#4844 = DIRECTION('',(-2.454181374813E-06,-0.999999999997,0.));
#4845 = ADVANCED_FACE('',(#4846),#4862,.F.);
#4846 = FACE_BOUND('',#4847,.T.);
#4847 = EDGE_LOOP('',(#4848,#4854,#4855,#4861));
#4848 = ORIENTED_EDGE('',*,*,#4849,.T.);
#4849 = EDGE_CURVE('',#702,#2522,#4850,.T.);
#4850 = LINE('',#4851,#4852);
#4851 = CARTESIAN_POINT('',(123.575,-85.075,0.));
#4852 = VECTOR('',#4853,1.);
#4853 = DIRECTION('',(0.,0.,1.));
#4854 = ORIENTED_EDGE('',*,*,#2521,.T.);
#4855 = ORIENTED_EDGE('',*,*,#4856,.F.);
#4856 = EDGE_CURVE('',#704,#2524,#4857,.T.);
#4857 = LINE('',#4858,#4859);
#4858 = CARTESIAN_POINT('',(123.175,-85.475,0.));
#4859 = VECTOR('',#4860,1.);
#4860 = DIRECTION('',(0.,0.,1.));
#4861 = ORIENTED_EDGE('',*,*,#701,.F.);
#4862 = CYLINDRICAL_SURFACE('',#4863,0.399999018331);
#4863 = AXIS2_PLACEMENT_3D('',#4864,#4865,#4866);
#4864 = CARTESIAN_POINT('',(123.57499901833,-85.47499901833,0.));
#4865 = DIRECTION('',(-0.,-0.,-1.));
#4866 = DIRECTION('',(2.454181410341E-06,0.999999999997,-0.));
#4867 = ADVANCED_FACE('',(#4868),#4879,.T.);
#4868 = FACE_BOUND('',#4869,.T.);
#4869 = EDGE_LOOP('',(#4870,#4876,#4877,#4878));
#4870 = ORIENTED_EDGE('',*,*,#4871,.T.);
#4871 = EDGE_CURVE('',#713,#2533,#4872,.T.);
#4872 = LINE('',#4873,#4874);
#4873 = CARTESIAN_POINT('',(136.775,-85.075,0.));
#4874 = VECTOR('',#4875,1.);
#4875 = DIRECTION('',(0.,0.,1.));
#4876 = ORIENTED_EDGE('',*,*,#2532,.T.);
#4877 = ORIENTED_EDGE('',*,*,#4849,.F.);
#4878 = ORIENTED_EDGE('',*,*,#712,.F.);
#4879 = PLANE('',#4880);
#4880 = AXIS2_PLACEMENT_3D('',#4881,#4882,#4883);
#4881 = CARTESIAN_POINT('',(136.775,-85.075,0.));
#4882 = DIRECTION('',(0.,-1.,0.));
#4883 = DIRECTION('',(-1.,0.,0.));
#4884 = ADVANCED_FACE('',(#4885),#4896,.T.);
#4885 = FACE_BOUND('',#4886,.T.);
#4886 = EDGE_LOOP('',(#4887,#4888,#4889,#4895));
#4887 = ORIENTED_EDGE('',*,*,#4856,.T.);
#4888 = ORIENTED_EDGE('',*,*,#2583,.T.);
#4889 = ORIENTED_EDGE('',*,*,#4890,.F.);
#4890 = EDGE_CURVE('',#755,#2575,#4891,.T.);
#4891 = LINE('',#4892,#4893);
#4892 = CARTESIAN_POINT('',(123.175,-98.675,0.));
#4893 = VECTOR('',#4894,1.);
#4894 = DIRECTION('',(0.,0.,1.));
#4895 = ORIENTED_EDGE('',*,*,#763,.F.);
#4896 = PLANE('',#4897);
#4897 = AXIS2_PLACEMENT_3D('',#4898,#4899,#4900);
#4898 = CARTESIAN_POINT('',(123.175,-85.475,0.));
#4899 = DIRECTION('',(1.,0.,-0.));
#4900 = DIRECTION('',(0.,-1.,0.));
#4901 = ADVANCED_FACE('',(#4902),#4913,.F.);
#4902 = FACE_BOUND('',#4903,.T.);
#4903 = EDGE_LOOP('',(#4904,#4910,#4911,#4912));
#4904 = ORIENTED_EDGE('',*,*,#4905,.T.);
#4905 = EDGE_CURVE('',#721,#2541,#4906,.T.);
#4906 = LINE('',#4907,#4908);
#4907 = CARTESIAN_POINT('',(137.175,-85.475,0.));
#4908 = VECTOR('',#4909,1.);
#4909 = DIRECTION('',(0.,0.,1.));
#4910 = ORIENTED_EDGE('',*,*,#2540,.T.);
#4911 = ORIENTED_EDGE('',*,*,#4871,.F.);
#4912 = ORIENTED_EDGE('',*,*,#720,.F.);
#4913 = CYLINDRICAL_SURFACE('',#4914,0.399999018331);
#4914 = AXIS2_PLACEMENT_3D('',#4915,#4916,#4917);
#4915 = CARTESIAN_POINT('',(136.77500098167,-85.47499901833,0.));
#4916 = DIRECTION('',(-0.,-0.,-1.));
#4917 = DIRECTION('',(0.999999999997,-2.454181374813E-06,0.));
#4918 = ADVANCED_FACE('',(#4919),#4930,.F.);
#4919 = FACE_BOUND('',#4920,.T.);
#4920 = EDGE_LOOP('',(#4921,#4922,#4923,#4929));
#4921 = ORIENTED_EDGE('',*,*,#4890,.T.);
#4922 = ORIENTED_EDGE('',*,*,#2574,.T.);
#4923 = ORIENTED_EDGE('',*,*,#4924,.F.);
#4924 = EDGE_CURVE('',#747,#2567,#4925,.T.);
#4925 = LINE('',#4926,#4927);
#4926 = CARTESIAN_POINT('',(123.575,-99.075,0.));
#4927 = VECTOR('',#4928,1.);
#4928 = DIRECTION('',(0.,0.,1.));
#4929 = ORIENTED_EDGE('',*,*,#754,.F.);
#4930 = CYLINDRICAL_SURFACE('',#4931,0.399999018331);
#4931 = AXIS2_PLACEMENT_3D('',#4932,#4933,#4934);
#4932 = CARTESIAN_POINT('',(123.57499901833,-98.67500098167,0.));
#4933 = DIRECTION('',(-0.,-0.,-1.));
#4934 = DIRECTION('',(-0.999999999997,2.454181303759E-06,0.));
#4935 = ADVANCED_FACE('',(#4936),#4947,.T.);
#4936 = FACE_BOUND('',#4937,.T.);
#4937 = EDGE_LOOP('',(#4938,#4944,#4945,#4946));
#4938 = ORIENTED_EDGE('',*,*,#4939,.T.);
#4939 = EDGE_CURVE('',#730,#2550,#4940,.T.);
#4940 = LINE('',#4941,#4942);
#4941 = CARTESIAN_POINT('',(137.175,-98.675,0.));
#4942 = VECTOR('',#4943,1.);
#4943 = DIRECTION('',(0.,0.,1.));
#4944 = ORIENTED_EDGE('',*,*,#2549,.T.);
#4945 = ORIENTED_EDGE('',*,*,#4905,.F.);
#4946 = ORIENTED_EDGE('',*,*,#729,.F.);
#4947 = PLANE('',#4948);
#4948 = AXIS2_PLACEMENT_3D('',#4949,#4950,#4951);
#4949 = CARTESIAN_POINT('',(137.175,-98.675,0.));
#4950 = DIRECTION('',(-1.,0.,0.));
#4951 = DIRECTION('',(0.,1.,0.));
#4952 = ADVANCED_FACE('',(#4953),#4964,.T.);
#4953 = FACE_BOUND('',#4954,.T.);
#4954 = EDGE_LOOP('',(#4955,#4956,#4957,#4963));
#4955 = ORIENTED_EDGE('',*,*,#4924,.T.);
#4956 = ORIENTED_EDGE('',*,*,#2566,.T.);
#4957 = ORIENTED_EDGE('',*,*,#4958,.F.);
#4958 = EDGE_CURVE('',#738,#2558,#4959,.T.);
#4959 = LINE('',#4960,#4961);
#4960 = CARTESIAN_POINT('',(136.775,-99.075,0.));
#4961 = VECTOR('',#4962,1.);
#4962 = DIRECTION('',(0.,0.,1.));
#4963 = ORIENTED_EDGE('',*,*,#746,.F.);
#4964 = PLANE('',#4965);
#4965 = AXIS2_PLACEMENT_3D('',#4966,#4967,#4968);
#4966 = CARTESIAN_POINT('',(123.575,-99.075,0.));
#4967 = DIRECTION('',(0.,1.,0.));
#4968 = DIRECTION('',(1.,0.,0.));
#4969 = ADVANCED_FACE('',(#4970),#4976,.F.);
#4970 = FACE_BOUND('',#4971,.T.);
#4971 = EDGE_LOOP('',(#4972,#4973,#4974,#4975));
#4972 = ORIENTED_EDGE('',*,*,#4958,.T.);
#4973 = ORIENTED_EDGE('',*,*,#2557,.T.);
#4974 = ORIENTED_EDGE('',*,*,#4939,.F.);
#4975 = ORIENTED_EDGE('',*,*,#737,.F.);
#4976 = CYLINDRICAL_SURFACE('',#4977,0.399999018331);
#4977 = AXIS2_PLACEMENT_3D('',#4978,#4979,#4980);
#4978 = CARTESIAN_POINT('',(136.77500098167,-98.67500098167,0.));
#4979 = DIRECTION('',(-0.,-0.,-1.));
#4980 = DIRECTION('',(-2.454181339286E-06,-0.999999999997,0.));
#4981 = ADVANCED_FACE('',(#4982),#4998,.F.);
#4982 = FACE_BOUND('',#4983,.T.);
#4983 = EDGE_LOOP('',(#4984,#4990,#4991,#4997));
#4984 = ORIENTED_EDGE('',*,*,#4985,.T.);
#4985 = EDGE_CURVE('',#772,#2592,#4986,.T.);
#4986 = LINE('',#4987,#4988);
#4987 = CARTESIAN_POINT('',(142.625,-85.075,0.));
#4988 = VECTOR('',#4989,1.);
#4989 = DIRECTION('',(0.,0.,1.));
#4990 = ORIENTED_EDGE('',*,*,#2591,.T.);
#4991 = ORIENTED_EDGE('',*,*,#4992,.F.);
#4992 = EDGE_CURVE('',#774,#2594,#4993,.T.);
#4993 = LINE('',#4994,#4995);
#4994 = CARTESIAN_POINT('',(142.225,-85.475,0.));
#4995 = VECTOR('',#4996,1.);
#4996 = DIRECTION('',(0.,0.,1.));
#4997 = ORIENTED_EDGE('',*,*,#771,.F.);
#4998 = CYLINDRICAL_SURFACE('',#4999,0.399999018331);
#4999 = AXIS2_PLACEMENT_3D('',#5000,#5001,#5002);
#5000 = CARTESIAN_POINT('',(142.62499901833,-85.47499901833,0.));
#5001 = DIRECTION('',(-0.,-0.,-1.));
#5002 = DIRECTION('',(2.454181481395E-06,0.999999999997,-0.));
#5003 = ADVANCED_FACE('',(#5004),#5015,.T.);
#5004 = FACE_BOUND('',#5005,.T.);
#5005 = EDGE_LOOP('',(#5006,#5012,#5013,#5014));
#5006 = ORIENTED_EDGE('',*,*,#5007,.T.);
#5007 = EDGE_CURVE('',#783,#2603,#5008,.T.);
#5008 = LINE('',#5009,#5010);
#5009 = CARTESIAN_POINT('',(155.825,-85.075,0.));
#5010 = VECTOR('',#5011,1.);
#5011 = DIRECTION('',(0.,0.,1.));
#5012 = ORIENTED_EDGE('',*,*,#2602,.T.);
#5013 = ORIENTED_EDGE('',*,*,#4985,.F.);
#5014 = ORIENTED_EDGE('',*,*,#782,.F.);
#5015 = PLANE('',#5016);
#5016 = AXIS2_PLACEMENT_3D('',#5017,#5018,#5019);
#5017 = CARTESIAN_POINT('',(155.825,-85.075,0.));
#5018 = DIRECTION('',(0.,-1.,0.));
#5019 = DIRECTION('',(-1.,0.,0.));
#5020 = ADVANCED_FACE('',(#5021),#5032,.T.);
#5021 = FACE_BOUND('',#5022,.T.);
#5022 = EDGE_LOOP('',(#5023,#5024,#5025,#5031));
#5023 = ORIENTED_EDGE('',*,*,#4992,.T.);
#5024 = ORIENTED_EDGE('',*,*,#2653,.T.);
#5025 = ORIENTED_EDGE('',*,*,#5026,.F.);
#5026 = EDGE_CURVE('',#825,#2645,#5027,.T.);
#5027 = LINE('',#5028,#5029);
#5028 = CARTESIAN_POINT('',(142.225,-98.675,0.));
#5029 = VECTOR('',#5030,1.);
#5030 = DIRECTION('',(0.,0.,1.));
#5031 = ORIENTED_EDGE('',*,*,#833,.F.);
#5032 = PLANE('',#5033);
#5033 = AXIS2_PLACEMENT_3D('',#5034,#5035,#5036);
#5034 = CARTESIAN_POINT('',(142.225,-85.475,0.));
#5035 = DIRECTION('',(1.,0.,-0.));
#5036 = DIRECTION('',(0.,-1.,0.));
#5037 = ADVANCED_FACE('',(#5038),#5049,.F.);
#5038 = FACE_BOUND('',#5039,.T.);
#5039 = EDGE_LOOP('',(#5040,#5046,#5047,#5048));
#5040 = ORIENTED_EDGE('',*,*,#5041,.T.);
#5041 = EDGE_CURVE('',#791,#2611,#5042,.T.);
#5042 = LINE('',#5043,#5044);
#5043 = CARTESIAN_POINT('',(156.225,-85.475,0.));
#5044 = VECTOR('',#5045,1.);
#5045 = DIRECTION('',(0.,0.,1.));
#5046 = ORIENTED_EDGE('',*,*,#2610,.T.);
#5047 = ORIENTED_EDGE('',*,*,#5007,.F.);
#5048 = ORIENTED_EDGE('',*,*,#790,.F.);
#5049 = CYLINDRICAL_SURFACE('',#5050,0.399999018331);
#5050 = AXIS2_PLACEMENT_3D('',#5051,#5052,#5053);
#5051 = CARTESIAN_POINT('',(155.82500098167,-85.47499901833,0.));
#5052 = DIRECTION('',(-0.,-0.,-1.));
#5053 = DIRECTION('',(0.999999999997,-2.454181445868E-06,0.));
#5054 = ADVANCED_FACE('',(#5055),#5066,.F.);
#5055 = FACE_BOUND('',#5056,.T.);
#5056 = EDGE_LOOP('',(#5057,#5058,#5059,#5065));
#5057 = ORIENTED_EDGE('',*,*,#5026,.T.);
#5058 = ORIENTED_EDGE('',*,*,#2644,.T.);
#5059 = ORIENTED_EDGE('',*,*,#5060,.F.);
#5060 = EDGE_CURVE('',#817,#2637,#5061,.T.);
#5061 = LINE('',#5062,#5063);
#5062 = CARTESIAN_POINT('',(142.625,-99.075,0.));
#5063 = VECTOR('',#5064,1.);
#5064 = DIRECTION('',(0.,0.,1.));
#5065 = ORIENTED_EDGE('',*,*,#824,.F.);
#5066 = CYLINDRICAL_SURFACE('',#5067,0.399999018331);
#5067 = AXIS2_PLACEMENT_3D('',#5068,#5069,#5070);
#5068 = CARTESIAN_POINT('',(142.62499901833,-98.67500098167,0.));
#5069 = DIRECTION('',(-0.,-0.,-1.));
#5070 = DIRECTION('',(-0.999999999997,2.454181374813E-06,0.));
#5071 = ADVANCED_FACE('',(#5072),#5083,.T.);
#5072 = FACE_BOUND('',#5073,.T.);
#5073 = EDGE_LOOP('',(#5074,#5080,#5081,#5082));
#5074 = ORIENTED_EDGE('',*,*,#5075,.T.);
#5075 = EDGE_CURVE('',#800,#2620,#5076,.T.);
#5076 = LINE('',#5077,#5078);
#5077 = CARTESIAN_POINT('',(156.225,-98.675,0.));
#5078 = VECTOR('',#5079,1.);
#5079 = DIRECTION('',(0.,0.,1.));
#5080 = ORIENTED_EDGE('',*,*,#2619,.T.);
#5081 = ORIENTED_EDGE('',*,*,#5041,.F.);
#5082 = ORIENTED_EDGE('',*,*,#799,.F.);
#5083 = PLANE('',#5084);
#5084 = AXIS2_PLACEMENT_3D('',#5085,#5086,#5087);
#5085 = CARTESIAN_POINT('',(156.225,-98.675,0.));
#5086 = DIRECTION('',(-1.,0.,0.));
#5087 = DIRECTION('',(0.,1.,0.));
#5088 = ADVANCED_FACE('',(#5089),#5100,.T.);
#5089 = FACE_BOUND('',#5090,.T.);
#5090 = EDGE_LOOP('',(#5091,#5092,#5093,#5099));
#5091 = ORIENTED_EDGE('',*,*,#5060,.T.);
#5092 = ORIENTED_EDGE('',*,*,#2636,.T.);
#5093 = ORIENTED_EDGE('',*,*,#5094,.F.);
#5094 = EDGE_CURVE('',#808,#2628,#5095,.T.);
#5095 = LINE('',#5096,#5097);
#5096 = CARTESIAN_POINT('',(155.825,-99.075,0.));
#5097 = VECTOR('',#5098,1.);
#5098 = DIRECTION('',(0.,0.,1.));
#5099 = ORIENTED_EDGE('',*,*,#816,.F.);
#5100 = PLANE('',#5101);
#5101 = AXIS2_PLACEMENT_3D('',#5102,#5103,#5104);
#5102 = CARTESIAN_POINT('',(142.625,-99.075,0.));
#5103 = DIRECTION('',(0.,1.,0.));
#5104 = DIRECTION('',(1.,0.,0.));
#5105 = ADVANCED_FACE('',(#5106),#5112,.F.);
#5106 = FACE_BOUND('',#5107,.T.);
#5107 = EDGE_LOOP('',(#5108,#5109,#5110,#5111));
#5108 = ORIENTED_EDGE('',*,*,#5094,.T.);
#5109 = ORIENTED_EDGE('',*,*,#2627,.T.);
#5110 = ORIENTED_EDGE('',*,*,#5075,.F.);
#5111 = ORIENTED_EDGE('',*,*,#807,.F.);
#5112 = CYLINDRICAL_SURFACE('',#5113,0.399999018331);
#5113 = AXIS2_PLACEMENT_3D('',#5114,#5115,#5116);
#5114 = CARTESIAN_POINT('',(155.82500098167,-98.67500098167,0.));
#5115 = DIRECTION('',(-0.,-0.,-1.));
#5116 = DIRECTION('',(-2.45418141034E-06,-0.999999999997,0.));
#5117 = ADVANCED_FACE('',(#5118),#5129,.F.);
#5118 = FACE_BOUND('',#5119,.T.);
#5119 = EDGE_LOOP('',(#5120,#5121,#5127,#5128));
#5120 = ORIENTED_EDGE('',*,*,#841,.T.);
#5121 = ORIENTED_EDGE('',*,*,#5122,.T.);
#5122 = EDGE_CURVE('',#842,#2662,#5123,.T.);
#5123 = LINE('',#5124,#5125);
#5124 = CARTESIAN_POINT('',(130.175,-83.165905,-4.6E-02));
#5125 = VECTOR('',#5126,1.);
#5126 = DIRECTION('',(0.,0.,1.));
#5127 = ORIENTED_EDGE('',*,*,#2661,.F.);
#5128 = ORIENTED_EDGE('',*,*,#5122,.F.);
#5129 = CYLINDRICAL_SURFACE('',#5130,1.35);
#5130 = AXIS2_PLACEMENT_3D('',#5131,#5132,#5133);
#5131 = CARTESIAN_POINT('',(130.175,-81.815905,-4.6E-02));
#5132 = DIRECTION('',(-0.,-0.,-1.));
#5133 = DIRECTION('',(-0.,-1.,0.));
#5134 = ADVANCED_FACE('',(#5135),#5146,.F.);
#5135 = FACE_BOUND('',#5136,.T.);
#5136 = EDGE_LOOP('',(#5137,#5138,#5144,#5145));
#5137 = ORIENTED_EDGE('',*,*,#852,.T.);
#5138 = ORIENTED_EDGE('',*,*,#5139,.T.);
#5139 = EDGE_CURVE('',#853,#2673,#5140,.T.);
#5140 = LINE('',#5141,#5142);
#5141 = CARTESIAN_POINT('',(139.7,-84.634095,-4.6E-02));
#5142 = VECTOR('',#5143,1.);
#5143 = DIRECTION('',(0.,0.,1.));
#5144 = ORIENTED_EDGE('',*,*,#2672,.F.);
#5145 = ORIENTED_EDGE('',*,*,#5139,.F.);
#5146 = CYLINDRICAL_SURFACE('',#5147,1.35);
#5147 = AXIS2_PLACEMENT_3D('',#5148,#5149,#5150);
#5148 = CARTESIAN_POINT('',(139.7,-83.284095,-4.6E-02));
#5149 = DIRECTION('',(-0.,-0.,-1.));
#5150 = DIRECTION('',(-0.,-1.,0.));
#5151 = ADVANCED_FACE('',(#5152),#5168,.F.);
#5152 = FACE_BOUND('',#5153,.T.);
#5153 = EDGE_LOOP('',(#5154,#5160,#5161,#5167));
#5154 = ORIENTED_EDGE('',*,*,#5155,.T.);
#5155 = EDGE_CURVE('',#864,#2684,#5156,.T.);
#5156 = LINE('',#5157,#5158);
#5157 = CARTESIAN_POINT('',(95.,-66.025,0.));
#5158 = VECTOR('',#5159,1.);
#5159 = DIRECTION('',(0.,0.,1.));
#5160 = ORIENTED_EDGE('',*,*,#2683,.T.);
#5161 = ORIENTED_EDGE('',*,*,#5162,.F.);
#5162 = EDGE_CURVE('',#866,#2686,#5163,.T.);
#5163 = LINE('',#5164,#5165);
#5164 = CARTESIAN_POINT('',(94.6,-66.425,0.));
#5165 = VECTOR('',#5166,1.);
#5166 = DIRECTION('',(0.,0.,1.));
#5167 = ORIENTED_EDGE('',*,*,#863,.F.);
#5168 = CYLINDRICAL_SURFACE('',#5169,0.399999018331);
#5169 = AXIS2_PLACEMENT_3D('',#5170,#5171,#5172);
#5170 = CARTESIAN_POINT('',(94.99999901833,-66.42499901833,0.));
#5171 = DIRECTION('',(-0.,-0.,-1.));
#5172 = DIRECTION('',(2.454181445868E-06,0.999999999997,-0.));
#5173 = ADVANCED_FACE('',(#5174),#5185,.T.);
#5174 = FACE_BOUND('',#5175,.T.);
#5175 = EDGE_LOOP('',(#5176,#5182,#5183,#5184));
#5176 = ORIENTED_EDGE('',*,*,#5177,.T.);
#5177 = EDGE_CURVE('',#875,#2695,#5178,.T.);
#5178 = LINE('',#5179,#5180);
#5179 = CARTESIAN_POINT('',(108.2,-66.025,0.));
#5180 = VECTOR('',#5181,1.);
#5181 = DIRECTION('',(0.,0.,1.));
#5182 = ORIENTED_EDGE('',*,*,#2694,.T.);
#5183 = ORIENTED_EDGE('',*,*,#5155,.F.);
#5184 = ORIENTED_EDGE('',*,*,#874,.F.);
#5185 = PLANE('',#5186);
#5186 = AXIS2_PLACEMENT_3D('',#5187,#5188,#5189);
#5187 = CARTESIAN_POINT('',(108.2,-66.025,0.));
#5188 = DIRECTION('',(0.,-1.,0.));
#5189 = DIRECTION('',(-1.,0.,0.));
#5190 = ADVANCED_FACE('',(#5191),#5202,.T.);
#5191 = FACE_BOUND('',#5192,.T.);
#5192 = EDGE_LOOP('',(#5193,#5194,#5195,#5201));
#5193 = ORIENTED_EDGE('',*,*,#5162,.T.);
#5194 = ORIENTED_EDGE('',*,*,#2745,.T.);
#5195 = ORIENTED_EDGE('',*,*,#5196,.F.);
#5196 = EDGE_CURVE('',#917,#2737,#5197,.T.);
#5197 = LINE('',#5198,#5199);
#5198 = CARTESIAN_POINT('',(94.6,-79.625,0.));
#5199 = VECTOR('',#5200,1.);
#5200 = DIRECTION('',(0.,0.,1.));
#5201 = ORIENTED_EDGE('',*,*,#925,.F.);
#5202 = PLANE('',#5203);
#5203 = AXIS2_PLACEMENT_3D('',#5204,#5205,#5206);
#5204 = CARTESIAN_POINT('',(94.6,-66.425,0.));
#5205 = DIRECTION('',(1.,0.,-0.));
#5206 = DIRECTION('',(0.,-1.,0.));
#5207 = ADVANCED_FACE('',(#5208),#5219,.F.);
#5208 = FACE_BOUND('',#5209,.T.);
#5209 = EDGE_LOOP('',(#5210,#5216,#5217,#5218));
#5210 = ORIENTED_EDGE('',*,*,#5211,.T.);
#5211 = EDGE_CURVE('',#883,#2703,#5212,.T.);
#5212 = LINE('',#5213,#5214);
#5213 = CARTESIAN_POINT('',(108.6,-66.425,0.));
#5214 = VECTOR('',#5215,1.);
#5215 = DIRECTION('',(0.,0.,1.));
#5216 = ORIENTED_EDGE('',*,*,#2702,.T.);
#5217 = ORIENTED_EDGE('',*,*,#5177,.F.);
#5218 = ORIENTED_EDGE('',*,*,#882,.F.);
#5219 = CYLINDRICAL_SURFACE('',#5220,0.399999018331);
#5220 = AXIS2_PLACEMENT_3D('',#5221,#5222,#5223);
#5221 = CARTESIAN_POINT('',(108.20000098167,-66.42499901833,0.));
#5222 = DIRECTION('',(-0.,-0.,-1.));
#5223 = DIRECTION('',(0.999999999997,-2.454181410341E-06,0.));
#5224 = ADVANCED_FACE('',(#5225),#5236,.F.);
#5225 = FACE_BOUND('',#5226,.T.);
#5226 = EDGE_LOOP('',(#5227,#5228,#5229,#5235));
#5227 = ORIENTED_EDGE('',*,*,#5196,.T.);
#5228 = ORIENTED_EDGE('',*,*,#2736,.T.);
#5229 = ORIENTED_EDGE('',*,*,#5230,.F.);
#5230 = EDGE_CURVE('',#909,#2729,#5231,.T.);
#5231 = LINE('',#5232,#5233);
#5232 = CARTESIAN_POINT('',(95.,-80.025,0.));
#5233 = VECTOR('',#5234,1.);
#5234 = DIRECTION('',(0.,0.,1.));
#5235 = ORIENTED_EDGE('',*,*,#916,.F.);
#5236 = CYLINDRICAL_SURFACE('',#5237,0.399999018331);
#5237 = AXIS2_PLACEMENT_3D('',#5238,#5239,#5240);
#5238 = CARTESIAN_POINT('',(94.99999901833,-79.62500098167,0.));
#5239 = DIRECTION('',(-0.,-0.,-1.));
#5240 = DIRECTION('',(-0.999999999997,2.454181410341E-06,0.));
#5241 = ADVANCED_FACE('',(#5242),#5253,.T.);
#5242 = FACE_BOUND('',#5243,.T.);
#5243 = EDGE_LOOP('',(#5244,#5250,#5251,#5252));
#5244 = ORIENTED_EDGE('',*,*,#5245,.T.);
#5245 = EDGE_CURVE('',#892,#2712,#5246,.T.);
#5246 = LINE('',#5247,#5248);
#5247 = CARTESIAN_POINT('',(108.6,-79.625,0.));
#5248 = VECTOR('',#5249,1.);
#5249 = DIRECTION('',(0.,0.,1.));
#5250 = ORIENTED_EDGE('',*,*,#2711,.T.);
#5251 = ORIENTED_EDGE('',*,*,#5211,.F.);
#5252 = ORIENTED_EDGE('',*,*,#891,.F.);
#5253 = PLANE('',#5254);
#5254 = AXIS2_PLACEMENT_3D('',#5255,#5256,#5257);
#5255 = CARTESIAN_POINT('',(108.6,-79.625,0.));
#5256 = DIRECTION('',(-1.,0.,0.));
#5257 = DIRECTION('',(0.,1.,0.));
#5258 = ADVANCED_FACE('',(#5259),#5270,.T.);
#5259 = FACE_BOUND('',#5260,.T.);
#5260 = EDGE_LOOP('',(#5261,#5262,#5263,#5269));
#5261 = ORIENTED_EDGE('',*,*,#5230,.T.);
#5262 = ORIENTED_EDGE('',*,*,#2728,.T.);
#5263 = ORIENTED_EDGE('',*,*,#5264,.F.);
#5264 = EDGE_CURVE('',#900,#2720,#5265,.T.);
#5265 = LINE('',#5266,#5267);
#5266 = CARTESIAN_POINT('',(108.2,-80.025,0.));
#5267 = VECTOR('',#5268,1.);
#5268 = DIRECTION('',(0.,0.,1.));
#5269 = ORIENTED_EDGE('',*,*,#908,.F.);
#5270 = PLANE('',#5271);
#5271 = AXIS2_PLACEMENT_3D('',#5272,#5273,#5274);
#5272 = CARTESIAN_POINT('',(95.,-80.025,0.));
#5273 = DIRECTION('',(0.,1.,0.));
#5274 = DIRECTION('',(1.,0.,0.));
#5275 = ADVANCED_FACE('',(#5276),#5282,.F.);
#5276 = FACE_BOUND('',#5277,.T.);
#5277 = EDGE_LOOP('',(#5278,#5279,#5280,#5281));
#5278 = ORIENTED_EDGE('',*,*,#5264,.T.);
#5279 = ORIENTED_EDGE('',*,*,#2719,.T.);
#5280 = ORIENTED_EDGE('',*,*,#5245,.F.);
#5281 = ORIENTED_EDGE('',*,*,#899,.F.);
#5282 = CYLINDRICAL_SURFACE('',#5283,0.399999018331);
#5283 = AXIS2_PLACEMENT_3D('',#5284,#5285,#5286);
#5284 = CARTESIAN_POINT('',(108.20000098167,-79.62500098167,0.));
#5285 = DIRECTION('',(-0.,-0.,-1.));
#5286 = DIRECTION('',(-2.454181374813E-06,-0.999999999997,0.));
#5287 = ADVANCED_FACE('',(#5288),#5304,.F.);
#5288 = FACE_BOUND('',#5289,.T.);
#5289 = EDGE_LOOP('',(#5290,#5296,#5297,#5303));
#5290 = ORIENTED_EDGE('',*,*,#5291,.T.);
#5291 = EDGE_CURVE('',#934,#2754,#5292,.T.);
#5292 = LINE('',#5293,#5294);
#5293 = CARTESIAN_POINT('',(114.05,-66.025,0.));
#5294 = VECTOR('',#5295,1.);
#5295 = DIRECTION('',(0.,0.,1.));
#5296 = ORIENTED_EDGE('',*,*,#2753,.T.);
#5297 = ORIENTED_EDGE('',*,*,#5298,.F.);
#5298 = EDGE_CURVE('',#936,#2756,#5299,.T.);
#5299 = LINE('',#5300,#5301);
#5300 = CARTESIAN_POINT('',(113.65,-66.425,0.));
#5301 = VECTOR('',#5302,1.);
#5302 = DIRECTION('',(0.,0.,1.));
#5303 = ORIENTED_EDGE('',*,*,#933,.F.);
#5304 = CYLINDRICAL_SURFACE('',#5305,0.399999018331);
#5305 = AXIS2_PLACEMENT_3D('',#5306,#5307,#5308);
#5306 = CARTESIAN_POINT('',(114.04999901833,-66.42499901833,0.));
#5307 = DIRECTION('',(-0.,-0.,-1.));
#5308 = DIRECTION('',(2.454181410341E-06,0.999999999997,-0.));
#5309 = ADVANCED_FACE('',(#5310),#5321,.T.);
#5310 = FACE_BOUND('',#5311,.T.);
#5311 = EDGE_LOOP('',(#5312,#5318,#5319,#5320));
#5312 = ORIENTED_EDGE('',*,*,#5313,.T.);
#5313 = EDGE_CURVE('',#945,#2765,#5314,.T.);
#5314 = LINE('',#5315,#5316);
#5315 = CARTESIAN_POINT('',(127.25,-66.025,0.));
#5316 = VECTOR('',#5317,1.);
#5317 = DIRECTION('',(0.,0.,1.));
#5318 = ORIENTED_EDGE('',*,*,#2764,.T.);
#5319 = ORIENTED_EDGE('',*,*,#5291,.F.);
#5320 = ORIENTED_EDGE('',*,*,#944,.F.);
#5321 = PLANE('',#5322);
#5322 = AXIS2_PLACEMENT_3D('',#5323,#5324,#5325);
#5323 = CARTESIAN_POINT('',(127.25,-66.025,0.));
#5324 = DIRECTION('',(0.,-1.,0.));
#5325 = DIRECTION('',(-1.,0.,0.));
#5326 = ADVANCED_FACE('',(#5327),#5338,.T.);
#5327 = FACE_BOUND('',#5328,.T.);
#5328 = EDGE_LOOP('',(#5329,#5330,#5331,#5337));
#5329 = ORIENTED_EDGE('',*,*,#5298,.T.);
#5330 = ORIENTED_EDGE('',*,*,#2815,.T.);
#5331 = ORIENTED_EDGE('',*,*,#5332,.F.);
#5332 = EDGE_CURVE('',#987,#2807,#5333,.T.);
#5333 = LINE('',#5334,#5335);
#5334 = CARTESIAN_POINT('',(113.65,-79.625,0.));
#5335 = VECTOR('',#5336,1.);
#5336 = DIRECTION('',(0.,0.,1.));
#5337 = ORIENTED_EDGE('',*,*,#995,.F.);
#5338 = PLANE('',#5339);
#5339 = AXIS2_PLACEMENT_3D('',#5340,#5341,#5342);
#5340 = CARTESIAN_POINT('',(113.65,-66.425,0.));
#5341 = DIRECTION('',(1.,0.,-0.));
#5342 = DIRECTION('',(0.,-1.,0.));
#5343 = ADVANCED_FACE('',(#5344),#5355,.F.);
#5344 = FACE_BOUND('',#5345,.T.);
#5345 = EDGE_LOOP('',(#5346,#5352,#5353,#5354));
#5346 = ORIENTED_EDGE('',*,*,#5347,.T.);
#5347 = EDGE_CURVE('',#953,#2773,#5348,.T.);
#5348 = LINE('',#5349,#5350);
#5349 = CARTESIAN_POINT('',(127.65,-66.425,0.));
#5350 = VECTOR('',#5351,1.);
#5351 = DIRECTION('',(0.,0.,1.));
#5352 = ORIENTED_EDGE('',*,*,#2772,.T.);
#5353 = ORIENTED_EDGE('',*,*,#5313,.F.);
#5354 = ORIENTED_EDGE('',*,*,#952,.F.);
#5355 = CYLINDRICAL_SURFACE('',#5356,0.399999018331);
#5356 = AXIS2_PLACEMENT_3D('',#5357,#5358,#5359);
#5357 = CARTESIAN_POINT('',(127.25000098167,-66.42499901833,0.));
#5358 = DIRECTION('',(-0.,-0.,-1.));
#5359 = DIRECTION('',(0.999999999997,-2.454181374813E-06,0.));
#5360 = ADVANCED_FACE('',(#5361),#5372,.F.);
#5361 = FACE_BOUND('',#5362,.T.);
#5362 = EDGE_LOOP('',(#5363,#5364,#5365,#5371));
#5363 = ORIENTED_EDGE('',*,*,#5332,.T.);
#5364 = ORIENTED_EDGE('',*,*,#2806,.T.);
#5365 = ORIENTED_EDGE('',*,*,#5366,.F.);
#5366 = EDGE_CURVE('',#979,#2799,#5367,.T.);
#5367 = LINE('',#5368,#5369);
#5368 = CARTESIAN_POINT('',(114.05,-80.025,0.));
#5369 = VECTOR('',#5370,1.);
#5370 = DIRECTION('',(0.,0.,1.));
#5371 = ORIENTED_EDGE('',*,*,#986,.F.);
#5372 = CYLINDRICAL_SURFACE('',#5373,0.399999018331);
#5373 = AXIS2_PLACEMENT_3D('',#5374,#5375,#5376);
#5374 = CARTESIAN_POINT('',(114.04999901833,-79.62500098167,0.));
#5375 = DIRECTION('',(-0.,-0.,-1.));
#5376 = DIRECTION('',(-0.999999999997,2.454181445868E-06,0.));
#5377 = ADVANCED_FACE('',(#5378),#5389,.T.);
#5378 = FACE_BOUND('',#5379,.T.);
#5379 = EDGE_LOOP('',(#5380,#5386,#5387,#5388));
#5380 = ORIENTED_EDGE('',*,*,#5381,.T.);
#5381 = EDGE_CURVE('',#962,#2782,#5382,.T.);
#5382 = LINE('',#5383,#5384);
#5383 = CARTESIAN_POINT('',(127.65,-79.625,0.));
#5384 = VECTOR('',#5385,1.);
#5385 = DIRECTION('',(0.,0.,1.));
#5386 = ORIENTED_EDGE('',*,*,#2781,.T.);
#5387 = ORIENTED_EDGE('',*,*,#5347,.F.);
#5388 = ORIENTED_EDGE('',*,*,#961,.F.);
#5389 = PLANE('',#5390);
#5390 = AXIS2_PLACEMENT_3D('',#5391,#5392,#5393);
#5391 = CARTESIAN_POINT('',(127.65,-79.625,0.));
#5392 = DIRECTION('',(-1.,0.,0.));
#5393 = DIRECTION('',(0.,1.,0.));
#5394 = ADVANCED_FACE('',(#5395),#5406,.T.);
#5395 = FACE_BOUND('',#5396,.T.);
#5396 = EDGE_LOOP('',(#5397,#5398,#5399,#5405));
#5397 = ORIENTED_EDGE('',*,*,#5366,.T.);
#5398 = ORIENTED_EDGE('',*,*,#2798,.T.);
#5399 = ORIENTED_EDGE('',*,*,#5400,.F.);
#5400 = EDGE_CURVE('',#970,#2790,#5401,.T.);
#5401 = LINE('',#5402,#5403);
#5402 = CARTESIAN_POINT('',(127.25,-80.025,0.));
#5403 = VECTOR('',#5404,1.);
#5404 = DIRECTION('',(0.,0.,1.));
#5405 = ORIENTED_EDGE('',*,*,#978,.F.);
#5406 = PLANE('',#5407);
#5407 = AXIS2_PLACEMENT_3D('',#5408,#5409,#5410);
#5408 = CARTESIAN_POINT('',(114.05,-80.025,0.));
#5409 = DIRECTION('',(0.,1.,0.));
#5410 = DIRECTION('',(1.,0.,0.));
#5411 = ADVANCED_FACE('',(#5412),#5418,.F.);
#5412 = FACE_BOUND('',#5413,.T.);
#5413 = EDGE_LOOP('',(#5414,#5415,#5416,#5417));
#5414 = ORIENTED_EDGE('',*,*,#5400,.T.);
#5415 = ORIENTED_EDGE('',*,*,#2789,.T.);
#5416 = ORIENTED_EDGE('',*,*,#5381,.F.);
#5417 = ORIENTED_EDGE('',*,*,#969,.F.);
#5418 = CYLINDRICAL_SURFACE('',#5419,0.399999018331);
#5419 = AXIS2_PLACEMENT_3D('',#5420,#5421,#5422);
#5420 = CARTESIAN_POINT('',(127.25000098167,-79.62500098167,0.));
#5421 = DIRECTION('',(-0.,-0.,-1.));
#5422 = DIRECTION('',(-2.454181410341E-06,-0.999999999997,0.));
#5423 = ADVANCED_FACE('',(#5424),#5440,.F.);
#5424 = FACE_BOUND('',#5425,.T.);
#5425 = EDGE_LOOP('',(#5426,#5432,#5433,#5439));
#5426 = ORIENTED_EDGE('',*,*,#5427,.T.);
#5427 = EDGE_CURVE('',#1004,#2824,#5428,.T.);
#5428 = LINE('',#5429,#5430);
#5429 = CARTESIAN_POINT('',(133.1,-66.025,0.));
#5430 = VECTOR('',#5431,1.);
#5431 = DIRECTION('',(0.,0.,1.));
#5432 = ORIENTED_EDGE('',*,*,#2823,.T.);
#5433 = ORIENTED_EDGE('',*,*,#5434,.F.);
#5434 = EDGE_CURVE('',#1006,#2826,#5435,.T.);
#5435 = LINE('',#5436,#5437);
#5436 = CARTESIAN_POINT('',(132.7,-66.425,0.));
#5437 = VECTOR('',#5438,1.);
#5438 = DIRECTION('',(0.,0.,1.));
#5439 = ORIENTED_EDGE('',*,*,#1003,.F.);
#5440 = CYLINDRICAL_SURFACE('',#5441,0.399999018331);
#5441 = AXIS2_PLACEMENT_3D('',#5442,#5443,#5444);
#5442 = CARTESIAN_POINT('',(133.09999901833,-66.42499901833,0.));
#5443 = DIRECTION('',(-0.,-0.,-1.));
#5444 = DIRECTION('',(2.45418141034E-06,0.999999999997,-0.));
#5445 = ADVANCED_FACE('',(#5446),#5457,.T.);
#5446 = FACE_BOUND('',#5447,.T.);
#5447 = EDGE_LOOP('',(#5448,#5454,#5455,#5456));
#5448 = ORIENTED_EDGE('',*,*,#5449,.T.);
#5449 = EDGE_CURVE('',#1015,#2835,#5450,.T.);
#5450 = LINE('',#5451,#5452);
#5451 = CARTESIAN_POINT('',(146.3,-66.025,0.));
#5452 = VECTOR('',#5453,1.);
#5453 = DIRECTION('',(0.,0.,1.));
#5454 = ORIENTED_EDGE('',*,*,#2834,.T.);
#5455 = ORIENTED_EDGE('',*,*,#5427,.F.);
#5456 = ORIENTED_EDGE('',*,*,#1014,.F.);
#5457 = PLANE('',#5458);
#5458 = AXIS2_PLACEMENT_3D('',#5459,#5460,#5461);
#5459 = CARTESIAN_POINT('',(146.3,-66.025,0.));
#5460 = DIRECTION('',(0.,-1.,0.));
#5461 = DIRECTION('',(-1.,0.,0.));
#5462 = ADVANCED_FACE('',(#5463),#5474,.T.);
#5463 = FACE_BOUND('',#5464,.T.);
#5464 = EDGE_LOOP('',(#5465,#5466,#5467,#5473));
#5465 = ORIENTED_EDGE('',*,*,#5434,.T.);
#5466 = ORIENTED_EDGE('',*,*,#2885,.T.);
#5467 = ORIENTED_EDGE('',*,*,#5468,.F.);
#5468 = EDGE_CURVE('',#1057,#2877,#5469,.T.);
#5469 = LINE('',#5470,#5471);
#5470 = CARTESIAN_POINT('',(132.7,-79.625,0.));
#5471 = VECTOR('',#5472,1.);
#5472 = DIRECTION('',(0.,0.,1.));
#5473 = ORIENTED_EDGE('',*,*,#1065,.F.);
#5474 = PLANE('',#5475);
#5475 = AXIS2_PLACEMENT_3D('',#5476,#5477,#5478);
#5476 = CARTESIAN_POINT('',(132.7,-66.425,0.));
#5477 = DIRECTION('',(1.,0.,-0.));
#5478 = DIRECTION('',(0.,-1.,0.));
#5479 = ADVANCED_FACE('',(#5480),#5491,.F.);
#5480 = FACE_BOUND('',#5481,.T.);
#5481 = EDGE_LOOP('',(#5482,#5488,#5489,#5490));
#5482 = ORIENTED_EDGE('',*,*,#5483,.T.);
#5483 = EDGE_CURVE('',#1023,#2843,#5484,.T.);
#5484 = LINE('',#5485,#5486);
#5485 = CARTESIAN_POINT('',(146.7,-66.425,0.));
#5486 = VECTOR('',#5487,1.);
#5487 = DIRECTION('',(0.,0.,1.));
#5488 = ORIENTED_EDGE('',*,*,#2842,.T.);
#5489 = ORIENTED_EDGE('',*,*,#5449,.F.);
#5490 = ORIENTED_EDGE('',*,*,#1022,.F.);
#5491 = CYLINDRICAL_SURFACE('',#5492,0.399999018331);
#5492 = AXIS2_PLACEMENT_3D('',#5493,#5494,#5495);
#5493 = CARTESIAN_POINT('',(146.30000098167,-66.42499901833,0.));
#5494 = DIRECTION('',(-0.,-0.,-1.));
#5495 = DIRECTION('',(0.999999999997,-2.454181410341E-06,0.));
#5496 = ADVANCED_FACE('',(#5497),#5508,.F.);
#5497 = FACE_BOUND('',#5498,.T.);
#5498 = EDGE_LOOP('',(#5499,#5500,#5501,#5507));
#5499 = ORIENTED_EDGE('',*,*,#5468,.T.);
#5500 = ORIENTED_EDGE('',*,*,#2876,.T.);
#5501 = ORIENTED_EDGE('',*,*,#5502,.F.);
#5502 = EDGE_CURVE('',#1049,#2869,#5503,.T.);
#5503 = LINE('',#5504,#5505);
#5504 = CARTESIAN_POINT('',(133.1,-80.025,0.));
#5505 = VECTOR('',#5506,1.);
#5506 = DIRECTION('',(0.,0.,1.));
#5507 = ORIENTED_EDGE('',*,*,#1056,.F.);
#5508 = CYLINDRICAL_SURFACE('',#5509,0.399999018331);
#5509 = AXIS2_PLACEMENT_3D('',#5510,#5511,#5512);
#5510 = CARTESIAN_POINT('',(133.09999901833,-79.62500098167,0.));
#5511 = DIRECTION('',(-0.,-0.,-1.));
#5512 = DIRECTION('',(-0.999999999997,2.454181339286E-06,0.));
#5513 = ADVANCED_FACE('',(#5514),#5525,.T.);
#5514 = FACE_BOUND('',#5515,.T.);
#5515 = EDGE_LOOP('',(#5516,#5522,#5523,#5524));
#5516 = ORIENTED_EDGE('',*,*,#5517,.T.);
#5517 = EDGE_CURVE('',#1032,#2852,#5518,.T.);
#5518 = LINE('',#5519,#5520);
#5519 = CARTESIAN_POINT('',(146.7,-79.625,0.));
#5520 = VECTOR('',#5521,1.);
#5521 = DIRECTION('',(0.,0.,1.));
#5522 = ORIENTED_EDGE('',*,*,#2851,.T.);
#5523 = ORIENTED_EDGE('',*,*,#5483,.F.);
#5524 = ORIENTED_EDGE('',*,*,#1031,.F.);
#5525 = PLANE('',#5526);
#5526 = AXIS2_PLACEMENT_3D('',#5527,#5528,#5529);
#5527 = CARTESIAN_POINT('',(146.7,-79.625,0.));
#5528 = DIRECTION('',(-1.,0.,0.));
#5529 = DIRECTION('',(0.,1.,0.));
#5530 = ADVANCED_FACE('',(#5531),#5542,.T.);
#5531 = FACE_BOUND('',#5532,.T.);
#5532 = EDGE_LOOP('',(#5533,#5534,#5535,#5541));
#5533 = ORIENTED_EDGE('',*,*,#5502,.T.);
#5534 = ORIENTED_EDGE('',*,*,#2868,.T.);
#5535 = ORIENTED_EDGE('',*,*,#5536,.F.);
#5536 = EDGE_CURVE('',#1040,#2860,#5537,.T.);
#5537 = LINE('',#5538,#5539);
#5538 = CARTESIAN_POINT('',(146.3,-80.025,0.));
#5539 = VECTOR('',#5540,1.);
#5540 = DIRECTION('',(0.,0.,1.));
#5541 = ORIENTED_EDGE('',*,*,#1048,.F.);
#5542 = PLANE('',#5543);
#5543 = AXIS2_PLACEMENT_3D('',#5544,#5545,#5546);
#5544 = CARTESIAN_POINT('',(133.1,-80.025,0.));
#5545 = DIRECTION('',(0.,1.,0.));
#5546 = DIRECTION('',(1.,0.,0.));
#5547 = ADVANCED_FACE('',(#5548),#5554,.F.);
#5548 = FACE_BOUND('',#5549,.T.);
#5549 = EDGE_LOOP('',(#5550,#5551,#5552,#5553));
#5550 = ORIENTED_EDGE('',*,*,#5536,.T.);
#5551 = ORIENTED_EDGE('',*,*,#2859,.T.);
#5552 = ORIENTED_EDGE('',*,*,#5517,.F.);
#5553 = ORIENTED_EDGE('',*,*,#1039,.F.);
#5554 = CYLINDRICAL_SURFACE('',#5555,0.399999018331);
#5555 = AXIS2_PLACEMENT_3D('',#5556,#5557,#5558);
#5556 = CARTESIAN_POINT('',(146.30000098167,-79.62500098167,0.));
#5557 = DIRECTION('',(-0.,-0.,-1.));
#5558 = DIRECTION('',(-2.454181339286E-06,-0.999999999997,0.));
#5559 = ADVANCED_FACE('',(#5560),#5576,.F.);
#5560 = FACE_BOUND('',#5561,.T.);
#5561 = EDGE_LOOP('',(#5562,#5568,#5569,#5575));
#5562 = ORIENTED_EDGE('',*,*,#5563,.T.);
#5563 = EDGE_CURVE('',#1074,#2894,#5564,.T.);
#5564 = LINE('',#5565,#5566);
#5565 = CARTESIAN_POINT('',(28.325,-46.975,0.));
#5566 = VECTOR('',#5567,1.);
#5567 = DIRECTION('',(0.,0.,1.));
#5568 = ORIENTED_EDGE('',*,*,#2893,.T.);
#5569 = ORIENTED_EDGE('',*,*,#5570,.F.);
#5570 = EDGE_CURVE('',#1076,#2896,#5571,.T.);
#5571 = LINE('',#5572,#5573);
#5572 = CARTESIAN_POINT('',(27.925,-47.375,0.));
#5573 = VECTOR('',#5574,1.);
#5574 = DIRECTION('',(0.,0.,1.));
#5575 = ORIENTED_EDGE('',*,*,#1073,.F.);
#5576 = CYLINDRICAL_SURFACE('',#5577,0.399999018331);
#5577 = AXIS2_PLACEMENT_3D('',#5578,#5579,#5580);
#5578 = CARTESIAN_POINT('',(28.32499901833,-47.37499901833,0.));
#5579 = DIRECTION('',(-0.,-0.,-1.));
#5580 = DIRECTION('',(2.454181401459E-06,0.999999999997,-0.));
#5581 = ADVANCED_FACE('',(#5582),#5593,.T.);
#5582 = FACE_BOUND('',#5583,.T.);
#5583 = EDGE_LOOP('',(#5584,#5590,#5591,#5592));
#5584 = ORIENTED_EDGE('',*,*,#5585,.T.);
#5585 = EDGE_CURVE('',#1085,#2905,#5586,.T.);
#5586 = LINE('',#5587,#5588);
#5587 = CARTESIAN_POINT('',(41.525,-46.975,0.));
#5588 = VECTOR('',#5589,1.);
#5589 = DIRECTION('',(0.,0.,1.));
#5590 = ORIENTED_EDGE('',*,*,#2904,.T.);
#5591 = ORIENTED_EDGE('',*,*,#5563,.F.);
#5592 = ORIENTED_EDGE('',*,*,#1084,.F.);
#5593 = PLANE('',#5594);
#5594 = AXIS2_PLACEMENT_3D('',#5595,#5596,#5597);
#5595 = CARTESIAN_POINT('',(41.525,-46.975,0.));
#5596 = DIRECTION('',(0.,-1.,0.));
#5597 = DIRECTION('',(-1.,0.,0.));
#5598 = ADVANCED_FACE('',(#5599),#5610,.T.);
#5599 = FACE_BOUND('',#5600,.T.);
#5600 = EDGE_LOOP('',(#5601,#5602,#5603,#5609));
#5601 = ORIENTED_EDGE('',*,*,#5570,.T.);
#5602 = ORIENTED_EDGE('',*,*,#2955,.T.);
#5603 = ORIENTED_EDGE('',*,*,#5604,.F.);
#5604 = EDGE_CURVE('',#1127,#2947,#5605,.T.);
#5605 = LINE('',#5606,#5607);
#5606 = CARTESIAN_POINT('',(27.925,-60.575,0.));
#5607 = VECTOR('',#5608,1.);
#5608 = DIRECTION('',(0.,0.,1.));
#5609 = ORIENTED_EDGE('',*,*,#1135,.F.);
#5610 = PLANE('',#5611);
#5611 = AXIS2_PLACEMENT_3D('',#5612,#5613,#5614);
#5612 = CARTESIAN_POINT('',(27.925,-47.375,0.));
#5613 = DIRECTION('',(1.,0.,-0.));
#5614 = DIRECTION('',(0.,-1.,0.));
#5615 = ADVANCED_FACE('',(#5616),#5627,.F.);
#5616 = FACE_BOUND('',#5617,.T.);
#5617 = EDGE_LOOP('',(#5618,#5624,#5625,#5626));
#5618 = ORIENTED_EDGE('',*,*,#5619,.T.);
#5619 = EDGE_CURVE('',#1093,#2913,#5620,.T.);
#5620 = LINE('',#5621,#5622);
#5621 = CARTESIAN_POINT('',(41.925,-47.375,0.));
#5622 = VECTOR('',#5623,1.);
#5623 = DIRECTION('',(0.,0.,1.));
#5624 = ORIENTED_EDGE('',*,*,#2912,.T.);
#5625 = ORIENTED_EDGE('',*,*,#5585,.F.);
#5626 = ORIENTED_EDGE('',*,*,#1092,.F.);
#5627 = CYLINDRICAL_SURFACE('',#5628,0.399999018331);
#5628 = AXIS2_PLACEMENT_3D('',#5629,#5630,#5631);
#5629 = CARTESIAN_POINT('',(41.52500098167,-47.37499901833,0.));
#5630 = DIRECTION('',(-0.,-0.,-1.));
#5631 = DIRECTION('',(0.999999999997,-2.454181392577E-06,0.));
#5632 = ADVANCED_FACE('',(#5633),#5644,.F.);
#5633 = FACE_BOUND('',#5634,.T.);
#5634 = EDGE_LOOP('',(#5635,#5636,#5637,#5643));
#5635 = ORIENTED_EDGE('',*,*,#5604,.T.);
#5636 = ORIENTED_EDGE('',*,*,#2946,.T.);
#5637 = ORIENTED_EDGE('',*,*,#5638,.F.);
#5638 = EDGE_CURVE('',#1119,#2939,#5639,.T.);
#5639 = LINE('',#5640,#5641);
#5640 = CARTESIAN_POINT('',(28.325,-60.975,0.));
#5641 = VECTOR('',#5642,1.);
#5642 = DIRECTION('',(0.,0.,1.));
#5643 = ORIENTED_EDGE('',*,*,#1126,.F.);
#5644 = CYLINDRICAL_SURFACE('',#5645,0.399999018331);
#5645 = AXIS2_PLACEMENT_3D('',#5646,#5647,#5648);
#5646 = CARTESIAN_POINT('',(28.32499901833,-60.57500098167,0.));
#5647 = DIRECTION('',(-0.,-0.,-1.));
#5648 = DIRECTION('',(-0.999999999997,2.454181392577E-06,0.));
#5649 = ADVANCED_FACE('',(#5650),#5661,.T.);
#5650 = FACE_BOUND('',#5651,.T.);
#5651 = EDGE_LOOP('',(#5652,#5658,#5659,#5660));
#5652 = ORIENTED_EDGE('',*,*,#5653,.T.);
#5653 = EDGE_CURVE('',#1102,#2922,#5654,.T.);
#5654 = LINE('',#5655,#5656);
#5655 = CARTESIAN_POINT('',(41.925,-60.575,0.));
#5656 = VECTOR('',#5657,1.);
#5657 = DIRECTION('',(0.,0.,1.));
#5658 = ORIENTED_EDGE('',*,*,#2921,.T.);
#5659 = ORIENTED_EDGE('',*,*,#5619,.F.);
#5660 = ORIENTED_EDGE('',*,*,#1101,.F.);
#5661 = PLANE('',#5662);
#5662 = AXIS2_PLACEMENT_3D('',#5663,#5664,#5665);
#5663 = CARTESIAN_POINT('',(41.925,-60.575,0.));
#5664 = DIRECTION('',(-1.,0.,0.));
#5665 = DIRECTION('',(0.,1.,0.));
#5666 = ADVANCED_FACE('',(#5667),#5678,.T.);
#5667 = FACE_BOUND('',#5668,.T.);
#5668 = EDGE_LOOP('',(#5669,#5670,#5671,#5677));
#5669 = ORIENTED_EDGE('',*,*,#5638,.T.);
#5670 = ORIENTED_EDGE('',*,*,#2938,.T.);
#5671 = ORIENTED_EDGE('',*,*,#5672,.F.);
#5672 = EDGE_CURVE('',#1110,#2930,#5673,.T.);
#5673 = LINE('',#5674,#5675);
#5674 = CARTESIAN_POINT('',(41.525,-60.975,0.));
#5675 = VECTOR('',#5676,1.);
#5676 = DIRECTION('',(0.,0.,1.));
#5677 = ORIENTED_EDGE('',*,*,#1118,.F.);
#5678 = PLANE('',#5679);
#5679 = AXIS2_PLACEMENT_3D('',#5680,#5681,#5682);
#5680 = CARTESIAN_POINT('',(28.325,-60.975,0.));
#5681 = DIRECTION('',(0.,1.,0.));
#5682 = DIRECTION('',(1.,0.,0.));
#5683 = ADVANCED_FACE('',(#5684),#5690,.F.);
#5684 = FACE_BOUND('',#5685,.T.);
#5685 = EDGE_LOOP('',(#5686,#5687,#5688,#5689));
#5686 = ORIENTED_EDGE('',*,*,#5672,.T.);
#5687 = ORIENTED_EDGE('',*,*,#2929,.T.);
#5688 = ORIENTED_EDGE('',*,*,#5653,.F.);
#5689 = ORIENTED_EDGE('',*,*,#1109,.F.);
#5690 = CYLINDRICAL_SURFACE('',#5691,0.399999018331);
#5691 = AXIS2_PLACEMENT_3D('',#5692,#5693,#5694);
#5692 = CARTESIAN_POINT('',(41.52500098167,-60.57500098167,0.));
#5693 = DIRECTION('',(-0.,-0.,-1.));
#5694 = DIRECTION('',(-2.454181392577E-06,-0.999999999997,0.));
#5695 = ADVANCED_FACE('',(#5696),#5712,.F.);
#5696 = FACE_BOUND('',#5697,.T.);
#5697 = EDGE_LOOP('',(#5698,#5704,#5705,#5711));
#5698 = ORIENTED_EDGE('',*,*,#5699,.T.);
#5699 = EDGE_CURVE('',#1144,#2964,#5700,.T.);
#5700 = LINE('',#5701,#5702);
#5701 = CARTESIAN_POINT('',(47.375,-46.975,0.));
#5702 = VECTOR('',#5703,1.);
#5703 = DIRECTION('',(0.,0.,1.));
#5704 = ORIENTED_EDGE('',*,*,#2963,.T.);
#5705 = ORIENTED_EDGE('',*,*,#5706,.F.);
#5706 = EDGE_CURVE('',#1146,#2966,#5707,.T.);
#5707 = LINE('',#5708,#5709);
#5708 = CARTESIAN_POINT('',(46.975,-47.375,0.));
#5709 = VECTOR('',#5710,1.);
#5710 = DIRECTION('',(0.,0.,1.));
#5711 = ORIENTED_EDGE('',*,*,#1143,.F.);
#5712 = CYLINDRICAL_SURFACE('',#5713,0.399999018331);
#5713 = AXIS2_PLACEMENT_3D('',#5714,#5715,#5716);
#5714 = CARTESIAN_POINT('',(47.37499901833,-47.37499901833,0.));
#5715 = DIRECTION('',(-0.,-0.,-1.));
#5716 = DIRECTION('',(2.454181410341E-06,0.999999999997,-0.));
#5717 = ADVANCED_FACE('',(#5718),#5729,.T.);
#5718 = FACE_BOUND('',#5719,.T.);
#5719 = EDGE_LOOP('',(#5720,#5726,#5727,#5728));
#5720 = ORIENTED_EDGE('',*,*,#5721,.T.);
#5721 = EDGE_CURVE('',#1155,#2975,#5722,.T.);
#5722 = LINE('',#5723,#5724);
#5723 = CARTESIAN_POINT('',(60.575,-46.975,0.));
#5724 = VECTOR('',#5725,1.);
#5725 = DIRECTION('',(0.,0.,1.));
#5726 = ORIENTED_EDGE('',*,*,#2974,.T.);
#5727 = ORIENTED_EDGE('',*,*,#5699,.F.);
#5728 = ORIENTED_EDGE('',*,*,#1154,.F.);
#5729 = PLANE('',#5730);
#5730 = AXIS2_PLACEMENT_3D('',#5731,#5732,#5733);
#5731 = CARTESIAN_POINT('',(60.575,-46.975,0.));
#5732 = DIRECTION('',(0.,-1.,0.));
#5733 = DIRECTION('',(-1.,0.,0.));
#5734 = ADVANCED_FACE('',(#5735),#5746,.T.);
#5735 = FACE_BOUND('',#5736,.T.);
#5736 = EDGE_LOOP('',(#5737,#5738,#5739,#5745));
#5737 = ORIENTED_EDGE('',*,*,#5706,.T.);
#5738 = ORIENTED_EDGE('',*,*,#3025,.T.);
#5739 = ORIENTED_EDGE('',*,*,#5740,.F.);
#5740 = EDGE_CURVE('',#1197,#3017,#5741,.T.);
#5741 = LINE('',#5742,#5743);
#5742 = CARTESIAN_POINT('',(46.975,-60.575,0.));
#5743 = VECTOR('',#5744,1.);
#5744 = DIRECTION('',(0.,0.,1.));
#5745 = ORIENTED_EDGE('',*,*,#1205,.F.);
#5746 = PLANE('',#5747);
#5747 = AXIS2_PLACEMENT_3D('',#5748,#5749,#5750);
#5748 = CARTESIAN_POINT('',(46.975,-47.375,0.));
#5749 = DIRECTION('',(1.,0.,-0.));
#5750 = DIRECTION('',(0.,-1.,0.));
#5751 = ADVANCED_FACE('',(#5752),#5763,.F.);
#5752 = FACE_BOUND('',#5753,.T.);
#5753 = EDGE_LOOP('',(#5754,#5760,#5761,#5762));
#5754 = ORIENTED_EDGE('',*,*,#5755,.T.);
#5755 = EDGE_CURVE('',#1163,#2983,#5756,.T.);
#5756 = LINE('',#5757,#5758);
#5757 = CARTESIAN_POINT('',(60.975,-47.375,0.));
#5758 = VECTOR('',#5759,1.);
#5759 = DIRECTION('',(0.,0.,1.));
#5760 = ORIENTED_EDGE('',*,*,#2982,.T.);
#5761 = ORIENTED_EDGE('',*,*,#5721,.F.);
#5762 = ORIENTED_EDGE('',*,*,#1162,.F.);
#5763 = CYLINDRICAL_SURFACE('',#5764,0.399999018331);
#5764 = AXIS2_PLACEMENT_3D('',#5765,#5766,#5767);
#5765 = CARTESIAN_POINT('',(60.57500098167,-47.37499901833,0.));
#5766 = DIRECTION('',(-0.,-0.,-1.));
#5767 = DIRECTION('',(0.999999999997,-2.454181410341E-06,0.));
#5768 = ADVANCED_FACE('',(#5769),#5780,.F.);
#5769 = FACE_BOUND('',#5770,.T.);
#5770 = EDGE_LOOP('',(#5771,#5772,#5773,#5779));
#5771 = ORIENTED_EDGE('',*,*,#5740,.T.);
#5772 = ORIENTED_EDGE('',*,*,#3016,.T.);
#5773 = ORIENTED_EDGE('',*,*,#5774,.F.);
#5774 = EDGE_CURVE('',#1189,#3009,#5775,.T.);
#5775 = LINE('',#5776,#5777);
#5776 = CARTESIAN_POINT('',(47.375,-60.975,0.));
#5777 = VECTOR('',#5778,1.);
#5778 = DIRECTION('',(0.,0.,1.));
#5779 = ORIENTED_EDGE('',*,*,#1196,.F.);
#5780 = CYLINDRICAL_SURFACE('',#5781,0.399999018331);
#5781 = AXIS2_PLACEMENT_3D('',#5782,#5783,#5784);
#5782 = CARTESIAN_POINT('',(47.37499901833,-60.57500098167,0.));
#5783 = DIRECTION('',(-0.,-0.,-1.));
#5784 = DIRECTION('',(-0.999999999997,2.454181410341E-06,0.));
#5785 = ADVANCED_FACE('',(#5786),#5797,.T.);
#5786 = FACE_BOUND('',#5787,.T.);
#5787 = EDGE_LOOP('',(#5788,#5794,#5795,#5796));
#5788 = ORIENTED_EDGE('',*,*,#5789,.T.);
#5789 = EDGE_CURVE('',#1172,#2992,#5790,.T.);
#5790 = LINE('',#5791,#5792);
#5791 = CARTESIAN_POINT('',(60.975,-60.575,0.));
#5792 = VECTOR('',#5793,1.);
#5793 = DIRECTION('',(0.,0.,1.));
#5794 = ORIENTED_EDGE('',*,*,#2991,.T.);
#5795 = ORIENTED_EDGE('',*,*,#5755,.F.);
#5796 = ORIENTED_EDGE('',*,*,#1171,.F.);
#5797 = PLANE('',#5798);
#5798 = AXIS2_PLACEMENT_3D('',#5799,#5800,#5801);
#5799 = CARTESIAN_POINT('',(60.975,-60.575,0.));
#5800 = DIRECTION('',(-1.,0.,0.));
#5801 = DIRECTION('',(0.,1.,0.));
#5802 = ADVANCED_FACE('',(#5803),#5814,.T.);
#5803 = FACE_BOUND('',#5804,.T.);
#5804 = EDGE_LOOP('',(#5805,#5806,#5807,#5813));
#5805 = ORIENTED_EDGE('',*,*,#5774,.T.);
#5806 = ORIENTED_EDGE('',*,*,#3008,.T.);
#5807 = ORIENTED_EDGE('',*,*,#5808,.F.);
#5808 = EDGE_CURVE('',#1180,#3000,#5809,.T.);
#5809 = LINE('',#5810,#5811);
#5810 = CARTESIAN_POINT('',(60.575,-60.975,0.));
#5811 = VECTOR('',#5812,1.);
#5812 = DIRECTION('',(0.,0.,1.));
#5813 = ORIENTED_EDGE('',*,*,#1188,.F.);
#5814 = PLANE('',#5815);
#5815 = AXIS2_PLACEMENT_3D('',#5816,#5817,#5818);
#5816 = CARTESIAN_POINT('',(47.375,-60.975,0.));
#5817 = DIRECTION('',(0.,1.,0.));
#5818 = DIRECTION('',(1.,0.,0.));
#5819 = ADVANCED_FACE('',(#5820),#5826,.F.);
#5820 = FACE_BOUND('',#5821,.T.);
#5821 = EDGE_LOOP('',(#5822,#5823,#5824,#5825));
#5822 = ORIENTED_EDGE('',*,*,#5808,.T.);
#5823 = ORIENTED_EDGE('',*,*,#2999,.T.);
#5824 = ORIENTED_EDGE('',*,*,#5789,.F.);
#5825 = ORIENTED_EDGE('',*,*,#1179,.F.);
#5826 = CYLINDRICAL_SURFACE('',#5827,0.399999018331);
#5827 = AXIS2_PLACEMENT_3D('',#5828,#5829,#5830);
#5828 = CARTESIAN_POINT('',(60.57500098167,-60.57500098167,0.));
#5829 = DIRECTION('',(-0.,-0.,-1.));
#5830 = DIRECTION('',(-2.454181410341E-06,-0.999999999997,0.));
#5831 = ADVANCED_FACE('',(#5832),#5848,.F.);
#5832 = FACE_BOUND('',#5833,.T.);
#5833 = EDGE_LOOP('',(#5834,#5840,#5841,#5847));
#5834 = ORIENTED_EDGE('',*,*,#5835,.T.);
#5835 = EDGE_CURVE('',#1214,#3034,#5836,.T.);
#5836 = LINE('',#5837,#5838);
#5837 = CARTESIAN_POINT('',(66.425,-46.975,0.));
#5838 = VECTOR('',#5839,1.);
#5839 = DIRECTION('',(0.,0.,1.));
#5840 = ORIENTED_EDGE('',*,*,#3033,.T.);
#5841 = ORIENTED_EDGE('',*,*,#5842,.F.);
#5842 = EDGE_CURVE('',#1216,#3036,#5843,.T.);
#5843 = LINE('',#5844,#5845);
#5844 = CARTESIAN_POINT('',(66.025,-47.375,0.));
#5845 = VECTOR('',#5846,1.);
#5846 = DIRECTION('',(0.,0.,1.));
#5847 = ORIENTED_EDGE('',*,*,#1213,.F.);
#5848 = CYLINDRICAL_SURFACE('',#5849,0.399999018331);
#5849 = AXIS2_PLACEMENT_3D('',#5850,#5851,#5852);
#5850 = CARTESIAN_POINT('',(66.42499901833,-47.37499901833,0.));
#5851 = DIRECTION('',(-0.,-0.,-1.));
#5852 = DIRECTION('',(2.454181410341E-06,0.999999999997,-0.));
#5853 = ADVANCED_FACE('',(#5854),#5865,.T.);
#5854 = FACE_BOUND('',#5855,.T.);
#5855 = EDGE_LOOP('',(#5856,#5862,#5863,#5864));
#5856 = ORIENTED_EDGE('',*,*,#5857,.T.);
#5857 = EDGE_CURVE('',#1225,#3045,#5858,.T.);
#5858 = LINE('',#5859,#5860);
#5859 = CARTESIAN_POINT('',(79.625,-46.975,0.));
#5860 = VECTOR('',#5861,1.);
#5861 = DIRECTION('',(0.,0.,1.));
#5862 = ORIENTED_EDGE('',*,*,#3044,.T.);
#5863 = ORIENTED_EDGE('',*,*,#5835,.F.);
#5864 = ORIENTED_EDGE('',*,*,#1224,.F.);
#5865 = PLANE('',#5866);
#5866 = AXIS2_PLACEMENT_3D('',#5867,#5868,#5869);
#5867 = CARTESIAN_POINT('',(79.625,-46.975,0.));
#5868 = DIRECTION('',(0.,-1.,0.));
#5869 = DIRECTION('',(-1.,0.,0.));
#5870 = ADVANCED_FACE('',(#5871),#5882,.T.);
#5871 = FACE_BOUND('',#5872,.T.);
#5872 = EDGE_LOOP('',(#5873,#5874,#5875,#5881));
#5873 = ORIENTED_EDGE('',*,*,#5842,.T.);
#5874 = ORIENTED_EDGE('',*,*,#3095,.T.);
#5875 = ORIENTED_EDGE('',*,*,#5876,.F.);
#5876 = EDGE_CURVE('',#1267,#3087,#5877,.T.);
#5877 = LINE('',#5878,#5879);
#5878 = CARTESIAN_POINT('',(66.025,-60.575,0.));
#5879 = VECTOR('',#5880,1.);
#5880 = DIRECTION('',(0.,0.,1.));
#5881 = ORIENTED_EDGE('',*,*,#1275,.F.);
#5882 = PLANE('',#5883);
#5883 = AXIS2_PLACEMENT_3D('',#5884,#5885,#5886);
#5884 = CARTESIAN_POINT('',(66.025,-47.375,0.));
#5885 = DIRECTION('',(1.,0.,-0.));
#5886 = DIRECTION('',(0.,-1.,0.));
#5887 = ADVANCED_FACE('',(#5888),#5899,.F.);
#5888 = FACE_BOUND('',#5889,.T.);
#5889 = EDGE_LOOP('',(#5890,#5896,#5897,#5898));
#5890 = ORIENTED_EDGE('',*,*,#5891,.T.);
#5891 = EDGE_CURVE('',#1233,#3053,#5892,.T.);
#5892 = LINE('',#5893,#5894);
#5893 = CARTESIAN_POINT('',(80.025,-47.375,0.));
#5894 = VECTOR('',#5895,1.);
#5895 = DIRECTION('',(0.,0.,1.));
#5896 = ORIENTED_EDGE('',*,*,#3052,.T.);
#5897 = ORIENTED_EDGE('',*,*,#5857,.F.);
#5898 = ORIENTED_EDGE('',*,*,#1232,.F.);
#5899 = CYLINDRICAL_SURFACE('',#5900,0.399999018331);
#5900 = AXIS2_PLACEMENT_3D('',#5901,#5902,#5903);
#5901 = CARTESIAN_POINT('',(79.62500098167,-47.37499901833,0.));
#5902 = DIRECTION('',(-0.,-0.,-1.));
#5903 = DIRECTION('',(0.999999999997,-2.454181392577E-06,0.));
#5904 = ADVANCED_FACE('',(#5905),#5916,.F.);
#5905 = FACE_BOUND('',#5906,.T.);
#5906 = EDGE_LOOP('',(#5907,#5908,#5909,#5915));
#5907 = ORIENTED_EDGE('',*,*,#5876,.T.);
#5908 = ORIENTED_EDGE('',*,*,#3086,.T.);
#5909 = ORIENTED_EDGE('',*,*,#5910,.F.);
#5910 = EDGE_CURVE('',#1259,#3079,#5911,.T.);
#5911 = LINE('',#5912,#5913);
#5912 = CARTESIAN_POINT('',(66.425,-60.975,0.));
#5913 = VECTOR('',#5914,1.);
#5914 = DIRECTION('',(0.,0.,1.));
#5915 = ORIENTED_EDGE('',*,*,#1266,.F.);
#5916 = CYLINDRICAL_SURFACE('',#5917,0.399999018331);
#5917 = AXIS2_PLACEMENT_3D('',#5918,#5919,#5920);
#5918 = CARTESIAN_POINT('',(66.42499901833,-60.57500098167,0.));
#5919 = DIRECTION('',(-0.,-0.,-1.));
#5920 = DIRECTION('',(-0.999999999997,2.454181428104E-06,0.));
#5921 = ADVANCED_FACE('',(#5922),#5933,.T.);
#5922 = FACE_BOUND('',#5923,.T.);
#5923 = EDGE_LOOP('',(#5924,#5930,#5931,#5932));
#5924 = ORIENTED_EDGE('',*,*,#5925,.T.);
#5925 = EDGE_CURVE('',#1242,#3062,#5926,.T.);
#5926 = LINE('',#5927,#5928);
#5927 = CARTESIAN_POINT('',(80.025,-60.575,0.));
#5928 = VECTOR('',#5929,1.);
#5929 = DIRECTION('',(0.,0.,1.));
#5930 = ORIENTED_EDGE('',*,*,#3061,.T.);
#5931 = ORIENTED_EDGE('',*,*,#5891,.F.);
#5932 = ORIENTED_EDGE('',*,*,#1241,.F.);
#5933 = PLANE('',#5934);
#5934 = AXIS2_PLACEMENT_3D('',#5935,#5936,#5937);
#5935 = CARTESIAN_POINT('',(80.025,-60.575,0.));
#5936 = DIRECTION('',(-1.,0.,0.));
#5937 = DIRECTION('',(0.,1.,0.));
#5938 = ADVANCED_FACE('',(#5939),#5950,.T.);
#5939 = FACE_BOUND('',#5940,.T.);
#5940 = EDGE_LOOP('',(#5941,#5942,#5943,#5949));
#5941 = ORIENTED_EDGE('',*,*,#5910,.T.);
#5942 = ORIENTED_EDGE('',*,*,#3078,.T.);
#5943 = ORIENTED_EDGE('',*,*,#5944,.F.);
#5944 = EDGE_CURVE('',#1250,#3070,#5945,.T.);
#5945 = LINE('',#5946,#5947);
#5946 = CARTESIAN_POINT('',(79.625,-60.975,0.));
#5947 = VECTOR('',#5948,1.);
#5948 = DIRECTION('',(0.,0.,1.));
#5949 = ORIENTED_EDGE('',*,*,#1258,.F.);
#5950 = PLANE('',#5951);
#5951 = AXIS2_PLACEMENT_3D('',#5952,#5953,#5954);
#5952 = CARTESIAN_POINT('',(66.425,-60.975,0.));
#5953 = DIRECTION('',(0.,1.,0.));
#5954 = DIRECTION('',(1.,0.,0.));
#5955 = ADVANCED_FACE('',(#5956),#5962,.F.);
#5956 = FACE_BOUND('',#5957,.T.);
#5957 = EDGE_LOOP('',(#5958,#5959,#5960,#5961));
#5958 = ORIENTED_EDGE('',*,*,#5944,.T.);
#5959 = ORIENTED_EDGE('',*,*,#3069,.T.);
#5960 = ORIENTED_EDGE('',*,*,#5925,.F.);
#5961 = ORIENTED_EDGE('',*,*,#1249,.F.);
#5962 = CYLINDRICAL_SURFACE('',#5963,0.399999018331);
#5963 = AXIS2_PLACEMENT_3D('',#5964,#5965,#5966);
#5964 = CARTESIAN_POINT('',(79.62500098167,-60.57500098167,0.));
#5965 = DIRECTION('',(-0.,-0.,-1.));
#5966 = DIRECTION('',(-2.454181410341E-06,-0.999999999997,0.));
#5967 = ADVANCED_FACE('',(#5968),#5979,.F.);
#5968 = FACE_BOUND('',#5969,.T.);
#5969 = EDGE_LOOP('',(#5970,#5971,#5977,#5978));
#5970 = ORIENTED_EDGE('',*,*,#1283,.T.);
#5971 = ORIENTED_EDGE('',*,*,#5972,.T.);
#5972 = EDGE_CURVE('',#1284,#3104,#5973,.T.);
#5973 = LINE('',#5974,#5975);
#5974 = CARTESIAN_POINT('',(44.45,-46.534095,-4.6E-02));
#5975 = VECTOR('',#5976,1.);
#5976 = DIRECTION('',(0.,0.,1.));
#5977 = ORIENTED_EDGE('',*,*,#3103,.F.);
#5978 = ORIENTED_EDGE('',*,*,#5972,.F.);
#5979 = CYLINDRICAL_SURFACE('',#5980,1.35);
#5980 = AXIS2_PLACEMENT_3D('',#5981,#5982,#5983);
#5981 = CARTESIAN_POINT('',(44.45,-45.184095,-4.6E-02));
#5982 = DIRECTION('',(-0.,-0.,-1.));
#5983 = DIRECTION('',(-0.,-1.,0.));
#5984 = ADVANCED_FACE('',(#5985),#5996,.F.);
#5985 = FACE_BOUND('',#5986,.T.);
#5986 = EDGE_LOOP('',(#5987,#5988,#5994,#5995));
#5987 = ORIENTED_EDGE('',*,*,#1294,.T.);
#5988 = ORIENTED_EDGE('',*,*,#5989,.T.);
#5989 = EDGE_CURVE('',#1295,#3115,#5990,.T.);
#5990 = LINE('',#5991,#5992);
#5991 = CARTESIAN_POINT('',(53.975,-45.065905,-4.6E-02));
#5992 = VECTOR('',#5993,1.);
#5993 = DIRECTION('',(0.,0.,1.));
#5994 = ORIENTED_EDGE('',*,*,#3114,.F.);
#5995 = ORIENTED_EDGE('',*,*,#5989,.F.);
#5996 = CYLINDRICAL_SURFACE('',#5997,1.35);
#5997 = AXIS2_PLACEMENT_3D('',#5998,#5999,#6000);
#5998 = CARTESIAN_POINT('',(53.975,-43.715905,-4.6E-02));
#5999 = DIRECTION('',(-0.,-0.,-1.));
#6000 = DIRECTION('',(-0.,-1.,0.));
#6001 = ADVANCED_FACE('',(#6002),#6018,.F.);
#6002 = FACE_BOUND('',#6003,.T.);
#6003 = EDGE_LOOP('',(#6004,#6010,#6011,#6017));
#6004 = ORIENTED_EDGE('',*,*,#6005,.T.);
#6005 = EDGE_CURVE('',#1306,#3126,#6006,.T.);
#6006 = LINE('',#6007,#6008);
#6007 = CARTESIAN_POINT('',(37.85,-27.925,0.));
#6008 = VECTOR('',#6009,1.);
#6009 = DIRECTION('',(0.,0.,1.));
#6010 = ORIENTED_EDGE('',*,*,#3125,.T.);
#6011 = ORIENTED_EDGE('',*,*,#6012,.F.);
#6012 = EDGE_CURVE('',#1308,#3128,#6013,.T.);
#6013 = LINE('',#6014,#6015);
#6014 = CARTESIAN_POINT('',(37.45,-28.325,0.));
#6015 = VECTOR('',#6016,1.);
#6016 = DIRECTION('',(0.,0.,1.));
#6017 = ORIENTED_EDGE('',*,*,#1305,.F.);
#6018 = CYLINDRICAL_SURFACE('',#6019,0.399999018331);
#6019 = AXIS2_PLACEMENT_3D('',#6020,#6021,#6022);
#6020 = CARTESIAN_POINT('',(37.84999901833,-28.32499901833,0.));
#6021 = DIRECTION('',(-0.,-0.,-1.));
#6022 = DIRECTION('',(2.454181392577E-06,0.999999999997,-0.));
#6023 = ADVANCED_FACE('',(#6024),#6035,.T.);
#6024 = FACE_BOUND('',#6025,.T.);
#6025 = EDGE_LOOP('',(#6026,#6032,#6033,#6034));
#6026 = ORIENTED_EDGE('',*,*,#6027,.T.);
#6027 = EDGE_CURVE('',#1317,#3137,#6028,.T.);
#6028 = LINE('',#6029,#6030);
#6029 = CARTESIAN_POINT('',(51.05,-27.925,0.));
#6030 = VECTOR('',#6031,1.);
#6031 = DIRECTION('',(0.,0.,1.));
#6032 = ORIENTED_EDGE('',*,*,#3136,.T.);
#6033 = ORIENTED_EDGE('',*,*,#6005,.F.);
#6034 = ORIENTED_EDGE('',*,*,#1316,.F.);
#6035 = PLANE('',#6036);
#6036 = AXIS2_PLACEMENT_3D('',#6037,#6038,#6039);
#6037 = CARTESIAN_POINT('',(51.05,-27.925,0.));
#6038 = DIRECTION('',(0.,-1.,0.));
#6039 = DIRECTION('',(-1.,0.,0.));
#6040 = ADVANCED_FACE('',(#6041),#6052,.T.);
#6041 = FACE_BOUND('',#6042,.T.);
#6042 = EDGE_LOOP('',(#6043,#6044,#6045,#6051));
#6043 = ORIENTED_EDGE('',*,*,#6012,.T.);
#6044 = ORIENTED_EDGE('',*,*,#3187,.T.);
#6045 = ORIENTED_EDGE('',*,*,#6046,.F.);
#6046 = EDGE_CURVE('',#1359,#3179,#6047,.T.);
#6047 = LINE('',#6048,#6049);
#6048 = CARTESIAN_POINT('',(37.45,-41.525,0.));
#6049 = VECTOR('',#6050,1.);
#6050 = DIRECTION('',(0.,0.,1.));
#6051 = ORIENTED_EDGE('',*,*,#1367,.F.);
#6052 = PLANE('',#6053);
#6053 = AXIS2_PLACEMENT_3D('',#6054,#6055,#6056);
#6054 = CARTESIAN_POINT('',(37.45,-28.325,0.));
#6055 = DIRECTION('',(1.,0.,-0.));
#6056 = DIRECTION('',(0.,-1.,0.));
#6057 = ADVANCED_FACE('',(#6058),#6069,.F.);
#6058 = FACE_BOUND('',#6059,.T.);
#6059 = EDGE_LOOP('',(#6060,#6066,#6067,#6068));
#6060 = ORIENTED_EDGE('',*,*,#6061,.T.);
#6061 = EDGE_CURVE('',#1325,#3145,#6062,.T.);
#6062 = LINE('',#6063,#6064);
#6063 = CARTESIAN_POINT('',(51.45,-28.325,0.));
#6064 = VECTOR('',#6065,1.);
#6065 = DIRECTION('',(0.,0.,1.));
#6066 = ORIENTED_EDGE('',*,*,#3144,.T.);
#6067 = ORIENTED_EDGE('',*,*,#6027,.F.);
#6068 = ORIENTED_EDGE('',*,*,#1324,.F.);
#6069 = CYLINDRICAL_SURFACE('',#6070,0.399999018331);
#6070 = AXIS2_PLACEMENT_3D('',#6071,#6072,#6073);
#6071 = CARTESIAN_POINT('',(51.05000098167,-28.32499901833,0.));
#6072 = DIRECTION('',(-0.,-0.,-1.));
#6073 = DIRECTION('',(0.999999999997,-2.454181365931E-06,0.));
#6074 = ADVANCED_FACE('',(#6075),#6086,.F.);
#6075 = FACE_BOUND('',#6076,.T.);
#6076 = EDGE_LOOP('',(#6077,#6078,#6079,#6085));
#6077 = ORIENTED_EDGE('',*,*,#6046,.T.);
#6078 = ORIENTED_EDGE('',*,*,#3178,.T.);
#6079 = ORIENTED_EDGE('',*,*,#6080,.F.);
#6080 = EDGE_CURVE('',#1351,#3171,#6081,.T.);
#6081 = LINE('',#6082,#6083);
#6082 = CARTESIAN_POINT('',(37.85,-41.925,0.));
#6083 = VECTOR('',#6084,1.);
#6084 = DIRECTION('',(0.,0.,1.));
#6085 = ORIENTED_EDGE('',*,*,#1358,.F.);
#6086 = CYLINDRICAL_SURFACE('',#6087,0.399999018331);
#6087 = AXIS2_PLACEMENT_3D('',#6088,#6089,#6090);
#6088 = CARTESIAN_POINT('',(37.84999901833,-41.52500098167,0.));
#6089 = DIRECTION('',(-0.,-0.,-1.));
#6090 = DIRECTION('',(-0.999999999997,2.454181392577E-06,0.));
#6091 = ADVANCED_FACE('',(#6092),#6103,.T.);
#6092 = FACE_BOUND('',#6093,.T.);
#6093 = EDGE_LOOP('',(#6094,#6100,#6101,#6102));
#6094 = ORIENTED_EDGE('',*,*,#6095,.T.);
#6095 = EDGE_CURVE('',#1334,#3154,#6096,.T.);
#6096 = LINE('',#6097,#6098);
#6097 = CARTESIAN_POINT('',(51.45,-41.525,0.));
#6098 = VECTOR('',#6099,1.);
#6099 = DIRECTION('',(0.,0.,1.));
#6100 = ORIENTED_EDGE('',*,*,#3153,.T.);
#6101 = ORIENTED_EDGE('',*,*,#6061,.F.);
#6102 = ORIENTED_EDGE('',*,*,#1333,.F.);
#6103 = PLANE('',#6104);
#6104 = AXIS2_PLACEMENT_3D('',#6105,#6106,#6107);
#6105 = CARTESIAN_POINT('',(51.45,-41.525,0.));
#6106 = DIRECTION('',(-1.,0.,0.));
#6107 = DIRECTION('',(0.,1.,0.));
#6108 = ADVANCED_FACE('',(#6109),#6120,.T.);
#6109 = FACE_BOUND('',#6110,.T.);
#6110 = EDGE_LOOP('',(#6111,#6112,#6113,#6119));
#6111 = ORIENTED_EDGE('',*,*,#6080,.T.);
#6112 = ORIENTED_EDGE('',*,*,#3170,.T.);
#6113 = ORIENTED_EDGE('',*,*,#6114,.F.);
#6114 = EDGE_CURVE('',#1342,#3162,#6115,.T.);
#6115 = LINE('',#6116,#6117);
#6116 = CARTESIAN_POINT('',(51.05,-41.925,0.));
#6117 = VECTOR('',#6118,1.);
#6118 = DIRECTION('',(0.,0.,1.));
#6119 = ORIENTED_EDGE('',*,*,#1350,.F.);
#6120 = PLANE('',#6121);
#6121 = AXIS2_PLACEMENT_3D('',#6122,#6123,#6124);
#6122 = CARTESIAN_POINT('',(37.85,-41.925,0.));
#6123 = DIRECTION('',(0.,1.,0.));
#6124 = DIRECTION('',(1.,0.,0.));
#6125 = ADVANCED_FACE('',(#6126),#6132,.F.);
#6126 = FACE_BOUND('',#6127,.T.);
#6127 = EDGE_LOOP('',(#6128,#6129,#6130,#6131));
#6128 = ORIENTED_EDGE('',*,*,#6114,.T.);
#6129 = ORIENTED_EDGE('',*,*,#3161,.T.);
#6130 = ORIENTED_EDGE('',*,*,#6095,.F.);
#6131 = ORIENTED_EDGE('',*,*,#1341,.F.);
#6132 = CYLINDRICAL_SURFACE('',#6133,0.399999018331);
#6133 = AXIS2_PLACEMENT_3D('',#6134,#6135,#6136);
#6134 = CARTESIAN_POINT('',(51.05000098167,-41.52500098167,0.));
#6135 = DIRECTION('',(-0.,-0.,-1.));
#6136 = DIRECTION('',(-2.454181374813E-06,-0.999999999997,0.));
#6137 = ADVANCED_FACE('',(#6138),#6154,.F.);
#6138 = FACE_BOUND('',#6139,.T.);
#6139 = EDGE_LOOP('',(#6140,#6146,#6147,#6153));
#6140 = ORIENTED_EDGE('',*,*,#6141,.T.);
#6141 = EDGE_CURVE('',#1376,#3196,#6142,.T.);
#6142 = LINE('',#6143,#6144);
#6143 = CARTESIAN_POINT('',(56.9,-27.925,0.));
#6144 = VECTOR('',#6145,1.);
#6145 = DIRECTION('',(0.,0.,1.));
#6146 = ORIENTED_EDGE('',*,*,#3195,.T.);
#6147 = ORIENTED_EDGE('',*,*,#6148,.F.);
#6148 = EDGE_CURVE('',#1378,#3198,#6149,.T.);
#6149 = LINE('',#6150,#6151);
#6150 = CARTESIAN_POINT('',(56.5,-28.325,0.));
#6151 = VECTOR('',#6152,1.);
#6152 = DIRECTION('',(0.,0.,1.));
#6153 = ORIENTED_EDGE('',*,*,#1375,.F.);
#6154 = CYLINDRICAL_SURFACE('',#6155,0.399999018331);
#6155 = AXIS2_PLACEMENT_3D('',#6156,#6157,#6158);
#6156 = CARTESIAN_POINT('',(56.89999901833,-28.32499901833,0.));
#6157 = DIRECTION('',(-0.,-0.,-1.));
#6158 = DIRECTION('',(2.454181392577E-06,0.999999999997,-0.));
#6159 = ADVANCED_FACE('',(#6160),#6171,.T.);
#6160 = FACE_BOUND('',#6161,.T.);
#6161 = EDGE_LOOP('',(#6162,#6168,#6169,#6170));
#6162 = ORIENTED_EDGE('',*,*,#6163,.T.);
#6163 = EDGE_CURVE('',#1387,#3207,#6164,.T.);
#6164 = LINE('',#6165,#6166);
#6165 = CARTESIAN_POINT('',(70.1,-27.925,0.));
#6166 = VECTOR('',#6167,1.);
#6167 = DIRECTION('',(0.,0.,1.));
#6168 = ORIENTED_EDGE('',*,*,#3206,.T.);
#6169 = ORIENTED_EDGE('',*,*,#6141,.F.);
#6170 = ORIENTED_EDGE('',*,*,#1386,.F.);
#6171 = PLANE('',#6172);
#6172 = AXIS2_PLACEMENT_3D('',#6173,#6174,#6175);
#6173 = CARTESIAN_POINT('',(70.1,-27.925,0.));
#6174 = DIRECTION('',(0.,-1.,0.));
#6175 = DIRECTION('',(-1.,0.,0.));
#6176 = ADVANCED_FACE('',(#6177),#6188,.T.);
#6177 = FACE_BOUND('',#6178,.T.);
#6178 = EDGE_LOOP('',(#6179,#6180,#6181,#6187));
#6179 = ORIENTED_EDGE('',*,*,#6148,.T.);
#6180 = ORIENTED_EDGE('',*,*,#3257,.T.);
#6181 = ORIENTED_EDGE('',*,*,#6182,.F.);
#6182 = EDGE_CURVE('',#1429,#3249,#6183,.T.);
#6183 = LINE('',#6184,#6185);
#6184 = CARTESIAN_POINT('',(56.5,-41.525,0.));
#6185 = VECTOR('',#6186,1.);
#6186 = DIRECTION('',(0.,0.,1.));
#6187 = ORIENTED_EDGE('',*,*,#1437,.F.);
#6188 = PLANE('',#6189);
#6189 = AXIS2_PLACEMENT_3D('',#6190,#6191,#6192);
#6190 = CARTESIAN_POINT('',(56.5,-28.325,0.));
#6191 = DIRECTION('',(1.,0.,-0.));
#6192 = DIRECTION('',(0.,-1.,0.));
#6193 = ADVANCED_FACE('',(#6194),#6205,.F.);
#6194 = FACE_BOUND('',#6195,.T.);
#6195 = EDGE_LOOP('',(#6196,#6202,#6203,#6204));
#6196 = ORIENTED_EDGE('',*,*,#6197,.T.);
#6197 = EDGE_CURVE('',#1395,#3215,#6198,.T.);
#6198 = LINE('',#6199,#6200);
#6199 = CARTESIAN_POINT('',(70.5,-28.325,0.));
#6200 = VECTOR('',#6201,1.);
#6201 = DIRECTION('',(0.,0.,1.));
#6202 = ORIENTED_EDGE('',*,*,#3214,.T.);
#6203 = ORIENTED_EDGE('',*,*,#6163,.F.);
#6204 = ORIENTED_EDGE('',*,*,#1394,.F.);
#6205 = CYLINDRICAL_SURFACE('',#6206,0.399999018331);
#6206 = AXIS2_PLACEMENT_3D('',#6207,#6208,#6209);
#6207 = CARTESIAN_POINT('',(70.10000098167,-28.32499901833,0.));
#6208 = DIRECTION('',(-0.,-0.,-1.));
#6209 = DIRECTION('',(0.999999999997,-2.454181383695E-06,0.));
#6210 = ADVANCED_FACE('',(#6211),#6222,.F.);
#6211 = FACE_BOUND('',#6212,.T.);
#6212 = EDGE_LOOP('',(#6213,#6214,#6215,#6221));
#6213 = ORIENTED_EDGE('',*,*,#6182,.T.);
#6214 = ORIENTED_EDGE('',*,*,#3248,.T.);
#6215 = ORIENTED_EDGE('',*,*,#6216,.F.);
#6216 = EDGE_CURVE('',#1421,#3241,#6217,.T.);
#6217 = LINE('',#6218,#6219);
#6218 = CARTESIAN_POINT('',(56.9,-41.925,0.));
#6219 = VECTOR('',#6220,1.);
#6220 = DIRECTION('',(0.,0.,1.));
#6221 = ORIENTED_EDGE('',*,*,#1428,.F.);
#6222 = CYLINDRICAL_SURFACE('',#6223,0.399999018331);
#6223 = AXIS2_PLACEMENT_3D('',#6224,#6225,#6226);
#6224 = CARTESIAN_POINT('',(56.89999901833,-41.52500098167,0.));
#6225 = DIRECTION('',(-0.,-0.,-1.));
#6226 = DIRECTION('',(-0.999999999997,2.454181392577E-06,0.));
#6227 = ADVANCED_FACE('',(#6228),#6239,.T.);
#6228 = FACE_BOUND('',#6229,.T.);
#6229 = EDGE_LOOP('',(#6230,#6236,#6237,#6238));
#6230 = ORIENTED_EDGE('',*,*,#6231,.T.);
#6231 = EDGE_CURVE('',#1404,#3224,#6232,.T.);
#6232 = LINE('',#6233,#6234);
#6233 = CARTESIAN_POINT('',(70.5,-41.525,0.));
#6234 = VECTOR('',#6235,1.);
#6235 = DIRECTION('',(0.,0.,1.));
#6236 = ORIENTED_EDGE('',*,*,#3223,.T.);
#6237 = ORIENTED_EDGE('',*,*,#6197,.F.);
#6238 = ORIENTED_EDGE('',*,*,#1403,.F.);
#6239 = PLANE('',#6240);
#6240 = AXIS2_PLACEMENT_3D('',#6241,#6242,#6243);
#6241 = CARTESIAN_POINT('',(70.5,-41.525,0.));
#6242 = DIRECTION('',(-1.,0.,0.));
#6243 = DIRECTION('',(0.,1.,0.));
#6244 = ADVANCED_FACE('',(#6245),#6256,.T.);
#6245 = FACE_BOUND('',#6246,.T.);
#6246 = EDGE_LOOP('',(#6247,#6248,#6249,#6255));
#6247 = ORIENTED_EDGE('',*,*,#6216,.T.);
#6248 = ORIENTED_EDGE('',*,*,#3240,.T.);
#6249 = ORIENTED_EDGE('',*,*,#6250,.F.);
#6250 = EDGE_CURVE('',#1412,#3232,#6251,.T.);
#6251 = LINE('',#6252,#6253);
#6252 = CARTESIAN_POINT('',(70.1,-41.925,0.));
#6253 = VECTOR('',#6254,1.);
#6254 = DIRECTION('',(0.,0.,1.));
#6255 = ORIENTED_EDGE('',*,*,#1420,.F.);
#6256 = PLANE('',#6257);
#6257 = AXIS2_PLACEMENT_3D('',#6258,#6259,#6260);
#6258 = CARTESIAN_POINT('',(56.9,-41.925,0.));
#6259 = DIRECTION('',(0.,1.,0.));
#6260 = DIRECTION('',(1.,0.,0.));
#6261 = ADVANCED_FACE('',(#6262),#6268,.F.);
#6262 = FACE_BOUND('',#6263,.T.);
#6263 = EDGE_LOOP('',(#6264,#6265,#6266,#6267));
#6264 = ORIENTED_EDGE('',*,*,#6250,.T.);
#6265 = ORIENTED_EDGE('',*,*,#3231,.T.);
#6266 = ORIENTED_EDGE('',*,*,#6231,.F.);
#6267 = ORIENTED_EDGE('',*,*,#1411,.F.);
#6268 = CYLINDRICAL_SURFACE('',#6269,0.399999018331);
#6269 = AXIS2_PLACEMENT_3D('',#6270,#6271,#6272);
#6270 = CARTESIAN_POINT('',(70.10000098167,-41.52500098167,0.));
#6271 = DIRECTION('',(-0.,-0.,-1.));
#6272 = DIRECTION('',(-2.454181410341E-06,-0.999999999997,0.));
#6273 = ADVANCED_FACE('',(#6274),#6290,.F.);
#6274 = FACE_BOUND('',#6275,.T.);
#6275 = EDGE_LOOP('',(#6276,#6282,#6283,#6289));
#6276 = ORIENTED_EDGE('',*,*,#6277,.T.);
#6277 = EDGE_CURVE('',#1446,#3266,#6278,.T.);
#6278 = LINE('',#6279,#6280);
#6279 = CARTESIAN_POINT('',(85.475,-46.975,0.));
#6280 = VECTOR('',#6281,1.);
#6281 = DIRECTION('',(0.,0.,1.));
#6282 = ORIENTED_EDGE('',*,*,#3265,.T.);
#6283 = ORIENTED_EDGE('',*,*,#6284,.F.);
#6284 = EDGE_CURVE('',#1448,#3268,#6285,.T.);
#6285 = LINE('',#6286,#6287);
#6286 = CARTESIAN_POINT('',(85.075,-47.375,0.));
#6287 = VECTOR('',#6288,1.);
#6288 = DIRECTION('',(0.,0.,1.));
#6289 = ORIENTED_EDGE('',*,*,#1445,.F.);
#6290 = CYLINDRICAL_SURFACE('',#6291,0.399999018331);
#6291 = AXIS2_PLACEMENT_3D('',#6292,#6293,#6294);
#6292 = CARTESIAN_POINT('',(85.47499901833,-47.37499901833,0.));
#6293 = DIRECTION('',(-0.,-0.,-1.));
#6294 = DIRECTION('',(2.454181445868E-06,0.999999999997,-0.));
#6295 = ADVANCED_FACE('',(#6296),#6307,.T.);
#6296 = FACE_BOUND('',#6297,.T.);
#6297 = EDGE_LOOP('',(#6298,#6304,#6305,#6306));
#6298 = ORIENTED_EDGE('',*,*,#6299,.T.);
#6299 = EDGE_CURVE('',#1457,#3277,#6300,.T.);
#6300 = LINE('',#6301,#6302);
#6301 = CARTESIAN_POINT('',(98.675,-46.975,0.));
#6302 = VECTOR('',#6303,1.);
#6303 = DIRECTION('',(0.,0.,1.));
#6304 = ORIENTED_EDGE('',*,*,#3276,.T.);
#6305 = ORIENTED_EDGE('',*,*,#6277,.F.);
#6306 = ORIENTED_EDGE('',*,*,#1456,.F.);
#6307 = PLANE('',#6308);
#6308 = AXIS2_PLACEMENT_3D('',#6309,#6310,#6311);
#6309 = CARTESIAN_POINT('',(98.675,-46.975,0.));
#6310 = DIRECTION('',(0.,-1.,0.));
#6311 = DIRECTION('',(-1.,0.,0.));
#6312 = ADVANCED_FACE('',(#6313),#6324,.T.);
#6313 = FACE_BOUND('',#6314,.T.);
#6314 = EDGE_LOOP('',(#6315,#6316,#6317,#6323));
#6315 = ORIENTED_EDGE('',*,*,#6284,.T.);
#6316 = ORIENTED_EDGE('',*,*,#3327,.T.);
#6317 = ORIENTED_EDGE('',*,*,#6318,.F.);
#6318 = EDGE_CURVE('',#1499,#3319,#6319,.T.);
#6319 = LINE('',#6320,#6321);
#6320 = CARTESIAN_POINT('',(85.075,-60.575,0.));
#6321 = VECTOR('',#6322,1.);
#6322 = DIRECTION('',(0.,0.,1.));
#6323 = ORIENTED_EDGE('',*,*,#1507,.F.);
#6324 = PLANE('',#6325);
#6325 = AXIS2_PLACEMENT_3D('',#6326,#6327,#6328);
#6326 = CARTESIAN_POINT('',(85.075,-47.375,0.));
#6327 = DIRECTION('',(1.,0.,-0.));
#6328 = DIRECTION('',(0.,-1.,0.));
#6329 = ADVANCED_FACE('',(#6330),#6341,.F.);
#6330 = FACE_BOUND('',#6331,.T.);
#6331 = EDGE_LOOP('',(#6332,#6338,#6339,#6340));
#6332 = ORIENTED_EDGE('',*,*,#6333,.T.);
#6333 = EDGE_CURVE('',#1465,#3285,#6334,.T.);
#6334 = LINE('',#6335,#6336);
#6335 = CARTESIAN_POINT('',(99.075,-47.375,0.));
#6336 = VECTOR('',#6337,1.);
#6337 = DIRECTION('',(0.,0.,1.));
#6338 = ORIENTED_EDGE('',*,*,#3284,.T.);
#6339 = ORIENTED_EDGE('',*,*,#6299,.F.);
#6340 = ORIENTED_EDGE('',*,*,#1464,.F.);
#6341 = CYLINDRICAL_SURFACE('',#6342,0.399999018331);
#6342 = AXIS2_PLACEMENT_3D('',#6343,#6344,#6345);
#6343 = CARTESIAN_POINT('',(98.67500098167,-47.37499901833,0.));
#6344 = DIRECTION('',(-0.,-0.,-1.));
#6345 = DIRECTION('',(0.999999999997,-2.45418135705E-06,0.));
#6346 = ADVANCED_FACE('',(#6347),#6358,.F.);
#6347 = FACE_BOUND('',#6348,.T.);
#6348 = EDGE_LOOP('',(#6349,#6350,#6351,#6357));
#6349 = ORIENTED_EDGE('',*,*,#6318,.T.);
#6350 = ORIENTED_EDGE('',*,*,#3318,.T.);
#6351 = ORIENTED_EDGE('',*,*,#6352,.F.);
#6352 = EDGE_CURVE('',#1491,#3311,#6353,.T.);
#6353 = LINE('',#6354,#6355);
#6354 = CARTESIAN_POINT('',(85.475,-60.975,0.));
#6355 = VECTOR('',#6356,1.);
#6356 = DIRECTION('',(0.,0.,1.));
#6357 = ORIENTED_EDGE('',*,*,#1498,.F.);
#6358 = CYLINDRICAL_SURFACE('',#6359,0.399999018331);
#6359 = AXIS2_PLACEMENT_3D('',#6360,#6361,#6362);
#6360 = CARTESIAN_POINT('',(85.47499901833,-60.57500098167,0.));
#6361 = DIRECTION('',(-0.,-0.,-1.));
#6362 = DIRECTION('',(-0.999999999997,2.454181445868E-06,0.));
#6363 = ADVANCED_FACE('',(#6364),#6375,.T.);
#6364 = FACE_BOUND('',#6365,.T.);
#6365 = EDGE_LOOP('',(#6366,#6372,#6373,#6374));
#6366 = ORIENTED_EDGE('',*,*,#6367,.T.);
#6367 = EDGE_CURVE('',#1474,#3294,#6368,.T.);
#6368 = LINE('',#6369,#6370);
#6369 = CARTESIAN_POINT('',(99.075,-60.575,0.));
#6370 = VECTOR('',#6371,1.);
#6371 = DIRECTION('',(0.,0.,1.));
#6372 = ORIENTED_EDGE('',*,*,#3293,.T.);
#6373 = ORIENTED_EDGE('',*,*,#6333,.F.);
#6374 = ORIENTED_EDGE('',*,*,#1473,.F.);
#6375 = PLANE('',#6376);
#6376 = AXIS2_PLACEMENT_3D('',#6377,#6378,#6379);
#6377 = CARTESIAN_POINT('',(99.075,-60.575,0.));
#6378 = DIRECTION('',(-1.,0.,0.));
#6379 = DIRECTION('',(0.,1.,0.));
#6380 = ADVANCED_FACE('',(#6381),#6392,.T.);
#6381 = FACE_BOUND('',#6382,.T.);
#6382 = EDGE_LOOP('',(#6383,#6384,#6385,#6391));
#6383 = ORIENTED_EDGE('',*,*,#6352,.T.);
#6384 = ORIENTED_EDGE('',*,*,#3310,.T.);
#6385 = ORIENTED_EDGE('',*,*,#6386,.F.);
#6386 = EDGE_CURVE('',#1482,#3302,#6387,.T.);
#6387 = LINE('',#6388,#6389);
#6388 = CARTESIAN_POINT('',(98.675,-60.975,0.));
#6389 = VECTOR('',#6390,1.);
#6390 = DIRECTION('',(0.,0.,1.));
#6391 = ORIENTED_EDGE('',*,*,#1490,.F.);
#6392 = PLANE('',#6393);
#6393 = AXIS2_PLACEMENT_3D('',#6394,#6395,#6396);
#6394 = CARTESIAN_POINT('',(85.475,-60.975,0.));
#6395 = DIRECTION('',(0.,1.,0.));
#6396 = DIRECTION('',(1.,0.,0.));
#6397 = ADVANCED_FACE('',(#6398),#6404,.F.);
#6398 = FACE_BOUND('',#6399,.T.);
#6399 = EDGE_LOOP('',(#6400,#6401,#6402,#6403));
#6400 = ORIENTED_EDGE('',*,*,#6386,.T.);
#6401 = ORIENTED_EDGE('',*,*,#3301,.T.);
#6402 = ORIENTED_EDGE('',*,*,#6367,.F.);
#6403 = ORIENTED_EDGE('',*,*,#1481,.F.);
#6404 = CYLINDRICAL_SURFACE('',#6405,0.399999018331);
#6405 = AXIS2_PLACEMENT_3D('',#6406,#6407,#6408);
#6406 = CARTESIAN_POINT('',(98.67500098167,-60.57500098167,0.));
#6407 = DIRECTION('',(-0.,-0.,-1.));
#6408 = DIRECTION('',(-2.454181374813E-06,-0.999999999997,0.));
#6409 = ADVANCED_FACE('',(#6410),#6426,.F.);
#6410 = FACE_BOUND('',#6411,.T.);
#6411 = EDGE_LOOP('',(#6412,#6418,#6419,#6425));
#6412 = ORIENTED_EDGE('',*,*,#6413,.T.);
#6413 = EDGE_CURVE('',#1516,#3336,#6414,.T.);
#6414 = LINE('',#6415,#6416);
#6415 = CARTESIAN_POINT('',(104.525,-46.975,0.));
#6416 = VECTOR('',#6417,1.);
#6417 = DIRECTION('',(0.,0.,1.));
#6418 = ORIENTED_EDGE('',*,*,#3335,.T.);
#6419 = ORIENTED_EDGE('',*,*,#6420,.F.);
#6420 = EDGE_CURVE('',#1518,#3338,#6421,.T.);
#6421 = LINE('',#6422,#6423);
#6422 = CARTESIAN_POINT('',(104.125,-47.375,0.));
#6423 = VECTOR('',#6424,1.);
#6424 = DIRECTION('',(0.,0.,1.));
#6425 = ORIENTED_EDGE('',*,*,#1515,.F.);
#6426 = CYLINDRICAL_SURFACE('',#6427,0.399999018331);
#6427 = AXIS2_PLACEMENT_3D('',#6428,#6429,#6430);
#6428 = CARTESIAN_POINT('',(104.52499901833,-47.37499901833,0.));
#6429 = DIRECTION('',(-0.,-0.,-1.));
#6430 = DIRECTION('',(2.454181410341E-06,0.999999999997,-0.));
#6431 = ADVANCED_FACE('',(#6432),#6443,.T.);
#6432 = FACE_BOUND('',#6433,.T.);
#6433 = EDGE_LOOP('',(#6434,#6440,#6441,#6442));
#6434 = ORIENTED_EDGE('',*,*,#6435,.T.);
#6435 = EDGE_CURVE('',#1527,#3347,#6436,.T.);
#6436 = LINE('',#6437,#6438);
#6437 = CARTESIAN_POINT('',(117.725,-46.975,0.));
#6438 = VECTOR('',#6439,1.);
#6439 = DIRECTION('',(0.,0.,1.));
#6440 = ORIENTED_EDGE('',*,*,#3346,.T.);
#6441 = ORIENTED_EDGE('',*,*,#6413,.F.);
#6442 = ORIENTED_EDGE('',*,*,#1526,.F.);
#6443 = PLANE('',#6444);
#6444 = AXIS2_PLACEMENT_3D('',#6445,#6446,#6447);
#6445 = CARTESIAN_POINT('',(117.725,-46.975,0.));
#6446 = DIRECTION('',(0.,-1.,0.));
#6447 = DIRECTION('',(-1.,0.,0.));
#6448 = ADVANCED_FACE('',(#6449),#6460,.T.);
#6449 = FACE_BOUND('',#6450,.T.);
#6450 = EDGE_LOOP('',(#6451,#6452,#6453,#6459));
#6451 = ORIENTED_EDGE('',*,*,#6420,.T.);
#6452 = ORIENTED_EDGE('',*,*,#3397,.T.);
#6453 = ORIENTED_EDGE('',*,*,#6454,.F.);
#6454 = EDGE_CURVE('',#1569,#3389,#6455,.T.);
#6455 = LINE('',#6456,#6457);
#6456 = CARTESIAN_POINT('',(104.125,-60.575,0.));
#6457 = VECTOR('',#6458,1.);
#6458 = DIRECTION('',(0.,0.,1.));
#6459 = ORIENTED_EDGE('',*,*,#1577,.F.);
#6460 = PLANE('',#6461);
#6461 = AXIS2_PLACEMENT_3D('',#6462,#6463,#6464);
#6462 = CARTESIAN_POINT('',(104.125,-47.375,0.));
#6463 = DIRECTION('',(1.,0.,-0.));
#6464 = DIRECTION('',(0.,-1.,0.));
#6465 = ADVANCED_FACE('',(#6466),#6477,.F.);
#6466 = FACE_BOUND('',#6467,.T.);
#6467 = EDGE_LOOP('',(#6468,#6474,#6475,#6476));
#6468 = ORIENTED_EDGE('',*,*,#6469,.T.);
#6469 = EDGE_CURVE('',#1535,#3355,#6470,.T.);
#6470 = LINE('',#6471,#6472);
#6471 = CARTESIAN_POINT('',(118.125,-47.375,0.));
#6472 = VECTOR('',#6473,1.);
#6473 = DIRECTION('',(0.,0.,1.));
#6474 = ORIENTED_EDGE('',*,*,#3354,.T.);
#6475 = ORIENTED_EDGE('',*,*,#6435,.F.);
#6476 = ORIENTED_EDGE('',*,*,#1534,.F.);
#6477 = CYLINDRICAL_SURFACE('',#6478,0.399999018331);
#6478 = AXIS2_PLACEMENT_3D('',#6479,#6480,#6481);
#6479 = CARTESIAN_POINT('',(117.72500098167,-47.37499901833,0.));
#6480 = DIRECTION('',(-0.,-0.,-1.));
#6481 = DIRECTION('',(0.999999999997,-2.454181392577E-06,0.));
#6482 = ADVANCED_FACE('',(#6483),#6494,.F.);
#6483 = FACE_BOUND('',#6484,.T.);
#6484 = EDGE_LOOP('',(#6485,#6486,#6487,#6493));
#6485 = ORIENTED_EDGE('',*,*,#6454,.T.);
#6486 = ORIENTED_EDGE('',*,*,#3388,.T.);
#6487 = ORIENTED_EDGE('',*,*,#6488,.F.);
#6488 = EDGE_CURVE('',#1561,#3381,#6489,.T.);
#6489 = LINE('',#6490,#6491);
#6490 = CARTESIAN_POINT('',(104.525,-60.975,0.));
#6491 = VECTOR('',#6492,1.);
#6492 = DIRECTION('',(0.,0.,1.));
#6493 = ORIENTED_EDGE('',*,*,#1568,.F.);
#6494 = CYLINDRICAL_SURFACE('',#6495,0.399999018331);
#6495 = AXIS2_PLACEMENT_3D('',#6496,#6497,#6498);
#6496 = CARTESIAN_POINT('',(104.52499901833,-60.57500098167,0.));
#6497 = DIRECTION('',(-0.,-0.,-1.));
#6498 = DIRECTION('',(-0.999999999997,2.454181392577E-06,0.));
#6499 = ADVANCED_FACE('',(#6500),#6511,.T.);
#6500 = FACE_BOUND('',#6501,.T.);
#6501 = EDGE_LOOP('',(#6502,#6508,#6509,#6510));
#6502 = ORIENTED_EDGE('',*,*,#6503,.T.);
#6503 = EDGE_CURVE('',#1544,#3364,#6504,.T.);
#6504 = LINE('',#6505,#6506);
#6505 = CARTESIAN_POINT('',(118.125,-60.575,0.));
#6506 = VECTOR('',#6507,1.);
#6507 = DIRECTION('',(0.,0.,1.));
#6508 = ORIENTED_EDGE('',*,*,#3363,.T.);
#6509 = ORIENTED_EDGE('',*,*,#6469,.F.);
#6510 = ORIENTED_EDGE('',*,*,#1543,.F.);
#6511 = PLANE('',#6512);
#6512 = AXIS2_PLACEMENT_3D('',#6513,#6514,#6515);
#6513 = CARTESIAN_POINT('',(118.125,-60.575,0.));
#6514 = DIRECTION('',(-1.,0.,0.));
#6515 = DIRECTION('',(0.,1.,0.));
#6516 = ADVANCED_FACE('',(#6517),#6528,.T.);
#6517 = FACE_BOUND('',#6518,.T.);
#6518 = EDGE_LOOP('',(#6519,#6520,#6521,#6527));
#6519 = ORIENTED_EDGE('',*,*,#6488,.T.);
#6520 = ORIENTED_EDGE('',*,*,#3380,.T.);
#6521 = ORIENTED_EDGE('',*,*,#6522,.F.);
#6522 = EDGE_CURVE('',#1552,#3372,#6523,.T.);
#6523 = LINE('',#6524,#6525);
#6524 = CARTESIAN_POINT('',(117.725,-60.975,0.));
#6525 = VECTOR('',#6526,1.);
#6526 = DIRECTION('',(0.,0.,1.));
#6527 = ORIENTED_EDGE('',*,*,#1560,.F.);
#6528 = PLANE('',#6529);
#6529 = AXIS2_PLACEMENT_3D('',#6530,#6531,#6532);
#6530 = CARTESIAN_POINT('',(104.525,-60.975,0.));
#6531 = DIRECTION('',(0.,1.,0.));
#6532 = DIRECTION('',(1.,0.,0.));
#6533 = ADVANCED_FACE('',(#6534),#6540,.F.);
#6534 = FACE_BOUND('',#6535,.T.);
#6535 = EDGE_LOOP('',(#6536,#6537,#6538,#6539));
#6536 = ORIENTED_EDGE('',*,*,#6522,.T.);
#6537 = ORIENTED_EDGE('',*,*,#3371,.T.);
#6538 = ORIENTED_EDGE('',*,*,#6503,.F.);
#6539 = ORIENTED_EDGE('',*,*,#1551,.F.);
#6540 = CYLINDRICAL_SURFACE('',#6541,0.399999018331);
#6541 = AXIS2_PLACEMENT_3D('',#6542,#6543,#6544);
#6542 = CARTESIAN_POINT('',(117.72500098167,-60.57500098167,0.));
#6543 = DIRECTION('',(-0.,-0.,-1.));
#6544 = DIRECTION('',(-2.454181410341E-06,-0.999999999997,0.));
#6545 = ADVANCED_FACE('',(#6546),#6562,.F.);
#6546 = FACE_BOUND('',#6547,.T.);
#6547 = EDGE_LOOP('',(#6548,#6554,#6555,#6561));
#6548 = ORIENTED_EDGE('',*,*,#6549,.T.);
#6549 = EDGE_CURVE('',#1586,#3406,#6550,.T.);
#6550 = LINE('',#6551,#6552);
#6551 = CARTESIAN_POINT('',(123.575,-46.975,0.));
#6552 = VECTOR('',#6553,1.);
#6553 = DIRECTION('',(0.,0.,1.));
#6554 = ORIENTED_EDGE('',*,*,#3405,.T.);
#6555 = ORIENTED_EDGE('',*,*,#6556,.F.);
#6556 = EDGE_CURVE('',#1588,#3408,#6557,.T.);
#6557 = LINE('',#6558,#6559);
#6558 = CARTESIAN_POINT('',(123.175,-47.375,0.));
#6559 = VECTOR('',#6560,1.);
#6560 = DIRECTION('',(0.,0.,1.));
#6561 = ORIENTED_EDGE('',*,*,#1585,.F.);
#6562 = CYLINDRICAL_SURFACE('',#6563,0.399999018331);
#6563 = AXIS2_PLACEMENT_3D('',#6564,#6565,#6566);
#6564 = CARTESIAN_POINT('',(123.57499901833,-47.37499901833,0.));
#6565 = DIRECTION('',(-0.,-0.,-1.));
#6566 = DIRECTION('',(2.454181374813E-06,0.999999999997,-0.));
#6567 = ADVANCED_FACE('',(#6568),#6579,.T.);
#6568 = FACE_BOUND('',#6569,.T.);
#6569 = EDGE_LOOP('',(#6570,#6576,#6577,#6578));
#6570 = ORIENTED_EDGE('',*,*,#6571,.T.);
#6571 = EDGE_CURVE('',#1597,#3417,#6572,.T.);
#6572 = LINE('',#6573,#6574);
#6573 = CARTESIAN_POINT('',(136.775,-46.975,0.));
#6574 = VECTOR('',#6575,1.);
#6575 = DIRECTION('',(0.,0.,1.));
#6576 = ORIENTED_EDGE('',*,*,#3416,.T.);
#6577 = ORIENTED_EDGE('',*,*,#6549,.F.);
#6578 = ORIENTED_EDGE('',*,*,#1596,.F.);
#6579 = PLANE('',#6580);
#6580 = AXIS2_PLACEMENT_3D('',#6581,#6582,#6583);
#6581 = CARTESIAN_POINT('',(136.775,-46.975,0.));
#6582 = DIRECTION('',(0.,-1.,0.));
#6583 = DIRECTION('',(-1.,0.,0.));
#6584 = ADVANCED_FACE('',(#6585),#6596,.T.);
#6585 = FACE_BOUND('',#6586,.T.);
#6586 = EDGE_LOOP('',(#6587,#6588,#6589,#6595));
#6587 = ORIENTED_EDGE('',*,*,#6556,.T.);
#6588 = ORIENTED_EDGE('',*,*,#3467,.T.);
#6589 = ORIENTED_EDGE('',*,*,#6590,.F.);
#6590 = EDGE_CURVE('',#1639,#3459,#6591,.T.);
#6591 = LINE('',#6592,#6593);
#6592 = CARTESIAN_POINT('',(123.175,-60.575,0.));
#6593 = VECTOR('',#6594,1.);
#6594 = DIRECTION('',(0.,0.,1.));
#6595 = ORIENTED_EDGE('',*,*,#1647,.F.);
#6596 = PLANE('',#6597);
#6597 = AXIS2_PLACEMENT_3D('',#6598,#6599,#6600);
#6598 = CARTESIAN_POINT('',(123.175,-47.375,0.));
#6599 = DIRECTION('',(1.,0.,-0.));
#6600 = DIRECTION('',(0.,-1.,0.));
#6601 = ADVANCED_FACE('',(#6602),#6613,.F.);
#6602 = FACE_BOUND('',#6603,.T.);
#6603 = EDGE_LOOP('',(#6604,#6610,#6611,#6612));
#6604 = ORIENTED_EDGE('',*,*,#6605,.T.);
#6605 = EDGE_CURVE('',#1605,#3425,#6606,.T.);
#6606 = LINE('',#6607,#6608);
#6607 = CARTESIAN_POINT('',(137.175,-47.375,0.));
#6608 = VECTOR('',#6609,1.);
#6609 = DIRECTION('',(0.,0.,1.));
#6610 = ORIENTED_EDGE('',*,*,#3424,.T.);
#6611 = ORIENTED_EDGE('',*,*,#6571,.F.);
#6612 = ORIENTED_EDGE('',*,*,#1604,.F.);
#6613 = CYLINDRICAL_SURFACE('',#6614,0.399999018331);
#6614 = AXIS2_PLACEMENT_3D('',#6615,#6616,#6617);
#6615 = CARTESIAN_POINT('',(136.77500098167,-47.37499901833,0.));
#6616 = DIRECTION('',(-0.,-0.,-1.));
#6617 = DIRECTION('',(0.999999999997,-2.454181321522E-06,0.));
#6618 = ADVANCED_FACE('',(#6619),#6630,.F.);
#6619 = FACE_BOUND('',#6620,.T.);
#6620 = EDGE_LOOP('',(#6621,#6622,#6623,#6629));
#6621 = ORIENTED_EDGE('',*,*,#6590,.T.);
#6622 = ORIENTED_EDGE('',*,*,#3458,.T.);
#6623 = ORIENTED_EDGE('',*,*,#6624,.F.);
#6624 = EDGE_CURVE('',#1631,#3451,#6625,.T.);
#6625 = LINE('',#6626,#6627);
#6626 = CARTESIAN_POINT('',(123.575,-60.975,0.));
#6627 = VECTOR('',#6628,1.);
#6628 = DIRECTION('',(0.,0.,1.));
#6629 = ORIENTED_EDGE('',*,*,#1638,.F.);
#6630 = CYLINDRICAL_SURFACE('',#6631,0.399999018331);
#6631 = AXIS2_PLACEMENT_3D('',#6632,#6633,#6634);
#6632 = CARTESIAN_POINT('',(123.57499901833,-60.57500098167,0.));
#6633 = DIRECTION('',(-0.,-0.,-1.));
#6634 = DIRECTION('',(-0.999999999997,2.45418135705E-06,0.));
#6635 = ADVANCED_FACE('',(#6636),#6647,.T.);
#6636 = FACE_BOUND('',#6637,.T.);
#6637 = EDGE_LOOP('',(#6638,#6644,#6645,#6646));
#6638 = ORIENTED_EDGE('',*,*,#6639,.T.);
#6639 = EDGE_CURVE('',#1614,#3434,#6640,.T.);
#6640 = LINE('',#6641,#6642);
#6641 = CARTESIAN_POINT('',(137.175,-60.575,0.));
#6642 = VECTOR('',#6643,1.);
#6643 = DIRECTION('',(0.,0.,1.));
#6644 = ORIENTED_EDGE('',*,*,#3433,.T.);
#6645 = ORIENTED_EDGE('',*,*,#6605,.F.);
#6646 = ORIENTED_EDGE('',*,*,#1613,.F.);
#6647 = PLANE('',#6648);
#6648 = AXIS2_PLACEMENT_3D('',#6649,#6650,#6651);
#6649 = CARTESIAN_POINT('',(137.175,-60.575,0.));
#6650 = DIRECTION('',(-1.,0.,0.));
#6651 = DIRECTION('',(0.,1.,0.));
#6652 = ADVANCED_FACE('',(#6653),#6664,.T.);
#6653 = FACE_BOUND('',#6654,.T.);
#6654 = EDGE_LOOP('',(#6655,#6656,#6657,#6663));
#6655 = ORIENTED_EDGE('',*,*,#6624,.T.);
#6656 = ORIENTED_EDGE('',*,*,#3450,.T.);
#6657 = ORIENTED_EDGE('',*,*,#6658,.F.);
#6658 = EDGE_CURVE('',#1622,#3442,#6659,.T.);
#6659 = LINE('',#6660,#6661);
#6660 = CARTESIAN_POINT('',(136.775,-60.975,0.));
#6661 = VECTOR('',#6662,1.);
#6662 = DIRECTION('',(0.,0.,1.));
#6663 = ORIENTED_EDGE('',*,*,#1630,.F.);
#6664 = PLANE('',#6665);
#6665 = AXIS2_PLACEMENT_3D('',#6666,#6667,#6668);
#6666 = CARTESIAN_POINT('',(123.575,-60.975,0.));
#6667 = DIRECTION('',(0.,1.,0.));
#6668 = DIRECTION('',(1.,0.,0.));
#6669 = ADVANCED_FACE('',(#6670),#6676,.F.);
#6670 = FACE_BOUND('',#6671,.T.);
#6671 = EDGE_LOOP('',(#6672,#6673,#6674,#6675));
#6672 = ORIENTED_EDGE('',*,*,#6658,.T.);
#6673 = ORIENTED_EDGE('',*,*,#3441,.T.);
#6674 = ORIENTED_EDGE('',*,*,#6639,.F.);
#6675 = ORIENTED_EDGE('',*,*,#1621,.F.);
#6676 = CYLINDRICAL_SURFACE('',#6677,0.399999018331);
#6677 = AXIS2_PLACEMENT_3D('',#6678,#6679,#6680);
#6678 = CARTESIAN_POINT('',(136.77500098167,-60.57500098167,0.));
#6679 = DIRECTION('',(-0.,-0.,-1.));
#6680 = DIRECTION('',(-2.454181339286E-06,-0.999999999997,0.));
#6681 = ADVANCED_FACE('',(#6682),#6698,.F.);
#6682 = FACE_BOUND('',#6683,.T.);
#6683 = EDGE_LOOP('',(#6684,#6690,#6691,#6697));
#6684 = ORIENTED_EDGE('',*,*,#6685,.T.);
#6685 = EDGE_CURVE('',#1656,#3476,#6686,.T.);
#6686 = LINE('',#6687,#6688);
#6687 = CARTESIAN_POINT('',(142.625,-46.975,0.));
#6688 = VECTOR('',#6689,1.);
#6689 = DIRECTION('',(0.,0.,1.));
#6690 = ORIENTED_EDGE('',*,*,#3475,.T.);
#6691 = ORIENTED_EDGE('',*,*,#6692,.F.);
#6692 = EDGE_CURVE('',#1658,#3478,#6693,.T.);
#6693 = LINE('',#6694,#6695);
#6694 = CARTESIAN_POINT('',(142.225,-47.375,0.));
#6695 = VECTOR('',#6696,1.);
#6696 = DIRECTION('',(0.,0.,1.));
#6697 = ORIENTED_EDGE('',*,*,#1655,.F.);
#6698 = CYLINDRICAL_SURFACE('',#6699,0.399999018331);
#6699 = AXIS2_PLACEMENT_3D('',#6700,#6701,#6702);
#6700 = CARTESIAN_POINT('',(142.62499901833,-47.37499901833,0.));
#6701 = DIRECTION('',(-0.,-0.,-1.));
#6702 = DIRECTION('',(2.454181410341E-06,0.999999999997,-0.));
#6703 = ADVANCED_FACE('',(#6704),#6715,.T.);
#6704 = FACE_BOUND('',#6705,.T.);
#6705 = EDGE_LOOP('',(#6706,#6712,#6713,#6714));
#6706 = ORIENTED_EDGE('',*,*,#6707,.T.);
#6707 = EDGE_CURVE('',#1667,#3487,#6708,.T.);
#6708 = LINE('',#6709,#6710);
#6709 = CARTESIAN_POINT('',(155.825,-46.975,0.));
#6710 = VECTOR('',#6711,1.);
#6711 = DIRECTION('',(0.,0.,1.));
#6712 = ORIENTED_EDGE('',*,*,#3486,.T.);
#6713 = ORIENTED_EDGE('',*,*,#6685,.F.);
#6714 = ORIENTED_EDGE('',*,*,#1666,.F.);
#6715 = PLANE('',#6716);
#6716 = AXIS2_PLACEMENT_3D('',#6717,#6718,#6719);
#6717 = CARTESIAN_POINT('',(155.825,-46.975,0.));
#6718 = DIRECTION('',(0.,-1.,0.));
#6719 = DIRECTION('',(-1.,0.,0.));
#6720 = ADVANCED_FACE('',(#6721),#6732,.T.);
#6721 = FACE_BOUND('',#6722,.T.);
#6722 = EDGE_LOOP('',(#6723,#6724,#6725,#6731));
#6723 = ORIENTED_EDGE('',*,*,#6692,.T.);
#6724 = ORIENTED_EDGE('',*,*,#3537,.T.);
#6725 = ORIENTED_EDGE('',*,*,#6726,.F.);
#6726 = EDGE_CURVE('',#1709,#3529,#6727,.T.);
#6727 = LINE('',#6728,#6729);
#6728 = CARTESIAN_POINT('',(142.225,-60.575,0.));
#6729 = VECTOR('',#6730,1.);
#6730 = DIRECTION('',(0.,0.,1.));
#6731 = ORIENTED_EDGE('',*,*,#1717,.F.);
#6732 = PLANE('',#6733);
#6733 = AXIS2_PLACEMENT_3D('',#6734,#6735,#6736);
#6734 = CARTESIAN_POINT('',(142.225,-47.375,0.));
#6735 = DIRECTION('',(1.,0.,-0.));
#6736 = DIRECTION('',(0.,-1.,0.));
#6737 = ADVANCED_FACE('',(#6738),#6749,.F.);
#6738 = FACE_BOUND('',#6739,.T.);
#6739 = EDGE_LOOP('',(#6740,#6746,#6747,#6748));
#6740 = ORIENTED_EDGE('',*,*,#6741,.T.);
#6741 = EDGE_CURVE('',#1675,#3495,#6742,.T.);
#6742 = LINE('',#6743,#6744);
#6743 = CARTESIAN_POINT('',(156.225,-47.375,0.));
#6744 = VECTOR('',#6745,1.);
#6745 = DIRECTION('',(0.,0.,1.));
#6746 = ORIENTED_EDGE('',*,*,#3494,.T.);
#6747 = ORIENTED_EDGE('',*,*,#6707,.F.);
#6748 = ORIENTED_EDGE('',*,*,#1674,.F.);
#6749 = CYLINDRICAL_SURFACE('',#6750,0.399999018331);
#6750 = AXIS2_PLACEMENT_3D('',#6751,#6752,#6753);
#6751 = CARTESIAN_POINT('',(155.82500098167,-47.37499901833,0.));
#6752 = DIRECTION('',(-0.,-0.,-1.));
#6753 = DIRECTION('',(0.999999999997,-2.454181410341E-06,0.));
#6754 = ADVANCED_FACE('',(#6755),#6766,.F.);
#6755 = FACE_BOUND('',#6756,.T.);
#6756 = EDGE_LOOP('',(#6757,#6758,#6759,#6765));
#6757 = ORIENTED_EDGE('',*,*,#6726,.T.);
#6758 = ORIENTED_EDGE('',*,*,#3528,.T.);
#6759 = ORIENTED_EDGE('',*,*,#6760,.F.);
#6760 = EDGE_CURVE('',#1701,#3521,#6761,.T.);
#6761 = LINE('',#6762,#6763);
#6762 = CARTESIAN_POINT('',(142.625,-60.975,0.));
#6763 = VECTOR('',#6764,1.);
#6764 = DIRECTION('',(0.,0.,1.));
#6765 = ORIENTED_EDGE('',*,*,#1708,.F.);
#6766 = CYLINDRICAL_SURFACE('',#6767,0.399999018331);
#6767 = AXIS2_PLACEMENT_3D('',#6768,#6769,#6770);
#6768 = CARTESIAN_POINT('',(142.62499901833,-60.57500098167,0.));
#6769 = DIRECTION('',(-0.,-0.,-1.));
#6770 = DIRECTION('',(-0.999999999997,2.454181410341E-06,0.));
#6771 = ADVANCED_FACE('',(#6772),#6783,.T.);
#6772 = FACE_BOUND('',#6773,.T.);
#6773 = EDGE_LOOP('',(#6774,#6780,#6781,#6782));
#6774 = ORIENTED_EDGE('',*,*,#6775,.T.);
#6775 = EDGE_CURVE('',#1684,#3504,#6776,.T.);
#6776 = LINE('',#6777,#6778);
#6777 = CARTESIAN_POINT('',(156.225,-60.575,0.));
#6778 = VECTOR('',#6779,1.);
#6779 = DIRECTION('',(0.,0.,1.));
#6780 = ORIENTED_EDGE('',*,*,#3503,.T.);
#6781 = ORIENTED_EDGE('',*,*,#6741,.F.);
#6782 = ORIENTED_EDGE('',*,*,#1683,.F.);
#6783 = PLANE('',#6784);
#6784 = AXIS2_PLACEMENT_3D('',#6785,#6786,#6787);
#6785 = CARTESIAN_POINT('',(156.225,-60.575,0.));
#6786 = DIRECTION('',(-1.,0.,0.));
#6787 = DIRECTION('',(0.,1.,0.));
#6788 = ADVANCED_FACE('',(#6789),#6800,.T.);
#6789 = FACE_BOUND('',#6790,.T.);
#6790 = EDGE_LOOP('',(#6791,#6792,#6793,#6799));
#6791 = ORIENTED_EDGE('',*,*,#6760,.T.);
#6792 = ORIENTED_EDGE('',*,*,#3520,.T.);
#6793 = ORIENTED_EDGE('',*,*,#6794,.F.);
#6794 = EDGE_CURVE('',#1692,#3512,#6795,.T.);
#6795 = LINE('',#6796,#6797);
#6796 = CARTESIAN_POINT('',(155.825,-60.975,0.));
#6797 = VECTOR('',#6798,1.);
#6798 = DIRECTION('',(0.,0.,1.));
#6799 = ORIENTED_EDGE('',*,*,#1700,.F.);
#6800 = PLANE('',#6801);
#6801 = AXIS2_PLACEMENT_3D('',#6802,#6803,#6804);
#6802 = CARTESIAN_POINT('',(142.625,-60.975,0.));
#6803 = DIRECTION('',(0.,1.,0.));
#6804 = DIRECTION('',(1.,0.,0.));
#6805 = ADVANCED_FACE('',(#6806),#6812,.F.);
#6806 = FACE_BOUND('',#6807,.T.);
#6807 = EDGE_LOOP('',(#6808,#6809,#6810,#6811));
#6808 = ORIENTED_EDGE('',*,*,#6794,.T.);
#6809 = ORIENTED_EDGE('',*,*,#3511,.T.);
#6810 = ORIENTED_EDGE('',*,*,#6775,.F.);
#6811 = ORIENTED_EDGE('',*,*,#1691,.F.);
#6812 = CYLINDRICAL_SURFACE('',#6813,0.399999018331);
#6813 = AXIS2_PLACEMENT_3D('',#6814,#6815,#6816);
#6814 = CARTESIAN_POINT('',(155.82500098167,-60.57500098167,0.));
#6815 = DIRECTION('',(-0.,-0.,-1.));
#6816 = DIRECTION('',(-2.454181410341E-06,-0.999999999997,0.));
#6817 = ADVANCED_FACE('',(#6818),#6834,.F.);
#6818 = FACE_BOUND('',#6819,.T.);
#6819 = EDGE_LOOP('',(#6820,#6826,#6827,#6833));
#6820 = ORIENTED_EDGE('',*,*,#6821,.T.);
#6821 = EDGE_CURVE('',#1726,#3546,#6822,.T.);
#6822 = LINE('',#6823,#6824);
#6823 = CARTESIAN_POINT('',(95.,-27.925,0.));
#6824 = VECTOR('',#6825,1.);
#6825 = DIRECTION('',(0.,0.,1.));
#6826 = ORIENTED_EDGE('',*,*,#3545,.T.);
#6827 = ORIENTED_EDGE('',*,*,#6828,.F.);
#6828 = EDGE_CURVE('',#1728,#3548,#6829,.T.);
#6829 = LINE('',#6830,#6831);
#6830 = CARTESIAN_POINT('',(94.6,-28.325,0.));
#6831 = VECTOR('',#6832,1.);
#6832 = DIRECTION('',(0.,0.,1.));
#6833 = ORIENTED_EDGE('',*,*,#1725,.F.);
#6834 = CYLINDRICAL_SURFACE('',#6835,0.399999018331);
#6835 = AXIS2_PLACEMENT_3D('',#6836,#6837,#6838);
#6836 = CARTESIAN_POINT('',(94.99999901833,-28.32499901833,0.));
#6837 = DIRECTION('',(-0.,-0.,-1.));
#6838 = DIRECTION('',(2.454181410341E-06,0.999999999997,-0.));
#6839 = ADVANCED_FACE('',(#6840),#6851,.T.);
#6840 = FACE_BOUND('',#6841,.T.);
#6841 = EDGE_LOOP('',(#6842,#6848,#6849,#6850));
#6842 = ORIENTED_EDGE('',*,*,#6843,.T.);
#6843 = EDGE_CURVE('',#1737,#3557,#6844,.T.);
#6844 = LINE('',#6845,#6846);
#6845 = CARTESIAN_POINT('',(108.2,-27.925,0.));
#6846 = VECTOR('',#6847,1.);
#6847 = DIRECTION('',(0.,0.,1.));
#6848 = ORIENTED_EDGE('',*,*,#3556,.T.);
#6849 = ORIENTED_EDGE('',*,*,#6821,.F.);
#6850 = ORIENTED_EDGE('',*,*,#1736,.F.);
#6851 = PLANE('',#6852);
#6852 = AXIS2_PLACEMENT_3D('',#6853,#6854,#6855);
#6853 = CARTESIAN_POINT('',(108.2,-27.925,0.));
#6854 = DIRECTION('',(0.,-1.,0.));
#6855 = DIRECTION('',(-1.,0.,0.));
#6856 = ADVANCED_FACE('',(#6857),#6868,.T.);
#6857 = FACE_BOUND('',#6858,.T.);
#6858 = EDGE_LOOP('',(#6859,#6860,#6861,#6867));
#6859 = ORIENTED_EDGE('',*,*,#6828,.T.);
#6860 = ORIENTED_EDGE('',*,*,#3607,.T.);
#6861 = ORIENTED_EDGE('',*,*,#6862,.F.);
#6862 = EDGE_CURVE('',#1779,#3599,#6863,.T.);
#6863 = LINE('',#6864,#6865);
#6864 = CARTESIAN_POINT('',(94.6,-41.525,0.));
#6865 = VECTOR('',#6866,1.);
#6866 = DIRECTION('',(0.,0.,1.));
#6867 = ORIENTED_EDGE('',*,*,#1787,.F.);
#6868 = PLANE('',#6869);
#6869 = AXIS2_PLACEMENT_3D('',#6870,#6871,#6872);
#6870 = CARTESIAN_POINT('',(94.6,-28.325,0.));
#6871 = DIRECTION('',(1.,0.,-0.));
#6872 = DIRECTION('',(0.,-1.,0.));
#6873 = ADVANCED_FACE('',(#6874),#6885,.F.);
#6874 = FACE_BOUND('',#6875,.T.);
#6875 = EDGE_LOOP('',(#6876,#6882,#6883,#6884));
#6876 = ORIENTED_EDGE('',*,*,#6877,.T.);
#6877 = EDGE_CURVE('',#1745,#3565,#6878,.T.);
#6878 = LINE('',#6879,#6880);
#6879 = CARTESIAN_POINT('',(108.6,-28.325,0.));
#6880 = VECTOR('',#6881,1.);
#6881 = DIRECTION('',(0.,0.,1.));
#6882 = ORIENTED_EDGE('',*,*,#3564,.T.);
#6883 = ORIENTED_EDGE('',*,*,#6843,.F.);
#6884 = ORIENTED_EDGE('',*,*,#1744,.F.);
#6885 = CYLINDRICAL_SURFACE('',#6886,0.399999018331);
#6886 = AXIS2_PLACEMENT_3D('',#6887,#6888,#6889);
#6887 = CARTESIAN_POINT('',(108.20000098167,-28.32499901833,0.));
#6888 = DIRECTION('',(-0.,-0.,-1.));
#6889 = DIRECTION('',(0.999999999997,-2.454181419222E-06,0.));
#6890 = ADVANCED_FACE('',(#6891),#6902,.F.);
#6891 = FACE_BOUND('',#6892,.T.);
#6892 = EDGE_LOOP('',(#6893,#6894,#6895,#6901));
#6893 = ORIENTED_EDGE('',*,*,#6862,.T.);
#6894 = ORIENTED_EDGE('',*,*,#3598,.T.);
#6895 = ORIENTED_EDGE('',*,*,#6896,.F.);
#6896 = EDGE_CURVE('',#1771,#3591,#6897,.T.);
#6897 = LINE('',#6898,#6899);
#6898 = CARTESIAN_POINT('',(95.,-41.925,0.));
#6899 = VECTOR('',#6900,1.);
#6900 = DIRECTION('',(0.,0.,1.));
#6901 = ORIENTED_EDGE('',*,*,#1778,.F.);
#6902 = CYLINDRICAL_SURFACE('',#6903,0.399999018331);
#6903 = AXIS2_PLACEMENT_3D('',#6904,#6905,#6906);
#6904 = CARTESIAN_POINT('',(94.99999901833,-41.52500098167,0.));
#6905 = DIRECTION('',(-0.,-0.,-1.));
#6906 = DIRECTION('',(-0.999999999997,2.454181374813E-06,0.));
#6907 = ADVANCED_FACE('',(#6908),#6919,.T.);
#6908 = FACE_BOUND('',#6909,.T.);
#6909 = EDGE_LOOP('',(#6910,#6916,#6917,#6918));
#6910 = ORIENTED_EDGE('',*,*,#6911,.T.);
#6911 = EDGE_CURVE('',#1754,#3574,#6912,.T.);
#6912 = LINE('',#6913,#6914);
#6913 = CARTESIAN_POINT('',(108.6,-41.525,0.));
#6914 = VECTOR('',#6915,1.);
#6915 = DIRECTION('',(0.,0.,1.));
#6916 = ORIENTED_EDGE('',*,*,#3573,.T.);
#6917 = ORIENTED_EDGE('',*,*,#6877,.F.);
#6918 = ORIENTED_EDGE('',*,*,#1753,.F.);
#6919 = PLANE('',#6920);
#6920 = AXIS2_PLACEMENT_3D('',#6921,#6922,#6923);
#6921 = CARTESIAN_POINT('',(108.6,-41.525,0.));
#6922 = DIRECTION('',(-1.,0.,0.));
#6923 = DIRECTION('',(0.,1.,0.));
#6924 = ADVANCED_FACE('',(#6925),#6936,.T.);
#6925 = FACE_BOUND('',#6926,.T.);
#6926 = EDGE_LOOP('',(#6927,#6928,#6929,#6935));
#6927 = ORIENTED_EDGE('',*,*,#6896,.T.);
#6928 = ORIENTED_EDGE('',*,*,#3590,.T.);
#6929 = ORIENTED_EDGE('',*,*,#6930,.F.);
#6930 = EDGE_CURVE('',#1762,#3582,#6931,.T.);
#6931 = LINE('',#6932,#6933);
#6932 = CARTESIAN_POINT('',(108.2,-41.925,0.));
#6933 = VECTOR('',#6934,1.);
#6934 = DIRECTION('',(0.,0.,1.));
#6935 = ORIENTED_EDGE('',*,*,#1770,.F.);
#6936 = PLANE('',#6937);
#6937 = AXIS2_PLACEMENT_3D('',#6938,#6939,#6940);
#6938 = CARTESIAN_POINT('',(95.,-41.925,0.));
#6939 = DIRECTION('',(0.,1.,0.));
#6940 = DIRECTION('',(1.,0.,0.));
#6941 = ADVANCED_FACE('',(#6942),#6948,.F.);
#6942 = FACE_BOUND('',#6943,.T.);
#6943 = EDGE_LOOP('',(#6944,#6945,#6946,#6947));
#6944 = ORIENTED_EDGE('',*,*,#6930,.T.);
#6945 = ORIENTED_EDGE('',*,*,#3581,.T.);
#6946 = ORIENTED_EDGE('',*,*,#6911,.F.);
#6947 = ORIENTED_EDGE('',*,*,#1761,.F.);
#6948 = CYLINDRICAL_SURFACE('',#6949,0.399999018331);
#6949 = AXIS2_PLACEMENT_3D('',#6950,#6951,#6952);
#6950 = CARTESIAN_POINT('',(108.20000098167,-41.52500098167,0.));
#6951 = DIRECTION('',(-0.,-0.,-1.));
#6952 = DIRECTION('',(-2.454181374813E-06,-0.999999999997,0.));
#6953 = ADVANCED_FACE('',(#6954),#6970,.F.);
#6954 = FACE_BOUND('',#6955,.T.);
#6955 = EDGE_LOOP('',(#6956,#6962,#6963,#6969));
#6956 = ORIENTED_EDGE('',*,*,#6957,.T.);
#6957 = EDGE_CURVE('',#1796,#3616,#6958,.T.);
#6958 = LINE('',#6959,#6960);
#6959 = CARTESIAN_POINT('',(114.05,-27.925,0.));
#6960 = VECTOR('',#6961,1.);
#6961 = DIRECTION('',(0.,0.,1.));
#6962 = ORIENTED_EDGE('',*,*,#3615,.T.);
#6963 = ORIENTED_EDGE('',*,*,#6964,.F.);
#6964 = EDGE_CURVE('',#1798,#3618,#6965,.T.);
#6965 = LINE('',#6966,#6967);
#6966 = CARTESIAN_POINT('',(113.65,-28.325,0.));
#6967 = VECTOR('',#6968,1.);
#6968 = DIRECTION('',(0.,0.,1.));
#6969 = ORIENTED_EDGE('',*,*,#1795,.F.);
#6970 = CYLINDRICAL_SURFACE('',#6971,0.399999018331);
#6971 = AXIS2_PLACEMENT_3D('',#6972,#6973,#6974);
#6972 = CARTESIAN_POINT('',(114.04999901833,-28.32499901833,0.));
#6973 = DIRECTION('',(-0.,-0.,-1.));
#6974 = DIRECTION('',(2.454181374813E-06,0.999999999997,-0.));
#6975 = ADVANCED_FACE('',(#6976),#6987,.T.);
#6976 = FACE_BOUND('',#6977,.T.);
#6977 = EDGE_LOOP('',(#6978,#6984,#6985,#6986));
#6978 = ORIENTED_EDGE('',*,*,#6979,.T.);
#6979 = EDGE_CURVE('',#1807,#3627,#6980,.T.);
#6980 = LINE('',#6981,#6982);
#6981 = CARTESIAN_POINT('',(127.25,-27.925,0.));
#6982 = VECTOR('',#6983,1.);
#6983 = DIRECTION('',(0.,0.,1.));
#6984 = ORIENTED_EDGE('',*,*,#3626,.T.);
#6985 = ORIENTED_EDGE('',*,*,#6957,.F.);
#6986 = ORIENTED_EDGE('',*,*,#1806,.F.);
#6987 = PLANE('',#6988);
#6988 = AXIS2_PLACEMENT_3D('',#6989,#6990,#6991);
#6989 = CARTESIAN_POINT('',(127.25,-27.925,0.));
#6990 = DIRECTION('',(0.,-1.,0.));
#6991 = DIRECTION('',(-1.,0.,0.));
#6992 = ADVANCED_FACE('',(#6993),#7004,.T.);
#6993 = FACE_BOUND('',#6994,.T.);
#6994 = EDGE_LOOP('',(#6995,#6996,#6997,#7003));
#6995 = ORIENTED_EDGE('',*,*,#6964,.T.);
#6996 = ORIENTED_EDGE('',*,*,#3677,.T.);
#6997 = ORIENTED_EDGE('',*,*,#6998,.F.);
#6998 = EDGE_CURVE('',#1849,#3669,#6999,.T.);
#6999 = LINE('',#7000,#7001);
#7000 = CARTESIAN_POINT('',(113.65,-41.525,0.));
#7001 = VECTOR('',#7002,1.);
#7002 = DIRECTION('',(0.,0.,1.));
#7003 = ORIENTED_EDGE('',*,*,#1857,.F.);
#7004 = PLANE('',#7005);
#7005 = AXIS2_PLACEMENT_3D('',#7006,#7007,#7008);
#7006 = CARTESIAN_POINT('',(113.65,-28.325,0.));
#7007 = DIRECTION('',(1.,0.,-0.));
#7008 = DIRECTION('',(0.,-1.,0.));
#7009 = ADVANCED_FACE('',(#7010),#7021,.F.);
#7010 = FACE_BOUND('',#7011,.T.);
#7011 = EDGE_LOOP('',(#7012,#7018,#7019,#7020));
#7012 = ORIENTED_EDGE('',*,*,#7013,.T.);
#7013 = EDGE_CURVE('',#1815,#3635,#7014,.T.);
#7014 = LINE('',#7015,#7016);
#7015 = CARTESIAN_POINT('',(127.65,-28.325,0.));
#7016 = VECTOR('',#7017,1.);
#7017 = DIRECTION('',(0.,0.,1.));
#7018 = ORIENTED_EDGE('',*,*,#3634,.T.);
#7019 = ORIENTED_EDGE('',*,*,#6979,.F.);
#7020 = ORIENTED_EDGE('',*,*,#1814,.F.);
#7021 = CYLINDRICAL_SURFACE('',#7022,0.399999018331);
#7022 = AXIS2_PLACEMENT_3D('',#7023,#7024,#7025);
#7023 = CARTESIAN_POINT('',(127.25000098167,-28.32499901833,0.));
#7024 = DIRECTION('',(-0.,-0.,-1.));
#7025 = DIRECTION('',(0.999999999997,-2.454181383695E-06,0.));
#7026 = ADVANCED_FACE('',(#7027),#7038,.F.);
#7027 = FACE_BOUND('',#7028,.T.);
#7028 = EDGE_LOOP('',(#7029,#7030,#7031,#7037));
#7029 = ORIENTED_EDGE('',*,*,#6998,.T.);
#7030 = ORIENTED_EDGE('',*,*,#3668,.T.);
#7031 = ORIENTED_EDGE('',*,*,#7032,.F.);
#7032 = EDGE_CURVE('',#1841,#3661,#7033,.T.);
#7033 = LINE('',#7034,#7035);
#7034 = CARTESIAN_POINT('',(114.05,-41.925,0.));
#7035 = VECTOR('',#7036,1.);
#7036 = DIRECTION('',(0.,0.,1.));
#7037 = ORIENTED_EDGE('',*,*,#1848,.F.);
#7038 = CYLINDRICAL_SURFACE('',#7039,0.399999018331);
#7039 = AXIS2_PLACEMENT_3D('',#7040,#7041,#7042);
#7040 = CARTESIAN_POINT('',(114.04999901833,-41.52500098167,0.));
#7041 = DIRECTION('',(-0.,-0.,-1.));
#7042 = DIRECTION('',(-0.999999999997,2.454181410341E-06,0.));
#7043 = ADVANCED_FACE('',(#7044),#7055,.T.);
#7044 = FACE_BOUND('',#7045,.T.);
#7045 = EDGE_LOOP('',(#7046,#7052,#7053,#7054));
#7046 = ORIENTED_EDGE('',*,*,#7047,.T.);
#7047 = EDGE_CURVE('',#1824,#3644,#7048,.T.);
#7048 = LINE('',#7049,#7050);
#7049 = CARTESIAN_POINT('',(127.65,-41.525,0.));
#7050 = VECTOR('',#7051,1.);
#7051 = DIRECTION('',(0.,0.,1.));
#7052 = ORIENTED_EDGE('',*,*,#3643,.T.);
#7053 = ORIENTED_EDGE('',*,*,#7013,.F.);
#7054 = ORIENTED_EDGE('',*,*,#1823,.F.);
#7055 = PLANE('',#7056);
#7056 = AXIS2_PLACEMENT_3D('',#7057,#7058,#7059);
#7057 = CARTESIAN_POINT('',(127.65,-41.525,0.));
#7058 = DIRECTION('',(-1.,0.,0.));
#7059 = DIRECTION('',(0.,1.,0.));
#7060 = ADVANCED_FACE('',(#7061),#7072,.T.);
#7061 = FACE_BOUND('',#7062,.T.);
#7062 = EDGE_LOOP('',(#7063,#7064,#7065,#7071));
#7063 = ORIENTED_EDGE('',*,*,#7032,.T.);
#7064 = ORIENTED_EDGE('',*,*,#3660,.T.);
#7065 = ORIENTED_EDGE('',*,*,#7066,.F.);
#7066 = EDGE_CURVE('',#1832,#3652,#7067,.T.);
#7067 = LINE('',#7068,#7069);
#7068 = CARTESIAN_POINT('',(127.25,-41.925,0.));
#7069 = VECTOR('',#7070,1.);
#7070 = DIRECTION('',(0.,0.,1.));
#7071 = ORIENTED_EDGE('',*,*,#1840,.F.);
#7072 = PLANE('',#7073);
#7073 = AXIS2_PLACEMENT_3D('',#7074,#7075,#7076);
#7074 = CARTESIAN_POINT('',(114.05,-41.925,0.));
#7075 = DIRECTION('',(0.,1.,0.));
#7076 = DIRECTION('',(1.,0.,0.));
#7077 = ADVANCED_FACE('',(#7078),#7084,.F.);
#7078 = FACE_BOUND('',#7079,.T.);
#7079 = EDGE_LOOP('',(#7080,#7081,#7082,#7083));
#7080 = ORIENTED_EDGE('',*,*,#7066,.T.);
#7081 = ORIENTED_EDGE('',*,*,#3651,.T.);
#7082 = ORIENTED_EDGE('',*,*,#7047,.F.);
#7083 = ORIENTED_EDGE('',*,*,#1831,.F.);
#7084 = CYLINDRICAL_SURFACE('',#7085,0.399999018331);
#7085 = AXIS2_PLACEMENT_3D('',#7086,#7087,#7088);
#7086 = CARTESIAN_POINT('',(127.25000098167,-41.52500098167,0.));
#7087 = DIRECTION('',(-0.,-0.,-1.));
#7088 = DIRECTION('',(-2.454181410341E-06,-0.999999999997,0.));
#7089 = ADVANCED_FACE('',(#7090),#7101,.F.);
#7090 = FACE_BOUND('',#7091,.T.);
#7091 = EDGE_LOOP('',(#7092,#7093,#7099,#7100));
#7092 = ORIENTED_EDGE('',*,*,#1865,.T.);
#7093 = ORIENTED_EDGE('',*,*,#7094,.T.);
#7094 = EDGE_CURVE('',#1866,#3686,#7095,.T.);
#7095 = LINE('',#7096,#7097);
#7096 = CARTESIAN_POINT('',(130.175,-45.065905,-4.6E-02));
#7097 = VECTOR('',#7098,1.);
#7098 = DIRECTION('',(0.,0.,1.));
#7099 = ORIENTED_EDGE('',*,*,#3685,.F.);
#7100 = ORIENTED_EDGE('',*,*,#7094,.F.);
#7101 = CYLINDRICAL_SURFACE('',#7102,1.35);
#7102 = AXIS2_PLACEMENT_3D('',#7103,#7104,#7105);
#7103 = CARTESIAN_POINT('',(130.175,-43.715905,-4.6E-02));
#7104 = DIRECTION('',(-0.,-0.,-1.));
#7105 = DIRECTION('',(-0.,-1.,0.));
#7106 = ADVANCED_FACE('',(#7107),#7118,.F.);
#7107 = FACE_BOUND('',#7108,.T.);
#7108 = EDGE_LOOP('',(#7109,#7110,#7116,#7117));
#7109 = ORIENTED_EDGE('',*,*,#1876,.T.);
#7110 = ORIENTED_EDGE('',*,*,#7111,.T.);
#7111 = EDGE_CURVE('',#1877,#3697,#7112,.T.);
#7112 = LINE('',#7113,#7114);
#7113 = CARTESIAN_POINT('',(139.7,-46.534095,-4.6E-02));
#7114 = VECTOR('',#7115,1.);
#7115 = DIRECTION('',(0.,0.,1.));
#7116 = ORIENTED_EDGE('',*,*,#3696,.F.);
#7117 = ORIENTED_EDGE('',*,*,#7111,.F.);
#7118 = CYLINDRICAL_SURFACE('',#7119,1.35);
#7119 = AXIS2_PLACEMENT_3D('',#7120,#7121,#7122);
#7120 = CARTESIAN_POINT('',(139.7,-45.184095,-4.6E-02));
#7121 = DIRECTION('',(-0.,-0.,-1.));
#7122 = DIRECTION('',(-0.,-1.,0.));
#7123 = ADVANCED_FACE('',(#7124),#7140,.F.);
#7124 = FACE_BOUND('',#7125,.T.);
#7125 = EDGE_LOOP('',(#7126,#7132,#7133,#7139));
#7126 = ORIENTED_EDGE('',*,*,#7127,.T.);
#7127 = EDGE_CURVE('',#1888,#3708,#7128,.T.);
#7128 = LINE('',#7129,#7130);
#7129 = CARTESIAN_POINT('',(133.1,-27.925,0.));
#7130 = VECTOR('',#7131,1.);
#7131 = DIRECTION('',(0.,0.,1.));
#7132 = ORIENTED_EDGE('',*,*,#3707,.T.);
#7133 = ORIENTED_EDGE('',*,*,#7134,.F.);
#7134 = EDGE_CURVE('',#1890,#3710,#7135,.T.);
#7135 = LINE('',#7136,#7137);
#7136 = CARTESIAN_POINT('',(132.7,-28.325,0.));
#7137 = VECTOR('',#7138,1.);
#7138 = DIRECTION('',(0.,0.,1.));
#7139 = ORIENTED_EDGE('',*,*,#1887,.F.);
#7140 = CYLINDRICAL_SURFACE('',#7141,0.399999018331);
#7141 = AXIS2_PLACEMENT_3D('',#7142,#7143,#7144);
#7142 = CARTESIAN_POINT('',(133.09999901833,-28.32499901833,0.));
#7143 = DIRECTION('',(-0.,-0.,-1.));
#7144 = DIRECTION('',(2.454181339286E-06,0.999999999997,-0.));
#7145 = ADVANCED_FACE('',(#7146),#7157,.T.);
#7146 = FACE_BOUND('',#7147,.T.);
#7147 = EDGE_LOOP('',(#7148,#7154,#7155,#7156));
#7148 = ORIENTED_EDGE('',*,*,#7149,.T.);
#7149 = EDGE_CURVE('',#1899,#3719,#7150,.T.);
#7150 = LINE('',#7151,#7152);
#7151 = CARTESIAN_POINT('',(146.3,-27.925,0.));
#7152 = VECTOR('',#7153,1.);
#7153 = DIRECTION('',(0.,0.,1.));
#7154 = ORIENTED_EDGE('',*,*,#3718,.T.);
#7155 = ORIENTED_EDGE('',*,*,#7127,.F.);
#7156 = ORIENTED_EDGE('',*,*,#1898,.F.);
#7157 = PLANE('',#7158);
#7158 = AXIS2_PLACEMENT_3D('',#7159,#7160,#7161);
#7159 = CARTESIAN_POINT('',(146.3,-27.925,0.));
#7160 = DIRECTION('',(0.,-1.,0.));
#7161 = DIRECTION('',(-1.,0.,0.));
#7162 = ADVANCED_FACE('',(#7163),#7174,.T.);
#7163 = FACE_BOUND('',#7164,.T.);
#7164 = EDGE_LOOP('',(#7165,#7166,#7167,#7173));
#7165 = ORIENTED_EDGE('',*,*,#7134,.T.);
#7166 = ORIENTED_EDGE('',*,*,#3769,.T.);
#7167 = ORIENTED_EDGE('',*,*,#7168,.F.);
#7168 = EDGE_CURVE('',#1941,#3761,#7169,.T.);
#7169 = LINE('',#7170,#7171);
#7170 = CARTESIAN_POINT('',(132.7,-41.525,0.));
#7171 = VECTOR('',#7172,1.);
#7172 = DIRECTION('',(0.,0.,1.));
#7173 = ORIENTED_EDGE('',*,*,#1949,.F.);
#7174 = PLANE('',#7175);
#7175 = AXIS2_PLACEMENT_3D('',#7176,#7177,#7178);
#7176 = CARTESIAN_POINT('',(132.7,-28.325,0.));
#7177 = DIRECTION('',(1.,0.,-0.));
#7178 = DIRECTION('',(0.,-1.,0.));
#7179 = ADVANCED_FACE('',(#7180),#7191,.F.);
#7180 = FACE_BOUND('',#7181,.T.);
#7181 = EDGE_LOOP('',(#7182,#7188,#7189,#7190));
#7182 = ORIENTED_EDGE('',*,*,#7183,.T.);
#7183 = EDGE_CURVE('',#1907,#3727,#7184,.T.);
#7184 = LINE('',#7185,#7186);
#7185 = CARTESIAN_POINT('',(146.7,-28.325,0.));
#7186 = VECTOR('',#7187,1.);
#7187 = DIRECTION('',(0.,0.,1.));
#7188 = ORIENTED_EDGE('',*,*,#3726,.T.);
#7189 = ORIENTED_EDGE('',*,*,#7149,.F.);
#7190 = ORIENTED_EDGE('',*,*,#1906,.F.);
#7191 = CYLINDRICAL_SURFACE('',#7192,0.399999018331);
#7192 = AXIS2_PLACEMENT_3D('',#7193,#7194,#7195);
#7193 = CARTESIAN_POINT('',(146.30000098167,-28.32499901833,0.));
#7194 = DIRECTION('',(-0.,-0.,-1.));
#7195 = DIRECTION('',(0.999999999997,-2.454181428104E-06,0.));
#7196 = ADVANCED_FACE('',(#7197),#7208,.F.);
#7197 = FACE_BOUND('',#7198,.T.);
#7198 = EDGE_LOOP('',(#7199,#7200,#7201,#7207));
#7199 = ORIENTED_EDGE('',*,*,#7168,.T.);
#7200 = ORIENTED_EDGE('',*,*,#3760,.T.);
#7201 = ORIENTED_EDGE('',*,*,#7202,.F.);
#7202 = EDGE_CURVE('',#1933,#3753,#7203,.T.);
#7203 = LINE('',#7204,#7205);
#7204 = CARTESIAN_POINT('',(133.1,-41.925,0.));
#7205 = VECTOR('',#7206,1.);
#7206 = DIRECTION('',(0.,0.,1.));
#7207 = ORIENTED_EDGE('',*,*,#1940,.F.);
#7208 = CYLINDRICAL_SURFACE('',#7209,0.399999018331);
#7209 = AXIS2_PLACEMENT_3D('',#7210,#7211,#7212);
#7210 = CARTESIAN_POINT('',(133.09999901833,-41.52500098167,0.));
#7211 = DIRECTION('',(-0.,-0.,-1.));
#7212 = DIRECTION('',(-0.999999999997,2.454181321522E-06,0.));
#7213 = ADVANCED_FACE('',(#7214),#7225,.T.);
#7214 = FACE_BOUND('',#7215,.T.);
#7215 = EDGE_LOOP('',(#7216,#7222,#7223,#7224));
#7216 = ORIENTED_EDGE('',*,*,#7217,.T.);
#7217 = EDGE_CURVE('',#1916,#3736,#7218,.T.);
#7218 = LINE('',#7219,#7220);
#7219 = CARTESIAN_POINT('',(146.7,-41.525,0.));
#7220 = VECTOR('',#7221,1.);
#7221 = DIRECTION('',(0.,0.,1.));
#7222 = ORIENTED_EDGE('',*,*,#3735,.T.);
#7223 = ORIENTED_EDGE('',*,*,#7183,.F.);
#7224 = ORIENTED_EDGE('',*,*,#1915,.F.);
#7225 = PLANE('',#7226);
#7226 = AXIS2_PLACEMENT_3D('',#7227,#7228,#7229);
#7227 = CARTESIAN_POINT('',(146.7,-41.525,0.));
#7228 = DIRECTION('',(-1.,0.,0.));
#7229 = DIRECTION('',(0.,1.,0.));
#7230 = ADVANCED_FACE('',(#7231),#7242,.T.);
#7231 = FACE_BOUND('',#7232,.T.);
#7232 = EDGE_LOOP('',(#7233,#7234,#7235,#7241));
#7233 = ORIENTED_EDGE('',*,*,#7202,.T.);
#7234 = ORIENTED_EDGE('',*,*,#3752,.T.);
#7235 = ORIENTED_EDGE('',*,*,#7236,.F.);
#7236 = EDGE_CURVE('',#1924,#3744,#7237,.T.);
#7237 = LINE('',#7238,#7239);
#7238 = CARTESIAN_POINT('',(146.3,-41.925,0.));
#7239 = VECTOR('',#7240,1.);
#7240 = DIRECTION('',(0.,0.,1.));
#7241 = ORIENTED_EDGE('',*,*,#1932,.F.);
#7242 = PLANE('',#7243);
#7243 = AXIS2_PLACEMENT_3D('',#7244,#7245,#7246);
#7244 = CARTESIAN_POINT('',(133.1,-41.925,0.));
#7245 = DIRECTION('',(0.,1.,0.));
#7246 = DIRECTION('',(1.,0.,0.));
#7247 = ADVANCED_FACE('',(#7248),#7254,.F.);
#7248 = FACE_BOUND('',#7249,.T.);
#7249 = EDGE_LOOP('',(#7250,#7251,#7252,#7253));
#7250 = ORIENTED_EDGE('',*,*,#7236,.T.);
#7251 = ORIENTED_EDGE('',*,*,#3743,.T.);
#7252 = ORIENTED_EDGE('',*,*,#7217,.F.);
#7253 = ORIENTED_EDGE('',*,*,#1923,.F.);
#7254 = CYLINDRICAL_SURFACE('',#7255,0.399999018331);
#7255 = AXIS2_PLACEMENT_3D('',#7256,#7257,#7258);
#7256 = CARTESIAN_POINT('',(146.30000098167,-41.52500098167,0.));
#7257 = DIRECTION('',(-0.,-0.,-1.));
#7258 = DIRECTION('',(-2.454181339286E-06,-0.999999999997,0.));
#7259 = ( GEOMETRIC_REPRESENTATION_CONTEXT(3) 
GLOBAL_UNCERTAINTY_ASSIGNED_CONTEXT((#7263)) 
GLOBAL_UNIT_ASSIGNED_CONTEXT((#7260,#7261,#7262)) REPRESENTATION_CONTEXT
('Context #1','3D Context with UNIT and UNCERTAINTY') );
#7260 = ( LENGTH_UNIT() NAMED_UNIT(*) SI_UNIT(.MILLI.,.METRE.) );
#7261 = ( NAMED_UNIT(*) PLANE_ANGLE_UNIT() SI_UNIT($,.RADIAN.) );
#7262 = ( NAMED_UNIT(*) SI_UNIT($,.STERADIAN.) SOLID_ANGLE_UNIT() );
#7263 = UNCERTAINTY_MEASURE_WITH_UNIT(LENGTH_MEASURE(1.E-07),#7260,
  'distance_accuracy_value','confusion accuracy');
#7264 = CONTEXT_DEPENDENT_SHAPE_REPRESENTATION(#7265,#7267);
#7265 = ( REPRESENTATION_RELATIONSHIP('','',#32,#10) 
REPRESENTATION_RELATIONSHIP_WITH_TRANSFORMATION(#7266) 
SHAPE_REPRESENTATION_RELATIONSHIP() );
#7266 = ITEM_DEFINED_TRANSFORMATION('','',#11,#15);
#7267 = PRODUCT_DEFINITION_SHAPE('Placement','Placement of an item',
  #7268);
#7268 = NEXT_ASSEMBLY_USAGE_OCCURRENCE('1','=>[0:1:1:2]','',#5,#27,$);
#7269 = PRODUCT_RELATED_PRODUCT_CATEGORY('part',$,(#29));
#7270 = MECHANICAL_DESIGN_GEOMETRIC_PRESENTATION_REPRESENTATION('',(
    #7271),#7259);
#7271 = STYLED_ITEM('color',(#7272),#33);
#7272 = PRESENTATION_STYLE_ASSIGNMENT((#7273));
#7273 = SURFACE_STYLE_USAGE(.BOTH.,#7274);
#7274 = SURFACE_SIDE_STYLE('',(#7275));
#7275 = SURFACE_STYLE_FILL_AREA(#7276);
#7276 = FILL_AREA_STYLE('',(#7277));
#7277 = FILL_AREA_STYLE_COLOUR('',#7278);
#7278 = COLOUR_RGB('',0.313304153717,0.484529207832,0.410020903123);
ENDSEC;
END-ISO-10303-21;
