ISO-10303-21;
HEADER;
/* Generated by software containing ST-Developer
 * from STEP Tools, Inc. (www.steptools.com) 
 */
/* OPTION: using custom renumber hook */

FILE_DESCRIPTION(
/* description */ ('STEP AP242 Edition 2',
'CAx-IF Rec.Pracs.---Representation and Presentation of Product Manufa
cturing Information (PMI)---4.0---2014-10-13',
'CAx-IF Rec.Pracs.---3D Tessellated Geometry---0.4---2014-09-14','2;1',
'CAx-IF Rec.Pracs.---User Defined Attributes---1.5---2016-08-15'),
/* implementation_level */ '2;1');

FILE_NAME(
/* name */ 'core - case',
/* time_stamp */ '2026-04-07T22:44:57Z',
/* author */ (''),
/* organization */ (''),
/* preprocessor_version */ 'ST-DEVELOPER v20',
/* originating_system */ 'ONSHAPE BY PTC INC, 1.213',
/* authorisation */ '  ');

FILE_SCHEMA (('AP242_MANAGED_MODEL_BASED_3D_ENGINEERING_MIM_LF { 1 0 10303 442 3 1 4 }'));
ENDSEC;

DATA;
#10=SHAPE_REPRESENTATION_RELATIONSHIP('','',#2355,#11);
#11=ADVANCED_BREP_SHAPE_REPRESENTATION('',(#2353),#4003);
#12=CONICAL_SURFACE('',#2559,0.001625,0.785398163397449);
#13=CONICAL_SURFACE('',#2560,0.002225,0.785398163397449);
#14=CONICAL_SURFACE('',#2561,0.002225,0.785398163397449);
#15=CONICAL_SURFACE('',#2562,0.001625,0.785398163397449);
#16=CONICAL_SURFACE('',#2563,0.001625,0.78539816339745);
#17=CONICAL_SURFACE('',#2564,0.001625,0.78539816339745);
#18=CONICAL_SURFACE('',#2565,0.001625,0.78539816339745);
#19=CONICAL_SURFACE('',#2566,0.001625,0.78539816339745);
#20=CONICAL_SURFACE('',#2567,0.001625,0.78539816339745);
#21=CONICAL_SURFACE('',#2568,0.001625,0.78539816339745);
#22=CONICAL_SURFACE('',#2569,0.001625,0.78539816339745);
#23=CONICAL_SURFACE('',#2570,0.001625,0.78539816339745);
#24=CONICAL_SURFACE('',#2571,0.00215,0.7853981633974);
#25=CONICAL_SURFACE('',#2572,0.00155,0.7853981633974);
#26=CONICAL_SURFACE('',#2573,0.00155,0.785398163397446);
#27=CONICAL_SURFACE('',#2574,0.00215,0.785398163397446);
#28=B_SPLINE_CURVE_WITH_KNOTS('',3,(#3789,#3790,#3791,#3792),
 .UNSPECIFIED.,.F.,.F.,(4,4),(0.,0.0010344687430202),.UNSPECIFIED.);
#29=B_SPLINE_CURVE_WITH_KNOTS('',3,(#3796,#3797,#3798,#3799),
 .UNSPECIFIED.,.F.,.F.,(4,4),(0.,0.0010344686425403),.UNSPECIFIED.);
#30=B_SPLINE_CURVE_WITH_KNOTS('',3,(#3812,#3813,#3814,#3815,#3816,#3817,
#3818,#3819,#3820,#3821,#3822,#3823,#3824),.UNSPECIFIED.,.F.,.F.,(4,1,1,
1,1,1,1,1,1,1,4),(0.,0.00100551762568586,0.00201103525137173,0.00301655287705759,
0.00351931168990052,0.00402207050274346,0.00452482931558639,0.00502758812842932,
0.00603310575411519,0.00703862337980105,0.00804414100548691),
 .UNSPECIFIED.);
#31=B_SPLINE_CURVE_WITH_KNOTS('',3,(#3840,#3841,#3842,#3843,#3844,#3845,
#3846,#3847,#3848,#3849,#3850,#3851,#3852),.UNSPECIFIED.,.F.,.F.,(4,1,1,
1,1,1,1,1,1,1,4),(0.,0.0010055176256859,0.00201103525137179,0.00301655287705769,
0.00351931168990064,0.00402207050274358,0.00452482931558653,0.00502758812842948,
0.00603310575411537,0.00703862337980127,0.00804414100548717),
 .UNSPECIFIED.);
#32=B_SPLINE_CURVE_WITH_KNOTS('',3,(#3854,#3855,#3856,#3857),
 .UNSPECIFIED.,.F.,.F.,(4,4),(0.,0.00103446874302023),.UNSPECIFIED.);
#33=B_SPLINE_CURVE_WITH_KNOTS('',3,(#3861,#3862,#3863,#3864),
 .UNSPECIFIED.,.F.,.F.,(4,4),(0.,0.00103446864254031),.UNSPECIFIED.);
#34=B_SPLINE_CURVE_WITH_KNOTS('',3,(#3881,#3882,#3883,#3884,#3885,#3886,
#3887,#3888,#3889,#3890,#3891,#3892,#3893),.UNSPECIFIED.,.F.,.F.,(4,1,1,
1,1,1,1,1,1,1,4),(0.,0.0010055176256859,0.00201103525137179,0.00301655287705769,
0.00351931168990063,0.00402207050274358,0.00452482931558653,0.00502758812842948,
0.00603310575411537,0.00703862337980127,0.00804414100548716),
 .UNSPECIFIED.);
#35=B_SPLINE_CURVE_WITH_KNOTS('',3,(#3895,#3896,#3897,#3898),
 .UNSPECIFIED.,.F.,.F.,(4,4),(0.,0.00103446874302024),.UNSPECIFIED.);
#36=B_SPLINE_CURVE_WITH_KNOTS('',3,(#3902,#3903,#3904,#3905),
 .UNSPECIFIED.,.F.,.F.,(4,4),(0.,0.00103446864254031),.UNSPECIFIED.);
#37=B_SPLINE_CURVE_WITH_KNOTS('',3,(#3912,#3913,#3914,#3915),
 .UNSPECIFIED.,.F.,.F.,(4,4),(0.,0.00103446874302023),.UNSPECIFIED.);
#38=B_SPLINE_CURVE_WITH_KNOTS('',3,(#3919,#3920,#3921,#3922),
 .UNSPECIFIED.,.F.,.F.,(4,4),(0.,0.00103446864254032),.UNSPECIFIED.);
#39=B_SPLINE_CURVE_WITH_KNOTS('',3,(#3933,#3934,#3935,#3936,#3937,#3938,
#3939,#3940,#3941,#3942,#3943,#3944,#3945),.UNSPECIFIED.,.F.,.F.,(4,1,1,
1,1,1,1,1,1,1,4),(0.,0.00100551762568587,0.00201103525137174,0.00301655287705761,
0.00351931168990055,0.00402207050274348,0.00452482931558642,0.00502758812842936,
0.00603310575411523,0.0070386233798011,0.00804414100548697),
 .UNSPECIFIED.);
#40=CYLINDRICAL_SURFACE('',#2422,0.0038);
#41=CYLINDRICAL_SURFACE('',#2425,0.00155);
#42=CYLINDRICAL_SURFACE('',#2430,0.00155);
#43=CYLINDRICAL_SURFACE('',#2433,0.0038);
#44=CYLINDRICAL_SURFACE('',#2439,0.0004);
#45=CYLINDRICAL_SURFACE('',#2442,0.0004);
#46=CYLINDRICAL_SURFACE('',#2447,0.00155);
#47=CYLINDRICAL_SURFACE('',#2450,0.0038);
#48=CYLINDRICAL_SURFACE('',#2454,0.0038);
#49=CYLINDRICAL_SURFACE('',#2457,0.00155);
#50=CYLINDRICAL_SURFACE('',#2463,0.0004);
#51=CYLINDRICAL_SURFACE('',#2466,0.0004);
#52=CYLINDRICAL_SURFACE('',#2472,0.0038);
#53=CYLINDRICAL_SURFACE('',#2478,0.0038);
#54=CYLINDRICAL_SURFACE('',#2483,0.001625);
#55=CYLINDRICAL_SURFACE('',#2485,0.001625);
#56=CYLINDRICAL_SURFACE('',#2487,0.001625);
#57=CYLINDRICAL_SURFACE('',#2490,0.001625);
#58=CYLINDRICAL_SURFACE('',#2493,0.001625);
#59=CYLINDRICAL_SURFACE('',#2496,0.001625);
#60=CYLINDRICAL_SURFACE('',#2499,0.001625);
#61=CYLINDRICAL_SURFACE('',#2502,0.001625);
#62=CYLINDRICAL_SURFACE('',#2505,0.0038);
#63=CYLINDRICAL_SURFACE('',#2508,0.0038);
#64=CYLINDRICAL_SURFACE('',#2511,0.0038);
#65=CYLINDRICAL_SURFACE('',#2514,0.0038);
#66=CYLINDRICAL_SURFACE('',#2517,0.0038);
#67=CYLINDRICAL_SURFACE('',#2520,0.0038);
#68=CYLINDRICAL_SURFACE('',#2523,0.00395);
#69=CYLINDRICAL_SURFACE('',#2527,0.001625);
#70=CYLINDRICAL_SURFACE('',#2531,0.003);
#71=CYLINDRICAL_SURFACE('',#2534,0.001625);
#72=CYLINDRICAL_SURFACE('',#2537,0.00395);
#73=CYLINDRICAL_SURFACE('',#2540,0.003);
#74=CYLINDRICAL_SURFACE('',#2543,0.001625);
#75=CYLINDRICAL_SURFACE('',#2546,0.00395);
#76=CYLINDRICAL_SURFACE('',#2549,0.003);
#77=CYLINDRICAL_SURFACE('',#2550,0.00395);
#78=CYLINDRICAL_SURFACE('',#2554,0.001625);
#79=CYLINDRICAL_SURFACE('',#2558,0.003);
#80=CYLINDRICAL_SURFACE('',#2587,0.0035);
#81=CYLINDRICAL_SURFACE('',#2590,0.0035);
#82=CYLINDRICAL_SURFACE('',#2591,0.001);
#83=CYLINDRICAL_SURFACE('',#2592,0.001);
#84=CYLINDRICAL_SURFACE('',#2593,0.001);
#85=CYLINDRICAL_SURFACE('',#2594,0.001);
#86=CIRCLE('',#2358,0.001);
#87=CIRCLE('',#2359,0.001);
#88=CIRCLE('',#2360,0.001);
#89=CIRCLE('',#2361,0.001);
#90=CIRCLE('',#2362,0.0035);
#91=CIRCLE('',#2363,0.0035);
#92=CIRCLE('',#2365,0.0035);
#93=CIRCLE('',#2366,0.0035);
#94=CIRCLE('',#2367,0.001);
#95=CIRCLE('',#2368,0.001);
#96=CIRCLE('',#2369,0.001);
#97=CIRCLE('',#2370,0.001);
#98=CIRCLE('',#2372,0.00215);
#99=CIRCLE('',#2373,0.00215);
#100=CIRCLE('',#2374,0.003);
#101=CIRCLE('',#2375,0.0038);
#102=CIRCLE('',#2376,0.0004);
#103=CIRCLE('',#2377,0.0004);
#104=CIRCLE('',#2378,0.0038);
#105=CIRCLE('',#2379,0.003);
#106=CIRCLE('',#2382,0.0038);
#107=CIRCLE('',#2383,0.0038);
#108=CIRCLE('',#2384,0.0038);
#109=CIRCLE('',#2385,0.0038);
#110=CIRCLE('',#2386,0.0038);
#111=CIRCLE('',#2387,0.0038);
#112=CIRCLE('',#2388,0.0038);
#113=CIRCLE('',#2389,0.0038);
#114=CIRCLE('',#2394,0.00215);
#115=CIRCLE('',#2395,0.00215);
#116=CIRCLE('',#2396,0.003);
#117=CIRCLE('',#2397,0.0038);
#118=CIRCLE('',#2398,0.0004);
#119=CIRCLE('',#2399,0.0004);
#120=CIRCLE('',#2400,0.0038);
#121=CIRCLE('',#2401,0.003);
#122=CIRCLE('',#2403,0.002225);
#123=CIRCLE('',#2404,0.002225);
#124=CIRCLE('',#2405,0.00395);
#125=CIRCLE('',#2406,0.00395);
#126=CIRCLE('',#2408,0.002225);
#127=CIRCLE('',#2409,0.002225);
#128=CIRCLE('',#2410,0.00395);
#129=CIRCLE('',#2411,0.00395);
#130=CIRCLE('',#2414,0.002225);
#131=CIRCLE('',#2415,0.002225);
#132=CIRCLE('',#2416,0.002225);
#133=CIRCLE('',#2417,0.002225);
#134=CIRCLE('',#2418,0.002225);
#135=CIRCLE('',#2419,0.002225);
#136=CIRCLE('',#2420,0.001625);
#137=CIRCLE('',#2421,0.001625);
#138=CIRCLE('',#2423,0.0038);
#139=CIRCLE('',#2426,0.00155);
#140=CIRCLE('',#2427,0.00155);
#141=CIRCLE('',#2431,0.00155);
#142=CIRCLE('',#2432,0.00155);
#143=CIRCLE('',#2434,0.0038);
#144=CIRCLE('',#2440,0.0004);
#145=CIRCLE('',#2443,0.0004);
#146=CIRCLE('',#2448,0.00155);
#147=CIRCLE('',#2449,0.00155);
#148=CIRCLE('',#2451,0.0038);
#149=CIRCLE('',#2455,0.0038);
#150=CIRCLE('',#2458,0.00155);
#151=CIRCLE('',#2459,0.00155);
#152=CIRCLE('',#2464,0.0004);
#153=CIRCLE('',#2467,0.0004);
#154=CIRCLE('',#2473,0.0038);
#155=CIRCLE('',#2476,0.002225);
#156=CIRCLE('',#2479,0.0038);
#157=CIRCLE('',#2482,0.002225);
#158=CIRCLE('',#2484,0.001625);
#159=CIRCLE('',#2486,0.001625);
#160=CIRCLE('',#2488,0.001625);
#161=CIRCLE('',#2489,0.001625);
#162=CIRCLE('',#2491,0.001625);
#163=CIRCLE('',#2492,0.001625);
#164=CIRCLE('',#2494,0.001625);
#165=CIRCLE('',#2495,0.001625);
#166=CIRCLE('',#2497,0.001625);
#167=CIRCLE('',#2498,0.001625);
#168=CIRCLE('',#2500,0.001625);
#169=CIRCLE('',#2501,0.001625);
#170=CIRCLE('',#2503,0.001625);
#171=CIRCLE('',#2504,0.001625);
#172=CIRCLE('',#2506,0.0038);
#173=CIRCLE('',#2509,0.0038);
#174=CIRCLE('',#2512,0.0038);
#175=CIRCLE('',#2515,0.0038);
#176=CIRCLE('',#2518,0.0038);
#177=CIRCLE('',#2521,0.0038);
#178=CIRCLE('',#2524,0.00395);
#179=CIRCLE('',#2526,0.003);
#180=CIRCLE('',#2528,0.001625);
#181=CIRCLE('',#2529,0.001625);
#182=CIRCLE('',#2533,0.003);
#183=CIRCLE('',#2535,0.001625);
#184=CIRCLE('',#2536,0.001625);
#185=CIRCLE('',#2538,0.00395);
#186=CIRCLE('',#2542,0.003);
#187=CIRCLE('',#2544,0.001625);
#188=CIRCLE('',#2545,0.001625);
#189=CIRCLE('',#2547,0.00395);
#190=CIRCLE('',#2551,0.00395);
#191=CIRCLE('',#2553,0.003);
#192=CIRCLE('',#2555,0.001625);
#193=CIRCLE('',#2556,0.001625);
#194=CIRCLE('',#2586,0.0035);
#195=CIRCLE('',#2589,0.0035);
#196=ORIENTED_EDGE('',*,*,#820,.T.);
#197=ORIENTED_EDGE('',*,*,#821,.T.);
#198=ORIENTED_EDGE('',*,*,#822,.T.);
#199=ORIENTED_EDGE('',*,*,#823,.T.);
#200=ORIENTED_EDGE('',*,*,#824,.T.);
#201=ORIENTED_EDGE('',*,*,#825,.T.);
#202=ORIENTED_EDGE('',*,*,#826,.T.);
#203=ORIENTED_EDGE('',*,*,#827,.T.);
#204=ORIENTED_EDGE('',*,*,#828,.F.);
#205=ORIENTED_EDGE('',*,*,#829,.T.);
#206=ORIENTED_EDGE('',*,*,#830,.F.);
#207=ORIENTED_EDGE('',*,*,#831,.F.);
#208=ORIENTED_EDGE('',*,*,#832,.F.);
#209=ORIENTED_EDGE('',*,*,#833,.T.);
#210=ORIENTED_EDGE('',*,*,#834,.T.);
#211=ORIENTED_EDGE('',*,*,#835,.F.);
#212=ORIENTED_EDGE('',*,*,#836,.F.);
#213=ORIENTED_EDGE('',*,*,#837,.T.);
#214=ORIENTED_EDGE('',*,*,#838,.F.);
#215=ORIENTED_EDGE('',*,*,#839,.T.);
#216=ORIENTED_EDGE('',*,*,#840,.T.);
#217=ORIENTED_EDGE('',*,*,#841,.T.);
#218=ORIENTED_EDGE('',*,*,#842,.T.);
#219=ORIENTED_EDGE('',*,*,#843,.T.);
#220=ORIENTED_EDGE('',*,*,#844,.T.);
#221=ORIENTED_EDGE('',*,*,#845,.T.);
#222=ORIENTED_EDGE('',*,*,#846,.F.);
#223=ORIENTED_EDGE('',*,*,#847,.F.);
#224=ORIENTED_EDGE('',*,*,#848,.F.);
#225=ORIENTED_EDGE('',*,*,#849,.T.);
#226=ORIENTED_EDGE('',*,*,#850,.T.);
#227=ORIENTED_EDGE('',*,*,#851,.F.);
#228=ORIENTED_EDGE('',*,*,#852,.T.);
#229=ORIENTED_EDGE('',*,*,#853,.F.);
#230=ORIENTED_EDGE('',*,*,#854,.T.);
#231=ORIENTED_EDGE('',*,*,#855,.T.);
#232=ORIENTED_EDGE('',*,*,#856,.T.);
#233=ORIENTED_EDGE('',*,*,#857,.T.);
#234=ORIENTED_EDGE('',*,*,#858,.T.);
#235=ORIENTED_EDGE('',*,*,#859,.F.);
#236=ORIENTED_EDGE('',*,*,#860,.T.);
#237=ORIENTED_EDGE('',*,*,#861,.T.);
#238=ORIENTED_EDGE('',*,*,#862,.T.);
#239=ORIENTED_EDGE('',*,*,#863,.T.);
#240=ORIENTED_EDGE('',*,*,#864,.T.);
#241=ORIENTED_EDGE('',*,*,#865,.T.);
#242=ORIENTED_EDGE('',*,*,#866,.T.);
#243=ORIENTED_EDGE('',*,*,#867,.T.);
#244=ORIENTED_EDGE('',*,*,#868,.T.);
#245=ORIENTED_EDGE('',*,*,#869,.T.);
#246=ORIENTED_EDGE('',*,*,#870,.F.);
#247=ORIENTED_EDGE('',*,*,#858,.F.);
#248=ORIENTED_EDGE('',*,*,#871,.F.);
#249=ORIENTED_EDGE('',*,*,#872,.F.);
#250=ORIENTED_EDGE('',*,*,#873,.T.);
#251=ORIENTED_EDGE('',*,*,#844,.F.);
#252=ORIENTED_EDGE('',*,*,#874,.F.);
#253=ORIENTED_EDGE('',*,*,#875,.F.);
#254=ORIENTED_EDGE('',*,*,#876,.T.);
#255=ORIENTED_EDGE('',*,*,#877,.F.);
#256=ORIENTED_EDGE('',*,*,#878,.F.);
#257=ORIENTED_EDGE('',*,*,#879,.F.);
#258=ORIENTED_EDGE('',*,*,#880,.T.);
#259=ORIENTED_EDGE('',*,*,#881,.F.);
#260=ORIENTED_EDGE('',*,*,#882,.F.);
#261=ORIENTED_EDGE('',*,*,#883,.F.);
#262=ORIENTED_EDGE('',*,*,#884,.F.);
#263=ORIENTED_EDGE('',*,*,#885,.T.);
#264=ORIENTED_EDGE('',*,*,#886,.T.);
#265=ORIENTED_EDGE('',*,*,#887,.F.);
#266=ORIENTED_EDGE('',*,*,#888,.T.);
#267=ORIENTED_EDGE('',*,*,#889,.T.);
#268=ORIENTED_EDGE('',*,*,#890,.F.);
#269=ORIENTED_EDGE('',*,*,#891,.F.);
#270=ORIENTED_EDGE('',*,*,#892,.F.);
#271=ORIENTED_EDGE('',*,*,#850,.F.);
#272=ORIENTED_EDGE('',*,*,#893,.F.);
#273=ORIENTED_EDGE('',*,*,#894,.F.);
#274=ORIENTED_EDGE('',*,*,#895,.T.);
#275=ORIENTED_EDGE('',*,*,#887,.T.);
#276=ORIENTED_EDGE('',*,*,#896,.F.);
#277=ORIENTED_EDGE('',*,*,#897,.F.);
#278=ORIENTED_EDGE('',*,*,#898,.F.);
#279=ORIENTED_EDGE('',*,*,#899,.F.);
#280=ORIENTED_EDGE('',*,*,#900,.F.);
#281=ORIENTED_EDGE('',*,*,#901,.T.);
#282=ORIENTED_EDGE('',*,*,#902,.F.);
#283=ORIENTED_EDGE('',*,*,#903,.T.);
#284=ORIENTED_EDGE('',*,*,#904,.T.);
#285=ORIENTED_EDGE('',*,*,#905,.T.);
#286=ORIENTED_EDGE('',*,*,#906,.T.);
#287=ORIENTED_EDGE('',*,*,#907,.T.);
#288=ORIENTED_EDGE('',*,*,#908,.T.);
#289=ORIENTED_EDGE('',*,*,#909,.F.);
#290=ORIENTED_EDGE('',*,*,#910,.F.);
#291=ORIENTED_EDGE('',*,*,#911,.F.);
#292=ORIENTED_EDGE('',*,*,#912,.F.);
#293=ORIENTED_EDGE('',*,*,#913,.F.);
#294=ORIENTED_EDGE('',*,*,#914,.F.);
#295=ORIENTED_EDGE('',*,*,#915,.F.);
#296=ORIENTED_EDGE('',*,*,#916,.T.);
#297=ORIENTED_EDGE('',*,*,#837,.F.);
#298=ORIENTED_EDGE('',*,*,#917,.F.);
#299=ORIENTED_EDGE('',*,*,#918,.T.);
#300=ORIENTED_EDGE('',*,*,#919,.T.);
#301=ORIENTED_EDGE('',*,*,#920,.F.);
#302=ORIENTED_EDGE('',*,*,#921,.T.);
#303=ORIENTED_EDGE('',*,*,#902,.T.);
#304=ORIENTED_EDGE('',*,*,#922,.F.);
#305=ORIENTED_EDGE('',*,*,#923,.F.);
#306=ORIENTED_EDGE('',*,*,#924,.T.);
#307=ORIENTED_EDGE('',*,*,#898,.T.);
#308=ORIENTED_EDGE('',*,*,#925,.F.);
#309=ORIENTED_EDGE('',*,*,#926,.T.);
#310=ORIENTED_EDGE('',*,*,#927,.F.);
#311=ORIENTED_EDGE('',*,*,#928,.F.);
#312=ORIENTED_EDGE('',*,*,#929,.T.);
#313=ORIENTED_EDGE('',*,*,#841,.F.);
#314=ORIENTED_EDGE('',*,*,#930,.F.);
#315=ORIENTED_EDGE('',*,*,#931,.F.);
#316=ORIENTED_EDGE('',*,*,#932,.F.);
#317=ORIENTED_EDGE('',*,*,#926,.F.);
#318=ORIENTED_EDGE('',*,*,#933,.F.);
#319=ORIENTED_EDGE('',*,*,#934,.T.);
#320=ORIENTED_EDGE('',*,*,#884,.T.);
#321=ORIENTED_EDGE('',*,*,#920,.T.);
#322=ORIENTED_EDGE('',*,*,#935,.T.);
#323=ORIENTED_EDGE('',*,*,#936,.T.);
#324=ORIENTED_EDGE('',*,*,#937,.F.);
#325=ORIENTED_EDGE('',*,*,#938,.F.);
#326=ORIENTED_EDGE('',*,*,#939,.T.);
#327=ORIENTED_EDGE('',*,*,#940,.F.);
#328=ORIENTED_EDGE('',*,*,#941,.T.);
#329=ORIENTED_EDGE('',*,*,#918,.F.);
#330=ORIENTED_EDGE('',*,*,#942,.F.);
#331=ORIENTED_EDGE('',*,*,#943,.T.);
#332=ORIENTED_EDGE('',*,*,#944,.T.);
#333=ORIENTED_EDGE('',*,*,#945,.T.);
#334=ORIENTED_EDGE('',*,*,#946,.T.);
#335=ORIENTED_EDGE('',*,*,#856,.F.);
#336=ORIENTED_EDGE('',*,*,#947,.T.);
#337=ORIENTED_EDGE('',*,*,#948,.T.);
#338=ORIENTED_EDGE('',*,*,#852,.F.);
#339=ORIENTED_EDGE('',*,*,#949,.F.);
#340=ORIENTED_EDGE('',*,*,#950,.F.);
#341=ORIENTED_EDGE('',*,*,#951,.F.);
#342=ORIENTED_EDGE('',*,*,#952,.F.);
#343=ORIENTED_EDGE('',*,*,#953,.T.);
#344=ORIENTED_EDGE('',*,*,#905,.F.);
#345=ORIENTED_EDGE('',*,*,#954,.F.);
#346=ORIENTED_EDGE('',*,*,#955,.F.);
#347=ORIENTED_EDGE('',*,*,#937,.T.);
#348=ORIENTED_EDGE('',*,*,#956,.T.);
#349=ORIENTED_EDGE('',*,*,#957,.T.);
#350=ORIENTED_EDGE('',*,*,#958,.T.);
#351=ORIENTED_EDGE('',*,*,#959,.F.);
#352=ORIENTED_EDGE('',*,*,#960,.T.);
#353=ORIENTED_EDGE('',*,*,#961,.T.);
#354=ORIENTED_EDGE('',*,*,#962,.T.);
#355=ORIENTED_EDGE('',*,*,#944,.F.);
#356=ORIENTED_EDGE('',*,*,#963,.T.);
#357=ORIENTED_EDGE('',*,*,#964,.T.);
#358=ORIENTED_EDGE('',*,*,#834,.F.);
#359=ORIENTED_EDGE('',*,*,#965,.T.);
#360=ORIENTED_EDGE('',*,*,#966,.T.);
#361=ORIENTED_EDGE('',*,*,#967,.F.);
#362=ORIENTED_EDGE('',*,*,#968,.T.);
#363=ORIENTED_EDGE('',*,*,#969,.T.);
#364=ORIENTED_EDGE('',*,*,#857,.F.);
#365=ORIENTED_EDGE('',*,*,#967,.T.);
#366=ORIENTED_EDGE('',*,*,#970,.T.);
#367=ORIENTED_EDGE('',*,*,#971,.T.);
#368=ORIENTED_EDGE('',*,*,#830,.T.);
#369=ORIENTED_EDGE('',*,*,#972,.F.);
#370=ORIENTED_EDGE('',*,*,#973,.F.);
#371=ORIENTED_EDGE('',*,*,#871,.T.);
#372=ORIENTED_EDGE('',*,*,#974,.T.);
#373=ORIENTED_EDGE('',*,*,#975,.T.);
#374=ORIENTED_EDGE('',*,*,#908,.F.);
#375=ORIENTED_EDGE('',*,*,#976,.F.);
#376=ORIENTED_EDGE('',*,*,#977,.F.);
#377=ORIENTED_EDGE('',*,*,#951,.T.);
#378=ORIENTED_EDGE('',*,*,#978,.T.);
#379=ORIENTED_EDGE('',*,*,#890,.T.);
#380=ORIENTED_EDGE('',*,*,#979,.T.);
#381=ORIENTED_EDGE('',*,*,#980,.T.);
#382=ORIENTED_EDGE('',*,*,#978,.F.);
#383=ORIENTED_EDGE('',*,*,#950,.T.);
#384=ORIENTED_EDGE('',*,*,#981,.T.);
#385=ORIENTED_EDGE('',*,*,#891,.T.);
#386=ORIENTED_EDGE('',*,*,#982,.T.);
#387=ORIENTED_EDGE('',*,*,#983,.T.);
#388=ORIENTED_EDGE('',*,*,#984,.T.);
#389=ORIENTED_EDGE('',*,*,#985,.T.);
#390=ORIENTED_EDGE('',*,*,#986,.T.);
#391=ORIENTED_EDGE('',*,*,#987,.T.);
#392=ORIENTED_EDGE('',*,*,#988,.F.);
#393=ORIENTED_EDGE('',*,*,#989,.F.);
#394=ORIENTED_EDGE('',*,*,#981,.F.);
#395=ORIENTED_EDGE('',*,*,#949,.T.);
#396=ORIENTED_EDGE('',*,*,#851,.T.);
#397=ORIENTED_EDGE('',*,*,#892,.T.);
#398=ORIENTED_EDGE('',*,*,#955,.T.);
#399=ORIENTED_EDGE('',*,*,#990,.F.);
#400=ORIENTED_EDGE('',*,*,#991,.F.);
#401=ORIENTED_EDGE('',*,*,#938,.T.);
#402=ORIENTED_EDGE('',*,*,#954,.T.);
#403=ORIENTED_EDGE('',*,*,#904,.F.);
#404=ORIENTED_EDGE('',*,*,#992,.F.);
#405=ORIENTED_EDGE('',*,*,#990,.T.);
#406=ORIENTED_EDGE('',*,*,#993,.T.);
#407=ORIENTED_EDGE('',*,*,#994,.T.);
#408=ORIENTED_EDGE('',*,*,#994,.F.);
#409=ORIENTED_EDGE('',*,*,#939,.F.);
#410=ORIENTED_EDGE('',*,*,#991,.T.);
#411=ORIENTED_EDGE('',*,*,#992,.T.);
#412=ORIENTED_EDGE('',*,*,#903,.F.);
#413=ORIENTED_EDGE('',*,*,#921,.F.);
#414=ORIENTED_EDGE('',*,*,#964,.F.);
#415=ORIENTED_EDGE('',*,*,#995,.F.);
#416=ORIENTED_EDGE('',*,*,#996,.T.);
#417=ORIENTED_EDGE('',*,*,#835,.T.);
#418=ORIENTED_EDGE('',*,*,#997,.T.);
#419=ORIENTED_EDGE('',*,*,#998,.F.);
#420=ORIENTED_EDGE('',*,*,#963,.F.);
#421=ORIENTED_EDGE('',*,*,#943,.F.);
#422=ORIENTED_EDGE('',*,*,#999,.T.);
#423=ORIENTED_EDGE('',*,*,#995,.T.);
#424=ORIENTED_EDGE('',*,*,#998,.T.);
#425=ORIENTED_EDGE('',*,*,#942,.T.);
#426=ORIENTED_EDGE('',*,*,#917,.T.);
#427=ORIENTED_EDGE('',*,*,#836,.T.);
#428=ORIENTED_EDGE('',*,*,#996,.F.);
#429=ORIENTED_EDGE('',*,*,#999,.F.);
#430=ORIENTED_EDGE('',*,*,#956,.F.);
#431=ORIENTED_EDGE('',*,*,#936,.F.);
#432=ORIENTED_EDGE('',*,*,#1000,.T.);
#433=ORIENTED_EDGE('',*,*,#1001,.T.);
#434=ORIENTED_EDGE('',*,*,#962,.F.);
#435=ORIENTED_EDGE('',*,*,#1002,.F.);
#436=ORIENTED_EDGE('',*,*,#1003,.T.);
#437=ORIENTED_EDGE('',*,*,#940,.T.);
#438=ORIENTED_EDGE('',*,*,#961,.F.);
#439=ORIENTED_EDGE('',*,*,#1004,.F.);
#440=ORIENTED_EDGE('',*,*,#1005,.T.);
#441=ORIENTED_EDGE('',*,*,#1002,.T.);
#442=ORIENTED_EDGE('',*,*,#960,.F.);
#443=ORIENTED_EDGE('',*,*,#1006,.F.);
#444=ORIENTED_EDGE('',*,*,#1007,.T.);
#445=ORIENTED_EDGE('',*,*,#1004,.T.);
#446=ORIENTED_EDGE('',*,*,#959,.T.);
#447=ORIENTED_EDGE('',*,*,#1008,.F.);
#448=ORIENTED_EDGE('',*,*,#1009,.F.);
#449=ORIENTED_EDGE('',*,*,#1006,.T.);
#450=ORIENTED_EDGE('',*,*,#958,.F.);
#451=ORIENTED_EDGE('',*,*,#1010,.F.);
#452=ORIENTED_EDGE('',*,*,#1011,.T.);
#453=ORIENTED_EDGE('',*,*,#1008,.T.);
#454=ORIENTED_EDGE('',*,*,#957,.F.);
#455=ORIENTED_EDGE('',*,*,#1001,.F.);
#456=ORIENTED_EDGE('',*,*,#1012,.T.);
#457=ORIENTED_EDGE('',*,*,#1010,.T.);
#458=ORIENTED_EDGE('',*,*,#1000,.F.);
#459=ORIENTED_EDGE('',*,*,#935,.F.);
#460=ORIENTED_EDGE('',*,*,#919,.F.);
#461=ORIENTED_EDGE('',*,*,#941,.F.);
#462=ORIENTED_EDGE('',*,*,#1003,.F.);
#463=ORIENTED_EDGE('',*,*,#1005,.F.);
#464=ORIENTED_EDGE('',*,*,#1007,.F.);
#465=ORIENTED_EDGE('',*,*,#1009,.T.);
#466=ORIENTED_EDGE('',*,*,#1011,.F.);
#467=ORIENTED_EDGE('',*,*,#1012,.F.);
#468=ORIENTED_EDGE('',*,*,#886,.F.);
#469=ORIENTED_EDGE('',*,*,#1013,.F.);
#470=ORIENTED_EDGE('',*,*,#1014,.T.);
#471=ORIENTED_EDGE('',*,*,#896,.T.);
#472=ORIENTED_EDGE('',*,*,#1015,.T.);
#473=ORIENTED_EDGE('',*,*,#1016,.F.);
#474=ORIENTED_EDGE('',*,*,#885,.F.);
#475=ORIENTED_EDGE('',*,*,#934,.F.);
#476=ORIENTED_EDGE('',*,*,#1017,.T.);
#477=ORIENTED_EDGE('',*,*,#1013,.T.);
#478=ORIENTED_EDGE('',*,*,#1016,.T.);
#479=ORIENTED_EDGE('',*,*,#933,.T.);
#480=ORIENTED_EDGE('',*,*,#925,.T.);
#481=ORIENTED_EDGE('',*,*,#897,.T.);
#482=ORIENTED_EDGE('',*,*,#1014,.F.);
#483=ORIENTED_EDGE('',*,*,#1017,.F.);
#484=ORIENTED_EDGE('',*,*,#1018,.F.);
#485=ORIENTED_EDGE('',*,*,#1019,.T.);
#486=ORIENTED_EDGE('',*,*,#876,.F.);
#487=ORIENTED_EDGE('',*,*,#1020,.F.);
#488=ORIENTED_EDGE('',*,*,#1021,.T.);
#489=ORIENTED_EDGE('',*,*,#928,.T.);
#490=ORIENTED_EDGE('',*,*,#875,.T.);
#491=ORIENTED_EDGE('',*,*,#1022,.F.);
#492=ORIENTED_EDGE('',*,*,#1023,.F.);
#493=ORIENTED_EDGE('',*,*,#1020,.T.);
#494=ORIENTED_EDGE('',*,*,#874,.T.);
#495=ORIENTED_EDGE('',*,*,#843,.F.);
#496=ORIENTED_EDGE('',*,*,#1024,.F.);
#497=ORIENTED_EDGE('',*,*,#1022,.T.);
#498=ORIENTED_EDGE('',*,*,#1025,.T.);
#499=ORIENTED_EDGE('',*,*,#1026,.T.);
#500=ORIENTED_EDGE('',*,*,#1026,.F.);
#501=ORIENTED_EDGE('',*,*,#1021,.F.);
#502=ORIENTED_EDGE('',*,*,#1023,.T.);
#503=ORIENTED_EDGE('',*,*,#1024,.T.);
#504=ORIENTED_EDGE('',*,*,#842,.F.);
#505=ORIENTED_EDGE('',*,*,#929,.F.);
#506=ORIENTED_EDGE('',*,*,#883,.T.);
#507=ORIENTED_EDGE('',*,*,#1027,.F.);
#508=ORIENTED_EDGE('',*,*,#1028,.F.);
#509=ORIENTED_EDGE('',*,*,#931,.T.);
#510=ORIENTED_EDGE('',*,*,#882,.T.);
#511=ORIENTED_EDGE('',*,*,#1029,.F.);
#512=ORIENTED_EDGE('',*,*,#1030,.F.);
#513=ORIENTED_EDGE('',*,*,#1027,.T.);
#514=ORIENTED_EDGE('',*,*,#881,.T.);
#515=ORIENTED_EDGE('',*,*,#1031,.F.);
#516=ORIENTED_EDGE('',*,*,#1032,.F.);
#517=ORIENTED_EDGE('',*,*,#1029,.T.);
#518=ORIENTED_EDGE('',*,*,#880,.F.);
#519=ORIENTED_EDGE('',*,*,#1033,.F.);
#520=ORIENTED_EDGE('',*,*,#1034,.T.);
#521=ORIENTED_EDGE('',*,*,#1031,.T.);
#522=ORIENTED_EDGE('',*,*,#879,.T.);
#523=ORIENTED_EDGE('',*,*,#1035,.F.);
#524=ORIENTED_EDGE('',*,*,#1036,.F.);
#525=ORIENTED_EDGE('',*,*,#1033,.T.);
#526=ORIENTED_EDGE('',*,*,#878,.T.);
#527=ORIENTED_EDGE('',*,*,#1037,.F.);
#528=ORIENTED_EDGE('',*,*,#1038,.F.);
#529=ORIENTED_EDGE('',*,*,#1035,.T.);
#530=ORIENTED_EDGE('',*,*,#877,.T.);
#531=ORIENTED_EDGE('',*,*,#1019,.F.);
#532=ORIENTED_EDGE('',*,*,#1039,.F.);
#533=ORIENTED_EDGE('',*,*,#1037,.T.);
#534=ORIENTED_EDGE('',*,*,#1028,.T.);
#535=ORIENTED_EDGE('',*,*,#1030,.T.);
#536=ORIENTED_EDGE('',*,*,#1032,.T.);
#537=ORIENTED_EDGE('',*,*,#1034,.F.);
#538=ORIENTED_EDGE('',*,*,#1036,.T.);
#539=ORIENTED_EDGE('',*,*,#1038,.T.);
#540=ORIENTED_EDGE('',*,*,#1039,.T.);
#541=ORIENTED_EDGE('',*,*,#1018,.T.);
#542=ORIENTED_EDGE('',*,*,#927,.T.);
#543=ORIENTED_EDGE('',*,*,#932,.T.);
#544=ORIENTED_EDGE('',*,*,#1040,.F.);
#545=ORIENTED_EDGE('',*,*,#1041,.T.);
#546=ORIENTED_EDGE('',*,*,#930,.T.);
#547=ORIENTED_EDGE('',*,*,#840,.F.);
#548=ORIENTED_EDGE('',*,*,#1042,.F.);
#549=ORIENTED_EDGE('',*,*,#1043,.T.);
#550=ORIENTED_EDGE('',*,*,#915,.T.);
#551=ORIENTED_EDGE('',*,*,#1041,.F.);
#552=ORIENTED_EDGE('',*,*,#1043,.F.);
#553=ORIENTED_EDGE('',*,*,#1044,.T.);
#554=ORIENTED_EDGE('',*,*,#838,.T.);
#555=ORIENTED_EDGE('',*,*,#916,.F.);
#556=ORIENTED_EDGE('',*,*,#1045,.T.);
#557=ORIENTED_EDGE('',*,*,#1044,.F.);
#558=ORIENTED_EDGE('',*,*,#1042,.T.);
#559=ORIENTED_EDGE('',*,*,#1040,.T.);
#560=ORIENTED_EDGE('',*,*,#839,.F.);
#561=ORIENTED_EDGE('',*,*,#1046,.F.);
#562=ORIENTED_EDGE('',*,*,#1047,.T.);
#563=ORIENTED_EDGE('',*,*,#899,.T.);
#564=ORIENTED_EDGE('',*,*,#924,.F.);
#565=ORIENTED_EDGE('',*,*,#1048,.F.);
#566=ORIENTED_EDGE('',*,*,#1046,.T.);
#567=ORIENTED_EDGE('',*,*,#923,.T.);
#568=ORIENTED_EDGE('',*,*,#1049,.F.);
#569=ORIENTED_EDGE('',*,*,#1050,.F.);
#570=ORIENTED_EDGE('',*,*,#1049,.T.);
#571=ORIENTED_EDGE('',*,*,#922,.T.);
#572=ORIENTED_EDGE('',*,*,#901,.F.);
#573=ORIENTED_EDGE('',*,*,#1051,.T.);
#574=ORIENTED_EDGE('',*,*,#1047,.F.);
#575=ORIENTED_EDGE('',*,*,#1048,.T.);
#576=ORIENTED_EDGE('',*,*,#1050,.T.);
#577=ORIENTED_EDGE('',*,*,#900,.T.);
#578=ORIENTED_EDGE('',*,*,#1052,.T.);
#579=ORIENTED_EDGE('',*,*,#989,.T.);
#580=ORIENTED_EDGE('',*,*,#1053,.T.);
#581=ORIENTED_EDGE('',*,*,#988,.T.);
#582=ORIENTED_EDGE('',*,*,#1054,.T.);
#583=ORIENTED_EDGE('',*,*,#1055,.T.);
#584=ORIENTED_EDGE('',*,*,#1056,.T.);
#585=ORIENTED_EDGE('',*,*,#1057,.T.);
#586=ORIENTED_EDGE('',*,*,#1058,.T.);
#587=ORIENTED_EDGE('',*,*,#1059,.T.);
#588=ORIENTED_EDGE('',*,*,#1060,.T.);
#589=ORIENTED_EDGE('',*,*,#1061,.T.);
#590=ORIENTED_EDGE('',*,*,#1062,.T.);
#591=ORIENTED_EDGE('',*,*,#1063,.T.);
#592=ORIENTED_EDGE('',*,*,#1064,.T.);
#593=ORIENTED_EDGE('',*,*,#1065,.T.);
#594=ORIENTED_EDGE('',*,*,#913,.T.);
#595=ORIENTED_EDGE('',*,*,#1066,.F.);
#596=ORIENTED_EDGE('',*,*,#1066,.T.);
#597=ORIENTED_EDGE('',*,*,#1065,.F.);
#598=ORIENTED_EDGE('',*,*,#914,.T.);
#599=ORIENTED_EDGE('',*,*,#1067,.F.);
#600=ORIENTED_EDGE('',*,*,#1067,.T.);
#601=ORIENTED_EDGE('',*,*,#1063,.F.);
#602=ORIENTED_EDGE('',*,*,#910,.T.);
#603=ORIENTED_EDGE('',*,*,#1068,.F.);
#604=ORIENTED_EDGE('',*,*,#1068,.T.);
#605=ORIENTED_EDGE('',*,*,#1061,.F.);
#606=ORIENTED_EDGE('',*,*,#911,.T.);
#607=ORIENTED_EDGE('',*,*,#1069,.F.);
#608=ORIENTED_EDGE('',*,*,#1069,.T.);
#609=ORIENTED_EDGE('',*,*,#1059,.F.);
#610=ORIENTED_EDGE('',*,*,#912,.T.);
#611=ORIENTED_EDGE('',*,*,#1070,.F.);
#612=ORIENTED_EDGE('',*,*,#1070,.T.);
#613=ORIENTED_EDGE('',*,*,#1057,.F.);
#614=ORIENTED_EDGE('',*,*,#909,.T.);
#615=ORIENTED_EDGE('',*,*,#1071,.F.);
#616=ORIENTED_EDGE('',*,*,#1071,.T.);
#617=ORIENTED_EDGE('',*,*,#1055,.F.);
#618=ORIENTED_EDGE('',*,*,#970,.F.);
#619=ORIENTED_EDGE('',*,*,#966,.F.);
#620=ORIENTED_EDGE('',*,*,#1072,.T.);
#621=ORIENTED_EDGE('',*,*,#1073,.T.);
#622=ORIENTED_EDGE('',*,*,#1074,.T.);
#623=ORIENTED_EDGE('',*,*,#1075,.T.);
#624=ORIENTED_EDGE('',*,*,#971,.F.);
#625=ORIENTED_EDGE('',*,*,#1075,.F.);
#626=ORIENTED_EDGE('',*,*,#1076,.T.);
#627=ORIENTED_EDGE('',*,*,#1077,.T.);
#628=ORIENTED_EDGE('',*,*,#831,.T.);
#629=ORIENTED_EDGE('',*,*,#1078,.T.);
#630=ORIENTED_EDGE('',*,*,#1079,.F.);
#631=ORIENTED_EDGE('',*,*,#1080,.T.);
#632=ORIENTED_EDGE('',*,*,#1073,.F.);
#633=ORIENTED_EDGE('',*,*,#1081,.T.);
#634=ORIENTED_EDGE('',*,*,#1079,.T.);
#635=ORIENTED_EDGE('',*,*,#1082,.T.);
#636=ORIENTED_EDGE('',*,*,#1080,.F.);
#637=ORIENTED_EDGE('',*,*,#1081,.F.);
#638=ORIENTED_EDGE('',*,*,#1072,.F.);
#639=ORIENTED_EDGE('',*,*,#965,.F.);
#640=ORIENTED_EDGE('',*,*,#833,.F.);
#641=ORIENTED_EDGE('',*,*,#1083,.F.);
#642=ORIENTED_EDGE('',*,*,#1076,.F.);
#643=ORIENTED_EDGE('',*,*,#1074,.F.);
#644=ORIENTED_EDGE('',*,*,#1082,.F.);
#645=ORIENTED_EDGE('',*,*,#976,.T.);
#646=ORIENTED_EDGE('',*,*,#907,.F.);
#647=ORIENTED_EDGE('',*,*,#1084,.T.);
#648=ORIENTED_EDGE('',*,*,#1085,.T.);
#649=ORIENTED_EDGE('',*,*,#1086,.T.);
#650=ORIENTED_EDGE('',*,*,#1087,.T.);
#651=ORIENTED_EDGE('',*,*,#1088,.T.);
#652=ORIENTED_EDGE('',*,*,#977,.T.);
#653=ORIENTED_EDGE('',*,*,#1085,.F.);
#654=ORIENTED_EDGE('',*,*,#1089,.T.);
#655=ORIENTED_EDGE('',*,*,#1090,.F.);
#656=ORIENTED_EDGE('',*,*,#1091,.T.);
#657=ORIENTED_EDGE('',*,*,#952,.T.);
#658=ORIENTED_EDGE('',*,*,#1090,.T.);
#659=ORIENTED_EDGE('',*,*,#1092,.T.);
#660=ORIENTED_EDGE('',*,*,#1087,.F.);
#661=ORIENTED_EDGE('',*,*,#1093,.T.);
#662=ORIENTED_EDGE('',*,*,#1084,.F.);
#663=ORIENTED_EDGE('',*,*,#906,.F.);
#664=ORIENTED_EDGE('',*,*,#953,.F.);
#665=ORIENTED_EDGE('',*,*,#1091,.F.);
#666=ORIENTED_EDGE('',*,*,#1093,.F.);
#667=ORIENTED_EDGE('',*,*,#1088,.F.);
#668=ORIENTED_EDGE('',*,*,#1092,.F.);
#669=ORIENTED_EDGE('',*,*,#1089,.F.);
#670=ORIENTED_EDGE('',*,*,#972,.T.);
#671=ORIENTED_EDGE('',*,*,#829,.F.);
#672=ORIENTED_EDGE('',*,*,#1094,.F.);
#673=ORIENTED_EDGE('',*,*,#1095,.T.);
#674=ORIENTED_EDGE('',*,*,#1096,.T.);
#675=ORIENTED_EDGE('',*,*,#1097,.T.);
#676=ORIENTED_EDGE('',*,*,#1098,.T.);
#677=ORIENTED_EDGE('',*,*,#1099,.T.);
#678=ORIENTED_EDGE('',*,*,#973,.T.);
#679=ORIENTED_EDGE('',*,*,#1096,.F.);
#680=ORIENTED_EDGE('',*,*,#1100,.T.);
#681=ORIENTED_EDGE('',*,*,#1101,.F.);
#682=ORIENTED_EDGE('',*,*,#1102,.T.);
#683=ORIENTED_EDGE('',*,*,#872,.T.);
#684=ORIENTED_EDGE('',*,*,#1101,.T.);
#685=ORIENTED_EDGE('',*,*,#1103,.T.);
#686=ORIENTED_EDGE('',*,*,#1098,.F.);
#687=ORIENTED_EDGE('',*,*,#1104,.T.);
#688=ORIENTED_EDGE('',*,*,#1095,.F.);
#689=ORIENTED_EDGE('',*,*,#1105,.F.);
#690=ORIENTED_EDGE('',*,*,#845,.F.);
#691=ORIENTED_EDGE('',*,*,#873,.F.);
#692=ORIENTED_EDGE('',*,*,#1102,.F.);
#693=ORIENTED_EDGE('',*,*,#1104,.F.);
#694=ORIENTED_EDGE('',*,*,#1099,.F.);
#695=ORIENTED_EDGE('',*,*,#1103,.F.);
#696=ORIENTED_EDGE('',*,*,#1100,.F.);
#697=ORIENTED_EDGE('',*,*,#979,.F.);
#698=ORIENTED_EDGE('',*,*,#889,.F.);
#699=ORIENTED_EDGE('',*,*,#1106,.T.);
#700=ORIENTED_EDGE('',*,*,#1107,.T.);
#701=ORIENTED_EDGE('',*,*,#1108,.T.);
#702=ORIENTED_EDGE('',*,*,#1109,.T.);
#703=ORIENTED_EDGE('',*,*,#980,.F.);
#704=ORIENTED_EDGE('',*,*,#1109,.F.);
#705=ORIENTED_EDGE('',*,*,#1110,.T.);
#706=ORIENTED_EDGE('',*,*,#894,.T.);
#707=ORIENTED_EDGE('',*,*,#1111,.T.);
#708=ORIENTED_EDGE('',*,*,#1112,.F.);
#709=ORIENTED_EDGE('',*,*,#1113,.T.);
#710=ORIENTED_EDGE('',*,*,#1107,.F.);
#711=ORIENTED_EDGE('',*,*,#1114,.T.);
#712=ORIENTED_EDGE('',*,*,#1112,.T.);
#713=ORIENTED_EDGE('',*,*,#1115,.T.);
#714=ORIENTED_EDGE('',*,*,#1113,.F.);
#715=ORIENTED_EDGE('',*,*,#1114,.F.);
#716=ORIENTED_EDGE('',*,*,#1106,.F.);
#717=ORIENTED_EDGE('',*,*,#888,.F.);
#718=ORIENTED_EDGE('',*,*,#895,.F.);
#719=ORIENTED_EDGE('',*,*,#1110,.F.);
#720=ORIENTED_EDGE('',*,*,#1108,.F.);
#721=ORIENTED_EDGE('',*,*,#1115,.F.);
#722=ORIENTED_EDGE('',*,*,#974,.F.);
#723=ORIENTED_EDGE('',*,*,#1111,.F.);
#724=ORIENTED_EDGE('',*,*,#1097,.F.);
#725=ORIENTED_EDGE('',*,*,#968,.F.);
#726=ORIENTED_EDGE('',*,*,#1086,.F.);
#727=ORIENTED_EDGE('',*,*,#975,.F.);
#728=ORIENTED_EDGE('',*,*,#969,.F.);
#729=ORIENTED_EDGE('',*,*,#1078,.F.);
#730=ORIENTED_EDGE('',*,*,#982,.F.);
#731=ORIENTED_EDGE('',*,*,#1056,.F.);
#732=ORIENTED_EDGE('',*,*,#983,.F.);
#733=ORIENTED_EDGE('',*,*,#1058,.F.);
#734=ORIENTED_EDGE('',*,*,#984,.F.);
#735=ORIENTED_EDGE('',*,*,#1060,.F.);
#736=ORIENTED_EDGE('',*,*,#985,.F.);
#737=ORIENTED_EDGE('',*,*,#1062,.F.);
#738=ORIENTED_EDGE('',*,*,#986,.F.);
#739=ORIENTED_EDGE('',*,*,#1064,.F.);
#740=ORIENTED_EDGE('',*,*,#987,.F.);
#741=ORIENTED_EDGE('',*,*,#1054,.F.);
#742=ORIENTED_EDGE('',*,*,#1051,.F.);
#743=ORIENTED_EDGE('',*,*,#1052,.F.);
#744=ORIENTED_EDGE('',*,*,#1045,.F.);
#745=ORIENTED_EDGE('',*,*,#1053,.F.);
#746=ORIENTED_EDGE('',*,*,#1025,.F.);
#747=ORIENTED_EDGE('',*,*,#869,.F.);
#748=ORIENTED_EDGE('',*,*,#868,.F.);
#749=ORIENTED_EDGE('',*,*,#1015,.F.);
#750=ORIENTED_EDGE('',*,*,#945,.F.);
#751=ORIENTED_EDGE('',*,*,#997,.F.);
#752=ORIENTED_EDGE('',*,*,#993,.F.);
#753=ORIENTED_EDGE('',*,*,#946,.F.);
#754=ORIENTED_EDGE('',*,*,#947,.F.);
#755=ORIENTED_EDGE('',*,*,#855,.F.);
#756=ORIENTED_EDGE('',*,*,#1116,.T.);
#757=ORIENTED_EDGE('',*,*,#1117,.T.);
#758=ORIENTED_EDGE('',*,*,#948,.F.);
#759=ORIENTED_EDGE('',*,*,#1117,.F.);
#760=ORIENTED_EDGE('',*,*,#1118,.T.);
#761=ORIENTED_EDGE('',*,*,#853,.T.);
#762=ORIENTED_EDGE('',*,*,#1116,.F.);
#763=ORIENTED_EDGE('',*,*,#854,.F.);
#764=ORIENTED_EDGE('',*,*,#1118,.F.);
#765=ORIENTED_EDGE('',*,*,#870,.T.);
#766=ORIENTED_EDGE('',*,*,#1119,.F.);
#767=ORIENTED_EDGE('',*,*,#1120,.F.);
#768=ORIENTED_EDGE('',*,*,#859,.T.);
#769=ORIENTED_EDGE('',*,*,#893,.T.);
#770=ORIENTED_EDGE('',*,*,#849,.F.);
#771=ORIENTED_EDGE('',*,*,#1121,.F.);
#772=ORIENTED_EDGE('',*,*,#1119,.T.);
#773=ORIENTED_EDGE('',*,*,#1120,.T.);
#774=ORIENTED_EDGE('',*,*,#1121,.T.);
#775=ORIENTED_EDGE('',*,*,#848,.T.);
#776=ORIENTED_EDGE('',*,*,#866,.F.);
#777=ORIENTED_EDGE('',*,*,#1122,.T.);
#778=ORIENTED_EDGE('',*,*,#826,.F.);
#779=ORIENTED_EDGE('',*,*,#1123,.T.);
#780=ORIENTED_EDGE('',*,*,#860,.F.);
#781=ORIENTED_EDGE('',*,*,#1124,.T.);
#782=ORIENTED_EDGE('',*,*,#824,.F.);
#783=ORIENTED_EDGE('',*,*,#1125,.T.);
#784=ORIENTED_EDGE('',*,*,#864,.F.);
#785=ORIENTED_EDGE('',*,*,#1126,.T.);
#786=ORIENTED_EDGE('',*,*,#820,.F.);
#787=ORIENTED_EDGE('',*,*,#1127,.T.);
#788=ORIENTED_EDGE('',*,*,#822,.F.);
#789=ORIENTED_EDGE('',*,*,#1128,.T.);
#790=ORIENTED_EDGE('',*,*,#862,.F.);
#791=ORIENTED_EDGE('',*,*,#1129,.T.);
#792=ORIENTED_EDGE('',*,*,#1083,.T.);
#793=ORIENTED_EDGE('',*,*,#1130,.F.);
#794=ORIENTED_EDGE('',*,*,#1077,.F.);
#795=ORIENTED_EDGE('',*,*,#1130,.T.);
#796=ORIENTED_EDGE('',*,*,#832,.T.);
#797=ORIENTED_EDGE('',*,*,#847,.T.);
#798=ORIENTED_EDGE('',*,*,#1105,.T.);
#799=ORIENTED_EDGE('',*,*,#1094,.T.);
#800=ORIENTED_EDGE('',*,*,#1131,.F.);
#801=ORIENTED_EDGE('',*,*,#1131,.T.);
#802=ORIENTED_EDGE('',*,*,#828,.T.);
#803=ORIENTED_EDGE('',*,*,#846,.T.);
#804=ORIENTED_EDGE('',*,*,#821,.F.);
#805=ORIENTED_EDGE('',*,*,#1126,.F.);
#806=ORIENTED_EDGE('',*,*,#863,.F.);
#807=ORIENTED_EDGE('',*,*,#1128,.F.);
#808=ORIENTED_EDGE('',*,*,#827,.F.);
#809=ORIENTED_EDGE('',*,*,#1122,.F.);
#810=ORIENTED_EDGE('',*,*,#865,.F.);
#811=ORIENTED_EDGE('',*,*,#1127,.F.);
#812=ORIENTED_EDGE('',*,*,#825,.F.);
#813=ORIENTED_EDGE('',*,*,#1124,.F.);
#814=ORIENTED_EDGE('',*,*,#867,.F.);
#815=ORIENTED_EDGE('',*,*,#1123,.F.);
#816=ORIENTED_EDGE('',*,*,#823,.F.);
#817=ORIENTED_EDGE('',*,*,#1129,.F.);
#818=ORIENTED_EDGE('',*,*,#861,.F.);
#819=ORIENTED_EDGE('',*,*,#1125,.F.);
#820=EDGE_CURVE('',#1132,#1133,#1358,.T.);
#821=EDGE_CURVE('',#1133,#1134,#86,.T.);
#822=EDGE_CURVE('',#1134,#1135,#1359,.T.);
#823=EDGE_CURVE('',#1135,#1136,#87,.T.);
#824=EDGE_CURVE('',#1136,#1137,#1360,.T.);
#825=EDGE_CURVE('',#1137,#1138,#88,.T.);
#826=EDGE_CURVE('',#1138,#1139,#1361,.T.);
#827=EDGE_CURVE('',#1139,#1132,#89,.T.);
#828=EDGE_CURVE('',#1140,#1141,#90,.F.);
#829=EDGE_CURVE('',#1140,#1142,#1362,.T.);
#830=EDGE_CURVE('',#1143,#1142,#1363,.T.);
#831=EDGE_CURVE('',#1144,#1143,#1364,.T.);
#832=EDGE_CURVE('',#1145,#1144,#91,.F.);
#833=EDGE_CURVE('',#1145,#1146,#1365,.T.);
#834=EDGE_CURVE('',#1146,#1147,#1366,.T.);
#835=EDGE_CURVE('',#1148,#1147,#1367,.T.);
#836=EDGE_CURVE('',#1149,#1148,#1368,.T.);
#837=EDGE_CURVE('',#1149,#1150,#1369,.T.);
#838=EDGE_CURVE('',#1151,#1150,#1370,.T.);
#839=EDGE_CURVE('',#1151,#1152,#1371,.T.);
#840=EDGE_CURVE('',#1152,#1153,#1372,.T.);
#841=EDGE_CURVE('',#1153,#1154,#1373,.T.);
#842=EDGE_CURVE('',#1154,#1155,#1374,.T.);
#843=EDGE_CURVE('',#1155,#1156,#1375,.T.);
#844=EDGE_CURVE('',#1156,#1157,#1376,.T.);
#845=EDGE_CURVE('',#1157,#1141,#1377,.F.);
#846=EDGE_CURVE('',#1158,#1158,#92,.T.);
#847=EDGE_CURVE('',#1159,#1159,#93,.T.);
#848=EDGE_CURVE('',#1160,#1161,#1378,.T.);
#849=EDGE_CURVE('',#1160,#1162,#1379,.T.);
#850=EDGE_CURVE('',#1162,#1163,#1380,.T.);
#851=EDGE_CURVE('',#1164,#1163,#1381,.T.);
#852=EDGE_CURVE('',#1164,#1165,#1382,.T.);
#853=EDGE_CURVE('',#1166,#1165,#1383,.T.);
#854=EDGE_CURVE('',#1166,#1167,#1384,.T.);
#855=EDGE_CURVE('',#1167,#1168,#1385,.T.);
#856=EDGE_CURVE('',#1168,#1169,#1386,.T.);
#857=EDGE_CURVE('',#1169,#1170,#1387,.T.);
#858=EDGE_CURVE('',#1170,#1171,#1388,.T.);
#859=EDGE_CURVE('',#1161,#1171,#1389,.T.);
#860=EDGE_CURVE('',#1172,#1173,#1390,.T.);
#861=EDGE_CURVE('',#1173,#1174,#94,.T.);
#862=EDGE_CURVE('',#1174,#1175,#1391,.T.);
#863=EDGE_CURVE('',#1175,#1176,#95,.T.);
#864=EDGE_CURVE('',#1176,#1177,#1392,.T.);
#865=EDGE_CURVE('',#1177,#1178,#96,.T.);
#866=EDGE_CURVE('',#1178,#1179,#1393,.T.);
#867=EDGE_CURVE('',#1179,#1172,#97,.T.);
#868=EDGE_CURVE('',#1180,#1180,#98,.T.);
#869=EDGE_CURVE('',#1181,#1181,#99,.T.);
#870=EDGE_CURVE('',#1171,#1182,#1394,.T.);
#871=EDGE_CURVE('',#1183,#1170,#1395,.T.);
#872=EDGE_CURVE('',#1184,#1183,#1396,.T.);
#873=EDGE_CURVE('',#1184,#1157,#100,.T.);
#874=EDGE_CURVE('',#1185,#1156,#1397,.T.);
#875=EDGE_CURVE('',#1186,#1185,#101,.T.);
#876=EDGE_CURVE('',#1186,#1187,#1398,.T.);
#877=EDGE_CURVE('',#1188,#1187,#1399,.T.);
#878=EDGE_CURVE('',#1189,#1188,#1400,.T.);
#879=EDGE_CURVE('',#1190,#1189,#102,.F.);
#880=EDGE_CURVE('',#1190,#1191,#1401,.T.);
#881=EDGE_CURVE('',#1192,#1191,#103,.F.);
#882=EDGE_CURVE('',#1193,#1192,#1402,.T.);
#883=EDGE_CURVE('',#1194,#1193,#1403,.T.);
#884=EDGE_CURVE('',#1195,#1194,#1404,.T.);
#885=EDGE_CURVE('',#1195,#1196,#104,.T.);
#886=EDGE_CURVE('',#1196,#1197,#1405,.T.);
#887=EDGE_CURVE('',#1198,#1197,#1406,.T.);
#888=EDGE_CURVE('',#1198,#1199,#105,.T.);
#889=EDGE_CURVE('',#1199,#1200,#1407,.T.);
#890=EDGE_CURVE('',#1201,#1200,#1408,.T.);
#891=EDGE_CURVE('',#1202,#1201,#1409,.T.);
#892=EDGE_CURVE('',#1163,#1202,#1410,.T.);
#893=EDGE_CURVE('',#1182,#1162,#1411,.T.);
#894=EDGE_CURVE('',#1203,#1204,#1412,.T.);
#895=EDGE_CURVE('',#1203,#1198,#1413,.T.);
#896=EDGE_CURVE('',#1205,#1197,#1414,.T.);
#897=EDGE_CURVE('',#1206,#1205,#1415,.T.);
#898=EDGE_CURVE('',#1207,#1206,#1416,.T.);
#899=EDGE_CURVE('',#1208,#1207,#1417,.T.);
#900=EDGE_CURVE('',#1209,#1208,#1418,.T.);
#901=EDGE_CURVE('',#1209,#1210,#1419,.T.);
#902=EDGE_CURVE('',#1211,#1210,#1420,.T.);
#903=EDGE_CURVE('',#1211,#1212,#1421,.T.);
#904=EDGE_CURVE('',#1212,#1213,#1422,.T.);
#905=EDGE_CURVE('',#1213,#1214,#1423,.T.);
#906=EDGE_CURVE('',#1214,#1215,#1424,.F.);
#907=EDGE_CURVE('',#1215,#1216,#1425,.T.);
#908=EDGE_CURVE('',#1216,#1204,#1426,.T.);
#909=EDGE_CURVE('',#1217,#1217,#106,.F.);
#910=EDGE_CURVE('',#1218,#1218,#107,.F.);
#911=EDGE_CURVE('',#1219,#1219,#108,.F.);
#912=EDGE_CURVE('',#1220,#1220,#109,.F.);
#913=EDGE_CURVE('',#1221,#1221,#110,.F.);
#914=EDGE_CURVE('',#1222,#1222,#111,.F.);
#915=EDGE_CURVE('',#1223,#1224,#112,.T.);
#916=EDGE_CURVE('',#1223,#1150,#1427,.T.);
#917=EDGE_CURVE('',#1225,#1149,#1428,.T.);
#918=EDGE_CURVE('',#1225,#1226,#1429,.T.);
#919=EDGE_CURVE('',#1226,#1227,#1430,.T.);
#920=EDGE_CURVE('',#1228,#1227,#1431,.T.);
#921=EDGE_CURVE('',#1228,#1211,#1432,.T.);
#922=EDGE_CURVE('',#1229,#1210,#1433,.T.);
#923=EDGE_CURVE('',#1230,#1229,#113,.T.);
#924=EDGE_CURVE('',#1230,#1207,#1434,.T.);
#925=EDGE_CURVE('',#1231,#1206,#1435,.T.);
#926=EDGE_CURVE('',#1231,#1232,#1436,.T.);
#927=EDGE_CURVE('',#1233,#1232,#1437,.T.);
#928=EDGE_CURVE('',#1234,#1233,#1438,.T.);
#929=EDGE_CURVE('',#1234,#1154,#1439,.T.);
#930=EDGE_CURVE('',#1224,#1153,#1440,.T.);
#931=EDGE_CURVE('',#1235,#1194,#1441,.T.);
#932=EDGE_CURVE('',#1232,#1235,#1442,.T.);
#933=EDGE_CURVE('',#1236,#1231,#1443,.T.);
#934=EDGE_CURVE('',#1236,#1195,#1444,.T.);
#935=EDGE_CURVE('',#1227,#1237,#1445,.T.);
#936=EDGE_CURVE('',#1237,#1238,#1446,.T.);
#937=EDGE_CURVE('',#1239,#1238,#1447,.T.);
#938=EDGE_CURVE('',#1240,#1239,#1448,.T.);
#939=EDGE_CURVE('',#1240,#1228,#1449,.T.);
#940=EDGE_CURVE('',#1241,#1242,#1450,.T.);
#941=EDGE_CURVE('',#1241,#1226,#1451,.T.);
#942=EDGE_CURVE('',#1243,#1225,#1452,.T.);
#943=EDGE_CURVE('',#1243,#1244,#1453,.T.);
#944=EDGE_CURVE('',#1244,#1242,#1454,.T.);
#945=EDGE_CURVE('',#1245,#1245,#114,.T.);
#946=EDGE_CURVE('',#1246,#1246,#115,.T.);
#947=EDGE_CURVE('',#1168,#1247,#1455,.T.);
#948=EDGE_CURVE('',#1247,#1165,#1456,.T.);
#949=EDGE_CURVE('',#1248,#1164,#1457,.T.);
#950=EDGE_CURVE('',#1249,#1248,#1458,.T.);
#951=EDGE_CURVE('',#1250,#1249,#1459,.T.);
#952=EDGE_CURVE('',#1251,#1250,#1460,.T.);
#953=EDGE_CURVE('',#1251,#1214,#116,.T.);
#954=EDGE_CURVE('',#1252,#1213,#1461,.T.);
#955=EDGE_CURVE('',#1239,#1252,#117,.T.);
#956=EDGE_CURVE('',#1238,#1253,#1462,.T.);
#957=EDGE_CURVE('',#1253,#1254,#1463,.T.);
#958=EDGE_CURVE('',#1254,#1255,#118,.F.);
#959=EDGE_CURVE('',#1256,#1255,#1464,.T.);
#960=EDGE_CURVE('',#1256,#1257,#119,.F.);
#961=EDGE_CURVE('',#1257,#1258,#1465,.T.);
#962=EDGE_CURVE('',#1258,#1242,#1466,.T.);
#963=EDGE_CURVE('',#1244,#1259,#120,.T.);
#964=EDGE_CURVE('',#1259,#1147,#1467,.T.);
#965=EDGE_CURVE('',#1146,#1260,#121,.T.);
#966=EDGE_CURVE('',#1260,#1261,#1468,.T.);
#967=EDGE_CURVE('',#1169,#1261,#1469,.T.);
#968=EDGE_CURVE('',#1262,#1262,#122,.T.);
#969=EDGE_CURVE('',#1263,#1263,#123,.T.);
#970=EDGE_CURVE('',#1261,#1264,#124,.T.);
#971=EDGE_CURVE('',#1264,#1143,#1470,.T.);
#972=EDGE_CURVE('',#1265,#1142,#1471,.T.);
#973=EDGE_CURVE('',#1183,#1265,#125,.T.);
#974=EDGE_CURVE('',#1266,#1266,#126,.T.);
#975=EDGE_CURVE('',#1267,#1267,#127,.T.);
#976=EDGE_CURVE('',#1268,#1216,#1472,.T.);
#977=EDGE_CURVE('',#1250,#1268,#128,.T.);
#978=EDGE_CURVE('',#1249,#1201,#1473,.T.);
#979=EDGE_CURVE('',#1200,#1269,#129,.T.);
#980=EDGE_CURVE('',#1269,#1204,#1474,.T.);
#981=EDGE_CURVE('',#1248,#1202,#1475,.T.);
#982=EDGE_CURVE('',#1270,#1270,#130,.T.);
#983=EDGE_CURVE('',#1271,#1271,#131,.T.);
#984=EDGE_CURVE('',#1272,#1272,#132,.T.);
#985=EDGE_CURVE('',#1273,#1273,#133,.T.);
#986=EDGE_CURVE('',#1274,#1274,#134,.T.);
#987=EDGE_CURVE('',#1275,#1275,#135,.T.);
#988=EDGE_CURVE('',#1276,#1276,#136,.F.);
#989=EDGE_CURVE('',#1277,#1277,#137,.F.);
#990=EDGE_CURVE('',#1278,#1252,#1476,.T.);
#991=EDGE_CURVE('',#1240,#1278,#138,.T.);
#992=EDGE_CURVE('',#1278,#1212,#1477,.T.);
#993=EDGE_CURVE('',#1279,#1279,#139,.F.);
#994=EDGE_CURVE('',#1280,#1280,#140,.T.);
#995=EDGE_CURVE('',#1281,#1259,#1478,.T.);
#996=EDGE_CURVE('',#1281,#1148,#1479,.T.);
#997=EDGE_CURVE('',#1282,#1282,#141,.F.);
#998=EDGE_CURVE('',#1283,#1283,#142,.T.);
#999=EDGE_CURVE('',#1243,#1281,#143,.T.);
#1000=EDGE_CURVE('',#1237,#1284,#1480,.T.);
#1001=EDGE_CURVE('',#1284,#1253,#1481,.T.);
#1002=EDGE_CURVE('',#1285,#1258,#1482,.T.);
#1003=EDGE_CURVE('',#1285,#1241,#1483,.T.);
#1004=EDGE_CURVE('',#1286,#1257,#1484,.T.);
#1005=EDGE_CURVE('',#1286,#1285,#1485,.T.);
#1006=EDGE_CURVE('',#1287,#1256,#1486,.T.);
#1007=EDGE_CURVE('',#1287,#1286,#144,.F.);
#1008=EDGE_CURVE('',#1288,#1255,#1487,.T.);
#1009=EDGE_CURVE('',#1287,#1288,#1488,.T.);
#1010=EDGE_CURVE('',#1289,#1254,#1489,.T.);
#1011=EDGE_CURVE('',#1289,#1288,#145,.F.);
#1012=EDGE_CURVE('',#1284,#1289,#1490,.T.);
#1013=EDGE_CURVE('',#1290,#1196,#1491,.T.);
#1014=EDGE_CURVE('',#1290,#1205,#1492,.T.);
#1015=EDGE_CURVE('',#1291,#1291,#146,.F.);
#1016=EDGE_CURVE('',#1292,#1292,#147,.T.);
#1017=EDGE_CURVE('',#1236,#1290,#148,.T.);
#1018=EDGE_CURVE('',#1293,#1233,#1493,.T.);
#1019=EDGE_CURVE('',#1293,#1187,#1494,.T.);
#1020=EDGE_CURVE('',#1294,#1186,#1495,.T.);
#1021=EDGE_CURVE('',#1294,#1234,#1496,.T.);
#1022=EDGE_CURVE('',#1295,#1185,#1497,.T.);
#1023=EDGE_CURVE('',#1294,#1295,#149,.T.);
#1024=EDGE_CURVE('',#1295,#1155,#1498,.T.);
#1025=EDGE_CURVE('',#1296,#1296,#150,.F.);
#1026=EDGE_CURVE('',#1297,#1297,#151,.T.);
#1027=EDGE_CURVE('',#1298,#1193,#1499,.T.);
#1028=EDGE_CURVE('',#1235,#1298,#1500,.T.);
#1029=EDGE_CURVE('',#1299,#1192,#1501,.T.);
#1030=EDGE_CURVE('',#1298,#1299,#1502,.T.);
#1031=EDGE_CURVE('',#1300,#1191,#1503,.T.);
#1032=EDGE_CURVE('',#1299,#1300,#152,.F.);
#1033=EDGE_CURVE('',#1301,#1190,#1504,.T.);
#1034=EDGE_CURVE('',#1301,#1300,#1505,.T.);
#1035=EDGE_CURVE('',#1302,#1189,#1506,.T.);
#1036=EDGE_CURVE('',#1301,#1302,#153,.F.);
#1037=EDGE_CURVE('',#1303,#1188,#1507,.T.);
#1038=EDGE_CURVE('',#1302,#1303,#1508,.T.);
#1039=EDGE_CURVE('',#1303,#1293,#1509,.T.);
#1040=EDGE_CURVE('',#1304,#1152,#1510,.T.);
#1041=EDGE_CURVE('',#1304,#1224,#1511,.T.);
#1042=EDGE_CURVE('',#1305,#1304,#154,.T.);
#1043=EDGE_CURVE('',#1305,#1223,#1512,.T.);
#1044=EDGE_CURVE('',#1305,#1151,#1513,.T.);
#1045=EDGE_CURVE('',#1306,#1306,#155,.F.);
#1046=EDGE_CURVE('',#1307,#1230,#1514,.T.);
#1047=EDGE_CURVE('',#1307,#1208,#1515,.T.);
#1048=EDGE_CURVE('',#1307,#1308,#156,.T.);
#1049=EDGE_CURVE('',#1308,#1229,#1516,.T.);
#1050=EDGE_CURVE('',#1308,#1209,#1517,.T.);
#1051=EDGE_CURVE('',#1309,#1309,#157,.F.);
#1052=EDGE_CURVE('',#1310,#1310,#158,.T.);
#1053=EDGE_CURVE('',#1311,#1311,#159,.T.);
#1054=EDGE_CURVE('',#1312,#1312,#160,.F.);
#1055=EDGE_CURVE('',#1313,#1313,#161,.T.);
#1056=EDGE_CURVE('',#1314,#1314,#162,.F.);
#1057=EDGE_CURVE('',#1315,#1315,#163,.T.);
#1058=EDGE_CURVE('',#1316,#1316,#164,.F.);
#1059=EDGE_CURVE('',#1317,#1317,#165,.T.);
#1060=EDGE_CURVE('',#1318,#1318,#166,.F.);
#1061=EDGE_CURVE('',#1319,#1319,#167,.T.);
#1062=EDGE_CURVE('',#1320,#1320,#168,.F.);
#1063=EDGE_CURVE('',#1321,#1321,#169,.T.);
#1064=EDGE_CURVE('',#1322,#1322,#170,.F.);
#1065=EDGE_CURVE('',#1323,#1323,#171,.T.);
#1066=EDGE_CURVE('',#1324,#1324,#172,.T.);
#1067=EDGE_CURVE('',#1325,#1325,#173,.T.);
#1068=EDGE_CURVE('',#1326,#1326,#174,.T.);
#1069=EDGE_CURVE('',#1327,#1327,#175,.T.);
#1070=EDGE_CURVE('',#1328,#1328,#176,.T.);
#1071=EDGE_CURVE('',#1329,#1329,#177,.T.);
#1072=EDGE_CURVE('',#1260,#1330,#28,.T.);
#1073=EDGE_CURVE('',#1330,#1331,#178,.T.);
#1074=EDGE_CURVE('',#1331,#1332,#29,.T.);
#1075=EDGE_CURVE('',#1332,#1264,#1518,.T.);
#1076=EDGE_CURVE('',#1332,#1333,#179,.F.);
#1077=EDGE_CURVE('',#1333,#1144,#1519,.T.);
#1078=EDGE_CURVE('',#1334,#1334,#180,.F.);
#1079=EDGE_CURVE('',#1335,#1336,#181,.T.);
#1080=EDGE_CURVE('',#1335,#1336,#30,.T.);
#1081=EDGE_CURVE('',#1330,#1335,#1520,.F.);
#1082=EDGE_CURVE('',#1336,#1331,#1521,.F.);
#1083=EDGE_CURVE('',#1333,#1145,#1522,.T.);
#1084=EDGE_CURVE('',#1215,#1337,#182,.T.);
#1085=EDGE_CURVE('',#1337,#1268,#1523,.T.);
#1086=EDGE_CURVE('',#1338,#1338,#183,.F.);
#1087=EDGE_CURVE('',#1339,#1340,#184,.T.);
#1088=EDGE_CURVE('',#1340,#1339,#31,.T.);
#1089=EDGE_CURVE('',#1337,#1341,#32,.T.);
#1090=EDGE_CURVE('',#1342,#1341,#185,.T.);
#1091=EDGE_CURVE('',#1342,#1251,#33,.T.);
#1092=EDGE_CURVE('',#1341,#1340,#1524,.T.);
#1093=EDGE_CURVE('',#1339,#1342,#1525,.T.);
#1094=EDGE_CURVE('',#1343,#1140,#1526,.T.);
#1095=EDGE_CURVE('',#1343,#1344,#186,.T.);
#1096=EDGE_CURVE('',#1344,#1265,#1527,.T.);
#1097=EDGE_CURVE('',#1345,#1345,#187,.F.);
#1098=EDGE_CURVE('',#1346,#1347,#188,.T.);
#1099=EDGE_CURVE('',#1347,#1346,#34,.T.);
#1100=EDGE_CURVE('',#1344,#1348,#35,.T.);
#1101=EDGE_CURVE('',#1349,#1348,#189,.T.);
#1102=EDGE_CURVE('',#1349,#1184,#36,.T.);
#1103=EDGE_CURVE('',#1348,#1347,#1528,.T.);
#1104=EDGE_CURVE('',#1346,#1349,#1529,.T.);
#1105=EDGE_CURVE('',#1141,#1343,#1530,.F.);
#1106=EDGE_CURVE('',#1199,#1350,#37,.T.);
#1107=EDGE_CURVE('',#1350,#1351,#190,.T.);
#1108=EDGE_CURVE('',#1351,#1352,#38,.T.);
#1109=EDGE_CURVE('',#1352,#1269,#1531,.T.);
#1110=EDGE_CURVE('',#1352,#1203,#191,.F.);
#1111=EDGE_CURVE('',#1353,#1353,#192,.F.);
#1112=EDGE_CURVE('',#1354,#1355,#193,.T.);
#1113=EDGE_CURVE('',#1354,#1355,#39,.T.);
#1114=EDGE_CURVE('',#1350,#1354,#1532,.F.);
#1115=EDGE_CURVE('',#1355,#1351,#1533,.F.);
#1116=EDGE_CURVE('',#1167,#1356,#1534,.T.);
#1117=EDGE_CURVE('',#1356,#1247,#1535,.T.);
#1118=EDGE_CURVE('',#1356,#1166,#1536,.T.);
#1119=EDGE_CURVE('',#1357,#1182,#1537,.T.);
#1120=EDGE_CURVE('',#1161,#1357,#1538,.T.);
#1121=EDGE_CURVE('',#1357,#1160,#1539,.T.);
#1122=EDGE_CURVE('',#1178,#1139,#1540,.F.);
#1123=EDGE_CURVE('',#1138,#1179,#1541,.T.);
#1124=EDGE_CURVE('',#1172,#1137,#1542,.F.);
#1125=EDGE_CURVE('',#1136,#1173,#1543,.T.);
#1126=EDGE_CURVE('',#1176,#1133,#1544,.F.);
#1127=EDGE_CURVE('',#1132,#1177,#1545,.T.);
#1128=EDGE_CURVE('',#1134,#1175,#1546,.T.);
#1129=EDGE_CURVE('',#1174,#1135,#1547,.F.);
#1130=EDGE_CURVE('',#1144,#1145,#194,.F.);
#1131=EDGE_CURVE('',#1141,#1140,#195,.F.);
#1132=VERTEX_POINT('',#3266);
#1133=VERTEX_POINT('',#3267);
#1134=VERTEX_POINT('',#3269);
#1135=VERTEX_POINT('',#3271);
#1136=VERTEX_POINT('',#3273);
#1137=VERTEX_POINT('',#3275);
#1138=VERTEX_POINT('',#3277);
#1139=VERTEX_POINT('',#3279);
#1140=VERTEX_POINT('',#3282);
#1141=VERTEX_POINT('',#3283);
#1142=VERTEX_POINT('',#3285);
#1143=VERTEX_POINT('',#3287);
#1144=VERTEX_POINT('',#3289);
#1145=VERTEX_POINT('',#3291);
#1146=VERTEX_POINT('',#3293);
#1147=VERTEX_POINT('',#3295);
#1148=VERTEX_POINT('',#3297);
#1149=VERTEX_POINT('',#3299);
#1150=VERTEX_POINT('',#3301);
#1151=VERTEX_POINT('',#3303);
#1152=VERTEX_POINT('',#3305);
#1153=VERTEX_POINT('',#3307);
#1154=VERTEX_POINT('',#3309);
#1155=VERTEX_POINT('',#3311);
#1156=VERTEX_POINT('',#3313);
#1157=VERTEX_POINT('',#3315);
#1158=VERTEX_POINT('',#3319);
#1159=VERTEX_POINT('',#3321);
#1160=VERTEX_POINT('',#3323);
#1161=VERTEX_POINT('',#3324);
#1162=VERTEX_POINT('',#3326);
#1163=VERTEX_POINT('',#3328);
#1164=VERTEX_POINT('',#3330);
#1165=VERTEX_POINT('',#3332);
#1166=VERTEX_POINT('',#3334);
#1167=VERTEX_POINT('',#3336);
#1168=VERTEX_POINT('',#3338);
#1169=VERTEX_POINT('',#3340);
#1170=VERTEX_POINT('',#3342);
#1171=VERTEX_POINT('',#3344);
#1172=VERTEX_POINT('',#3347);
#1173=VERTEX_POINT('',#3348);
#1174=VERTEX_POINT('',#3350);
#1175=VERTEX_POINT('',#3352);
#1176=VERTEX_POINT('',#3354);
#1177=VERTEX_POINT('',#3356);
#1178=VERTEX_POINT('',#3358);
#1179=VERTEX_POINT('',#3360);
#1180=VERTEX_POINT('',#3364);
#1181=VERTEX_POINT('',#3366);
#1182=VERTEX_POINT('',#3368);
#1183=VERTEX_POINT('',#3370);
#1184=VERTEX_POINT('',#3372);
#1185=VERTEX_POINT('',#3375);
#1186=VERTEX_POINT('',#3377);
#1187=VERTEX_POINT('',#3379);
#1188=VERTEX_POINT('',#3381);
#1189=VERTEX_POINT('',#3383);
#1190=VERTEX_POINT('',#3385);
#1191=VERTEX_POINT('',#3387);
#1192=VERTEX_POINT('',#3389);
#1193=VERTEX_POINT('',#3391);
#1194=VERTEX_POINT('',#3393);
#1195=VERTEX_POINT('',#3395);
#1196=VERTEX_POINT('',#3397);
#1197=VERTEX_POINT('',#3399);
#1198=VERTEX_POINT('',#3401);
#1199=VERTEX_POINT('',#3403);
#1200=VERTEX_POINT('',#3405);
#1201=VERTEX_POINT('',#3407);
#1202=VERTEX_POINT('',#3409);
#1203=VERTEX_POINT('',#3414);
#1204=VERTEX_POINT('',#3415);
#1205=VERTEX_POINT('',#3418);
#1206=VERTEX_POINT('',#3420);
#1207=VERTEX_POINT('',#3422);
#1208=VERTEX_POINT('',#3424);
#1209=VERTEX_POINT('',#3426);
#1210=VERTEX_POINT('',#3428);
#1211=VERTEX_POINT('',#3430);
#1212=VERTEX_POINT('',#3432);
#1213=VERTEX_POINT('',#3434);
#1214=VERTEX_POINT('',#3436);
#1215=VERTEX_POINT('',#3438);
#1216=VERTEX_POINT('',#3440);
#1217=VERTEX_POINT('',#3444);
#1218=VERTEX_POINT('',#3446);
#1219=VERTEX_POINT('',#3448);
#1220=VERTEX_POINT('',#3450);
#1221=VERTEX_POINT('',#3452);
#1222=VERTEX_POINT('',#3454);
#1223=VERTEX_POINT('',#3456);
#1224=VERTEX_POINT('',#3457);
#1225=VERTEX_POINT('',#3460);
#1226=VERTEX_POINT('',#3462);
#1227=VERTEX_POINT('',#3464);
#1228=VERTEX_POINT('',#3466);
#1229=VERTEX_POINT('',#3469);
#1230=VERTEX_POINT('',#3471);
#1231=VERTEX_POINT('',#3474);
#1232=VERTEX_POINT('',#3476);
#1233=VERTEX_POINT('',#3478);
#1234=VERTEX_POINT('',#3480);
#1235=VERTEX_POINT('',#3485);
#1236=VERTEX_POINT('',#3488);
#1237=VERTEX_POINT('',#3492);
#1238=VERTEX_POINT('',#3494);
#1239=VERTEX_POINT('',#3496);
#1240=VERTEX_POINT('',#3498);
#1241=VERTEX_POINT('',#3502);
#1242=VERTEX_POINT('',#3503);
#1243=VERTEX_POINT('',#3506);
#1244=VERTEX_POINT('',#3508);
#1245=VERTEX_POINT('',#3512);
#1246=VERTEX_POINT('',#3514);
#1247=VERTEX_POINT('',#3516);
#1248=VERTEX_POINT('',#3519);
#1249=VERTEX_POINT('',#3521);
#1250=VERTEX_POINT('',#3523);
#1251=VERTEX_POINT('',#3525);
#1252=VERTEX_POINT('',#3528);
#1253=VERTEX_POINT('',#3531);
#1254=VERTEX_POINT('',#3533);
#1255=VERTEX_POINT('',#3535);
#1256=VERTEX_POINT('',#3537);
#1257=VERTEX_POINT('',#3539);
#1258=VERTEX_POINT('',#3541);
#1259=VERTEX_POINT('',#3544);
#1260=VERTEX_POINT('',#3547);
#1261=VERTEX_POINT('',#3549);
#1262=VERTEX_POINT('',#3553);
#1263=VERTEX_POINT('',#3555);
#1264=VERTEX_POINT('',#3557);
#1265=VERTEX_POINT('',#3560);
#1266=VERTEX_POINT('',#3564);
#1267=VERTEX_POINT('',#3566);
#1268=VERTEX_POINT('',#3568);
#1269=VERTEX_POINT('',#3572);
#1270=VERTEX_POINT('',#3578);
#1271=VERTEX_POINT('',#3580);
#1272=VERTEX_POINT('',#3582);
#1273=VERTEX_POINT('',#3584);
#1274=VERTEX_POINT('',#3586);
#1275=VERTEX_POINT('',#3588);
#1276=VERTEX_POINT('',#3590);
#1277=VERTEX_POINT('',#3592);
#1278=VERTEX_POINT('',#3595);
#1279=VERTEX_POINT('',#3601);
#1280=VERTEX_POINT('',#3603);
#1281=VERTEX_POINT('',#3607);
#1282=VERTEX_POINT('',#3611);
#1283=VERTEX_POINT('',#3613);
#1284=VERTEX_POINT('',#3619);
#1285=VERTEX_POINT('',#3623);
#1286=VERTEX_POINT('',#3627);
#1287=VERTEX_POINT('',#3631);
#1288=VERTEX_POINT('',#3635);
#1289=VERTEX_POINT('',#3639);
#1290=VERTEX_POINT('',#3646);
#1291=VERTEX_POINT('',#3650);
#1292=VERTEX_POINT('',#3652);
#1293=VERTEX_POINT('',#3658);
#1294=VERTEX_POINT('',#3661);
#1295=VERTEX_POINT('',#3665);
#1296=VERTEX_POINT('',#3671);
#1297=VERTEX_POINT('',#3673);
#1298=VERTEX_POINT('',#3677);
#1299=VERTEX_POINT('',#3681);
#1300=VERTEX_POINT('',#3685);
#1301=VERTEX_POINT('',#3689);
#1302=VERTEX_POINT('',#3693);
#1303=VERTEX_POINT('',#3697);
#1304=VERTEX_POINT('',#3704);
#1305=VERTEX_POINT('',#3708);
#1306=VERTEX_POINT('',#3714);
#1307=VERTEX_POINT('',#3717);
#1308=VERTEX_POINT('',#3721);
#1309=VERTEX_POINT('',#3727);
#1310=VERTEX_POINT('',#3730);
#1311=VERTEX_POINT('',#3733);
#1312=VERTEX_POINT('',#3736);
#1313=VERTEX_POINT('',#3738);
#1314=VERTEX_POINT('',#3741);
#1315=VERTEX_POINT('',#3743);
#1316=VERTEX_POINT('',#3746);
#1317=VERTEX_POINT('',#3748);
#1318=VERTEX_POINT('',#3751);
#1319=VERTEX_POINT('',#3753);
#1320=VERTEX_POINT('',#3756);
#1321=VERTEX_POINT('',#3758);
#1322=VERTEX_POINT('',#3761);
#1323=VERTEX_POINT('',#3763);
#1324=VERTEX_POINT('',#3766);
#1325=VERTEX_POINT('',#3770);
#1326=VERTEX_POINT('',#3774);
#1327=VERTEX_POINT('',#3778);
#1328=VERTEX_POINT('',#3782);
#1329=VERTEX_POINT('',#3786);
#1330=VERTEX_POINT('',#3793);
#1331=VERTEX_POINT('',#3795);
#1332=VERTEX_POINT('',#3800);
#1333=VERTEX_POINT('',#3804);
#1334=VERTEX_POINT('',#3808);
#1335=VERTEX_POINT('',#3810);
#1336=VERTEX_POINT('',#3811);
#1337=VERTEX_POINT('',#3832);
#1338=VERTEX_POINT('',#3836);
#1339=VERTEX_POINT('',#3838);
#1340=VERTEX_POINT('',#3839);
#1341=VERTEX_POINT('',#3858);
#1342=VERTEX_POINT('',#3860);
#1343=VERTEX_POINT('',#3871);
#1344=VERTEX_POINT('',#3873);
#1345=VERTEX_POINT('',#3877);
#1346=VERTEX_POINT('',#3879);
#1347=VERTEX_POINT('',#3880);
#1348=VERTEX_POINT('',#3899);
#1349=VERTEX_POINT('',#3901);
#1350=VERTEX_POINT('',#3916);
#1351=VERTEX_POINT('',#3918);
#1352=VERTEX_POINT('',#3923);
#1353=VERTEX_POINT('',#3929);
#1354=VERTEX_POINT('',#3931);
#1355=VERTEX_POINT('',#3932);
#1356=VERTEX_POINT('',#3968);
#1357=VERTEX_POINT('',#3975);
#1358=LINE('',#3265,#1548);
#1359=LINE('',#3270,#1549);
#1360=LINE('',#3274,#1550);
#1361=LINE('',#3278,#1551);
#1362=LINE('',#3284,#1552);
#1363=LINE('',#3286,#1553);
#1364=LINE('',#3288,#1554);
#1365=LINE('',#3292,#1555);
#1366=LINE('',#3294,#1556);
#1367=LINE('',#3296,#1557);
#1368=LINE('',#3298,#1558);
#1369=LINE('',#3300,#1559);
#1370=LINE('',#3302,#1560);
#1371=LINE('',#3304,#1561);
#1372=LINE('',#3306,#1562);
#1373=LINE('',#3308,#1563);
#1374=LINE('',#3310,#1564);
#1375=LINE('',#3312,#1565);
#1376=LINE('',#3314,#1566);
#1377=LINE('',#3316,#1567);
#1378=LINE('',#3322,#1568);
#1379=LINE('',#3325,#1569);
#1380=LINE('',#3327,#1570);
#1381=LINE('',#3329,#1571);
#1382=LINE('',#3331,#1572);
#1383=LINE('',#3333,#1573);
#1384=LINE('',#3335,#1574);
#1385=LINE('',#3337,#1575);
#1386=LINE('',#3339,#1576);
#1387=LINE('',#3341,#1577);
#1388=LINE('',#3343,#1578);
#1389=LINE('',#3345,#1579);
#1390=LINE('',#3346,#1580);
#1391=LINE('',#3351,#1581);
#1392=LINE('',#3355,#1582);
#1393=LINE('',#3359,#1583);
#1394=LINE('',#3367,#1584);
#1395=LINE('',#3369,#1585);
#1396=LINE('',#3371,#1586);
#1397=LINE('',#3374,#1587);
#1398=LINE('',#3378,#1588);
#1399=LINE('',#3380,#1589);
#1400=LINE('',#3382,#1590);
#1401=LINE('',#3386,#1591);
#1402=LINE('',#3390,#1592);
#1403=LINE('',#3392,#1593);
#1404=LINE('',#3394,#1594);
#1405=LINE('',#3398,#1595);
#1406=LINE('',#3400,#1596);
#1407=LINE('',#3404,#1597);
#1408=LINE('',#3406,#1598);
#1409=LINE('',#3408,#1599);
#1410=LINE('',#3410,#1600);
#1411=LINE('',#3411,#1601);
#1412=LINE('',#3413,#1602);
#1413=LINE('',#3416,#1603);
#1414=LINE('',#3417,#1604);
#1415=LINE('',#3419,#1605);
#1416=LINE('',#3421,#1606);
#1417=LINE('',#3423,#1607);
#1418=LINE('',#3425,#1608);
#1419=LINE('',#3427,#1609);
#1420=LINE('',#3429,#1610);
#1421=LINE('',#3431,#1611);
#1422=LINE('',#3433,#1612);
#1423=LINE('',#3435,#1613);
#1424=LINE('',#3437,#1614);
#1425=LINE('',#3439,#1615);
#1426=LINE('',#3441,#1616);
#1427=LINE('',#3458,#1617);
#1428=LINE('',#3459,#1618);
#1429=LINE('',#3461,#1619);
#1430=LINE('',#3463,#1620);
#1431=LINE('',#3465,#1621);
#1432=LINE('',#3467,#1622);
#1433=LINE('',#3468,#1623);
#1434=LINE('',#3472,#1624);
#1435=LINE('',#3473,#1625);
#1436=LINE('',#3475,#1626);
#1437=LINE('',#3477,#1627);
#1438=LINE('',#3479,#1628);
#1439=LINE('',#3481,#1629);
#1440=LINE('',#3482,#1630);
#1441=LINE('',#3484,#1631);
#1442=LINE('',#3486,#1632);
#1443=LINE('',#3487,#1633);
#1444=LINE('',#3489,#1634);
#1445=LINE('',#3491,#1635);
#1446=LINE('',#3493,#1636);
#1447=LINE('',#3495,#1637);
#1448=LINE('',#3497,#1638);
#1449=LINE('',#3499,#1639);
#1450=LINE('',#3501,#1640);
#1451=LINE('',#3504,#1641);
#1452=LINE('',#3505,#1642);
#1453=LINE('',#3507,#1643);
#1454=LINE('',#3509,#1644);
#1455=LINE('',#3515,#1645);
#1456=LINE('',#3517,#1646);
#1457=LINE('',#3518,#1647);
#1458=LINE('',#3520,#1648);
#1459=LINE('',#3522,#1649);
#1460=LINE('',#3524,#1650);
#1461=LINE('',#3527,#1651);
#1462=LINE('',#3530,#1652);
#1463=LINE('',#3532,#1653);
#1464=LINE('',#3536,#1654);
#1465=LINE('',#3540,#1655);
#1466=LINE('',#3542,#1656);
#1467=LINE('',#3545,#1657);
#1468=LINE('',#3548,#1658);
#1469=LINE('',#3550,#1659);
#1470=LINE('',#3558,#1660);
#1471=LINE('',#3559,#1661);
#1472=LINE('',#3567,#1662);
#1473=LINE('',#3570,#1663);
#1474=LINE('',#3573,#1664);
#1475=LINE('',#3575,#1665);
#1476=LINE('',#3594,#1666);
#1477=LINE('',#3598,#1667);
#1478=LINE('',#3606,#1668);
#1479=LINE('',#3608,#1669);
#1480=LINE('',#3618,#1670);
#1481=LINE('',#3620,#1671);
#1482=LINE('',#3622,#1672);
#1483=LINE('',#3624,#1673);
#1484=LINE('',#3626,#1674);
#1485=LINE('',#3628,#1675);
#1486=LINE('',#3630,#1676);
#1487=LINE('',#3634,#1677);
#1488=LINE('',#3636,#1678);
#1489=LINE('',#3638,#1679);
#1490=LINE('',#3642,#1680);
#1491=LINE('',#3645,#1681);
#1492=LINE('',#3647,#1682);
#1493=LINE('',#3657,#1683);
#1494=LINE('',#3659,#1684);
#1495=LINE('',#3660,#1685);
#1496=LINE('',#3662,#1686);
#1497=LINE('',#3664,#1687);
#1498=LINE('',#3668,#1688);
#1499=LINE('',#3676,#1689);
#1500=LINE('',#3678,#1690);
#1501=LINE('',#3680,#1691);
#1502=LINE('',#3682,#1692);
#1503=LINE('',#3684,#1693);
#1504=LINE('',#3688,#1694);
#1505=LINE('',#3690,#1695);
#1506=LINE('',#3692,#1696);
#1507=LINE('',#3696,#1697);
#1508=LINE('',#3698,#1698);
#1509=LINE('',#3700,#1699);
#1510=LINE('',#3703,#1700);
#1511=LINE('',#3705,#1701);
#1512=LINE('',#3709,#1702);
#1513=LINE('',#3711,#1703);
#1514=LINE('',#3716,#1704);
#1515=LINE('',#3718,#1705);
#1516=LINE('',#3722,#1706);
#1517=LINE('',#3724,#1707);
#1518=LINE('',#3801,#1708);
#1519=LINE('',#3805,#1709);
#1520=LINE('',#3826,#1710);
#1521=LINE('',#3827,#1711);
#1522=LINE('',#3829,#1712);
#1523=LINE('',#3833,#1713);
#1524=LINE('',#3866,#1714);
#1525=LINE('',#3867,#1715);
#1526=LINE('',#3870,#1716);
#1527=LINE('',#3874,#1717);
#1528=LINE('',#3907,#1718);
#1529=LINE('',#3908,#1719);
#1530=LINE('',#3910,#1720);
#1531=LINE('',#3924,#1721);
#1532=LINE('',#3947,#1722);
#1533=LINE('',#3948,#1723);
#1534=LINE('',#3967,#1724);
#1535=LINE('',#3969,#1725);
#1536=LINE('',#3971,#1726);
#1537=LINE('',#3974,#1727);
#1538=LINE('',#3976,#1728);
#1539=LINE('',#3978,#1729);
#1540=LINE('',#3981,#1730);
#1541=LINE('',#3982,#1731);
#1542=LINE('',#3984,#1732);
#1543=LINE('',#3985,#1733);
#1544=LINE('',#3987,#1734);
#1545=LINE('',#3988,#1735);
#1546=LINE('',#3990,#1736);
#1547=LINE('',#3991,#1737);
#1548=VECTOR('',#2599,1.);
#1549=VECTOR('',#2602,1.);
#1550=VECTOR('',#2605,1.);
#1551=VECTOR('',#2608,1.);
#1552=VECTOR('',#2613,1.);
#1553=VECTOR('',#2614,1.);
#1554=VECTOR('',#2615,1.);
#1555=VECTOR('',#2618,1.);
#1556=VECTOR('',#2619,1.);
#1557=VECTOR('',#2620,1.);
#1558=VECTOR('',#2621,1.);
#1559=VECTOR('',#2622,1.);
#1560=VECTOR('',#2623,1.);
#1561=VECTOR('',#2624,1.);
#1562=VECTOR('',#2625,1.);
#1563=VECTOR('',#2626,1.);
#1564=VECTOR('',#2627,1.);
#1565=VECTOR('',#2628,1.);
#1566=VECTOR('',#2629,1.);
#1567=VECTOR('',#2630,1.);
#1568=VECTOR('',#2637,1.);
#1569=VECTOR('',#2638,1.);
#1570=VECTOR('',#2639,1.);
#1571=VECTOR('',#2640,1.);
#1572=VECTOR('',#2641,1.);
#1573=VECTOR('',#2642,1.);
#1574=VECTOR('',#2643,1.);
#1575=VECTOR('',#2644,1.);
#1576=VECTOR('',#2645,1.);
#1577=VECTOR('',#2646,1.);
#1578=VECTOR('',#2647,1.);
#1579=VECTOR('',#2648,1.);
#1580=VECTOR('',#2649,1.);
#1581=VECTOR('',#2652,1.);
#1582=VECTOR('',#2655,1.);
#1583=VECTOR('',#2658,1.);
#1584=VECTOR('',#2667,1.);
#1585=VECTOR('',#2668,1.);
#1586=VECTOR('',#2669,1.);
#1587=VECTOR('',#2672,1.);
#1588=VECTOR('',#2675,1.);
#1589=VECTOR('',#2676,1.);
#1590=VECTOR('',#2677,1.);
#1591=VECTOR('',#2680,1.);
#1592=VECTOR('',#2683,1.);
#1593=VECTOR('',#2684,1.);
#1594=VECTOR('',#2685,1.);
#1595=VECTOR('',#2688,1.);
#1596=VECTOR('',#2689,1.);
#1597=VECTOR('',#2692,1.);
#1598=VECTOR('',#2693,1.);
#1599=VECTOR('',#2694,1.);
#1600=VECTOR('',#2695,1.);
#1601=VECTOR('',#2696,1.);
#1602=VECTOR('',#2699,1.);
#1603=VECTOR('',#2700,1.);
#1604=VECTOR('',#2701,1.);
#1605=VECTOR('',#2702,1.);
#1606=VECTOR('',#2703,1.);
#1607=VECTOR('',#2704,1.);
#1608=VECTOR('',#2705,1.);
#1609=VECTOR('',#2706,1.);
#1610=VECTOR('',#2707,1.);
#1611=VECTOR('',#2708,1.);
#1612=VECTOR('',#2709,1.);
#1613=VECTOR('',#2710,1.);
#1614=VECTOR('',#2711,1.);
#1615=VECTOR('',#2712,1.);
#1616=VECTOR('',#2713,1.);
#1617=VECTOR('',#2730,1.);
#1618=VECTOR('',#2731,1.);
#1619=VECTOR('',#2732,1.);
#1620=VECTOR('',#2733,1.);
#1621=VECTOR('',#2734,1.);
#1622=VECTOR('',#2735,1.);
#1623=VECTOR('',#2736,1.);
#1624=VECTOR('',#2739,1.);
#1625=VECTOR('',#2740,1.);
#1626=VECTOR('',#2741,1.);
#1627=VECTOR('',#2742,1.);
#1628=VECTOR('',#2743,1.);
#1629=VECTOR('',#2744,1.);
#1630=VECTOR('',#2745,1.);
#1631=VECTOR('',#2748,1.);
#1632=VECTOR('',#2749,1.);
#1633=VECTOR('',#2750,1.);
#1634=VECTOR('',#2751,1.);
#1635=VECTOR('',#2754,1.);
#1636=VECTOR('',#2755,1.);
#1637=VECTOR('',#2756,1.);
#1638=VECTOR('',#2757,1.);
#1639=VECTOR('',#2758,1.);
#1640=VECTOR('',#2761,1.);
#1641=VECTOR('',#2762,1.);
#1642=VECTOR('',#2763,1.);
#1643=VECTOR('',#2764,1.);
#1644=VECTOR('',#2765,1.);
#1645=VECTOR('',#2772,1.);
#1646=VECTOR('',#2773,1.);
#1647=VECTOR('',#2774,1.);
#1648=VECTOR('',#2775,1.);
#1649=VECTOR('',#2776,1.);
#1650=VECTOR('',#2777,1.);
#1651=VECTOR('',#2780,1.);
#1652=VECTOR('',#2783,1.);
#1653=VECTOR('',#2784,1.);
#1654=VECTOR('',#2787,1.);
#1655=VECTOR('',#2790,1.);
#1656=VECTOR('',#2791,1.);
#1657=VECTOR('',#2794,1.);
#1658=VECTOR('',#2797,1.);
#1659=VECTOR('',#2798,1.);
#1660=VECTOR('',#2807,1.);
#1661=VECTOR('',#2808,1.);
#1662=VECTOR('',#2817,1.);
#1663=VECTOR('',#2820,1.);
#1664=VECTOR('',#2823,1.);
#1665=VECTOR('',#2826,1.);
#1666=VECTOR('',#2847,1.);
#1667=VECTOR('',#2852,1.);
#1668=VECTOR('',#2863,1.);
#1669=VECTOR('',#2864,1.);
#1670=VECTOR('',#2879,1.);
#1671=VECTOR('',#2880,1.);
#1672=VECTOR('',#2883,1.);
#1673=VECTOR('',#2884,1.);
#1674=VECTOR('',#2887,1.);
#1675=VECTOR('',#2888,1.);
#1676=VECTOR('',#2891,1.);
#1677=VECTOR('',#2896,1.);
#1678=VECTOR('',#2897,1.);
#1679=VECTOR('',#2900,1.);
#1680=VECTOR('',#2905,1.);
#1681=VECTOR('',#2910,1.);
#1682=VECTOR('',#2911,1.);
#1683=VECTOR('',#2926,1.);
#1684=VECTOR('',#2927,1.);
#1685=VECTOR('',#2928,1.);
#1686=VECTOR('',#2929,1.);
#1687=VECTOR('',#2932,1.);
#1688=VECTOR('',#2937,1.);
#1689=VECTOR('',#2948,1.);
#1690=VECTOR('',#2949,1.);
#1691=VECTOR('',#2952,1.);
#1692=VECTOR('',#2953,1.);
#1693=VECTOR('',#2956,1.);
#1694=VECTOR('',#2961,1.);
#1695=VECTOR('',#2962,1.);
#1696=VECTOR('',#2965,1.);
#1697=VECTOR('',#2970,1.);
#1698=VECTOR('',#2971,1.);
#1699=VECTOR('',#2974,1.);
#1700=VECTOR('',#2979,1.);
#1701=VECTOR('',#2980,1.);
#1702=VECTOR('',#2985,1.);
#1703=VECTOR('',#2988,1.);
#1704=VECTOR('',#2995,1.);
#1705=VECTOR('',#2996,1.);
#1706=VECTOR('',#3001,1.);
#1707=VECTOR('',#3004,1.);
#1708=VECTOR('',#3093,1.);
#1709=VECTOR('',#3098,1.);
#1710=VECTOR('',#3107,1.);
#1711=VECTOR('',#3108,1.);
#1712=VECTOR('',#3111,1.);
#1713=VECTOR('',#3116,1.);
#1714=VECTOR('',#3129,1.);
#1715=VECTOR('',#3130,1.);
#1716=VECTOR('',#3135,1.);
#1717=VECTOR('',#3138,1.);
#1718=VECTOR('',#3151,1.);
#1719=VECTOR('',#3152,1.);
#1720=VECTOR('',#3155,1.);
#1721=VECTOR('',#3160,1.);
#1722=VECTOR('',#3173,1.);
#1723=VECTOR('',#3174,1.);
#1724=VECTOR('',#3211,1.);
#1725=VECTOR('',#3212,1.);
#1726=VECTOR('',#3215,1.);
#1727=VECTOR('',#3220,1.);
#1728=VECTOR('',#3221,1.);
#1729=VECTOR('',#3224,1.);
#1730=VECTOR('',#3229,1.);
#1731=VECTOR('',#3230,1.);
#1732=VECTOR('',#3233,1.);
#1733=VECTOR('',#3234,1.);
#1734=VECTOR('',#3237,1.);
#1735=VECTOR('',#3238,1.);
#1736=VECTOR('',#3241,1.);
#1737=VECTOR('',#3242,1.);
#1738=EDGE_LOOP('',(#196,#197,#198,#199,#200,#201,#202,#203));
#1739=EDGE_LOOP('',(#204,#205,#206,#207,#208,#209,#210,#211,#212,#213,#214,
#215,#216,#217,#218,#219,#220,#221));
#1740=EDGE_LOOP('',(#222));
#1741=EDGE_LOOP('',(#223));
#1742=EDGE_LOOP('',(#224,#225,#226,#227,#228,#229,#230,#231,#232,#233,#234,
#235));
#1743=EDGE_LOOP('',(#236,#237,#238,#239,#240,#241,#242,#243));
#1744=EDGE_LOOP('',(#244));
#1745=EDGE_LOOP('',(#245));
#1746=EDGE_LOOP('',(#246,#247,#248,#249,#250,#251,#252,#253,#254,#255,#256,
#257,#258,#259,#260,#261,#262,#263,#264,#265,#266,#267,#268,#269,#270,#271,
#272));
#1747=EDGE_LOOP('',(#273,#274,#275,#276,#277,#278,#279,#280,#281,#282,#283,
#284,#285,#286,#287,#288));
#1748=EDGE_LOOP('',(#289));
#1749=EDGE_LOOP('',(#290));
#1750=EDGE_LOOP('',(#291));
#1751=EDGE_LOOP('',(#292));
#1752=EDGE_LOOP('',(#293));
#1753=EDGE_LOOP('',(#294));
#1754=EDGE_LOOP('',(#295,#296,#297,#298,#299,#300,#301,#302,#303,#304,#305,
#306,#307,#308,#309,#310,#311,#312,#313,#314));
#1755=EDGE_LOOP('',(#315,#316,#317,#318,#319,#320));
#1756=EDGE_LOOP('',(#321,#322,#323,#324,#325,#326));
#1757=EDGE_LOOP('',(#327,#328,#329,#330,#331,#332));
#1758=EDGE_LOOP('',(#333));
#1759=EDGE_LOOP('',(#334));
#1760=EDGE_LOOP('',(#335,#336,#337,#338,#339,#340,#341,#342,#343,#344,#345,
#346,#347,#348,#349,#350,#351,#352,#353,#354,#355,#356,#357,#358,#359,#360,
#361));
#1761=EDGE_LOOP('',(#362));
#1762=EDGE_LOOP('',(#363));
#1763=EDGE_LOOP('',(#364,#365,#366,#367,#368,#369,#370,#371));
#1764=EDGE_LOOP('',(#372));
#1765=EDGE_LOOP('',(#373));
#1766=EDGE_LOOP('',(#374,#375,#376,#377,#378,#379,#380,#381));
#1767=EDGE_LOOP('',(#382,#383,#384,#385));
#1768=EDGE_LOOP('',(#386));
#1769=EDGE_LOOP('',(#387));
#1770=EDGE_LOOP('',(#388));
#1771=EDGE_LOOP('',(#389));
#1772=EDGE_LOOP('',(#390));
#1773=EDGE_LOOP('',(#391));
#1774=EDGE_LOOP('',(#392));
#1775=EDGE_LOOP('',(#393));
#1776=EDGE_LOOP('',(#394,#395,#396,#397));
#1777=EDGE_LOOP('',(#398,#399,#400,#401));
#1778=EDGE_LOOP('',(#402,#403,#404,#405));
#1779=EDGE_LOOP('',(#406));
#1780=EDGE_LOOP('',(#407));
#1781=EDGE_LOOP('',(#408));
#1782=EDGE_LOOP('',(#409,#410,#411,#412,#413));
#1783=EDGE_LOOP('',(#414,#415,#416,#417));
#1784=EDGE_LOOP('',(#418));
#1785=EDGE_LOOP('',(#419));
#1786=EDGE_LOOP('',(#420,#421,#422,#423));
#1787=EDGE_LOOP('',(#424));
#1788=EDGE_LOOP('',(#425,#426,#427,#428,#429));
#1789=EDGE_LOOP('',(#430,#431,#432,#433));
#1790=EDGE_LOOP('',(#434,#435,#436,#437));
#1791=EDGE_LOOP('',(#438,#439,#440,#441));
#1792=EDGE_LOOP('',(#442,#443,#444,#445));
#1793=EDGE_LOOP('',(#446,#447,#448,#449));
#1794=EDGE_LOOP('',(#450,#451,#452,#453));
#1795=EDGE_LOOP('',(#454,#455,#456,#457));
#1796=EDGE_LOOP('',(#458,#459,#460,#461,#462,#463,#464,#465,#466,#467));
#1797=EDGE_LOOP('',(#468,#469,#470,#471));
#1798=EDGE_LOOP('',(#472));
#1799=EDGE_LOOP('',(#473));
#1800=EDGE_LOOP('',(#474,#475,#476,#477));
#1801=EDGE_LOOP('',(#478));
#1802=EDGE_LOOP('',(#479,#480,#481,#482,#483));
#1803=EDGE_LOOP('',(#484,#485,#486,#487,#488,#489));
#1804=EDGE_LOOP('',(#490,#491,#492,#493));
#1805=EDGE_LOOP('',(#494,#495,#496,#497));
#1806=EDGE_LOOP('',(#498));
#1807=EDGE_LOOP('',(#499));
#1808=EDGE_LOOP('',(#500));
#1809=EDGE_LOOP('',(#501,#502,#503,#504,#505));
#1810=EDGE_LOOP('',(#506,#507,#508,#509));
#1811=EDGE_LOOP('',(#510,#511,#512,#513));
#1812=EDGE_LOOP('',(#514,#515,#516,#517));
#1813=EDGE_LOOP('',(#518,#519,#520,#521));
#1814=EDGE_LOOP('',(#522,#523,#524,#525));
#1815=EDGE_LOOP('',(#526,#527,#528,#529));
#1816=EDGE_LOOP('',(#530,#531,#532,#533));
#1817=EDGE_LOOP('',(#534,#535,#536,#537,#538,#539,#540,#541,#542,#543));
#1818=EDGE_LOOP('',(#544,#545,#546,#547));
#1819=EDGE_LOOP('',(#548,#549,#550,#551));
#1820=EDGE_LOOP('',(#552,#553,#554,#555));
#1821=EDGE_LOOP('',(#556));
#1822=EDGE_LOOP('',(#557,#558,#559,#560));
#1823=EDGE_LOOP('',(#561,#562,#563,#564));
#1824=EDGE_LOOP('',(#565,#566,#567,#568));
#1825=EDGE_LOOP('',(#569,#570,#571,#572));
#1826=EDGE_LOOP('',(#573));
#1827=EDGE_LOOP('',(#574,#575,#576,#577));
#1828=EDGE_LOOP('',(#578));
#1829=EDGE_LOOP('',(#579));
#1830=EDGE_LOOP('',(#580));
#1831=EDGE_LOOP('',(#581));
#1832=EDGE_LOOP('',(#582));
#1833=EDGE_LOOP('',(#583));
#1834=EDGE_LOOP('',(#584));
#1835=EDGE_LOOP('',(#585));
#1836=EDGE_LOOP('',(#586));
#1837=EDGE_LOOP('',(#587));
#1838=EDGE_LOOP('',(#588));
#1839=EDGE_LOOP('',(#589));
#1840=EDGE_LOOP('',(#590));
#1841=EDGE_LOOP('',(#591));
#1842=EDGE_LOOP('',(#592));
#1843=EDGE_LOOP('',(#593));
#1844=EDGE_LOOP('',(#594));
#1845=EDGE_LOOP('',(#595));
#1846=EDGE_LOOP('',(#596));
#1847=EDGE_LOOP('',(#597));
#1848=EDGE_LOOP('',(#598));
#1849=EDGE_LOOP('',(#599));
#1850=EDGE_LOOP('',(#600));
#1851=EDGE_LOOP('',(#601));
#1852=EDGE_LOOP('',(#602));
#1853=EDGE_LOOP('',(#603));
#1854=EDGE_LOOP('',(#604));
#1855=EDGE_LOOP('',(#605));
#1856=EDGE_LOOP('',(#606));
#1857=EDGE_LOOP('',(#607));
#1858=EDGE_LOOP('',(#608));
#1859=EDGE_LOOP('',(#609));
#1860=EDGE_LOOP('',(#610));
#1861=EDGE_LOOP('',(#611));
#1862=EDGE_LOOP('',(#612));
#1863=EDGE_LOOP('',(#613));
#1864=EDGE_LOOP('',(#614));
#1865=EDGE_LOOP('',(#615));
#1866=EDGE_LOOP('',(#616));
#1867=EDGE_LOOP('',(#617));
#1868=EDGE_LOOP('',(#618,#619,#620,#621,#622,#623));
#1869=EDGE_LOOP('',(#624,#625,#626,#627,#628));
#1870=EDGE_LOOP('',(#629));
#1871=EDGE_LOOP('',(#630,#631));
#1872=EDGE_LOOP('',(#632,#633,#634,#635));
#1873=EDGE_LOOP('',(#636,#637,#638,#639,#640,#641,#642,#643,#644));
#1874=EDGE_LOOP('',(#645,#646,#647,#648));
#1875=EDGE_LOOP('',(#649));
#1876=EDGE_LOOP('',(#650,#651));
#1877=EDGE_LOOP('',(#652,#653,#654,#655,#656,#657));
#1878=EDGE_LOOP('',(#658,#659,#660,#661));
#1879=EDGE_LOOP('',(#662,#663,#664,#665,#666,#667,#668,#669));
#1880=EDGE_LOOP('',(#670,#671,#672,#673,#674));
#1881=EDGE_LOOP('',(#675));
#1882=EDGE_LOOP('',(#676,#677));
#1883=EDGE_LOOP('',(#678,#679,#680,#681,#682,#683));
#1884=EDGE_LOOP('',(#684,#685,#686,#687));
#1885=EDGE_LOOP('',(#688,#689,#690,#691,#692,#693,#694,#695,#696));
#1886=EDGE_LOOP('',(#697,#698,#699,#700,#701,#702));
#1887=EDGE_LOOP('',(#703,#704,#705,#706));
#1888=EDGE_LOOP('',(#707));
#1889=EDGE_LOOP('',(#708,#709));
#1890=EDGE_LOOP('',(#710,#711,#712,#713));
#1891=EDGE_LOOP('',(#714,#715,#716,#717,#718,#719,#720,#721));
#1892=EDGE_LOOP('',(#722));
#1893=EDGE_LOOP('',(#723));
#1894=EDGE_LOOP('',(#724));
#1895=EDGE_LOOP('',(#725));
#1896=EDGE_LOOP('',(#726));
#1897=EDGE_LOOP('',(#727));
#1898=EDGE_LOOP('',(#728));
#1899=EDGE_LOOP('',(#729));
#1900=EDGE_LOOP('',(#730));
#1901=EDGE_LOOP('',(#731));
#1902=EDGE_LOOP('',(#732));
#1903=EDGE_LOOP('',(#733));
#1904=EDGE_LOOP('',(#734));
#1905=EDGE_LOOP('',(#735));
#1906=EDGE_LOOP('',(#736));
#1907=EDGE_LOOP('',(#737));
#1908=EDGE_LOOP('',(#738));
#1909=EDGE_LOOP('',(#739));
#1910=EDGE_LOOP('',(#740));
#1911=EDGE_LOOP('',(#741));
#1912=EDGE_LOOP('',(#742));
#1913=EDGE_LOOP('',(#743));
#1914=EDGE_LOOP('',(#744));
#1915=EDGE_LOOP('',(#745));
#1916=EDGE_LOOP('',(#746));
#1917=EDGE_LOOP('',(#747));
#1918=EDGE_LOOP('',(#748));
#1919=EDGE_LOOP('',(#749));
#1920=EDGE_LOOP('',(#750));
#1921=EDGE_LOOP('',(#751));
#1922=EDGE_LOOP('',(#752));
#1923=EDGE_LOOP('',(#753));
#1924=EDGE_LOOP('',(#754,#755,#756,#757));
#1925=EDGE_LOOP('',(#758,#759,#760,#761));
#1926=EDGE_LOOP('',(#762,#763,#764));
#1927=EDGE_LOOP('',(#765,#766,#767,#768));
#1928=EDGE_LOOP('',(#769,#770,#771,#772));
#1929=EDGE_LOOP('',(#773,#774,#775));
#1930=EDGE_LOOP('',(#776,#777,#778,#779));
#1931=EDGE_LOOP('',(#780,#781,#782,#783));
#1932=EDGE_LOOP('',(#784,#785,#786,#787));
#1933=EDGE_LOOP('',(#788,#789,#790,#791));
#1934=EDGE_LOOP('',(#792,#793,#794));
#1935=EDGE_LOOP('',(#795,#796));
#1936=EDGE_LOOP('',(#797));
#1937=EDGE_LOOP('',(#798,#799,#800));
#1938=EDGE_LOOP('',(#801,#802));
#1939=EDGE_LOOP('',(#803));
#1940=EDGE_LOOP('',(#804,#805,#806,#807));
#1941=EDGE_LOOP('',(#808,#809,#810,#811));
#1942=EDGE_LOOP('',(#812,#813,#814,#815));
#1943=EDGE_LOOP('',(#816,#817,#818,#819));
#1944=FACE_BOUND('',#1738,.T.);
#1945=FACE_BOUND('',#1739,.T.);
#1946=FACE_BOUND('',#1740,.T.);
#1947=FACE_BOUND('',#1741,.T.);
#1948=FACE_BOUND('',#1742,.T.);
#1949=FACE_BOUND('',#1743,.T.);
#1950=FACE_BOUND('',#1744,.T.);
#1951=FACE_BOUND('',#1745,.T.);
#1952=FACE_BOUND('',#1746,.T.);
#1953=FACE_BOUND('',#1747,.T.);
#1954=FACE_BOUND('',#1748,.T.);
#1955=FACE_BOUND('',#1749,.T.);
#1956=FACE_BOUND('',#1750,.T.);
#1957=FACE_BOUND('',#1751,.T.);
#1958=FACE_BOUND('',#1752,.T.);
#1959=FACE_BOUND('',#1753,.T.);
#1960=FACE_BOUND('',#1754,.T.);
#1961=FACE_BOUND('',#1755,.T.);
#1962=FACE_BOUND('',#1756,.T.);
#1963=FACE_BOUND('',#1757,.T.);
#1964=FACE_BOUND('',#1758,.T.);
#1965=FACE_BOUND('',#1759,.T.);
#1966=FACE_BOUND('',#1760,.T.);
#1967=FACE_BOUND('',#1761,.T.);
#1968=FACE_BOUND('',#1762,.T.);
#1969=FACE_BOUND('',#1763,.T.);
#1970=FACE_BOUND('',#1764,.T.);
#1971=FACE_BOUND('',#1765,.T.);
#1972=FACE_BOUND('',#1766,.T.);
#1973=FACE_BOUND('',#1767,.T.);
#1974=FACE_BOUND('',#1768,.T.);
#1975=FACE_BOUND('',#1769,.T.);
#1976=FACE_BOUND('',#1770,.T.);
#1977=FACE_BOUND('',#1771,.T.);
#1978=FACE_BOUND('',#1772,.T.);
#1979=FACE_BOUND('',#1773,.T.);
#1980=FACE_BOUND('',#1774,.T.);
#1981=FACE_BOUND('',#1775,.T.);
#1982=FACE_BOUND('',#1776,.T.);
#1983=FACE_BOUND('',#1777,.T.);
#1984=FACE_BOUND('',#1778,.T.);
#1985=FACE_BOUND('',#1779,.T.);
#1986=FACE_BOUND('',#1780,.T.);
#1987=FACE_BOUND('',#1781,.T.);
#1988=FACE_BOUND('',#1782,.T.);
#1989=FACE_BOUND('',#1783,.T.);
#1990=FACE_BOUND('',#1784,.T.);
#1991=FACE_BOUND('',#1785,.T.);
#1992=FACE_BOUND('',#1786,.T.);
#1993=FACE_BOUND('',#1787,.T.);
#1994=FACE_BOUND('',#1788,.T.);
#1995=FACE_BOUND('',#1789,.T.);
#1996=FACE_BOUND('',#1790,.T.);
#1997=FACE_BOUND('',#1791,.T.);
#1998=FACE_BOUND('',#1792,.T.);
#1999=FACE_BOUND('',#1793,.T.);
#2000=FACE_BOUND('',#1794,.T.);
#2001=FACE_BOUND('',#1795,.T.);
#2002=FACE_BOUND('',#1796,.T.);
#2003=FACE_BOUND('',#1797,.T.);
#2004=FACE_BOUND('',#1798,.T.);
#2005=FACE_BOUND('',#1799,.T.);
#2006=FACE_BOUND('',#1800,.T.);
#2007=FACE_BOUND('',#1801,.T.);
#2008=FACE_BOUND('',#1802,.T.);
#2009=FACE_BOUND('',#1803,.T.);
#2010=FACE_BOUND('',#1804,.T.);
#2011=FACE_BOUND('',#1805,.T.);
#2012=FACE_BOUND('',#1806,.T.);
#2013=FACE_BOUND('',#1807,.T.);
#2014=FACE_BOUND('',#1808,.T.);
#2015=FACE_BOUND('',#1809,.T.);
#2016=FACE_BOUND('',#1810,.T.);
#2017=FACE_BOUND('',#1811,.T.);
#2018=FACE_BOUND('',#1812,.T.);
#2019=FACE_BOUND('',#1813,.T.);
#2020=FACE_BOUND('',#1814,.T.);
#2021=FACE_BOUND('',#1815,.T.);
#2022=FACE_BOUND('',#1816,.T.);
#2023=FACE_BOUND('',#1817,.T.);
#2024=FACE_BOUND('',#1818,.T.);
#2025=FACE_BOUND('',#1819,.T.);
#2026=FACE_BOUND('',#1820,.T.);
#2027=FACE_BOUND('',#1821,.T.);
#2028=FACE_BOUND('',#1822,.T.);
#2029=FACE_BOUND('',#1823,.T.);
#2030=FACE_BOUND('',#1824,.T.);
#2031=FACE_BOUND('',#1825,.T.);
#2032=FACE_BOUND('',#1826,.T.);
#2033=FACE_BOUND('',#1827,.T.);
#2034=FACE_BOUND('',#1828,.T.);
#2035=FACE_BOUND('',#1829,.T.);
#2036=FACE_BOUND('',#1830,.T.);
#2037=FACE_BOUND('',#1831,.T.);
#2038=FACE_BOUND('',#1832,.T.);
#2039=FACE_BOUND('',#1833,.T.);
#2040=FACE_BOUND('',#1834,.T.);
#2041=FACE_BOUND('',#1835,.T.);
#2042=FACE_BOUND('',#1836,.T.);
#2043=FACE_BOUND('',#1837,.T.);
#2044=FACE_BOUND('',#1838,.T.);
#2045=FACE_BOUND('',#1839,.T.);
#2046=FACE_BOUND('',#1840,.T.);
#2047=FACE_BOUND('',#1841,.T.);
#2048=FACE_BOUND('',#1842,.T.);
#2049=FACE_BOUND('',#1843,.T.);
#2050=FACE_BOUND('',#1844,.T.);
#2051=FACE_BOUND('',#1845,.T.);
#2052=FACE_BOUND('',#1846,.T.);
#2053=FACE_BOUND('',#1847,.T.);
#2054=FACE_BOUND('',#1848,.T.);
#2055=FACE_BOUND('',#1849,.T.);
#2056=FACE_BOUND('',#1850,.T.);
#2057=FACE_BOUND('',#1851,.T.);
#2058=FACE_BOUND('',#1852,.T.);
#2059=FACE_BOUND('',#1853,.T.);
#2060=FACE_BOUND('',#1854,.T.);
#2061=FACE_BOUND('',#1855,.T.);
#2062=FACE_BOUND('',#1856,.T.);
#2063=FACE_BOUND('',#1857,.T.);
#2064=FACE_BOUND('',#1858,.T.);
#2065=FACE_BOUND('',#1859,.T.);
#2066=FACE_BOUND('',#1860,.T.);
#2067=FACE_BOUND('',#1861,.T.);
#2068=FACE_BOUND('',#1862,.T.);
#2069=FACE_BOUND('',#1863,.T.);
#2070=FACE_BOUND('',#1864,.T.);
#2071=FACE_BOUND('',#1865,.T.);
#2072=FACE_BOUND('',#1866,.T.);
#2073=FACE_BOUND('',#1867,.T.);
#2074=FACE_BOUND('',#1868,.T.);
#2075=FACE_BOUND('',#1869,.T.);
#2076=FACE_BOUND('',#1870,.T.);
#2077=FACE_BOUND('',#1871,.T.);
#2078=FACE_BOUND('',#1872,.T.);
#2079=FACE_BOUND('',#1873,.T.);
#2080=FACE_BOUND('',#1874,.T.);
#2081=FACE_BOUND('',#1875,.T.);
#2082=FACE_BOUND('',#1876,.T.);
#2083=FACE_BOUND('',#1877,.T.);
#2084=FACE_BOUND('',#1878,.T.);
#2085=FACE_BOUND('',#1879,.T.);
#2086=FACE_BOUND('',#1880,.T.);
#2087=FACE_BOUND('',#1881,.T.);
#2088=FACE_BOUND('',#1882,.T.);
#2089=FACE_BOUND('',#1883,.T.);
#2090=FACE_BOUND('',#1884,.T.);
#2091=FACE_BOUND('',#1885,.T.);
#2092=FACE_BOUND('',#1886,.T.);
#2093=FACE_BOUND('',#1887,.T.);
#2094=FACE_BOUND('',#1888,.T.);
#2095=FACE_BOUND('',#1889,.T.);
#2096=FACE_BOUND('',#1890,.T.);
#2097=FACE_BOUND('',#1891,.T.);
#2098=FACE_BOUND('',#1892,.T.);
#2099=FACE_BOUND('',#1893,.T.);
#2100=FACE_BOUND('',#1894,.T.);
#2101=FACE_BOUND('',#1895,.T.);
#2102=FACE_BOUND('',#1896,.T.);
#2103=FACE_BOUND('',#1897,.T.);
#2104=FACE_BOUND('',#1898,.T.);
#2105=FACE_BOUND('',#1899,.T.);
#2106=FACE_BOUND('',#1900,.T.);
#2107=FACE_BOUND('',#1901,.T.);
#2108=FACE_BOUND('',#1902,.T.);
#2109=FACE_BOUND('',#1903,.T.);
#2110=FACE_BOUND('',#1904,.T.);
#2111=FACE_BOUND('',#1905,.T.);
#2112=FACE_BOUND('',#1906,.T.);
#2113=FACE_BOUND('',#1907,.T.);
#2114=FACE_BOUND('',#1908,.T.);
#2115=FACE_BOUND('',#1909,.T.);
#2116=FACE_BOUND('',#1910,.T.);
#2117=FACE_BOUND('',#1911,.T.);
#2118=FACE_BOUND('',#1912,.T.);
#2119=FACE_BOUND('',#1913,.T.);
#2120=FACE_BOUND('',#1914,.T.);
#2121=FACE_BOUND('',#1915,.T.);
#2122=FACE_BOUND('',#1916,.T.);
#2123=FACE_BOUND('',#1917,.T.);
#2124=FACE_BOUND('',#1918,.T.);
#2125=FACE_BOUND('',#1919,.T.);
#2126=FACE_BOUND('',#1920,.T.);
#2127=FACE_BOUND('',#1921,.T.);
#2128=FACE_BOUND('',#1922,.T.);
#2129=FACE_BOUND('',#1923,.T.);
#2130=FACE_BOUND('',#1924,.T.);
#2131=FACE_BOUND('',#1925,.T.);
#2132=FACE_BOUND('',#1926,.T.);
#2133=FACE_BOUND('',#1927,.T.);
#2134=FACE_BOUND('',#1928,.T.);
#2135=FACE_BOUND('',#1929,.T.);
#2136=FACE_BOUND('',#1930,.T.);
#2137=FACE_BOUND('',#1931,.T.);
#2138=FACE_BOUND('',#1932,.T.);
#2139=FACE_BOUND('',#1933,.T.);
#2140=FACE_BOUND('',#1934,.T.);
#2141=FACE_BOUND('',#1935,.T.);
#2142=FACE_BOUND('',#1936,.T.);
#2143=FACE_BOUND('',#1937,.T.);
#2144=FACE_BOUND('',#1938,.T.);
#2145=FACE_BOUND('',#1939,.T.);
#2146=FACE_BOUND('',#1940,.T.);
#2147=FACE_BOUND('',#1941,.T.);
#2148=FACE_BOUND('',#1942,.T.);
#2149=FACE_BOUND('',#1943,.T.);
#2150=PLANE('',#2357);
#2151=PLANE('',#2364);
#2152=PLANE('',#2371);
#2153=PLANE('',#2380);
#2154=PLANE('',#2381);
#2155=PLANE('',#2390);
#2156=PLANE('',#2391);
#2157=PLANE('',#2392);
#2158=PLANE('',#2393);
#2159=PLANE('',#2402);
#2160=PLANE('',#2407);
#2161=PLANE('',#2412);
#2162=PLANE('',#2413);
#2163=PLANE('',#2424);
#2164=PLANE('',#2428);
#2165=PLANE('',#2429);
#2166=PLANE('',#2435);
#2167=PLANE('',#2436);
#2168=PLANE('',#2437);
#2169=PLANE('',#2438);
#2170=PLANE('',#2441);
#2171=PLANE('',#2444);
#2172=PLANE('',#2445);
#2173=PLANE('',#2446);
#2174=PLANE('',#2452);
#2175=PLANE('',#2453);
#2176=PLANE('',#2456);
#2177=PLANE('',#2460);
#2178=PLANE('',#2461);
#2179=PLANE('',#2462);
#2180=PLANE('',#2465);
#2181=PLANE('',#2468);
#2182=PLANE('',#2469);
#2183=PLANE('',#2470);
#2184=PLANE('',#2471);
#2185=PLANE('',#2474);
#2186=PLANE('',#2475);
#2187=PLANE('',#2477);
#2188=PLANE('',#2480);
#2189=PLANE('',#2481);
#2190=PLANE('',#2507);
#2191=PLANE('',#2510);
#2192=PLANE('',#2513);
#2193=PLANE('',#2516);
#2194=PLANE('',#2519);
#2195=PLANE('',#2522);
#2196=PLANE('',#2525);
#2197=PLANE('',#2530);
#2198=PLANE('',#2532);
#2199=PLANE('',#2539);
#2200=PLANE('',#2541);
#2201=PLANE('',#2548);
#2202=PLANE('',#2552);
#2203=PLANE('',#2557);
#2204=PLANE('',#2575);
#2205=PLANE('',#2576);
#2206=PLANE('',#2577);
#2207=PLANE('',#2578);
#2208=PLANE('',#2579);
#2209=PLANE('',#2580);
#2210=PLANE('',#2581);
#2211=PLANE('',#2582);
#2212=PLANE('',#2583);
#2213=PLANE('',#2584);
#2214=PLANE('',#2585);
#2215=PLANE('',#2588);
#2216=ADVANCED_FACE('',(#1944,#1945),#2150,.F.);
#2217=ADVANCED_FACE('',(#1946,#1947,#1948,#1949),#2151,.F.);
#2218=ADVANCED_FACE('',(#1950,#1951,#1952),#2152,.F.);
#2219=ADVANCED_FACE('',(#1953),#2153,.F.);
#2220=ADVANCED_FACE('',(#1954,#1955,#1956,#1957,#1958,#1959,#1960),#2154,
 .F.);
#2221=ADVANCED_FACE('',(#1961),#2155,.F.);
#2222=ADVANCED_FACE('',(#1962),#2156,.T.);
#2223=ADVANCED_FACE('',(#1963),#2157,.F.);
#2224=ADVANCED_FACE('',(#1964,#1965,#1966),#2158,.F.);
#2225=ADVANCED_FACE('',(#1967,#1968,#1969),#2159,.F.);
#2226=ADVANCED_FACE('',(#1970,#1971,#1972),#2160,.F.);
#2227=ADVANCED_FACE('',(#1973),#2161,.F.);
#2228=ADVANCED_FACE('',(#1974,#1975,#1976,#1977,#1978,#1979,#1980,#1981,
#1982),#2162,.F.);
#2229=ADVANCED_FACE('',(#1983),#40,.T.);
#2230=ADVANCED_FACE('',(#1984),#2163,.F.);
#2231=ADVANCED_FACE('',(#1985,#1986),#41,.F.);
#2232=ADVANCED_FACE('',(#1987,#1988),#2164,.T.);
#2233=ADVANCED_FACE('',(#1989),#2165,.T.);
#2234=ADVANCED_FACE('',(#1990,#1991),#42,.F.);
#2235=ADVANCED_FACE('',(#1992),#43,.T.);
#2236=ADVANCED_FACE('',(#1993,#1994),#2166,.T.);
#2237=ADVANCED_FACE('',(#1995),#2167,.T.);
#2238=ADVANCED_FACE('',(#1996),#2168,.T.);
#2239=ADVANCED_FACE('',(#1997),#2169,.T.);
#2240=ADVANCED_FACE('',(#1998),#44,.F.);
#2241=ADVANCED_FACE('',(#1999),#2170,.F.);
#2242=ADVANCED_FACE('',(#2000),#45,.F.);
#2243=ADVANCED_FACE('',(#2001),#2171,.T.);
#2244=ADVANCED_FACE('',(#2002),#2172,.T.);
#2245=ADVANCED_FACE('',(#2003),#2173,.T.);
#2246=ADVANCED_FACE('',(#2004,#2005),#46,.F.);
#2247=ADVANCED_FACE('',(#2006),#47,.T.);
#2248=ADVANCED_FACE('',(#2007,#2008),#2174,.T.);
#2249=ADVANCED_FACE('',(#2009),#2175,.T.);
#2250=ADVANCED_FACE('',(#2010),#48,.T.);
#2251=ADVANCED_FACE('',(#2011),#2176,.F.);
#2252=ADVANCED_FACE('',(#2012,#2013),#49,.F.);
#2253=ADVANCED_FACE('',(#2014,#2015),#2177,.T.);
#2254=ADVANCED_FACE('',(#2016),#2178,.F.);
#2255=ADVANCED_FACE('',(#2017),#2179,.F.);
#2256=ADVANCED_FACE('',(#2018),#50,.F.);
#2257=ADVANCED_FACE('',(#2019),#2180,.T.);
#2258=ADVANCED_FACE('',(#2020),#51,.F.);
#2259=ADVANCED_FACE('',(#2021),#2181,.F.);
#2260=ADVANCED_FACE('',(#2022),#2182,.F.);
#2261=ADVANCED_FACE('',(#2023),#2183,.T.);
#2262=ADVANCED_FACE('',(#2024),#2184,.F.);
#2263=ADVANCED_FACE('',(#2025),#52,.T.);
#2264=ADVANCED_FACE('',(#2026),#2185,.T.);
#2265=ADVANCED_FACE('',(#2027,#2028),#2186,.T.);
#2266=ADVANCED_FACE('',(#2029),#2187,.T.);
#2267=ADVANCED_FACE('',(#2030),#53,.T.);
#2268=ADVANCED_FACE('',(#2031),#2188,.F.);
#2269=ADVANCED_FACE('',(#2032,#2033),#2189,.T.);
#2270=ADVANCED_FACE('',(#2034,#2035),#54,.F.);
#2271=ADVANCED_FACE('',(#2036,#2037),#55,.F.);
#2272=ADVANCED_FACE('',(#2038,#2039),#56,.F.);
#2273=ADVANCED_FACE('',(#2040,#2041),#57,.F.);
#2274=ADVANCED_FACE('',(#2042,#2043),#58,.F.);
#2275=ADVANCED_FACE('',(#2044,#2045),#59,.F.);
#2276=ADVANCED_FACE('',(#2046,#2047),#60,.F.);
#2277=ADVANCED_FACE('',(#2048,#2049),#61,.F.);
#2278=ADVANCED_FACE('',(#2050,#2051),#62,.T.);
#2279=ADVANCED_FACE('',(#2052,#2053),#2190,.T.);
#2280=ADVANCED_FACE('',(#2054,#2055),#63,.T.);
#2281=ADVANCED_FACE('',(#2056,#2057),#2191,.T.);
#2282=ADVANCED_FACE('',(#2058,#2059),#64,.T.);
#2283=ADVANCED_FACE('',(#2060,#2061),#2192,.T.);
#2284=ADVANCED_FACE('',(#2062,#2063),#65,.T.);
#2285=ADVANCED_FACE('',(#2064,#2065),#2193,.T.);
#2286=ADVANCED_FACE('',(#2066,#2067),#66,.T.);
#2287=ADVANCED_FACE('',(#2068,#2069),#2194,.T.);
#2288=ADVANCED_FACE('',(#2070,#2071),#67,.T.);
#2289=ADVANCED_FACE('',(#2072,#2073),#2195,.T.);
#2290=ADVANCED_FACE('',(#2074),#68,.T.);
#2291=ADVANCED_FACE('',(#2075),#2196,.T.);
#2292=ADVANCED_FACE('',(#2076,#2077),#69,.F.);
#2293=ADVANCED_FACE('',(#2078),#2197,.F.);
#2294=ADVANCED_FACE('',(#2079),#70,.F.);
#2295=ADVANCED_FACE('',(#2080),#2198,.F.);
#2296=ADVANCED_FACE('',(#2081,#2082),#71,.F.);
#2297=ADVANCED_FACE('',(#2083),#72,.T.);
#2298=ADVANCED_FACE('',(#2084),#2199,.F.);
#2299=ADVANCED_FACE('',(#2085),#73,.F.);
#2300=ADVANCED_FACE('',(#2086),#2200,.F.);
#2301=ADVANCED_FACE('',(#2087,#2088),#74,.F.);
#2302=ADVANCED_FACE('',(#2089),#75,.T.);
#2303=ADVANCED_FACE('',(#2090),#2201,.F.);
#2304=ADVANCED_FACE('',(#2091),#76,.F.);
#2305=ADVANCED_FACE('',(#2092),#77,.T.);
#2306=ADVANCED_FACE('',(#2093),#2202,.T.);
#2307=ADVANCED_FACE('',(#2094,#2095),#78,.F.);
#2308=ADVANCED_FACE('',(#2096),#2203,.F.);
#2309=ADVANCED_FACE('',(#2097),#79,.F.);
#2310=ADVANCED_FACE('',(#2098,#2099),#12,.F.);
#2311=ADVANCED_FACE('',(#2100,#2101),#13,.F.);
#2312=ADVANCED_FACE('',(#2102,#2103),#14,.F.);
#2313=ADVANCED_FACE('',(#2104,#2105),#15,.F.);
#2314=ADVANCED_FACE('',(#2106,#2107),#16,.F.);
#2315=ADVANCED_FACE('',(#2108,#2109),#17,.F.);
#2316=ADVANCED_FACE('',(#2110,#2111),#18,.F.);
#2317=ADVANCED_FACE('',(#2112,#2113),#19,.F.);
#2318=ADVANCED_FACE('',(#2114,#2115),#20,.F.);
#2319=ADVANCED_FACE('',(#2116,#2117),#21,.F.);
#2320=ADVANCED_FACE('',(#2118,#2119),#22,.F.);
#2321=ADVANCED_FACE('',(#2120,#2121),#23,.F.);
#2322=ADVANCED_FACE('',(#2122,#2123),#24,.F.);
#2323=ADVANCED_FACE('',(#2124,#2125),#25,.F.);
#2324=ADVANCED_FACE('',(#2126,#2127),#26,.F.);
#2325=ADVANCED_FACE('',(#2128,#2129),#27,.F.);
#2326=ADVANCED_FACE('',(#2130),#2204,.T.);
#2327=ADVANCED_FACE('',(#2131),#2205,.T.);
#2328=ADVANCED_FACE('',(#2132),#2206,.T.);
#2329=ADVANCED_FACE('',(#2133),#2207,.F.);
#2330=ADVANCED_FACE('',(#2134),#2208,.F.);
#2331=ADVANCED_FACE('',(#2135),#2209,.T.);
#2332=ADVANCED_FACE('',(#2136),#2210,.T.);
#2333=ADVANCED_FACE('',(#2137),#2211,.T.);
#2334=ADVANCED_FACE('',(#2138),#2212,.T.);
#2335=ADVANCED_FACE('',(#2139),#2213,.T.);
#2336=ADVANCED_FACE('',(#2140),#2214,.T.);
#2337=ADVANCED_FACE('',(#2141,#2142),#80,.F.);
#2338=ADVANCED_FACE('',(#2143),#2215,.T.);
#2339=ADVANCED_FACE('',(#2144,#2145),#81,.F.);
#2340=ADVANCED_FACE('',(#2146),#82,.F.);
#2341=ADVANCED_FACE('',(#2147),#83,.F.);
#2342=ADVANCED_FACE('',(#2148),#84,.F.);
#2343=ADVANCED_FACE('',(#2149),#85,.F.);
#2344=CLOSED_SHELL('',(#2216,#2217,#2218,#2219,#2220,#2221,#2222,#2223,
#2224,#2225,#2226,#2227,#2228,#2229,#2230,#2231,#2232,#2233,#2234,#2235,
#2236,#2237,#2238,#2239,#2240,#2241,#2242,#2243,#2244,#2245,#2246,#2247,
#2248,#2249,#2250,#2251,#2252,#2253,#2254,#2255,#2256,#2257,#2258,#2259,
#2260,#2261,#2262,#2263,#2264,#2265,#2266,#2267,#2268,#2269,#2270,#2271,
#2272,#2273,#2274,#2275,#2276,#2277,#2278,#2279,#2280,#2281,#2282,#2283,
#2284,#2285,#2286,#2287,#2288,#2289,#2290,#2291,#2292,#2293,#2294,#2295,
#2296,#2297,#2298,#2299,#2300,#2301,#2302,#2303,#2304,#2305,#2306,#2307,
#2308,#2309,#2310,#2311,#2312,#2313,#2314,#2315,#2316,#2317,#2318,#2319,
#2320,#2321,#2322,#2323,#2324,#2325,#2326,#2327,#2328,#2329,#2330,#2331,
#2332,#2333,#2334,#2335,#2336,#2337,#2338,#2339,#2340,#2341,#2342,#2343));
#2345=STYLED_ITEM('',(#2346),#2353);
#2346=PRESENTATION_STYLE_ASSIGNMENT((#2347));
#2347=SURFACE_STYLE_USAGE(.BOTH.,#2348);
#2348=SURFACE_SIDE_STYLE('',(#2349));
#2349=SURFACE_STYLE_FILL_AREA(#2350);
#2350=FILL_AREA_STYLE('',(#2351));
#2351=FILL_AREA_STYLE_COLOUR('',#2352);
#2352=COLOUR_RGB('',0.615686274509804,0.811764705882353,0.929411764705882);
#2353=MANIFOLD_SOLID_BREP('case',#2344);
#2354=SHAPE_DEFINITION_REPRESENTATION(#4008,#2355);
#2355=SHAPE_REPRESENTATION('case',(#2356),#4003);
#2356=AXIS2_PLACEMENT_3D('',#3263,#2595,#2596);
#2357=AXIS2_PLACEMENT_3D('',#3264,#2597,#2598);
#2358=AXIS2_PLACEMENT_3D('',#3268,#2600,#2601);
#2359=AXIS2_PLACEMENT_3D('',#3272,#2603,#2604);
#2360=AXIS2_PLACEMENT_3D('',#3276,#2606,#2607);
#2361=AXIS2_PLACEMENT_3D('',#3280,#2609,#2610);
#2362=AXIS2_PLACEMENT_3D('',#3281,#2611,#2612);
#2363=AXIS2_PLACEMENT_3D('',#3290,#2616,#2617);
#2364=AXIS2_PLACEMENT_3D('',#3317,#2631,#2632);
#2365=AXIS2_PLACEMENT_3D('',#3318,#2633,#2634);
#2366=AXIS2_PLACEMENT_3D('',#3320,#2635,#2636);
#2367=AXIS2_PLACEMENT_3D('',#3349,#2650,#2651);
#2368=AXIS2_PLACEMENT_3D('',#3353,#2653,#2654);
#2369=AXIS2_PLACEMENT_3D('',#3357,#2656,#2657);
#2370=AXIS2_PLACEMENT_3D('',#3361,#2659,#2660);
#2371=AXIS2_PLACEMENT_3D('',#3362,#2661,#2662);
#2372=AXIS2_PLACEMENT_3D('',#3363,#2663,#2664);
#2373=AXIS2_PLACEMENT_3D('',#3365,#2665,#2666);
#2374=AXIS2_PLACEMENT_3D('',#3373,#2670,#2671);
#2375=AXIS2_PLACEMENT_3D('',#3376,#2673,#2674);
#2376=AXIS2_PLACEMENT_3D('',#3384,#2678,#2679);
#2377=AXIS2_PLACEMENT_3D('',#3388,#2681,#2682);
#2378=AXIS2_PLACEMENT_3D('',#3396,#2686,#2687);
#2379=AXIS2_PLACEMENT_3D('',#3402,#2690,#2691);
#2380=AXIS2_PLACEMENT_3D('',#3412,#2697,#2698);
#2381=AXIS2_PLACEMENT_3D('',#3442,#2714,#2715);
#2382=AXIS2_PLACEMENT_3D('',#3443,#2716,#2717);
#2383=AXIS2_PLACEMENT_3D('',#3445,#2718,#2719);
#2384=AXIS2_PLACEMENT_3D('',#3447,#2720,#2721);
#2385=AXIS2_PLACEMENT_3D('',#3449,#2722,#2723);
#2386=AXIS2_PLACEMENT_3D('',#3451,#2724,#2725);
#2387=AXIS2_PLACEMENT_3D('',#3453,#2726,#2727);
#2388=AXIS2_PLACEMENT_3D('',#3455,#2728,#2729);
#2389=AXIS2_PLACEMENT_3D('',#3470,#2737,#2738);
#2390=AXIS2_PLACEMENT_3D('',#3483,#2746,#2747);
#2391=AXIS2_PLACEMENT_3D('',#3490,#2752,#2753);
#2392=AXIS2_PLACEMENT_3D('',#3500,#2759,#2760);
#2393=AXIS2_PLACEMENT_3D('',#3510,#2766,#2767);
#2394=AXIS2_PLACEMENT_3D('',#3511,#2768,#2769);
#2395=AXIS2_PLACEMENT_3D('',#3513,#2770,#2771);
#2396=AXIS2_PLACEMENT_3D('',#3526,#2778,#2779);
#2397=AXIS2_PLACEMENT_3D('',#3529,#2781,#2782);
#2398=AXIS2_PLACEMENT_3D('',#3534,#2785,#2786);
#2399=AXIS2_PLACEMENT_3D('',#3538,#2788,#2789);
#2400=AXIS2_PLACEMENT_3D('',#3543,#2792,#2793);
#2401=AXIS2_PLACEMENT_3D('',#3546,#2795,#2796);
#2402=AXIS2_PLACEMENT_3D('',#3551,#2799,#2800);
#2403=AXIS2_PLACEMENT_3D('',#3552,#2801,#2802);
#2404=AXIS2_PLACEMENT_3D('',#3554,#2803,#2804);
#2405=AXIS2_PLACEMENT_3D('',#3556,#2805,#2806);
#2406=AXIS2_PLACEMENT_3D('',#3561,#2809,#2810);
#2407=AXIS2_PLACEMENT_3D('',#3562,#2811,#2812);
#2408=AXIS2_PLACEMENT_3D('',#3563,#2813,#2814);
#2409=AXIS2_PLACEMENT_3D('',#3565,#2815,#2816);
#2410=AXIS2_PLACEMENT_3D('',#3569,#2818,#2819);
#2411=AXIS2_PLACEMENT_3D('',#3571,#2821,#2822);
#2412=AXIS2_PLACEMENT_3D('',#3574,#2824,#2825);
#2413=AXIS2_PLACEMENT_3D('',#3576,#2827,#2828);
#2414=AXIS2_PLACEMENT_3D('',#3577,#2829,#2830);
#2415=AXIS2_PLACEMENT_3D('',#3579,#2831,#2832);
#2416=AXIS2_PLACEMENT_3D('',#3581,#2833,#2834);
#2417=AXIS2_PLACEMENT_3D('',#3583,#2835,#2836);
#2418=AXIS2_PLACEMENT_3D('',#3585,#2837,#2838);
#2419=AXIS2_PLACEMENT_3D('',#3587,#2839,#2840);
#2420=AXIS2_PLACEMENT_3D('',#3589,#2841,#2842);
#2421=AXIS2_PLACEMENT_3D('',#3591,#2843,#2844);
#2422=AXIS2_PLACEMENT_3D('',#3593,#2845,#2846);
#2423=AXIS2_PLACEMENT_3D('',#3596,#2848,#2849);
#2424=AXIS2_PLACEMENT_3D('',#3597,#2850,#2851);
#2425=AXIS2_PLACEMENT_3D('',#3599,#2853,#2854);
#2426=AXIS2_PLACEMENT_3D('',#3600,#2855,#2856);
#2427=AXIS2_PLACEMENT_3D('',#3602,#2857,#2858);
#2428=AXIS2_PLACEMENT_3D('',#3604,#2859,#2860);
#2429=AXIS2_PLACEMENT_3D('',#3605,#2861,#2862);
#2430=AXIS2_PLACEMENT_3D('',#3609,#2865,#2866);
#2431=AXIS2_PLACEMENT_3D('',#3610,#2867,#2868);
#2432=AXIS2_PLACEMENT_3D('',#3612,#2869,#2870);
#2433=AXIS2_PLACEMENT_3D('',#3614,#2871,#2872);
#2434=AXIS2_PLACEMENT_3D('',#3615,#2873,#2874);
#2435=AXIS2_PLACEMENT_3D('',#3616,#2875,#2876);
#2436=AXIS2_PLACEMENT_3D('',#3617,#2877,#2878);
#2437=AXIS2_PLACEMENT_3D('',#3621,#2881,#2882);
#2438=AXIS2_PLACEMENT_3D('',#3625,#2885,#2886);
#2439=AXIS2_PLACEMENT_3D('',#3629,#2889,#2890);
#2440=AXIS2_PLACEMENT_3D('',#3632,#2892,#2893);
#2441=AXIS2_PLACEMENT_3D('',#3633,#2894,#2895);
#2442=AXIS2_PLACEMENT_3D('',#3637,#2898,#2899);
#2443=AXIS2_PLACEMENT_3D('',#3640,#2901,#2902);
#2444=AXIS2_PLACEMENT_3D('',#3641,#2903,#2904);
#2445=AXIS2_PLACEMENT_3D('',#3643,#2906,#2907);
#2446=AXIS2_PLACEMENT_3D('',#3644,#2908,#2909);
#2447=AXIS2_PLACEMENT_3D('',#3648,#2912,#2913);
#2448=AXIS2_PLACEMENT_3D('',#3649,#2914,#2915);
#2449=AXIS2_PLACEMENT_3D('',#3651,#2916,#2917);
#2450=AXIS2_PLACEMENT_3D('',#3653,#2918,#2919);
#2451=AXIS2_PLACEMENT_3D('',#3654,#2920,#2921);
#2452=AXIS2_PLACEMENT_3D('',#3655,#2922,#2923);
#2453=AXIS2_PLACEMENT_3D('',#3656,#2924,#2925);
#2454=AXIS2_PLACEMENT_3D('',#3663,#2930,#2931);
#2455=AXIS2_PLACEMENT_3D('',#3666,#2933,#2934);
#2456=AXIS2_PLACEMENT_3D('',#3667,#2935,#2936);
#2457=AXIS2_PLACEMENT_3D('',#3669,#2938,#2939);
#2458=AXIS2_PLACEMENT_3D('',#3670,#2940,#2941);
#2459=AXIS2_PLACEMENT_3D('',#3672,#2942,#2943);
#2460=AXIS2_PLACEMENT_3D('',#3674,#2944,#2945);
#2461=AXIS2_PLACEMENT_3D('',#3675,#2946,#2947);
#2462=AXIS2_PLACEMENT_3D('',#3679,#2950,#2951);
#2463=AXIS2_PLACEMENT_3D('',#3683,#2954,#2955);
#2464=AXIS2_PLACEMENT_3D('',#3686,#2957,#2958);
#2465=AXIS2_PLACEMENT_3D('',#3687,#2959,#2960);
#2466=AXIS2_PLACEMENT_3D('',#3691,#2963,#2964);
#2467=AXIS2_PLACEMENT_3D('',#3694,#2966,#2967);
#2468=AXIS2_PLACEMENT_3D('',#3695,#2968,#2969);
#2469=AXIS2_PLACEMENT_3D('',#3699,#2972,#2973);
#2470=AXIS2_PLACEMENT_3D('',#3701,#2975,#2976);
#2471=AXIS2_PLACEMENT_3D('',#3702,#2977,#2978);
#2472=AXIS2_PLACEMENT_3D('',#3706,#2981,#2982);
#2473=AXIS2_PLACEMENT_3D('',#3707,#2983,#2984);
#2474=AXIS2_PLACEMENT_3D('',#3710,#2986,#2987);
#2475=AXIS2_PLACEMENT_3D('',#3712,#2989,#2990);
#2476=AXIS2_PLACEMENT_3D('',#3713,#2991,#2992);
#2477=AXIS2_PLACEMENT_3D('',#3715,#2993,#2994);
#2478=AXIS2_PLACEMENT_3D('',#3719,#2997,#2998);
#2479=AXIS2_PLACEMENT_3D('',#3720,#2999,#3000);
#2480=AXIS2_PLACEMENT_3D('',#3723,#3002,#3003);
#2481=AXIS2_PLACEMENT_3D('',#3725,#3005,#3006);
#2482=AXIS2_PLACEMENT_3D('',#3726,#3007,#3008);
#2483=AXIS2_PLACEMENT_3D('',#3728,#3009,#3010);
#2484=AXIS2_PLACEMENT_3D('',#3729,#3011,#3012);
#2485=AXIS2_PLACEMENT_3D('',#3731,#3013,#3014);
#2486=AXIS2_PLACEMENT_3D('',#3732,#3015,#3016);
#2487=AXIS2_PLACEMENT_3D('',#3734,#3017,#3018);
#2488=AXIS2_PLACEMENT_3D('',#3735,#3019,#3020);
#2489=AXIS2_PLACEMENT_3D('',#3737,#3021,#3022);
#2490=AXIS2_PLACEMENT_3D('',#3739,#3023,#3024);
#2491=AXIS2_PLACEMENT_3D('',#3740,#3025,#3026);
#2492=AXIS2_PLACEMENT_3D('',#3742,#3027,#3028);
#2493=AXIS2_PLACEMENT_3D('',#3744,#3029,#3030);
#2494=AXIS2_PLACEMENT_3D('',#3745,#3031,#3032);
#2495=AXIS2_PLACEMENT_3D('',#3747,#3033,#3034);
#2496=AXIS2_PLACEMENT_3D('',#3749,#3035,#3036);
#2497=AXIS2_PLACEMENT_3D('',#3750,#3037,#3038);
#2498=AXIS2_PLACEMENT_3D('',#3752,#3039,#3040);
#2499=AXIS2_PLACEMENT_3D('',#3754,#3041,#3042);
#2500=AXIS2_PLACEMENT_3D('',#3755,#3043,#3044);
#2501=AXIS2_PLACEMENT_3D('',#3757,#3045,#3046);
#2502=AXIS2_PLACEMENT_3D('',#3759,#3047,#3048);
#2503=AXIS2_PLACEMENT_3D('',#3760,#3049,#3050);
#2504=AXIS2_PLACEMENT_3D('',#3762,#3051,#3052);
#2505=AXIS2_PLACEMENT_3D('',#3764,#3053,#3054);
#2506=AXIS2_PLACEMENT_3D('',#3765,#3055,#3056);
#2507=AXIS2_PLACEMENT_3D('',#3767,#3057,#3058);
#2508=AXIS2_PLACEMENT_3D('',#3768,#3059,#3060);
#2509=AXIS2_PLACEMENT_3D('',#3769,#3061,#3062);
#2510=AXIS2_PLACEMENT_3D('',#3771,#3063,#3064);
#2511=AXIS2_PLACEMENT_3D('',#3772,#3065,#3066);
#2512=AXIS2_PLACEMENT_3D('',#3773,#3067,#3068);
#2513=AXIS2_PLACEMENT_3D('',#3775,#3069,#3070);
#2514=AXIS2_PLACEMENT_3D('',#3776,#3071,#3072);
#2515=AXIS2_PLACEMENT_3D('',#3777,#3073,#3074);
#2516=AXIS2_PLACEMENT_3D('',#3779,#3075,#3076);
#2517=AXIS2_PLACEMENT_3D('',#3780,#3077,#3078);
#2518=AXIS2_PLACEMENT_3D('',#3781,#3079,#3080);
#2519=AXIS2_PLACEMENT_3D('',#3783,#3081,#3082);
#2520=AXIS2_PLACEMENT_3D('',#3784,#3083,#3084);
#2521=AXIS2_PLACEMENT_3D('',#3785,#3085,#3086);
#2522=AXIS2_PLACEMENT_3D('',#3787,#3087,#3088);
#2523=AXIS2_PLACEMENT_3D('',#3788,#3089,#3090);
#2524=AXIS2_PLACEMENT_3D('',#3794,#3091,#3092);
#2525=AXIS2_PLACEMENT_3D('',#3802,#3094,#3095);
#2526=AXIS2_PLACEMENT_3D('',#3803,#3096,#3097);
#2527=AXIS2_PLACEMENT_3D('',#3806,#3099,#3100);
#2528=AXIS2_PLACEMENT_3D('',#3807,#3101,#3102);
#2529=AXIS2_PLACEMENT_3D('',#3809,#3103,#3104);
#2530=AXIS2_PLACEMENT_3D('',#3825,#3105,#3106);
#2531=AXIS2_PLACEMENT_3D('',#3828,#3109,#3110);
#2532=AXIS2_PLACEMENT_3D('',#3830,#3112,#3113);
#2533=AXIS2_PLACEMENT_3D('',#3831,#3114,#3115);
#2534=AXIS2_PLACEMENT_3D('',#3834,#3117,#3118);
#2535=AXIS2_PLACEMENT_3D('',#3835,#3119,#3120);
#2536=AXIS2_PLACEMENT_3D('',#3837,#3121,#3122);
#2537=AXIS2_PLACEMENT_3D('',#3853,#3123,#3124);
#2538=AXIS2_PLACEMENT_3D('',#3859,#3125,#3126);
#2539=AXIS2_PLACEMENT_3D('',#3865,#3127,#3128);
#2540=AXIS2_PLACEMENT_3D('',#3868,#3131,#3132);
#2541=AXIS2_PLACEMENT_3D('',#3869,#3133,#3134);
#2542=AXIS2_PLACEMENT_3D('',#3872,#3136,#3137);
#2543=AXIS2_PLACEMENT_3D('',#3875,#3139,#3140);
#2544=AXIS2_PLACEMENT_3D('',#3876,#3141,#3142);
#2545=AXIS2_PLACEMENT_3D('',#3878,#3143,#3144);
#2546=AXIS2_PLACEMENT_3D('',#3894,#3145,#3146);
#2547=AXIS2_PLACEMENT_3D('',#3900,#3147,#3148);
#2548=AXIS2_PLACEMENT_3D('',#3906,#3149,#3150);
#2549=AXIS2_PLACEMENT_3D('',#3909,#3153,#3154);
#2550=AXIS2_PLACEMENT_3D('',#3911,#3156,#3157);
#2551=AXIS2_PLACEMENT_3D('',#3917,#3158,#3159);
#2552=AXIS2_PLACEMENT_3D('',#3925,#3161,#3162);
#2553=AXIS2_PLACEMENT_3D('',#3926,#3163,#3164);
#2554=AXIS2_PLACEMENT_3D('',#3927,#3165,#3166);
#2555=AXIS2_PLACEMENT_3D('',#3928,#3167,#3168);
#2556=AXIS2_PLACEMENT_3D('',#3930,#3169,#3170);
#2557=AXIS2_PLACEMENT_3D('',#3946,#3171,#3172);
#2558=AXIS2_PLACEMENT_3D('',#3949,#3175,#3176);
#2559=AXIS2_PLACEMENT_3D('',#3950,#3177,#3178);
#2560=AXIS2_PLACEMENT_3D('',#3951,#3179,#3180);
#2561=AXIS2_PLACEMENT_3D('',#3952,#3181,#3182);
#2562=AXIS2_PLACEMENT_3D('',#3953,#3183,#3184);
#2563=AXIS2_PLACEMENT_3D('',#3954,#3185,#3186);
#2564=AXIS2_PLACEMENT_3D('',#3955,#3187,#3188);
#2565=AXIS2_PLACEMENT_3D('',#3956,#3189,#3190);
#2566=AXIS2_PLACEMENT_3D('',#3957,#3191,#3192);
#2567=AXIS2_PLACEMENT_3D('',#3958,#3193,#3194);
#2568=AXIS2_PLACEMENT_3D('',#3959,#3195,#3196);
#2569=AXIS2_PLACEMENT_3D('',#3960,#3197,#3198);
#2570=AXIS2_PLACEMENT_3D('',#3961,#3199,#3200);
#2571=AXIS2_PLACEMENT_3D('',#3962,#3201,#3202);
#2572=AXIS2_PLACEMENT_3D('',#3963,#3203,#3204);
#2573=AXIS2_PLACEMENT_3D('',#3964,#3205,#3206);
#2574=AXIS2_PLACEMENT_3D('',#3965,#3207,#3208);
#2575=AXIS2_PLACEMENT_3D('',#3966,#3209,#3210);
#2576=AXIS2_PLACEMENT_3D('',#3970,#3213,#3214);
#2577=AXIS2_PLACEMENT_3D('',#3972,#3216,#3217);
#2578=AXIS2_PLACEMENT_3D('',#3973,#3218,#3219);
#2579=AXIS2_PLACEMENT_3D('',#3977,#3222,#3223);
#2580=AXIS2_PLACEMENT_3D('',#3979,#3225,#3226);
#2581=AXIS2_PLACEMENT_3D('',#3980,#3227,#3228);
#2582=AXIS2_PLACEMENT_3D('',#3983,#3231,#3232);
#2583=AXIS2_PLACEMENT_3D('',#3986,#3235,#3236);
#2584=AXIS2_PLACEMENT_3D('',#3989,#3239,#3240);
#2585=AXIS2_PLACEMENT_3D('',#3992,#3243,#3244);
#2586=AXIS2_PLACEMENT_3D('',#3993,#3245,#3246);
#2587=AXIS2_PLACEMENT_3D('',#3994,#3247,#3248);
#2588=AXIS2_PLACEMENT_3D('',#3995,#3249,#3250);
#2589=AXIS2_PLACEMENT_3D('',#3996,#3251,#3252);
#2590=AXIS2_PLACEMENT_3D('',#3997,#3253,#3254);
#2591=AXIS2_PLACEMENT_3D('',#3998,#3255,#3256);
#2592=AXIS2_PLACEMENT_3D('',#3999,#3257,#3258);
#2593=AXIS2_PLACEMENT_3D('',#4000,#3259,#3260);
#2594=AXIS2_PLACEMENT_3D('',#4001,#3261,#3262);
#2595=DIRECTION('',(0.,0.,1.));
#2596=DIRECTION('',(1.,0.,0.));
#2597=DIRECTION('',(0.,1.,0.));
#2598=DIRECTION('',(0.,0.,1.));
#2599=DIRECTION('',(0.,0.,1.));
#2600=DIRECTION('',(0.,1.,0.));
#2601=DIRECTION('',(0.,0.,1.));
#2602=DIRECTION('',(1.,0.,0.));
#2603=DIRECTION('',(0.,1.,0.));
#2604=DIRECTION('',(0.,0.,1.));
#2605=DIRECTION('',(0.,0.,-1.));
#2606=DIRECTION('',(0.,1.,0.));
#2607=DIRECTION('',(0.,0.,1.));
#2608=DIRECTION('',(-1.,0.,3.17134090672176E-16));
#2609=DIRECTION('',(0.,1.,0.));
#2610=DIRECTION('',(0.,0.,1.));
#2611=DIRECTION('',(0.,1.,0.));
#2612=DIRECTION('',(0.,0.,1.));
#2613=DIRECTION('',(0.,0.,1.));
#2614=DIRECTION('',(1.,0.,0.));
#2615=DIRECTION('',(0.,0.,1.));
#2616=DIRECTION('',(0.,1.,0.));
#2617=DIRECTION('',(0.,0.,1.));
#2618=DIRECTION('',(-1.,0.,0.));
#2619=DIRECTION('',(0.,0.,-1.));
#2620=DIRECTION('',(-1.,0.,0.));
#2621=DIRECTION('',(0.,0.,1.));
#2622=DIRECTION('',(1.,0.,0.));
#2623=DIRECTION('',(0.,-1.67259839281667E-16,-1.));
#2624=DIRECTION('',(1.,0.,0.));
#2625=DIRECTION('',(0.,-1.67259839281667E-16,-1.));
#2626=DIRECTION('',(1.,0.,0.));
#2627=DIRECTION('',(0.,0.,1.));
#2628=DIRECTION('',(1.,0.,0.));
#2629=DIRECTION('',(0.,0.,1.));
#2630=DIRECTION('',(1.,0.,0.));
#2631=DIRECTION('',(0.,-1.,0.));
#2632=DIRECTION('',(0.,0.,-1.));
#2633=DIRECTION('',(0.,1.,0.));
#2634=DIRECTION('',(0.,0.,1.));
#2635=DIRECTION('',(0.,1.,0.));
#2636=DIRECTION('',(0.,0.,1.));
#2637=DIRECTION('',(0.,0.,1.));
#2638=DIRECTION('',(1.,0.,0.));
#2639=DIRECTION('',(0.,0.,-1.));
#2640=DIRECTION('',(1.,0.,0.));
#2641=DIRECTION('',(0.,0.,1.));
#2642=DIRECTION('',(-1.,0.,0.));
#2643=DIRECTION('',(0.,0.,1.));
#2644=DIRECTION('',(-1.,0.,0.));
#2645=DIRECTION('',(0.,0.,1.));
#2646=DIRECTION('',(1.,0.,0.));
#2647=DIRECTION('',(0.,0.,-1.));
#2648=DIRECTION('',(1.,0.,0.));
#2649=DIRECTION('',(0.,0.,1.));
#2650=DIRECTION('',(0.,-1.,0.));
#2651=DIRECTION('',(0.,0.,-1.));
#2652=DIRECTION('',(-1.,0.,0.));
#2653=DIRECTION('',(0.,-1.,0.));
#2654=DIRECTION('',(0.,0.,-1.));
#2655=DIRECTION('',(0.,0.,-1.));
#2656=DIRECTION('',(0.,-1.,0.));
#2657=DIRECTION('',(0.,0.,-1.));
#2658=DIRECTION('',(1.,0.,-3.17134090672176E-16));
#2659=DIRECTION('',(0.,-1.,0.));
#2660=DIRECTION('',(0.,0.,-1.));
#2661=DIRECTION('',(-1.,0.,0.));
#2662=DIRECTION('',(0.,-1.,0.));
#2663=DIRECTION('',(-1.,0.,0.));
#2664=DIRECTION('',(0.,0.,1.));
#2665=DIRECTION('',(-1.,0.,0.));
#2666=DIRECTION('',(0.,0.,1.));
#2667=DIRECTION('',(0.,-0.707106781186548,-0.707106781186547));
#2668=DIRECTION('',(0.,1.,0.));
#2669=DIRECTION('',(0.,0.,1.));
#2670=DIRECTION('',(-1.,0.,0.));
#2671=DIRECTION('',(0.,0.,1.));
#2672=DIRECTION('',(0.,1.,0.));
#2673=DIRECTION('',(-1.,0.,0.));
#2674=DIRECTION('',(0.,0.,-1.));
#2675=DIRECTION('',(0.,0.,-1.));
#2676=DIRECTION('',(0.,1.,0.));
#2677=DIRECTION('',(0.,0.,1.));
#2678=DIRECTION('',(-1.,0.,0.));
#2679=DIRECTION('',(0.,0.,1.));
#2680=DIRECTION('',(0.,-1.,0.));
#2681=DIRECTION('',(-1.,0.,0.));
#2682=DIRECTION('',(0.,0.,1.));
#2683=DIRECTION('',(0.,0.,-1.));
#2684=DIRECTION('',(0.,1.,0.));
#2685=DIRECTION('',(0.,0.,-1.));
#2686=DIRECTION('',(1.,0.,0.));
#2687=DIRECTION('',(0.,0.,-1.));
#2688=DIRECTION('',(0.,-1.,0.));
#2689=DIRECTION('',(0.,0.,-1.));
#2690=DIRECTION('',(-1.,0.,0.));
#2691=DIRECTION('',(0.,0.,1.));
#2692=DIRECTION('',(0.,0.,1.));
#2693=DIRECTION('',(0.,1.,0.));
#2694=DIRECTION('',(0.,0.,1.));
#2695=DIRECTION('',(0.,-1.,0.));
#2696=DIRECTION('',(0.,0.707106781186547,-0.707106781186548));
#2697=DIRECTION('',(0.,-1.,0.));
#2698=DIRECTION('',(0.,0.,-1.));
#2699=DIRECTION('',(0.,0.,1.));
#2700=DIRECTION('',(1.,0.,0.));
#2701=DIRECTION('',(1.,0.,0.));
#2702=DIRECTION('',(0.,0.,1.));
#2703=DIRECTION('',(1.,0.,0.));
#2704=DIRECTION('',(0.,-1.67259839281667E-16,-1.));
#2705=DIRECTION('',(1.,0.,0.));
#2706=DIRECTION('',(0.,-1.67259839281667E-16,-1.));
#2707=DIRECTION('',(1.,0.,0.));
#2708=DIRECTION('',(0.,0.,1.));
#2709=DIRECTION('',(-1.,0.,0.));
#2710=DIRECTION('',(0.,0.,1.));
#2711=DIRECTION('',(-1.,0.,0.));
#2712=DIRECTION('',(0.,0.,1.));
#2713=DIRECTION('',(1.,0.,0.));
#2714=DIRECTION('',(0.,-1.67259839281667E-16,-1.));
#2715=DIRECTION('',(0.,1.,-1.67259839281667E-16));
#2716=DIRECTION('',(0.,-1.67259839281667E-16,-1.));
#2717=DIRECTION('',(0.,1.,-1.67259839281667E-16));
#2718=DIRECTION('',(0.,-1.67259839281667E-16,-1.));
#2719=DIRECTION('',(0.,1.,-1.67259839281667E-16));
#2720=DIRECTION('',(0.,-1.67259839281667E-16,-1.));
#2721=DIRECTION('',(0.,1.,-1.67259839281667E-16));
#2722=DIRECTION('',(0.,-1.67259839281667E-16,-1.));
#2723=DIRECTION('',(0.,1.,-1.67259839281667E-16));
#2724=DIRECTION('',(0.,-1.67259839281667E-16,-1.));
#2725=DIRECTION('',(0.,1.,-1.67259839281667E-16));
#2726=DIRECTION('',(0.,-1.67259839281667E-16,-1.));
#2727=DIRECTION('',(0.,1.,-1.67259839281667E-16));
#2728=DIRECTION('',(0.,1.67259839281667E-16,1.));
#2729=DIRECTION('',(0.,-1.,1.67259839281667E-16));
#2730=DIRECTION('',(0.,1.,-1.67259839281667E-16));
#2731=DIRECTION('',(0.,1.,0.));
#2732=DIRECTION('',(-1.,0.,0.));
#2733=DIRECTION('',(0.,-1.,1.74636591541489E-16));
#2734=DIRECTION('',(-1.,0.,0.));
#2735=DIRECTION('',(0.,-1.,0.));
#2736=DIRECTION('',(0.,-1.,1.67259839281667E-16));
#2737=DIRECTION('',(0.,1.67259839281667E-16,1.));
#2738=DIRECTION('',(0.,-1.,1.67259839281667E-16));
#2739=DIRECTION('',(0.,-1.,1.67259839281667E-16));
#2740=DIRECTION('',(0.,-1.,0.));
#2741=DIRECTION('',(1.,0.,0.));
#2742=DIRECTION('',(0.,-1.,1.74636591541489E-16));
#2743=DIRECTION('',(1.,0.,0.));
#2744=DIRECTION('',(0.,1.,0.));
#2745=DIRECTION('',(0.,1.,-1.67259839281667E-16));
#2746=DIRECTION('',(0.,-1.,0.));
#2747=DIRECTION('',(0.,0.,-1.));
#2748=DIRECTION('',(1.,0.,0.));
#2749=DIRECTION('',(0.,0.,1.));
#2750=DIRECTION('',(0.,0.,-1.));
#2751=DIRECTION('',(1.,0.,0.));
#2752=DIRECTION('',(0.,1.,0.));
#2753=DIRECTION('',(0.,0.,1.));
#2754=DIRECTION('',(0.,0.,1.));
#2755=DIRECTION('',(-1.,0.,0.));
#2756=DIRECTION('',(0.,0.,-1.));
#2757=DIRECTION('',(-1.,0.,0.));
#2758=DIRECTION('',(0.,0.,-1.));
#2759=DIRECTION('',(0.,1.,0.));
#2760=DIRECTION('',(0.,0.,1.));
#2761=DIRECTION('',(-1.,0.,0.));
#2762=DIRECTION('',(0.,0.,-1.));
#2763=DIRECTION('',(0.,0.,-1.));
#2764=DIRECTION('',(-1.,0.,0.));
#2765=DIRECTION('',(0.,0.,-1.));
#2766=DIRECTION('',(1.,0.,0.));
#2767=DIRECTION('',(0.,-1.,0.));
#2768=DIRECTION('',(1.,0.,0.));
#2769=DIRECTION('',(0.,0.,-1.));
#2770=DIRECTION('',(1.,0.,0.));
#2771=DIRECTION('',(0.,0.,-1.));
#2772=DIRECTION('',(0.,-0.707106781186548,-0.707106781186547));
#2773=DIRECTION('',(0.,0.707106781186547,-0.707106781186548));
#2774=DIRECTION('',(0.,1.,0.));
#2775=DIRECTION('',(0.,0.,-1.));
#2776=DIRECTION('',(0.,-1.,0.));
#2777=DIRECTION('',(0.,0.,1.));
#2778=DIRECTION('',(1.,0.,0.));
#2779=DIRECTION('',(0.,0.,-1.));
#2780=DIRECTION('',(0.,-1.,0.));
#2781=DIRECTION('',(1.,0.,0.));
#2782=DIRECTION('',(0.,0.,-1.));
#2783=DIRECTION('',(0.,1.,0.));
#2784=DIRECTION('',(0.,0.,-1.));
#2785=DIRECTION('',(-1.,0.,0.));
#2786=DIRECTION('',(0.,0.,1.));
#2787=DIRECTION('',(0.,-1.,0.));
#2788=DIRECTION('',(-1.,0.,0.));
#2789=DIRECTION('',(0.,0.,1.));
#2790=DIRECTION('',(0.,0.,1.));
#2791=DIRECTION('',(0.,1.,0.));
#2792=DIRECTION('',(-1.,0.,0.));
#2793=DIRECTION('',(0.,0.,-1.));
#2794=DIRECTION('',(0.,1.,0.));
#2795=DIRECTION('',(1.,0.,0.));
#2796=DIRECTION('',(0.,0.,-1.));
#2797=DIRECTION('',(0.,0.,1.));
#2798=DIRECTION('',(0.,-1.,0.));
#2799=DIRECTION('',(0.,0.,-1.));
#2800=DIRECTION('',(-1.,0.,0.));
#2801=DIRECTION('',(0.,0.,-1.));
#2802=DIRECTION('',(-1.,0.,0.));
#2803=DIRECTION('',(0.,0.,-1.));
#2804=DIRECTION('',(-1.,0.,0.));
#2805=DIRECTION('',(0.,0.,1.));
#2806=DIRECTION('',(1.,0.,0.));
#2807=DIRECTION('',(0.,1.,0.));
#2808=DIRECTION('',(0.,1.,0.));
#2809=DIRECTION('',(0.,0.,-1.));
#2810=DIRECTION('',(-1.,0.,0.));
#2811=DIRECTION('',(0.,0.,-1.));
#2812=DIRECTION('',(-1.,0.,0.));
#2813=DIRECTION('',(0.,0.,-1.));
#2814=DIRECTION('',(-1.,0.,0.));
#2815=DIRECTION('',(0.,0.,-1.));
#2816=DIRECTION('',(-1.,0.,0.));
#2817=DIRECTION('',(0.,-1.,0.));
#2818=DIRECTION('',(0.,0.,-1.));
#2819=DIRECTION('',(1.,0.,0.));
#2820=DIRECTION('',(1.,0.,0.));
#2821=DIRECTION('',(0.,0.,1.));
#2822=DIRECTION('',(-1.,0.,0.));
#2823=DIRECTION('',(0.,-1.,0.));
#2824=DIRECTION('',(0.,1.,0.));
#2825=DIRECTION('',(0.,0.,1.));
#2826=DIRECTION('',(1.,0.,0.));
#2827=DIRECTION('',(0.,0.,1.));
#2828=DIRECTION('',(1.,0.,0.));
#2829=DIRECTION('',(0.,0.,1.));
#2830=DIRECTION('',(1.,0.,0.));
#2831=DIRECTION('',(0.,0.,1.));
#2832=DIRECTION('',(1.,0.,0.));
#2833=DIRECTION('',(0.,0.,1.));
#2834=DIRECTION('',(1.,0.,0.));
#2835=DIRECTION('',(0.,0.,1.));
#2836=DIRECTION('',(1.,0.,0.));
#2837=DIRECTION('',(0.,0.,1.));
#2838=DIRECTION('',(1.,0.,0.));
#2839=DIRECTION('',(0.,0.,1.));
#2840=DIRECTION('',(1.,0.,0.));
#2841=DIRECTION('',(0.,0.,1.));
#2842=DIRECTION('',(1.,0.,0.));
#2843=DIRECTION('',(0.,0.,1.));
#2844=DIRECTION('',(1.,0.,0.));
#2845=DIRECTION('',(-1.,0.,0.));
#2846=DIRECTION('',(0.,0.,1.));
#2847=DIRECTION('',(-1.,0.,0.));
#2848=DIRECTION('',(1.,0.,0.));
#2849=DIRECTION('',(0.,0.,-1.));
#2850=DIRECTION('',(0.,0.,-1.));
#2851=DIRECTION('',(-1.,0.,0.));
#2852=DIRECTION('',(0.,-1.,0.));
#2853=DIRECTION('',(-1.,0.,0.));
#2854=DIRECTION('',(0.,0.,1.));
#2855=DIRECTION('',(1.,0.,0.));
#2856=DIRECTION('',(0.,0.,-1.));
#2857=DIRECTION('',(1.,0.,0.));
#2858=DIRECTION('',(0.,0.,-1.));
#2859=DIRECTION('',(1.,0.,0.));
#2860=DIRECTION('',(0.,1.,0.));
#2861=DIRECTION('',(0.,0.,1.));
#2862=DIRECTION('',(1.,0.,0.));
#2863=DIRECTION('',(-1.,0.,0.));
#2864=DIRECTION('',(0.,1.,0.));
#2865=DIRECTION('',(-1.,0.,0.));
#2866=DIRECTION('',(0.,0.,1.));
#2867=DIRECTION('',(1.,0.,0.));
#2868=DIRECTION('',(0.,0.,-1.));
#2869=DIRECTION('',(-1.,0.,0.));
#2870=DIRECTION('',(0.,0.,-1.));
#2871=DIRECTION('',(-1.,0.,0.));
#2872=DIRECTION('',(0.,0.,1.));
#2873=DIRECTION('',(-1.,0.,0.));
#2874=DIRECTION('',(0.,0.,-1.));
#2875=DIRECTION('',(1.,0.,0.));
#2876=DIRECTION('',(0.,-1.,0.));
#2877=DIRECTION('',(0.,0.,1.));
#2878=DIRECTION('',(1.,0.,0.));
#2879=DIRECTION('',(0.,1.,0.));
#2880=DIRECTION('',(-1.,0.,0.));
#2881=DIRECTION('',(0.,0.,1.));
#2882=DIRECTION('',(1.,0.,0.));
#2883=DIRECTION('',(-1.,0.,0.));
#2884=DIRECTION('',(0.,1.,0.));
#2885=DIRECTION('',(0.,-1.,0.));
#2886=DIRECTION('',(0.,0.,-1.));
#2887=DIRECTION('',(-1.,0.,0.));
#2888=DIRECTION('',(0.,0.,1.));
#2889=DIRECTION('',(-1.,0.,0.));
#2890=DIRECTION('',(0.,0.,1.));
#2891=DIRECTION('',(-1.,0.,0.));
#2892=DIRECTION('',(-1.,0.,0.));
#2893=DIRECTION('',(0.,0.,1.));
#2894=DIRECTION('',(0.,0.,-1.));
#2895=DIRECTION('',(-1.,0.,0.));
#2896=DIRECTION('',(-1.,0.,0.));
#2897=DIRECTION('',(0.,-1.,0.));
#2898=DIRECTION('',(-1.,0.,0.));
#2899=DIRECTION('',(0.,0.,1.));
#2900=DIRECTION('',(-1.,0.,0.));
#2901=DIRECTION('',(-1.,0.,0.));
#2902=DIRECTION('',(0.,0.,1.));
#2903=DIRECTION('',(0.,1.,0.));
#2904=DIRECTION('',(0.,0.,1.));
#2905=DIRECTION('',(0.,0.,-1.));
#2906=DIRECTION('',(1.,0.,0.));
#2907=DIRECTION('',(0.,1.,0.));
#2908=DIRECTION('',(0.,0.,1.));
#2909=DIRECTION('',(1.,0.,0.));
#2910=DIRECTION('',(1.,0.,0.));
#2911=DIRECTION('',(0.,-1.,0.));
#2912=DIRECTION('',(1.,0.,0.));
#2913=DIRECTION('',(0.,0.,-1.));
#2914=DIRECTION('',(-1.,0.,0.));
#2915=DIRECTION('',(0.,0.,1.));
#2916=DIRECTION('',(1.,0.,0.));
#2917=DIRECTION('',(0.,0.,-1.));
#2918=DIRECTION('',(1.,0.,0.));
#2919=DIRECTION('',(0.,0.,-1.));
#2920=DIRECTION('',(1.,0.,0.));
#2921=DIRECTION('',(0.,0.,-1.));
#2922=DIRECTION('',(-1.,0.,0.));
#2923=DIRECTION('',(0.,1.,0.));
#2924=DIRECTION('',(0.,-1.,0.));
#2925=DIRECTION('',(0.,0.,-1.));
#2926=DIRECTION('',(0.,0.,-1.));
#2927=DIRECTION('',(1.,0.,0.));
#2928=DIRECTION('',(1.,0.,0.));
#2929=DIRECTION('',(0.,0.,-1.));
#2930=DIRECTION('',(1.,0.,0.));
#2931=DIRECTION('',(0.,0.,-1.));
#2932=DIRECTION('',(1.,0.,0.));
#2933=DIRECTION('',(-1.,0.,0.));
#2934=DIRECTION('',(0.,0.,-1.));
#2935=DIRECTION('',(0.,0.,-1.));
#2936=DIRECTION('',(-1.,0.,0.));
#2937=DIRECTION('',(0.,1.,0.));
#2938=DIRECTION('',(1.,0.,0.));
#2939=DIRECTION('',(0.,0.,-1.));
#2940=DIRECTION('',(-1.,0.,0.));
#2941=DIRECTION('',(0.,0.,1.));
#2942=DIRECTION('',(-1.,0.,0.));
#2943=DIRECTION('',(0.,0.,-1.));
#2944=DIRECTION('',(-1.,0.,0.));
#2945=DIRECTION('',(0.,-1.,0.));
#2946=DIRECTION('',(0.,0.,-1.));
#2947=DIRECTION('',(-1.,0.,0.));
#2948=DIRECTION('',(1.,0.,0.));
#2949=DIRECTION('',(0.,1.,0.));
#2950=DIRECTION('',(0.,-1.,0.));
#2951=DIRECTION('',(0.,0.,-1.));
#2952=DIRECTION('',(1.,0.,0.));
#2953=DIRECTION('',(0.,0.,-1.));
#2954=DIRECTION('',(1.,0.,0.));
#2955=DIRECTION('',(0.,0.,-1.));
#2956=DIRECTION('',(1.,0.,0.));
#2957=DIRECTION('',(-1.,0.,0.));
#2958=DIRECTION('',(0.,0.,1.));
#2959=DIRECTION('',(0.,0.,1.));
#2960=DIRECTION('',(1.,0.,0.));
#2961=DIRECTION('',(1.,0.,0.));
#2962=DIRECTION('',(0.,-1.,0.));
#2963=DIRECTION('',(1.,0.,0.));
#2964=DIRECTION('',(0.,0.,-1.));
#2965=DIRECTION('',(1.,0.,0.));
#2966=DIRECTION('',(-1.,0.,0.));
#2967=DIRECTION('',(0.,0.,1.));
#2968=DIRECTION('',(0.,1.,0.));
#2969=DIRECTION('',(0.,0.,1.));
#2970=DIRECTION('',(1.,0.,0.));
#2971=DIRECTION('',(0.,0.,1.));
#2972=DIRECTION('',(0.,0.,-1.));
#2973=DIRECTION('',(-1.,0.,0.));
#2974=DIRECTION('',(0.,1.,0.));
#2975=DIRECTION('',(-1.,0.,0.));
#2976=DIRECTION('',(0.,1.,0.));
#2977=DIRECTION('',(-1.,0.,0.));
#2978=DIRECTION('',(0.,0.,1.));
#2979=DIRECTION('',(0.,1.,0.));
#2980=DIRECTION('',(0.,-1.67259839281667E-16,-1.));
#2981=DIRECTION('',(0.,-1.67259839281667E-16,-1.));
#2982=DIRECTION('',(0.,1.,-1.67259839281667E-16));
#2983=DIRECTION('',(0.,0.,1.));
#2984=DIRECTION('',(1.,0.,0.));
#2985=DIRECTION('',(0.,-1.67259839281667E-16,-1.));
#2986=DIRECTION('',(-1.,0.,0.));
#2987=DIRECTION('',(0.,0.,1.));
#2988=DIRECTION('',(0.,1.,0.));
#2989=DIRECTION('',(0.,0.,1.));
#2990=DIRECTION('',(1.,0.,0.));
#2991=DIRECTION('',(0.,0.,1.));
#2992=DIRECTION('',(1.,0.,0.));
#2993=DIRECTION('',(1.,0.,0.));
#2994=DIRECTION('',(0.,0.,-1.));
#2995=DIRECTION('',(0.,-1.67259839281667E-16,-1.));
#2996=DIRECTION('',(0.,-1.,0.));
#2997=DIRECTION('',(0.,-1.67259839281667E-16,-1.));
#2998=DIRECTION('',(0.,1.,-1.67259839281667E-16));
#2999=DIRECTION('',(0.,0.,1.));
#3000=DIRECTION('',(1.,0.,0.));
#3001=DIRECTION('',(0.,-1.67259839281667E-16,-1.));
#3002=DIRECTION('',(1.,0.,0.));
#3003=DIRECTION('',(0.,0.,-1.));
#3004=DIRECTION('',(0.,-1.,0.));
#3005=DIRECTION('',(0.,0.,1.));
#3006=DIRECTION('',(1.,0.,0.));
#3007=DIRECTION('',(0.,0.,1.));
#3008=DIRECTION('',(1.,0.,0.));
#3009=DIRECTION('',(0.,0.,1.));
#3010=DIRECTION('',(1.,0.,0.));
#3011=DIRECTION('',(0.,0.,1.));
#3012=DIRECTION('',(1.,0.,0.));
#3013=DIRECTION('',(0.,0.,1.));
#3014=DIRECTION('',(1.,0.,0.));
#3015=DIRECTION('',(0.,0.,1.));
#3016=DIRECTION('',(1.,0.,0.));
#3017=DIRECTION('',(0.,0.,-1.));
#3018=DIRECTION('',(-1.,0.,0.));
#3019=DIRECTION('',(0.,0.,1.));
#3020=DIRECTION('',(1.,0.,0.));
#3021=DIRECTION('',(0.,0.,1.));
#3022=DIRECTION('',(1.,0.,0.));
#3023=DIRECTION('',(0.,0.,-1.));
#3024=DIRECTION('',(-1.,0.,0.));
#3025=DIRECTION('',(0.,0.,1.));
#3026=DIRECTION('',(1.,0.,0.));
#3027=DIRECTION('',(0.,0.,1.));
#3028=DIRECTION('',(1.,0.,0.));
#3029=DIRECTION('',(0.,0.,-1.));
#3030=DIRECTION('',(-1.,0.,0.));
#3031=DIRECTION('',(0.,0.,1.));
#3032=DIRECTION('',(1.,0.,0.));
#3033=DIRECTION('',(0.,0.,1.));
#3034=DIRECTION('',(1.,0.,0.));
#3035=DIRECTION('',(0.,0.,-1.));
#3036=DIRECTION('',(-1.,0.,0.));
#3037=DIRECTION('',(0.,0.,1.));
#3038=DIRECTION('',(1.,0.,0.));
#3039=DIRECTION('',(0.,0.,1.));
#3040=DIRECTION('',(1.,0.,0.));
#3041=DIRECTION('',(0.,0.,-1.));
#3042=DIRECTION('',(-1.,0.,0.));
#3043=DIRECTION('',(0.,0.,1.));
#3044=DIRECTION('',(1.,0.,0.));
#3045=DIRECTION('',(0.,0.,1.));
#3046=DIRECTION('',(1.,0.,0.));
#3047=DIRECTION('',(0.,0.,-1.));
#3048=DIRECTION('',(-1.,0.,0.));
#3049=DIRECTION('',(0.,0.,1.));
#3050=DIRECTION('',(1.,0.,0.));
#3051=DIRECTION('',(0.,0.,1.));
#3052=DIRECTION('',(1.,0.,0.));
#3053=DIRECTION('',(0.,-1.67259839281667E-16,-1.));
#3054=DIRECTION('',(0.,1.,-1.67259839281667E-16));
#3055=DIRECTION('',(0.,0.,1.));
#3056=DIRECTION('',(1.,0.,0.));
#3057=DIRECTION('',(0.,0.,1.));
#3058=DIRECTION('',(1.,0.,0.));
#3059=DIRECTION('',(0.,-1.67259839281667E-16,-1.));
#3060=DIRECTION('',(0.,1.,-1.67259839281667E-16));
#3061=DIRECTION('',(0.,0.,1.));
#3062=DIRECTION('',(1.,0.,0.));
#3063=DIRECTION('',(0.,0.,1.));
#3064=DIRECTION('',(1.,0.,0.));
#3065=DIRECTION('',(0.,-1.67259839281667E-16,-1.));
#3066=DIRECTION('',(0.,1.,-1.67259839281667E-16));
#3067=DIRECTION('',(0.,0.,1.));
#3068=DIRECTION('',(1.,0.,0.));
#3069=DIRECTION('',(0.,0.,1.));
#3070=DIRECTION('',(1.,0.,0.));
#3071=DIRECTION('',(0.,-1.67259839281667E-16,-1.));
#3072=DIRECTION('',(0.,1.,-1.67259839281667E-16));
#3073=DIRECTION('',(0.,0.,1.));
#3074=DIRECTION('',(1.,0.,0.));
#3075=DIRECTION('',(0.,0.,1.));
#3076=DIRECTION('',(1.,0.,0.));
#3077=DIRECTION('',(0.,-1.67259839281667E-16,-1.));
#3078=DIRECTION('',(0.,1.,-1.67259839281667E-16));
#3079=DIRECTION('',(0.,0.,1.));
#3080=DIRECTION('',(1.,0.,0.));
#3081=DIRECTION('',(0.,0.,1.));
#3082=DIRECTION('',(1.,0.,0.));
#3083=DIRECTION('',(0.,-1.67259839281667E-16,-1.));
#3084=DIRECTION('',(0.,1.,-1.67259839281667E-16));
#3085=DIRECTION('',(0.,0.,1.));
#3086=DIRECTION('',(1.,0.,0.));
#3087=DIRECTION('',(0.,0.,1.));
#3088=DIRECTION('',(1.,0.,0.));
#3089=DIRECTION('',(0.,0.,1.));
#3090=DIRECTION('',(1.,0.,0.));
#3091=DIRECTION('',(0.,0.,1.));
#3092=DIRECTION('',(1.,0.,0.));
#3093=DIRECTION('',(0.,0.,1.));
#3094=DIRECTION('',(1.,0.,0.));
#3095=DIRECTION('',(0.,0.,-1.));
#3096=DIRECTION('',(1.,0.,0.));
#3097=DIRECTION('',(0.,0.,-1.));
#3098=DIRECTION('',(0.,0.,1.));
#3099=DIRECTION('',(0.,0.,1.));
#3100=DIRECTION('',(1.,0.,0.));
#3101=DIRECTION('',(0.,0.,-1.));
#3102=DIRECTION('',(-1.,0.,0.));
#3103=DIRECTION('',(0.,0.,1.));
#3104=DIRECTION('',(1.,0.,0.));
#3105=DIRECTION('',(0.,0.,1.));
#3106=DIRECTION('',(1.,0.,0.));
#3107=DIRECTION('',(-1.,0.,0.));
#3108=DIRECTION('',(-1.,0.,0.));
#3109=DIRECTION('',(1.,0.,0.));
#3110=DIRECTION('',(0.,0.,-1.));
#3111=DIRECTION('',(-1.,0.,0.));
#3112=DIRECTION('',(-1.,0.,0.));
#3113=DIRECTION('',(0.,0.,1.));
#3114=DIRECTION('',(-1.,0.,0.));
#3115=DIRECTION('',(0.,0.,1.));
#3116=DIRECTION('',(0.,0.,1.));
#3117=DIRECTION('',(0.,0.,1.));
#3118=DIRECTION('',(1.,0.,0.));
#3119=DIRECTION('',(0.,0.,-1.));
#3120=DIRECTION('',(-1.,0.,0.));
#3121=DIRECTION('',(0.,0.,-1.));
#3122=DIRECTION('',(1.,0.,0.));
#3123=DIRECTION('',(0.,0.,1.));
#3124=DIRECTION('',(1.,0.,0.));
#3125=DIRECTION('',(0.,0.,-1.));
#3126=DIRECTION('',(1.,0.,0.));
#3127=DIRECTION('',(0.,0.,1.));
#3128=DIRECTION('',(1.,0.,0.));
#3129=DIRECTION('',(-1.,0.,0.));
#3130=DIRECTION('',(-1.,0.,0.));
#3131=DIRECTION('',(1.,0.,0.));
#3132=DIRECTION('',(0.,0.,-1.));
#3133=DIRECTION('',(1.,0.,0.));
#3134=DIRECTION('',(0.,0.,-1.));
#3135=DIRECTION('',(0.,0.,1.));
#3136=DIRECTION('',(1.,0.,0.));
#3137=DIRECTION('',(0.,0.,-1.));
#3138=DIRECTION('',(0.,0.,1.));
#3139=DIRECTION('',(0.,0.,1.));
#3140=DIRECTION('',(1.,0.,0.));
#3141=DIRECTION('',(0.,0.,-1.));
#3142=DIRECTION('',(-1.,0.,0.));
#3143=DIRECTION('',(0.,0.,-1.));
#3144=DIRECTION('',(-1.,0.,0.));
#3145=DIRECTION('',(0.,0.,1.));
#3146=DIRECTION('',(1.,0.,0.));
#3147=DIRECTION('',(0.,0.,-1.));
#3148=DIRECTION('',(-1.,0.,0.));
#3149=DIRECTION('',(0.,0.,1.));
#3150=DIRECTION('',(-1.,0.,0.));
#3151=DIRECTION('',(1.,0.,0.));
#3152=DIRECTION('',(1.,0.,0.));
#3153=DIRECTION('',(-1.,0.,0.));
#3154=DIRECTION('',(0.,0.,1.));
#3155=DIRECTION('',(1.,0.,0.));
#3156=DIRECTION('',(0.,0.,1.));
#3157=DIRECTION('',(1.,0.,0.));
#3158=DIRECTION('',(0.,0.,1.));
#3159=DIRECTION('',(-1.,0.,0.));
#3160=DIRECTION('',(0.,0.,1.));
#3161=DIRECTION('',(-1.,0.,0.));
#3162=DIRECTION('',(0.,0.,1.));
#3163=DIRECTION('',(-1.,0.,0.));
#3164=DIRECTION('',(0.,0.,1.));
#3165=DIRECTION('',(0.,0.,1.));
#3166=DIRECTION('',(1.,0.,0.));
#3167=DIRECTION('',(0.,0.,-1.));
#3168=DIRECTION('',(-1.,0.,0.));
#3169=DIRECTION('',(0.,0.,1.));
#3170=DIRECTION('',(-1.,0.,0.));
#3171=DIRECTION('',(0.,0.,1.));
#3172=DIRECTION('',(-1.,0.,0.));
#3173=DIRECTION('',(1.,0.,0.));
#3174=DIRECTION('',(1.,0.,0.));
#3175=DIRECTION('',(-1.,0.,0.));
#3176=DIRECTION('',(0.,0.,1.));
#3177=DIRECTION('',(0.,0.,1.));
#3178=DIRECTION('',(1.,0.,0.));
#3179=DIRECTION('',(0.,0.,1.));
#3180=DIRECTION('',(1.,0.,0.));
#3181=DIRECTION('',(0.,0.,1.));
#3182=DIRECTION('',(1.,0.,0.));
#3183=DIRECTION('',(0.,0.,1.));
#3184=DIRECTION('',(1.,0.,0.));
#3185=DIRECTION('',(0.,0.,-1.));
#3186=DIRECTION('',(-1.,0.,0.));
#3187=DIRECTION('',(0.,0.,-1.));
#3188=DIRECTION('',(-1.,0.,0.));
#3189=DIRECTION('',(0.,0.,-1.));
#3190=DIRECTION('',(-1.,0.,0.));
#3191=DIRECTION('',(0.,0.,-1.));
#3192=DIRECTION('',(-1.,0.,0.));
#3193=DIRECTION('',(0.,0.,-1.));
#3194=DIRECTION('',(-1.,0.,0.));
#3195=DIRECTION('',(0.,0.,-1.));
#3196=DIRECTION('',(-1.,0.,0.));
#3197=DIRECTION('',(0.,0.,1.));
#3198=DIRECTION('',(1.,0.,0.));
#3199=DIRECTION('',(0.,0.,1.));
#3200=DIRECTION('',(1.,0.,0.));
#3201=DIRECTION('',(1.,0.,0.));
#3202=DIRECTION('',(0.,0.,-1.));
#3203=DIRECTION('',(1.,0.,0.));
#3204=DIRECTION('',(0.,0.,-1.));
#3205=DIRECTION('',(-1.,0.,0.));
#3206=DIRECTION('',(0.,0.,1.));
#3207=DIRECTION('',(-1.,0.,0.));
#3208=DIRECTION('',(0.,0.,1.));
#3209=DIRECTION('',(0.,0.707106781186547,-0.707106781186548));
#3210=DIRECTION('',(0.,0.707106781186548,0.707106781186547));
#3211=DIRECTION('',(0.,-0.707106781186548,-0.707106781186547));
#3212=DIRECTION('',(-1.,0.,0.));
#3213=DIRECTION('',(0.,0.707106781186548,0.707106781186547));
#3214=DIRECTION('',(0.,-0.707106781186547,0.707106781186548));
#3215=DIRECTION('',(0.,0.707106781186547,-0.707106781186548));
#3216=DIRECTION('',(-1.,0.,0.));
#3217=DIRECTION('',(0.,-1.,0.));
#3218=DIRECTION('',(0.,-0.707106781186547,0.707106781186548));
#3219=DIRECTION('',(0.,-0.707106781186548,-0.707106781186547));
#3220=DIRECTION('',(1.,0.,0.));
#3221=DIRECTION('',(0.,-0.707106781186548,-0.707106781186547));
#3222=DIRECTION('',(0.,-0.707106781186548,-0.707106781186547));
#3223=DIRECTION('',(0.,0.707106781186547,-0.707106781186548));
#3224=DIRECTION('',(0.,0.707106781186547,-0.707106781186548));
#3225=DIRECTION('',(1.,0.,0.));
#3226=DIRECTION('',(0.,-1.,0.));
#3227=DIRECTION('',(3.17134090672176E-16,0.,1.));
#3228=DIRECTION('',(1.,0.,-3.17134090672176E-16));
#3229=DIRECTION('',(0.,1.,0.));
#3230=DIRECTION('',(0.,1.,0.));
#3231=DIRECTION('',(-1.,0.,0.));
#3232=DIRECTION('',(0.,0.,1.));
#3233=DIRECTION('',(0.,1.,0.));
#3234=DIRECTION('',(0.,1.,0.));
#3235=DIRECTION('',(1.,0.,0.));
#3236=DIRECTION('',(0.,0.,-1.));
#3237=DIRECTION('',(0.,1.,0.));
#3238=DIRECTION('',(0.,1.,0.));
#3239=DIRECTION('',(0.,0.,-1.));
#3240=DIRECTION('',(-1.,0.,0.));
#3241=DIRECTION('',(0.,1.,0.));
#3242=DIRECTION('',(0.,1.,0.));
#3243=DIRECTION('',(0.,1.,0.));
#3244=DIRECTION('',(0.,0.,1.));
#3245=DIRECTION('',(0.,1.,0.));
#3246=DIRECTION('',(0.,0.,1.));
#3247=DIRECTION('',(0.,1.,0.));
#3248=DIRECTION('',(0.,0.,1.));
#3249=DIRECTION('',(0.,1.,0.));
#3250=DIRECTION('',(0.,0.,1.));
#3251=DIRECTION('',(0.,1.,0.));
#3252=DIRECTION('',(0.,0.,1.));
#3253=DIRECTION('',(0.,1.,0.));
#3254=DIRECTION('',(0.,0.,1.));
#3255=DIRECTION('',(0.,-1.,0.));
#3256=DIRECTION('',(0.,0.,-1.));
#3257=DIRECTION('',(0.,-1.,0.));
#3258=DIRECTION('',(0.,0.,-1.));
#3259=DIRECTION('',(0.,-1.,0.));
#3260=DIRECTION('',(0.,0.,-1.));
#3261=DIRECTION('',(0.,-1.,0.));
#3262=DIRECTION('',(0.,0.,-1.));
#3263=CARTESIAN_POINT('',(0.,0.,0.));
#3264=CARTESIAN_POINT('',(0.061198,-0.022800000000034,-0.0062));
#3265=CARTESIAN_POINT('',(0.07953,-0.022800000000034,-0.006554802));
#3266=CARTESIAN_POINT('',(0.07953,-0.022800000000034,-0.008154802));
#3267=CARTESIAN_POINT('',(0.07953,-0.022800000000034,-0.004954802));
#3268=CARTESIAN_POINT('',(0.08053,-0.022800000000034,-0.004954802));
#3269=CARTESIAN_POINT('',(0.08053,-0.022800000000034,-0.003954802));
#3270=CARTESIAN_POINT('',(0.085,-0.022800000000034,-0.003954802));
#3271=CARTESIAN_POINT('',(0.08947,-0.022800000000034,-0.003954802));
#3272=CARTESIAN_POINT('',(0.08947,-0.022800000000034,-0.004954802));
#3273=CARTESIAN_POINT('',(0.09047,-0.022800000000034,-0.004954802));
#3274=CARTESIAN_POINT('',(0.09047,-0.022800000000034,-0.006554802));
#3275=CARTESIAN_POINT('',(0.09047,-0.022800000000034,-0.008154802));
#3276=CARTESIAN_POINT('',(0.08947,-0.022800000000034,-0.008154802));
#3277=CARTESIAN_POINT('',(0.08947,-0.022800000000034,-0.009154802));
#3278=CARTESIAN_POINT('',(0.085,-0.022800000000034,-0.009154802));
#3279=CARTESIAN_POINT('',(0.08053,-0.022800000000034,-0.009154802));
#3280=CARTESIAN_POINT('',(0.08053,-0.022800000000034,-0.008154802));
#3281=CARTESIAN_POINT('',(0.0977,-0.022800000000034,-0.005904802));
#3282=CARTESIAN_POINT('',(0.1009,-0.022800000000034,-0.00448705731212413));
#3283=CARTESIAN_POINT('',(0.101176511950331,-0.022800000000034,-0.0055));
#3284=CARTESIAN_POINT('',(0.1009,-0.022800000000034,-0.0025));
#3285=CARTESIAN_POINT('',(0.1009,-0.022800000000034,0.));
#3286=CARTESIAN_POINT('',(0.061198,-0.022800000000034,0.));
#3287=CARTESIAN_POINT('',(0.0691,-0.022800000000034,0.));
#3288=CARTESIAN_POINT('',(0.0691,-0.022800000000034,-0.0025));
#3289=CARTESIAN_POINT('',(0.0691,-0.022800000000034,-0.00448705731212419));
#3290=CARTESIAN_POINT('',(0.0723,-0.022800000000034,-0.005904802));
#3291=CARTESIAN_POINT('',(0.0688234880496687,-0.022800000000034,-0.0055));
#3292=CARTESIAN_POINT('',(0.0612,-0.022800000000034,-0.0055));
#3293=CARTESIAN_POINT('',(0.0612,-0.022800000000034,-0.0055));
#3294=CARTESIAN_POINT('',(0.0612,-0.022800000000034,-0.0062));
#3295=CARTESIAN_POINT('',(0.0612,-0.022800000000034,-0.0058));
#3296=CARTESIAN_POINT('',(0.0662,-0.022800000000034,-0.0058));
#3297=CARTESIAN_POINT('',(0.0662,-0.022800000000034,-0.0058));
#3298=CARTESIAN_POINT('',(0.0662,-0.022800000000034,-0.0091));
#3299=CARTESIAN_POINT('',(0.0662,-0.022800000000034,-0.0124));
#3300=CARTESIAN_POINT('',(0.061198,-0.022800000000034,-0.0124));
#3301=CARTESIAN_POINT('',(0.0812,-0.022800000000034,-0.0124));
#3302=CARTESIAN_POINT('',(0.0812,-0.022800000000034,-0.009798));
#3303=CARTESIAN_POINT('',(0.0812,-0.022800000000034,-0.0098));
#3304=CARTESIAN_POINT('',(0.061198,-0.022800000000034,-0.0098));
#3305=CARTESIAN_POINT('',(0.0888,-0.022800000000034,-0.0098));
#3306=CARTESIAN_POINT('',(0.0888,-0.022800000000034,-0.009798));
#3307=CARTESIAN_POINT('',(0.0888,-0.022800000000034,-0.0124));
#3308=CARTESIAN_POINT('',(0.061198,-0.022800000000034,-0.0124));
#3309=CARTESIAN_POINT('',(0.1038,-0.022800000000034,-0.0124));
#3310=CARTESIAN_POINT('',(0.1038,-0.022800000000034,-0.0091));
#3311=CARTESIAN_POINT('',(0.1038,-0.022800000000034,-0.0058));
#3312=CARTESIAN_POINT('',(0.1038,-0.022800000000034,-0.0058));
#3313=CARTESIAN_POINT('',(0.1088,-0.022800000000034,-0.0058));
#3314=CARTESIAN_POINT('',(0.1088,-0.022800000000034,-0.0062));
#3315=CARTESIAN_POINT('',(0.1088,-0.022800000000034,-0.0055));
#3316=CARTESIAN_POINT('',(0.1009,-0.022800000000034,-0.0055));
#3317=CARTESIAN_POINT('',(0.061198,-0.021000000000034,-0.0066));
#3318=CARTESIAN_POINT('',(0.0977,-0.021000000000034,-0.005904802));
#3319=CARTESIAN_POINT('',(0.0977,-0.021000000000034,-0.002404802));
#3320=CARTESIAN_POINT('',(0.0723,-0.021000000000034,-0.005904802));
#3321=CARTESIAN_POINT('',(0.0723,-0.021000000000034,-0.002404802));
#3322=CARTESIAN_POINT('',(0.1038,-0.021000000000034,-0.0066));
#3323=CARTESIAN_POINT('',(0.1038,-0.021000000000034,-0.0076));
#3324=CARTESIAN_POINT('',(0.1038,-0.021000000000034,-0.0056));
#3325=CARTESIAN_POINT('',(0.1038,-0.021000000000034,-0.0076));
#3326=CARTESIAN_POINT('',(0.1088,-0.021000000000034,-0.0076));
#3327=CARTESIAN_POINT('',(0.1088,-0.021000000000034,-0.0066));
#3328=CARTESIAN_POINT('',(0.1088,-0.021000000000034,-0.0132));
#3329=CARTESIAN_POINT('',(0.061198,-0.021000000000034,-0.0132));
#3330=CARTESIAN_POINT('',(0.0612,-0.021000000000034,-0.0132));
#3331=CARTESIAN_POINT('',(0.0612,-0.021000000000034,-0.0066));
#3332=CARTESIAN_POINT('',(0.0612,-0.021000000000034,-0.0076));
#3333=CARTESIAN_POINT('',(0.0662,-0.021000000000034,-0.0076));
#3334=CARTESIAN_POINT('',(0.0662,-0.021000000000034,-0.0076));
#3335=CARTESIAN_POINT('',(0.0662,-0.021000000000034,-0.0066));
#3336=CARTESIAN_POINT('',(0.0662,-0.021000000000034,-0.0056));
#3337=CARTESIAN_POINT('',(0.0662,-0.021000000000034,-0.0056));
#3338=CARTESIAN_POINT('',(0.0612,-0.021000000000034,-0.0056));
#3339=CARTESIAN_POINT('',(0.0612,-0.021000000000034,-0.0066));
#3340=CARTESIAN_POINT('',(0.0612,-0.021000000000034,0.));
#3341=CARTESIAN_POINT('',(0.061198,-0.021000000000034,0.));
#3342=CARTESIAN_POINT('',(0.1088,-0.021000000000034,0.));
#3343=CARTESIAN_POINT('',(0.1088,-0.021000000000034,-0.0066));
#3344=CARTESIAN_POINT('',(0.1088,-0.021000000000034,-0.0056));
#3345=CARTESIAN_POINT('',(0.1038,-0.021000000000034,-0.0056));
#3346=CARTESIAN_POINT('',(0.09047,-0.021000000000034,-0.006554802));
#3347=CARTESIAN_POINT('',(0.09047,-0.021000000000034,-0.008154802));
#3348=CARTESIAN_POINT('',(0.09047,-0.021000000000034,-0.004954802));
#3349=CARTESIAN_POINT('',(0.08947,-0.021000000000034,-0.004954802));
#3350=CARTESIAN_POINT('',(0.08947,-0.021000000000034,-0.003954802));
#3351=CARTESIAN_POINT('',(0.085,-0.021000000000034,-0.003954802));
#3352=CARTESIAN_POINT('',(0.08053,-0.021000000000034,-0.003954802));
#3353=CARTESIAN_POINT('',(0.08053,-0.021000000000034,-0.004954802));
#3354=CARTESIAN_POINT('',(0.07953,-0.021000000000034,-0.004954802));
#3355=CARTESIAN_POINT('',(0.07953,-0.021000000000034,-0.006554802));
#3356=CARTESIAN_POINT('',(0.07953,-0.021000000000034,-0.008154802));
#3357=CARTESIAN_POINT('',(0.08053,-0.021000000000034,-0.008154802));
#3358=CARTESIAN_POINT('',(0.08053,-0.021000000000034,-0.009154802));
#3359=CARTESIAN_POINT('',(0.085,-0.021000000000034,-0.009154802));
#3360=CARTESIAN_POINT('',(0.08947,-0.021000000000034,-0.009154802));
#3361=CARTESIAN_POINT('',(0.08947,-0.021000000000034,-0.008154802));
#3362=CARTESIAN_POINT('',(0.1088,-0.0591,-0.0066));
#3363=CARTESIAN_POINT('',(0.1088,-0.092699999999966,-0.0096));
#3364=CARTESIAN_POINT('',(0.1088,-0.092699999999966,-0.00745));
#3365=CARTESIAN_POINT('',(0.1088,-0.025500000000034,-0.0096));
#3366=CARTESIAN_POINT('',(0.1088,-0.025500000000034,-0.00745));
#3367=CARTESIAN_POINT('',(0.1088,-0.021500000000034,-0.0061));
#3368=CARTESIAN_POINT('',(0.1088,-0.022000000000034,-0.0066));
#3369=CARTESIAN_POINT('',(0.1088,-0.021900000000034,0.));
#3370=CARTESIAN_POINT('',(0.1088,-0.02479,0.));
#3371=CARTESIAN_POINT('',(0.1088,-0.02479,-0.0025));
#3372=CARTESIAN_POINT('',(0.1088,-0.02479,-0.00267512832151057));
#3373=CARTESIAN_POINT('',(0.1088,-0.025800000000034,-0.0055));
#3374=CARTESIAN_POINT('',(0.1088,-0.024150000000034,-0.0058));
#3375=CARTESIAN_POINT('',(0.1088,-0.025500000000034,-0.0058));
#3376=CARTESIAN_POINT('',(0.1088,-0.025500000000034,-0.0096));
#3377=CARTESIAN_POINT('',(0.1088,-0.029300000000034,-0.0096));
#3378=CARTESIAN_POINT('',(0.1088,-0.029300000000034,-0.011));
#3379=CARTESIAN_POINT('',(0.1088,-0.029300000000034,-0.0098));
#3380=CARTESIAN_POINT('',(0.1088,-0.0409340960869673,-0.0098));
#3381=CARTESIAN_POINT('',(0.1088,-0.0525681921739005,-0.0098));
#3382=CARTESIAN_POINT('',(0.1088,-0.0525681921739005,-0.0083));
#3383=CARTESIAN_POINT('',(0.1088,-0.0525681921739005,-0.009895198));
#3384=CARTESIAN_POINT('',(0.1088,-0.0529681921739005,-0.009895198));
#3385=CARTESIAN_POINT('',(0.1088,-0.0529681921739005,-0.010295198));
#3386=CARTESIAN_POINT('',(0.1088,-0.0590681910869677,-0.010295198));
#3387=CARTESIAN_POINT('',(0.1088,-0.065168190000035,-0.010295198));
#3388=CARTESIAN_POINT('',(0.1088,-0.065168190000035,-0.009895198));
#3389=CARTESIAN_POINT('',(0.1088,-0.065568190000035,-0.009895198));
#3390=CARTESIAN_POINT('',(0.1088,-0.065568190000035,-0.0083));
#3391=CARTESIAN_POINT('',(0.1088,-0.065568190000035,-0.0098));
#3392=CARTESIAN_POINT('',(0.1088,-0.0772340950000005,-0.0098));
#3393=CARTESIAN_POINT('',(0.1088,-0.088899999999966,-0.0098));
#3394=CARTESIAN_POINT('',(0.1088,-0.088899999999966,-0.011));
#3395=CARTESIAN_POINT('',(0.1088,-0.088899999999966,-0.0096));
#3396=CARTESIAN_POINT('',(0.1088,-0.092699999999966,-0.0096));
#3397=CARTESIAN_POINT('',(0.1088,-0.092699999999966,-0.0058));
#3398=CARTESIAN_POINT('',(0.1088,-0.094049999999966,-0.0058));
#3399=CARTESIAN_POINT('',(0.1088,-0.095399999999966,-0.0058));
#3400=CARTESIAN_POINT('',(0.1088,-0.095399999999966,-0.0062));
#3401=CARTESIAN_POINT('',(0.1088,-0.095399999999966,-0.0055));
#3402=CARTESIAN_POINT('',(0.1088,-0.092399999999966,-0.0055));
#3403=CARTESIAN_POINT('',(0.1088,-0.09341,-0.00267512832151056));
#3404=CARTESIAN_POINT('',(0.1088,-0.09341,-0.0025));
#3405=CARTESIAN_POINT('',(0.1088,-0.09341,0.));
#3406=CARTESIAN_POINT('',(0.1088,-0.096299999999966,0.));
#3407=CARTESIAN_POINT('',(0.1088,-0.097199999999966,0.));
#3408=CARTESIAN_POINT('',(0.1088,-0.097199999999966,-0.0066));
#3409=CARTESIAN_POINT('',(0.1088,-0.097199999999966,-0.0132));
#3410=CARTESIAN_POINT('',(0.1088,-0.0591,-0.0132));
#3411=CARTESIAN_POINT('',(0.1088,-0.021500000000034,-0.0071));
#3412=CARTESIAN_POINT('',(0.061198,-0.095399999999966,-0.0062));
#3413=CARTESIAN_POINT('',(0.1009,-0.095399999999966,-0.0025));
#3414=CARTESIAN_POINT('',(0.1009,-0.095399999999966,-0.0055));
#3415=CARTESIAN_POINT('',(0.1009,-0.095399999999966,0.));
#3416=CARTESIAN_POINT('',(0.1088,-0.095399999999966,-0.0055));
#3417=CARTESIAN_POINT('',(0.1038,-0.095399999999966,-0.0058));
#3418=CARTESIAN_POINT('',(0.1038,-0.095399999999966,-0.0058));
#3419=CARTESIAN_POINT('',(0.1038,-0.095399999999966,-0.0091));
#3420=CARTESIAN_POINT('',(0.1038,-0.095399999999966,-0.0124));
#3421=CARTESIAN_POINT('',(0.061198,-0.095399999999966,-0.0124));
#3422=CARTESIAN_POINT('',(0.0888,-0.095399999999966,-0.0124));
#3423=CARTESIAN_POINT('',(0.0888,-0.095399999999966,-0.009798));
#3424=CARTESIAN_POINT('',(0.0888,-0.095399999999966,-0.0098));
#3425=CARTESIAN_POINT('',(0.061198,-0.095399999999966,-0.0098));
#3426=CARTESIAN_POINT('',(0.0812,-0.095399999999966,-0.0098));
#3427=CARTESIAN_POINT('',(0.0812,-0.095399999999966,-0.009798));
#3428=CARTESIAN_POINT('',(0.0812,-0.095399999999966,-0.0124));
#3429=CARTESIAN_POINT('',(0.061198,-0.095399999999966,-0.0124));
#3430=CARTESIAN_POINT('',(0.0662,-0.095399999999966,-0.0124));
#3431=CARTESIAN_POINT('',(0.0662,-0.095399999999966,-0.0091));
#3432=CARTESIAN_POINT('',(0.0662,-0.095399999999966,-0.0058));
#3433=CARTESIAN_POINT('',(0.0662,-0.095399999999966,-0.0058));
#3434=CARTESIAN_POINT('',(0.0612,-0.095399999999966,-0.0058));
#3435=CARTESIAN_POINT('',(0.0612,-0.095399999999966,-0.0062));
#3436=CARTESIAN_POINT('',(0.0612,-0.095399999999966,-0.0055));
#3437=CARTESIAN_POINT('',(0.0691,-0.095399999999966,-0.0055));
#3438=CARTESIAN_POINT('',(0.0691,-0.095399999999966,-0.0055));
#3439=CARTESIAN_POINT('',(0.0691,-0.095399999999966,-0.0025));
#3440=CARTESIAN_POINT('',(0.0691,-0.095399999999966,0.));
#3441=CARTESIAN_POINT('',(0.061198,-0.095399999999966,0.));
#3442=CARTESIAN_POINT('',(0.061198,-0.0591,-0.0124));
#3443=CARTESIAN_POINT('',(0.0723,-0.09085,-0.0124));
#3444=CARTESIAN_POINT('',(0.0723,-0.08705,-0.0124));
#3445=CARTESIAN_POINT('',(0.0723,-0.02735,-0.0124));
#3446=CARTESIAN_POINT('',(0.0723,-0.02355,-0.0124));
#3447=CARTESIAN_POINT('',(0.07865,-0.0591,-0.0124));
#3448=CARTESIAN_POINT('',(0.07865,-0.0553,-0.0124));
#3449=CARTESIAN_POINT('',(0.09135,-0.0591,-0.0124));
#3450=CARTESIAN_POINT('',(0.09135,-0.0553,-0.0124));
#3451=CARTESIAN_POINT('',(0.0977,-0.09085,-0.0124));
#3452=CARTESIAN_POINT('',(0.0977,-0.08705,-0.0124));
#3453=CARTESIAN_POINT('',(0.0977,-0.02735,-0.0124));
#3454=CARTESIAN_POINT('',(0.0977,-0.02355,-0.0124));
#3455=CARTESIAN_POINT('',(0.085,-0.0273,-0.0124));
#3456=CARTESIAN_POINT('',(0.0812,-0.0273,-0.0124));
#3457=CARTESIAN_POINT('',(0.0888,-0.0273,-0.0124));
#3458=CARTESIAN_POINT('',(0.0812,-0.025050000000017,-0.0124));
#3459=CARTESIAN_POINT('',(0.0662,-0.026050000000034,-0.0124));
#3460=CARTESIAN_POINT('',(0.0662,-0.029300000000034,-0.0124));
#3461=CARTESIAN_POINT('',(0.0662,-0.029300000000034,-0.0124));
#3462=CARTESIAN_POINT('',(0.0648,-0.029300000000034,-0.0124));
#3463=CARTESIAN_POINT('',(0.0648,-0.0591,-0.0124));
#3464=CARTESIAN_POINT('',(0.0648,-0.088899999999966,-0.0124));
#3465=CARTESIAN_POINT('',(0.0662,-0.088899999999966,-0.0124));
#3466=CARTESIAN_POINT('',(0.0662,-0.088899999999966,-0.0124));
#3467=CARTESIAN_POINT('',(0.0662,-0.092149999999966,-0.0124));
#3468=CARTESIAN_POINT('',(0.0812,-0.093099999999983,-0.0124));
#3469=CARTESIAN_POINT('',(0.0812,-0.0908,-0.0124));
#3470=CARTESIAN_POINT('',(0.085,-0.0908,-0.0124));
#3471=CARTESIAN_POINT('',(0.0888,-0.0908,-0.0124));
#3472=CARTESIAN_POINT('',(0.0888,-0.093099999999983,-0.0124));
#3473=CARTESIAN_POINT('',(0.1038,-0.092149999999966,-0.0124));
#3474=CARTESIAN_POINT('',(0.1038,-0.088899999999966,-0.0124));
#3475=CARTESIAN_POINT('',(0.1038,-0.088899999999966,-0.0124));
#3476=CARTESIAN_POINT('',(0.1052,-0.088899999999966,-0.0124));
#3477=CARTESIAN_POINT('',(0.1052,-0.0591,-0.0124));
#3478=CARTESIAN_POINT('',(0.1052,-0.029300000000034,-0.0124));
#3479=CARTESIAN_POINT('',(0.1038,-0.029300000000034,-0.0124));
#3480=CARTESIAN_POINT('',(0.1038,-0.029300000000034,-0.0124));
#3481=CARTESIAN_POINT('',(0.1038,-0.026050000000034,-0.0124));
#3482=CARTESIAN_POINT('',(0.0888,-0.025050000000017,-0.0124));
#3483=CARTESIAN_POINT('',(0.1038,-0.088899999999966,-0.011));
#3484=CARTESIAN_POINT('',(0.1052,-0.088899999999966,-0.0098));
#3485=CARTESIAN_POINT('',(0.1052,-0.088899999999966,-0.0098));
#3486=CARTESIAN_POINT('',(0.1052,-0.088899999999966,-0.0111));
#3487=CARTESIAN_POINT('',(0.1038,-0.088899999999966,-0.011));
#3488=CARTESIAN_POINT('',(0.1038,-0.088899999999966,-0.0096));
#3489=CARTESIAN_POINT('',(0.1038,-0.088899999999966,-0.0096));
#3490=CARTESIAN_POINT('',(0.0662,-0.088899999999966,-0.011));
#3491=CARTESIAN_POINT('',(0.0648,-0.088899999999966,-0.0111));
#3492=CARTESIAN_POINT('',(0.0648,-0.088899999999966,-0.0098));
#3493=CARTESIAN_POINT('',(0.0648,-0.088899999999966,-0.0098));
#3494=CARTESIAN_POINT('',(0.0612,-0.088899999999966,-0.0098));
#3495=CARTESIAN_POINT('',(0.0612,-0.088899999999966,-0.011));
#3496=CARTESIAN_POINT('',(0.0612,-0.088899999999966,-0.0096));
#3497=CARTESIAN_POINT('',(0.0662,-0.088899999999966,-0.0096));
#3498=CARTESIAN_POINT('',(0.0662,-0.088899999999966,-0.0096));
#3499=CARTESIAN_POINT('',(0.0662,-0.088899999999966,-0.011));
#3500=CARTESIAN_POINT('',(0.0662,-0.029300000000034,-0.011));
#3501=CARTESIAN_POINT('',(0.0648,-0.029300000000034,-0.0098));
#3502=CARTESIAN_POINT('',(0.0648,-0.029300000000034,-0.0098));
#3503=CARTESIAN_POINT('',(0.0612,-0.029300000000034,-0.0098));
#3504=CARTESIAN_POINT('',(0.0648,-0.029300000000034,-0.0111));
#3505=CARTESIAN_POINT('',(0.0662,-0.029300000000034,-0.011));
#3506=CARTESIAN_POINT('',(0.0662,-0.029300000000034,-0.0096));
#3507=CARTESIAN_POINT('',(0.0662,-0.029300000000034,-0.0096));
#3508=CARTESIAN_POINT('',(0.0612,-0.029300000000034,-0.0096));
#3509=CARTESIAN_POINT('',(0.0612,-0.029300000000034,-0.011));
#3510=CARTESIAN_POINT('',(0.0612,-0.0591,-0.0066));
#3511=CARTESIAN_POINT('',(0.0612,-0.025500000000034,-0.0096));
#3512=CARTESIAN_POINT('',(0.0612,-0.025500000000034,-0.01175));
#3513=CARTESIAN_POINT('',(0.0612,-0.092699999999966,-0.0096));
#3514=CARTESIAN_POINT('',(0.0612,-0.092699999999966,-0.01175));
#3515=CARTESIAN_POINT('',(0.0612,-0.021500000000034,-0.0061));
#3516=CARTESIAN_POINT('',(0.0612,-0.022000000000034,-0.0066));
#3517=CARTESIAN_POINT('',(0.0612,-0.021500000000034,-0.0071));
#3518=CARTESIAN_POINT('',(0.0612,-0.0591,-0.0132));
#3519=CARTESIAN_POINT('',(0.0612,-0.097199999999966,-0.0132));
#3520=CARTESIAN_POINT('',(0.0612,-0.097199999999966,-0.0066));
#3521=CARTESIAN_POINT('',(0.0612,-0.097199999999966,0.));
#3522=CARTESIAN_POINT('',(0.0612,-0.096299999999966,0.));
#3523=CARTESIAN_POINT('',(0.0612,-0.09341,0.));
#3524=CARTESIAN_POINT('',(0.0612,-0.09341,-0.0025));
#3525=CARTESIAN_POINT('',(0.0612,-0.09341,-0.00267512832151056));
#3526=CARTESIAN_POINT('',(0.0612,-0.092399999999966,-0.0055));
#3527=CARTESIAN_POINT('',(0.0612,-0.094049999999966,-0.0058));
#3528=CARTESIAN_POINT('',(0.0612,-0.092699999999966,-0.0058));
#3529=CARTESIAN_POINT('',(0.0612,-0.092699999999966,-0.0096));
#3530=CARTESIAN_POINT('',(0.0612,-0.0772340950000005,-0.0098));
#3531=CARTESIAN_POINT('',(0.0612,-0.065568190000035,-0.0098));
#3532=CARTESIAN_POINT('',(0.0612,-0.065568190000035,-0.0083));
#3533=CARTESIAN_POINT('',(0.0612,-0.065568190000035,-0.009895198));
#3534=CARTESIAN_POINT('',(0.0612,-0.065168190000035,-0.009895198));
#3535=CARTESIAN_POINT('',(0.0612,-0.065168190000035,-0.010295198));
#3536=CARTESIAN_POINT('',(0.0612,-0.0590681910869677,-0.010295198));
#3537=CARTESIAN_POINT('',(0.0612,-0.0529681921739005,-0.010295198));
#3538=CARTESIAN_POINT('',(0.0612,-0.0529681921739005,-0.009895198));
#3539=CARTESIAN_POINT('',(0.0612,-0.0525681921739005,-0.009895198));
#3540=CARTESIAN_POINT('',(0.0612,-0.0525681921739005,-0.0083));
#3541=CARTESIAN_POINT('',(0.0612,-0.0525681921739005,-0.0098));
#3542=CARTESIAN_POINT('',(0.0612,-0.0409340960869673,-0.0098));
#3543=CARTESIAN_POINT('',(0.0612,-0.025500000000034,-0.0096));
#3544=CARTESIAN_POINT('',(0.0612,-0.025500000000034,-0.0058));
#3545=CARTESIAN_POINT('',(0.0612,-0.024150000000034,-0.0058));
#3546=CARTESIAN_POINT('',(0.0612,-0.025800000000034,-0.0055));
#3547=CARTESIAN_POINT('',(0.0612,-0.02479,-0.00267512832151056));
#3548=CARTESIAN_POINT('',(0.0612,-0.02479,-0.0025));
#3549=CARTESIAN_POINT('',(0.0612,-0.02479,0.));
#3550=CARTESIAN_POINT('',(0.0612,-0.021900000000034,0.));
#3551=CARTESIAN_POINT('',(0.061198,-0.021900000000034,0.));
#3552=CARTESIAN_POINT('',(0.10485,-0.02479,0.));
#3553=CARTESIAN_POINT('',(0.102625,-0.02479,0.));
#3554=CARTESIAN_POINT('',(0.06515,-0.02479,0.));
#3555=CARTESIAN_POINT('',(0.062925,-0.02479,0.));
#3556=CARTESIAN_POINT('',(0.06515,-0.02479,0.));
#3557=CARTESIAN_POINT('',(0.0691,-0.02479,0.));
#3558=CARTESIAN_POINT('',(0.0691,-0.023795000000017,0.));
#3559=CARTESIAN_POINT('',(0.1009,-0.023795000000017,0.));
#3560=CARTESIAN_POINT('',(0.1009,-0.02479,0.));
#3561=CARTESIAN_POINT('',(0.10485,-0.02479,0.));
#3562=CARTESIAN_POINT('',(0.061198,-0.096299999999966,0.));
#3563=CARTESIAN_POINT('',(0.10485,-0.09341,0.));
#3564=CARTESIAN_POINT('',(0.102625,-0.09341,0.));
#3565=CARTESIAN_POINT('',(0.06515,-0.09341,0.));
#3566=CARTESIAN_POINT('',(0.062925,-0.09341,0.));
#3567=CARTESIAN_POINT('',(0.0691,-0.094404999999983,0.));
#3568=CARTESIAN_POINT('',(0.0691,-0.09341,0.));
#3569=CARTESIAN_POINT('',(0.06515,-0.09341,0.));
#3570=CARTESIAN_POINT('',(0.061198,-0.097199999999966,0.));
#3571=CARTESIAN_POINT('',(0.10485,-0.09341,0.));
#3572=CARTESIAN_POINT('',(0.1009,-0.09341,0.));
#3573=CARTESIAN_POINT('',(0.1009,-0.094404999999983,0.));
#3574=CARTESIAN_POINT('',(0.061198,-0.097199999999966,-0.0066));
#3575=CARTESIAN_POINT('',(0.061198,-0.097199999999966,-0.0132));
#3576=CARTESIAN_POINT('',(0.061198,-0.0591,-0.0132));
#3577=CARTESIAN_POINT('',(0.09135,-0.0591,-0.0132));
#3578=CARTESIAN_POINT('',(0.093575,-0.0591,-0.0132));
#3579=CARTESIAN_POINT('',(0.07865,-0.0591,-0.0132));
#3580=CARTESIAN_POINT('',(0.080875,-0.0591,-0.0132));
#3581=CARTESIAN_POINT('',(0.0723,-0.02735,-0.0132));
#3582=CARTESIAN_POINT('',(0.074525,-0.02735,-0.0132));
#3583=CARTESIAN_POINT('',(0.0977,-0.02735,-0.0132));
#3584=CARTESIAN_POINT('',(0.099925,-0.02735,-0.0132));
#3585=CARTESIAN_POINT('',(0.0977,-0.09085,-0.0132));
#3586=CARTESIAN_POINT('',(0.099925,-0.09085,-0.0132));
#3587=CARTESIAN_POINT('',(0.0723,-0.09085,-0.0132));
#3588=CARTESIAN_POINT('',(0.074525,-0.09085,-0.0132));
#3589=CARTESIAN_POINT('',(0.085,-0.0273,-0.0132));
#3590=CARTESIAN_POINT('',(0.086625,-0.0273,-0.0132));
#3591=CARTESIAN_POINT('',(0.085,-0.0908,-0.0132));
#3592=CARTESIAN_POINT('',(0.086625,-0.0908,-0.0132));
#3593=CARTESIAN_POINT('',(0.0662,-0.092699999999966,-0.0096));
#3594=CARTESIAN_POINT('',(0.0662,-0.092699999999966,-0.0058));
#3595=CARTESIAN_POINT('',(0.0662,-0.092699999999966,-0.0058));
#3596=CARTESIAN_POINT('',(0.0662,-0.092699999999966,-0.0096));
#3597=CARTESIAN_POINT('',(0.0662,-0.094049999999966,-0.0058));
#3598=CARTESIAN_POINT('',(0.0662,-0.094049999999966,-0.0058));
#3599=CARTESIAN_POINT('',(0.0662,-0.092699999999966,-0.0096));
#3600=CARTESIAN_POINT('',(0.0618,-0.092699999999966,-0.0096));
#3601=CARTESIAN_POINT('',(0.0618,-0.092699999999966,-0.01115));
#3602=CARTESIAN_POINT('',(0.0662,-0.092699999999966,-0.0096));
#3603=CARTESIAN_POINT('',(0.0662,-0.092699999999966,-0.01115));
#3604=CARTESIAN_POINT('',(0.0662,-0.0591,-0.0066));
#3605=CARTESIAN_POINT('',(0.0662,-0.024150000000034,-0.0058));
#3606=CARTESIAN_POINT('',(0.0662,-0.025500000000034,-0.0058));
#3607=CARTESIAN_POINT('',(0.0662,-0.025500000000034,-0.0058));
#3608=CARTESIAN_POINT('',(0.0662,-0.024150000000034,-0.0058));
#3609=CARTESIAN_POINT('',(0.0662,-0.025500000000034,-0.0096));
#3610=CARTESIAN_POINT('',(0.0618,-0.025500000000034,-0.0096));
#3611=CARTESIAN_POINT('',(0.0618,-0.025500000000034,-0.01115));
#3612=CARTESIAN_POINT('',(0.0662,-0.025500000000034,-0.0096));
#3613=CARTESIAN_POINT('',(0.0662,-0.025500000000034,-0.01115));
#3614=CARTESIAN_POINT('',(0.0662,-0.025500000000034,-0.0096));
#3615=CARTESIAN_POINT('',(0.0662,-0.025500000000034,-0.0096));
#3616=CARTESIAN_POINT('',(0.0662,-0.0591,-0.0066));
#3617=CARTESIAN_POINT('',(0.0648,-0.0772340950000005,-0.0098));
#3618=CARTESIAN_POINT('',(0.0648,-0.0772340950000005,-0.0098));
#3619=CARTESIAN_POINT('',(0.0648,-0.065568190000035,-0.0098));
#3620=CARTESIAN_POINT('',(0.0648,-0.065568190000035,-0.0098));
#3621=CARTESIAN_POINT('',(0.0648,-0.0409340960869673,-0.0098));
#3622=CARTESIAN_POINT('',(0.0648,-0.0525681921739005,-0.0098));
#3623=CARTESIAN_POINT('',(0.0648,-0.0525681921739005,-0.0098));
#3624=CARTESIAN_POINT('',(0.0648,-0.0409340960869673,-0.0098));
#3625=CARTESIAN_POINT('',(0.0648,-0.0525681921739005,-0.0083));
#3626=CARTESIAN_POINT('',(0.0648,-0.0525681921739005,-0.009895198));
#3627=CARTESIAN_POINT('',(0.0648,-0.0525681921739005,-0.009895198));
#3628=CARTESIAN_POINT('',(0.0648,-0.0525681921739005,-0.0083));
#3629=CARTESIAN_POINT('',(0.0648,-0.0529681921739005,-0.009895198));
#3630=CARTESIAN_POINT('',(0.0648,-0.0529681921739005,-0.010295198));
#3631=CARTESIAN_POINT('',(0.0648,-0.0529681921739005,-0.010295198));
#3632=CARTESIAN_POINT('',(0.0648,-0.0529681921739005,-0.009895198));
#3633=CARTESIAN_POINT('',(0.0648,-0.0590681910869677,-0.010295198));
#3634=CARTESIAN_POINT('',(0.0648,-0.065168190000035,-0.010295198));
#3635=CARTESIAN_POINT('',(0.0648,-0.065168190000035,-0.010295198));
#3636=CARTESIAN_POINT('',(0.0648,-0.0590681910869677,-0.010295198));
#3637=CARTESIAN_POINT('',(0.0648,-0.065168190000035,-0.009895198));
#3638=CARTESIAN_POINT('',(0.0648,-0.065568190000035,-0.009895198));
#3639=CARTESIAN_POINT('',(0.0648,-0.065568190000035,-0.009895198));
#3640=CARTESIAN_POINT('',(0.0648,-0.065168190000035,-0.009895198));
#3641=CARTESIAN_POINT('',(0.0648,-0.065568190000035,-0.0083));
#3642=CARTESIAN_POINT('',(0.0648,-0.065568190000035,-0.0083));
#3643=CARTESIAN_POINT('',(0.0648,-0.0591,-0.0066));
#3644=CARTESIAN_POINT('',(0.1038,-0.094049999999966,-0.0058));
#3645=CARTESIAN_POINT('',(0.1038,-0.092699999999966,-0.0058));
#3646=CARTESIAN_POINT('',(0.1038,-0.092699999999966,-0.0058));
#3647=CARTESIAN_POINT('',(0.1038,-0.094049999999966,-0.0058));
#3648=CARTESIAN_POINT('',(0.1038,-0.092699999999966,-0.0096));
#3649=CARTESIAN_POINT('',(0.1082,-0.092699999999966,-0.0096));
#3650=CARTESIAN_POINT('',(0.1082,-0.092699999999966,-0.00805));
#3651=CARTESIAN_POINT('',(0.1038,-0.092699999999966,-0.0096));
#3652=CARTESIAN_POINT('',(0.1038,-0.092699999999966,-0.01115));
#3653=CARTESIAN_POINT('',(0.1038,-0.092699999999966,-0.0096));
#3654=CARTESIAN_POINT('',(0.1038,-0.092699999999966,-0.0096));
#3655=CARTESIAN_POINT('',(0.1038,-0.0591,-0.0066));
#3656=CARTESIAN_POINT('',(0.1038,-0.029300000000034,-0.011));
#3657=CARTESIAN_POINT('',(0.1052,-0.029300000000034,-0.0111));
#3658=CARTESIAN_POINT('',(0.1052,-0.029300000000034,-0.0098));
#3659=CARTESIAN_POINT('',(0.1052,-0.029300000000034,-0.0098));
#3660=CARTESIAN_POINT('',(0.1038,-0.029300000000034,-0.0096));
#3661=CARTESIAN_POINT('',(0.1038,-0.029300000000034,-0.0096));
#3662=CARTESIAN_POINT('',(0.1038,-0.029300000000034,-0.011));
#3663=CARTESIAN_POINT('',(0.1038,-0.025500000000034,-0.0096));
#3664=CARTESIAN_POINT('',(0.1038,-0.025500000000034,-0.0058));
#3665=CARTESIAN_POINT('',(0.1038,-0.025500000000034,-0.0058));
#3666=CARTESIAN_POINT('',(0.1038,-0.025500000000034,-0.0096));
#3667=CARTESIAN_POINT('',(0.1038,-0.024150000000034,-0.0058));
#3668=CARTESIAN_POINT('',(0.1038,-0.024150000000034,-0.0058));
#3669=CARTESIAN_POINT('',(0.1038,-0.025500000000034,-0.0096));
#3670=CARTESIAN_POINT('',(0.1082,-0.025500000000034,-0.0096));
#3671=CARTESIAN_POINT('',(0.1082,-0.025500000000034,-0.00805));
#3672=CARTESIAN_POINT('',(0.1038,-0.025500000000034,-0.0096));
#3673=CARTESIAN_POINT('',(0.1038,-0.025500000000034,-0.01115));
#3674=CARTESIAN_POINT('',(0.1038,-0.0591,-0.0066));
#3675=CARTESIAN_POINT('',(0.1052,-0.0772340950000005,-0.0098));
#3676=CARTESIAN_POINT('',(0.1052,-0.065568190000035,-0.0098));
#3677=CARTESIAN_POINT('',(0.1052,-0.065568190000035,-0.0098));
#3678=CARTESIAN_POINT('',(0.1052,-0.0772340950000005,-0.0098));
#3679=CARTESIAN_POINT('',(0.1052,-0.065568190000035,-0.0083));
#3680=CARTESIAN_POINT('',(0.1052,-0.065568190000035,-0.009895198));
#3681=CARTESIAN_POINT('',(0.1052,-0.065568190000035,-0.009895198));
#3682=CARTESIAN_POINT('',(0.1052,-0.065568190000035,-0.0083));
#3683=CARTESIAN_POINT('',(0.1052,-0.065168190000035,-0.009895198));
#3684=CARTESIAN_POINT('',(0.1052,-0.065168190000035,-0.010295198));
#3685=CARTESIAN_POINT('',(0.1052,-0.065168190000035,-0.010295198));
#3686=CARTESIAN_POINT('',(0.1052,-0.065168190000035,-0.009895198));
#3687=CARTESIAN_POINT('',(0.1052,-0.0590681910869677,-0.010295198));
#3688=CARTESIAN_POINT('',(0.1052,-0.0529681921739005,-0.010295198));
#3689=CARTESIAN_POINT('',(0.1052,-0.0529681921739005,-0.010295198));
#3690=CARTESIAN_POINT('',(0.1052,-0.0590681910869677,-0.010295198));
#3691=CARTESIAN_POINT('',(0.1052,-0.0529681921739005,-0.009895198));
#3692=CARTESIAN_POINT('',(0.1052,-0.0525681921739005,-0.009895198));
#3693=CARTESIAN_POINT('',(0.1052,-0.0525681921739005,-0.009895198));
#3694=CARTESIAN_POINT('',(0.1052,-0.0529681921739005,-0.009895198));
#3695=CARTESIAN_POINT('',(0.1052,-0.0525681921739005,-0.0083));
#3696=CARTESIAN_POINT('',(0.1052,-0.0525681921739005,-0.0098));
#3697=CARTESIAN_POINT('',(0.1052,-0.0525681921739005,-0.0098));
#3698=CARTESIAN_POINT('',(0.1052,-0.0525681921739005,-0.0083));
#3699=CARTESIAN_POINT('',(0.1052,-0.0409340960869673,-0.0098));
#3700=CARTESIAN_POINT('',(0.1052,-0.0409340960869673,-0.0098));
#3701=CARTESIAN_POINT('',(0.1052,-0.0591,-0.0066));
#3702=CARTESIAN_POINT('',(0.0888,-0.025050000000017,-0.009798));
#3703=CARTESIAN_POINT('',(0.0888,-0.025050000000017,-0.0098));
#3704=CARTESIAN_POINT('',(0.0888,-0.0273,-0.0098));
#3705=CARTESIAN_POINT('',(0.0888,-0.0273,-0.009798));
#3706=CARTESIAN_POINT('',(0.085,-0.0273,-0.009798));
#3707=CARTESIAN_POINT('',(0.085,-0.0273,-0.0098));
#3708=CARTESIAN_POINT('',(0.0812,-0.0273,-0.0098));
#3709=CARTESIAN_POINT('',(0.0812,-0.0273,-0.009798));
#3710=CARTESIAN_POINT('',(0.0812,-0.025050000000017,-0.009798));
#3711=CARTESIAN_POINT('',(0.0812,-0.025050000000017,-0.0098));
#3712=CARTESIAN_POINT('',(0.,0.,-0.0098));
#3713=CARTESIAN_POINT('',(0.085,-0.0273,-0.0098));
#3714=CARTESIAN_POINT('',(0.087225,-0.0273,-0.0098));
#3715=CARTESIAN_POINT('',(0.0888,-0.093099999999983,-0.009798));
#3716=CARTESIAN_POINT('',(0.0888,-0.0908,-0.009798));
#3717=CARTESIAN_POINT('',(0.0888,-0.0908,-0.0098));
#3718=CARTESIAN_POINT('',(0.0888,-0.093099999999983,-0.0098));
#3719=CARTESIAN_POINT('',(0.085,-0.0908,-0.009798));
#3720=CARTESIAN_POINT('',(0.085,-0.0908,-0.0098));
#3721=CARTESIAN_POINT('',(0.0812,-0.0908,-0.0098));
#3722=CARTESIAN_POINT('',(0.0812,-0.0908,-0.009798));
#3723=CARTESIAN_POINT('',(0.0812,-0.093099999999983,-0.009798));
#3724=CARTESIAN_POINT('',(0.0812,-0.093099999999983,-0.0098));
#3725=CARTESIAN_POINT('',(0.,0.,-0.0098));
#3726=CARTESIAN_POINT('',(0.085,-0.0908,-0.0098));
#3727=CARTESIAN_POINT('',(0.087225,-0.0908,-0.0098));
#3728=CARTESIAN_POINT('',(0.085,-0.0908,-0.013202));
#3729=CARTESIAN_POINT('',(0.085,-0.0908,-0.0104));
#3730=CARTESIAN_POINT('',(0.086625,-0.0908,-0.0104));
#3731=CARTESIAN_POINT('',(0.085,-0.0273,-0.013202));
#3732=CARTESIAN_POINT('',(0.085,-0.0273,-0.0104));
#3733=CARTESIAN_POINT('',(0.086625,-0.0273,-0.0104));
#3734=CARTESIAN_POINT('',(0.0723,-0.09085,-0.012398));
#3735=CARTESIAN_POINT('',(0.0723,-0.09085,-0.0126));
#3736=CARTESIAN_POINT('',(0.073925,-0.09085,-0.0126));
#3737=CARTESIAN_POINT('',(0.0723,-0.09085,-0.0098));
#3738=CARTESIAN_POINT('',(0.073925,-0.09085,-0.0098));
#3739=CARTESIAN_POINT('',(0.09135,-0.0591,-0.012398));
#3740=CARTESIAN_POINT('',(0.09135,-0.0591,-0.0126));
#3741=CARTESIAN_POINT('',(0.092975,-0.0591,-0.0126));
#3742=CARTESIAN_POINT('',(0.09135,-0.0591,-0.0098));
#3743=CARTESIAN_POINT('',(0.092975,-0.0591,-0.0098));
#3744=CARTESIAN_POINT('',(0.07865,-0.0591,-0.012398));
#3745=CARTESIAN_POINT('',(0.07865,-0.0591,-0.0126));
#3746=CARTESIAN_POINT('',(0.080275,-0.0591,-0.0126));
#3747=CARTESIAN_POINT('',(0.07865,-0.0591,-0.0098));
#3748=CARTESIAN_POINT('',(0.080275,-0.0591,-0.0098));
#3749=CARTESIAN_POINT('',(0.0723,-0.02735,-0.012398));
#3750=CARTESIAN_POINT('',(0.0723,-0.02735,-0.0126));
#3751=CARTESIAN_POINT('',(0.073925,-0.02735,-0.0126));
#3752=CARTESIAN_POINT('',(0.0723,-0.02735,-0.0098));
#3753=CARTESIAN_POINT('',(0.073925,-0.02735,-0.0098));
#3754=CARTESIAN_POINT('',(0.0977,-0.02735,-0.012398));
#3755=CARTESIAN_POINT('',(0.0977,-0.02735,-0.0126));
#3756=CARTESIAN_POINT('',(0.099325,-0.02735,-0.0126));
#3757=CARTESIAN_POINT('',(0.0977,-0.02735,-0.0098));
#3758=CARTESIAN_POINT('',(0.099325,-0.02735,-0.0098));
#3759=CARTESIAN_POINT('',(0.0977,-0.09085,-0.012398));
#3760=CARTESIAN_POINT('',(0.0977,-0.09085,-0.0126));
#3761=CARTESIAN_POINT('',(0.099325,-0.09085,-0.0126));
#3762=CARTESIAN_POINT('',(0.0977,-0.09085,-0.0098));
#3763=CARTESIAN_POINT('',(0.099325,-0.09085,-0.0098));
#3764=CARTESIAN_POINT('',(0.0977,-0.09085,-0.009798));
#3765=CARTESIAN_POINT('',(0.0977,-0.09085,-0.0098));
#3766=CARTESIAN_POINT('',(0.1015,-0.09085,-0.0098));
#3767=CARTESIAN_POINT('',(0.,0.,-0.0098));
#3768=CARTESIAN_POINT('',(0.0977,-0.02735,-0.009798));
#3769=CARTESIAN_POINT('',(0.0977,-0.02735,-0.0098));
#3770=CARTESIAN_POINT('',(0.1015,-0.02735,-0.0098));
#3771=CARTESIAN_POINT('',(0.,0.,-0.0098));
#3772=CARTESIAN_POINT('',(0.0723,-0.02735,-0.009798));
#3773=CARTESIAN_POINT('',(0.0723,-0.02735,-0.0098));
#3774=CARTESIAN_POINT('',(0.0761,-0.02735,-0.0098));
#3775=CARTESIAN_POINT('',(0.,0.,-0.0098));
#3776=CARTESIAN_POINT('',(0.07865,-0.0591,-0.009798));
#3777=CARTESIAN_POINT('',(0.07865,-0.0591,-0.0098));
#3778=CARTESIAN_POINT('',(0.08245,-0.0591,-0.0098));
#3779=CARTESIAN_POINT('',(0.,0.,-0.0098));
#3780=CARTESIAN_POINT('',(0.09135,-0.0591,-0.009798));
#3781=CARTESIAN_POINT('',(0.09135,-0.0591,-0.0098));
#3782=CARTESIAN_POINT('',(0.09515,-0.0591,-0.0098));
#3783=CARTESIAN_POINT('',(0.,0.,-0.0098));
#3784=CARTESIAN_POINT('',(0.0723,-0.09085,-0.009798));
#3785=CARTESIAN_POINT('',(0.0723,-0.09085,-0.0098));
#3786=CARTESIAN_POINT('',(0.0761,-0.09085,-0.0098));
#3787=CARTESIAN_POINT('',(0.,0.,-0.0098));
#3788=CARTESIAN_POINT('',(0.06515,-0.02479,-0.0025));
#3789=CARTESIAN_POINT('',(0.0612,-0.02479,-0.00267512832151056));
#3790=CARTESIAN_POINT('',(0.0612,-0.0251193610804816,-0.00255736909944369));
#3791=CARTESIAN_POINT('',(0.0612418550400265,-0.0254617846560144,-0.0025));
#3792=CARTESIAN_POINT('',(0.0613313091248529,-0.025800000000034,-0.0025));
#3793=CARTESIAN_POINT('',(0.0613313091248529,-0.025800000000034,-0.0025));
#3794=CARTESIAN_POINT('',(0.06515,-0.02479,-0.0025));
#3795=CARTESIAN_POINT('',(0.0689686908751471,-0.025800000000034,-0.0025));
#3796=CARTESIAN_POINT('',(0.0689686908751471,-0.025800000000034,-0.0025));
#3797=CARTESIAN_POINT('',(0.0690581282289606,-0.025461847914001,-0.0025));
#3798=CARTESIAN_POINT('',(0.0691,-0.0251194224074574,-0.00255734717269713));
#3799=CARTESIAN_POINT('',(0.0691,-0.02479,-0.00267512832151063));
#3800=CARTESIAN_POINT('',(0.0691,-0.02479,-0.00267512832151056));
#3801=CARTESIAN_POINT('',(0.0691,-0.02479,-0.0025));
#3802=CARTESIAN_POINT('',(0.0691,-0.023795000000017,-0.0025));
#3803=CARTESIAN_POINT('',(0.0691,-0.025800000000034,-0.0055));
#3804=CARTESIAN_POINT('',(0.0691,-0.022800000000034,-0.0055));
#3805=CARTESIAN_POINT('',(0.0691,-0.022800000000034,-0.0025));
#3806=CARTESIAN_POINT('',(0.06515,-0.02479,-0.0025));
#3807=CARTESIAN_POINT('',(0.06515,-0.02479,-0.0006));
#3808=CARTESIAN_POINT('',(0.063525,-0.02479,-0.0006));
#3809=CARTESIAN_POINT('',(0.06515,-0.02479,-0.0025));
#3810=CARTESIAN_POINT('',(0.0638770015711199,-0.025800000000034,-0.0025));
#3811=CARTESIAN_POINT('',(0.0664229984288802,-0.025800000000034,-0.0025));
#3812=CARTESIAN_POINT('',(0.0638770015711199,-0.025800000000034,-0.0025));
#3813=CARTESIAN_POINT('',(0.0636657769466827,-0.025533773648509,-0.0025));
#3814=CARTESIAN_POINT('',(0.063428620857867,-0.0248694663223714,-0.00258372184183777));
#3815=CARTESIAN_POINT('',(0.0636675194720249,-0.0239607526705176,-0.00306637912613748));
#3816=CARTESIAN_POINT('',(0.0641412441436659,-0.0234679751043035,-0.00358581447688307));
#3817=CARTESIAN_POINT('',(0.0646452331631971,-0.0232224889188973,-0.00395708922070247));
#3818=CARTESIAN_POINT('',(0.0651444740195815,-0.0231370018792969,-0.00411897368810624));
#3819=CARTESIAN_POINT('',(0.0656473223760668,-0.0232195483387309,-0.00396205723724318));
#3820=CARTESIAN_POINT('',(0.066157915041242,-0.0234667407524955,-0.0035870485436617));
#3821=CARTESIAN_POINT('',(0.0666297087615775,-0.0239563795125067,-0.00306985766902867));
#3822=CARTESIAN_POINT('',(0.066871947421669,-0.0248674440413564,-0.0025839576640482));
#3823=CARTESIAN_POINT('',(0.0666352571009108,-0.025532470340626,-0.0025));
#3824=CARTESIAN_POINT('',(0.0664229984288802,-0.025800000000034,-0.0025));
#3825=CARTESIAN_POINT('',(0.085,-0.060070000000017,-0.0025));
#3826=CARTESIAN_POINT('',(0.0691,-0.025800000000034,-0.0025));
#3827=CARTESIAN_POINT('',(0.0691,-0.025800000000034,-0.0025));
#3828=CARTESIAN_POINT('',(0.061198,-0.025800000000034,-0.0055));
#3829=CARTESIAN_POINT('',(0.0612,-0.022800000000034,-0.0055));
#3830=CARTESIAN_POINT('',(0.0691,-0.094404999999983,-0.0025));
#3831=CARTESIAN_POINT('',(0.0691,-0.092399999999966,-0.0055));
#3832=CARTESIAN_POINT('',(0.0691,-0.09341,-0.00267512832151056));
#3833=CARTESIAN_POINT('',(0.0691,-0.09341,-0.0025));
#3834=CARTESIAN_POINT('',(0.06515,-0.09341,-0.0025));
#3835=CARTESIAN_POINT('',(0.06515,-0.09341,-0.0006));
#3836=CARTESIAN_POINT('',(0.063525,-0.09341,-0.0006));
#3837=CARTESIAN_POINT('',(0.06515,-0.09341,-0.0025));
#3838=CARTESIAN_POINT('',(0.0638770015711198,-0.092399999999966,-0.0025));
#3839=CARTESIAN_POINT('',(0.0664229984288802,-0.092399999999966,-0.0025));
#3840=CARTESIAN_POINT('',(0.0664229984288802,-0.092399999999966,-0.0025));
#3841=CARTESIAN_POINT('',(0.0666342230533174,-0.092666226351491,-0.0025));
#3842=CARTESIAN_POINT('',(0.0668713791421329,-0.0933305336776287,-0.00258372184183779));
#3843=CARTESIAN_POINT('',(0.0666324805279751,-0.0942392473294825,-0.00306637912613753));
#3844=CARTESIAN_POINT('',(0.066158755856334,-0.0947320248956966,-0.00358581447688312));
#3845=CARTESIAN_POINT('',(0.0656547668368029,-0.0949775110811027,-0.00395708922070251));
#3846=CARTESIAN_POINT('',(0.0651555259804185,-0.0950629981207031,-0.00411897368810627));
#3847=CARTESIAN_POINT('',(0.0646526776239331,-0.094980451661269,-0.00396205723724316));
#3848=CARTESIAN_POINT('',(0.064142084958758,-0.0947332592475045,-0.00358704854366168));
#3849=CARTESIAN_POINT('',(0.0636702912384225,-0.0942436204874933,-0.00306985766902864));
#3850=CARTESIAN_POINT('',(0.0634280525783311,-0.0933325559586436,-0.00258395766404819));
#3851=CARTESIAN_POINT('',(0.0636647428990892,-0.092667529659374,-0.0025));
#3852=CARTESIAN_POINT('',(0.0638770015711198,-0.092399999999966,-0.0025));
#3853=CARTESIAN_POINT('',(0.06515,-0.09341,-0.0025));
#3854=CARTESIAN_POINT('',(0.0691,-0.09341,-0.00267512832151056));
#3855=CARTESIAN_POINT('',(0.0691,-0.0930806389195184,-0.00255736909944369));
#3856=CARTESIAN_POINT('',(0.0690581449599735,-0.0927382153439856,-0.0025));
#3857=CARTESIAN_POINT('',(0.0689686908751471,-0.092399999999966,-0.0025));
#3858=CARTESIAN_POINT('',(0.0689686908751471,-0.092399999999966,-0.0025));
#3859=CARTESIAN_POINT('',(0.06515,-0.09341,-0.0025));
#3860=CARTESIAN_POINT('',(0.0613313091248529,-0.092399999999966,-0.0025));
#3861=CARTESIAN_POINT('',(0.0613313091248529,-0.092399999999966,-0.0025));
#3862=CARTESIAN_POINT('',(0.0612418717710394,-0.092738152085999,-0.0025));
#3863=CARTESIAN_POINT('',(0.0612,-0.0930805775925426,-0.00255734717269712));
#3864=CARTESIAN_POINT('',(0.0612,-0.09341,-0.00267512832151063));
#3865=CARTESIAN_POINT('',(0.085,-0.058129999999983,-0.0025));
#3866=CARTESIAN_POINT('',(0.0612,-0.092399999999966,-0.0025));
#3867=CARTESIAN_POINT('',(0.0612,-0.092399999999966,-0.0025));
#3868=CARTESIAN_POINT('',(0.085,-0.092399999999966,-0.0055));
#3869=CARTESIAN_POINT('',(0.1009,-0.023795000000017,-0.0025));
#3870=CARTESIAN_POINT('',(0.1009,-0.022800000000034,-0.0025));
#3871=CARTESIAN_POINT('',(0.1009,-0.022800000000034,-0.0055));
#3872=CARTESIAN_POINT('',(0.1009,-0.025800000000034,-0.0055));
#3873=CARTESIAN_POINT('',(0.1009,-0.02479,-0.00267512832151057));
#3874=CARTESIAN_POINT('',(0.1009,-0.02479,-0.0025));
#3875=CARTESIAN_POINT('',(0.10485,-0.02479,-0.0025));
#3876=CARTESIAN_POINT('',(0.10485,-0.02479,-0.0006));
#3877=CARTESIAN_POINT('',(0.103225,-0.02479,-0.0006));
#3878=CARTESIAN_POINT('',(0.10485,-0.02479,-0.0025));
#3879=CARTESIAN_POINT('',(0.10612299842888,-0.025800000000034,-0.0025));
#3880=CARTESIAN_POINT('',(0.10357700157112,-0.025800000000034,-0.0025));
#3881=CARTESIAN_POINT('',(0.10357700157112,-0.025800000000034,-0.0025));
#3882=CARTESIAN_POINT('',(0.103365776946683,-0.025533773648509,-0.0025));
#3883=CARTESIAN_POINT('',(0.103128620857867,-0.0248694663223713,-0.00258372184183778));
#3884=CARTESIAN_POINT('',(0.103367519472025,-0.0239607526705175,-0.00306637912613754));
#3885=CARTESIAN_POINT('',(0.103841244143666,-0.0234679751043034,-0.00358581447688314));
#3886=CARTESIAN_POINT('',(0.104345233163197,-0.0232224889188973,-0.00395708922070253));
#3887=CARTESIAN_POINT('',(0.104844474019582,-0.0231370018792969,-0.00411897368810625));
#3888=CARTESIAN_POINT('',(0.105347322376067,-0.023219548338731,-0.00396205723724312));
#3889=CARTESIAN_POINT('',(0.105857915041242,-0.0234667407524956,-0.00358704854366163));
#3890=CARTESIAN_POINT('',(0.106329708761578,-0.0239563795125068,-0.00306985766902859));
#3891=CARTESIAN_POINT('',(0.106571947421669,-0.0248674440413565,-0.00258395766404815));
#3892=CARTESIAN_POINT('',(0.106335257100911,-0.025532470340626,-0.0025));
#3893=CARTESIAN_POINT('',(0.10612299842888,-0.025800000000034,-0.0025));
#3894=CARTESIAN_POINT('',(0.10485,-0.02479,-0.0025));
#3895=CARTESIAN_POINT('',(0.1009,-0.02479,-0.00267512832151057));
#3896=CARTESIAN_POINT('',(0.1009,-0.0251193610804816,-0.0025573690994437));
#3897=CARTESIAN_POINT('',(0.100941855040027,-0.0254617846560144,-0.0025));
#3898=CARTESIAN_POINT('',(0.101031309124853,-0.025800000000034,-0.0025));
#3899=CARTESIAN_POINT('',(0.101031309124853,-0.025800000000034,-0.0025));
#3900=CARTESIAN_POINT('',(0.10485,-0.02479,-0.0025));
#3901=CARTESIAN_POINT('',(0.108668690875147,-0.025800000000034,-0.0025));
#3902=CARTESIAN_POINT('',(0.108668690875147,-0.025800000000034,-0.0025));
#3903=CARTESIAN_POINT('',(0.10875812822896,-0.025461847914001,-0.0025));
#3904=CARTESIAN_POINT('',(0.1088,-0.0251194224074574,-0.00255734717269712));
#3905=CARTESIAN_POINT('',(0.1088,-0.02479,-0.00267512832151063));
#3906=CARTESIAN_POINT('',(0.085,-0.060070000000017,-0.0025));
#3907=CARTESIAN_POINT('',(0.1088,-0.025800000000034,-0.0025));
#3908=CARTESIAN_POINT('',(0.1088,-0.025800000000034,-0.0025));
#3909=CARTESIAN_POINT('',(0.085,-0.025800000000034,-0.0055));
#3910=CARTESIAN_POINT('',(0.1009,-0.022800000000034,-0.0055));
#3911=CARTESIAN_POINT('',(0.10485,-0.09341,-0.0025));
#3912=CARTESIAN_POINT('',(0.1088,-0.09341,-0.00267512832151056));
#3913=CARTESIAN_POINT('',(0.1088,-0.0930806389195184,-0.00255736909944369));
#3914=CARTESIAN_POINT('',(0.108758144959973,-0.0927382153439856,-0.0025));
#3915=CARTESIAN_POINT('',(0.108668690875147,-0.092399999999966,-0.0025));
#3916=CARTESIAN_POINT('',(0.108668690875147,-0.092399999999966,-0.0025));
#3917=CARTESIAN_POINT('',(0.10485,-0.09341,-0.0025));
#3918=CARTESIAN_POINT('',(0.101031309124853,-0.092399999999966,-0.0025));
#3919=CARTESIAN_POINT('',(0.101031309124853,-0.092399999999966,-0.0025));
#3920=CARTESIAN_POINT('',(0.100941871771039,-0.092738152085999,-0.0025));
#3921=CARTESIAN_POINT('',(0.1009,-0.0930805775925426,-0.00255734717269712));
#3922=CARTESIAN_POINT('',(0.1009,-0.09341,-0.00267512832151063));
#3923=CARTESIAN_POINT('',(0.1009,-0.09341,-0.00267512832151056));
#3924=CARTESIAN_POINT('',(0.1009,-0.09341,-0.0025));
#3925=CARTESIAN_POINT('',(0.1009,-0.094404999999983,-0.0025));
#3926=CARTESIAN_POINT('',(0.1009,-0.092399999999966,-0.0055));
#3927=CARTESIAN_POINT('',(0.10485,-0.09341,-0.0025));
#3928=CARTESIAN_POINT('',(0.10485,-0.09341,-0.0006));
#3929=CARTESIAN_POINT('',(0.103225,-0.09341,-0.0006));
#3930=CARTESIAN_POINT('',(0.10485,-0.09341,-0.0025));
#3931=CARTESIAN_POINT('',(0.10612299842888,-0.092399999999966,-0.0025));
#3932=CARTESIAN_POINT('',(0.10357700157112,-0.092399999999966,-0.0025));
#3933=CARTESIAN_POINT('',(0.10612299842888,-0.092399999999966,-0.0025));
#3934=CARTESIAN_POINT('',(0.106334223053317,-0.092666226351491,-0.0025));
#3935=CARTESIAN_POINT('',(0.106571379142133,-0.0933305336776286,-0.00258372184183778));
#3936=CARTESIAN_POINT('',(0.106332480527975,-0.0942392473294825,-0.00306637912613751));
#3937=CARTESIAN_POINT('',(0.105858755856334,-0.0947320248956965,-0.00358581447688307));
#3938=CARTESIAN_POINT('',(0.105354766836803,-0.0949775110811027,-0.00395708922070247));
#3939=CARTESIAN_POINT('',(0.104855525980419,-0.0950629981207031,-0.00411897368810626));
#3940=CARTESIAN_POINT('',(0.104352677623933,-0.094980451661269,-0.00396205723724322));
#3941=CARTESIAN_POINT('',(0.103842084958758,-0.0947332592475046,-0.00358704854366174));
#3942=CARTESIAN_POINT('',(0.103370291238423,-0.0942436204874934,-0.00306985766902868));
#3943=CARTESIAN_POINT('',(0.103128052578331,-0.0933325559586437,-0.0025839576640482));
#3944=CARTESIAN_POINT('',(0.103364742899089,-0.092667529659374,-0.0025));
#3945=CARTESIAN_POINT('',(0.10357700157112,-0.092399999999966,-0.0025));
#3946=CARTESIAN_POINT('',(0.085,-0.058129999999983,-0.0025));
#3947=CARTESIAN_POINT('',(0.1009,-0.092399999999966,-0.0025));
#3948=CARTESIAN_POINT('',(0.1009,-0.092399999999966,-0.0025));
#3949=CARTESIAN_POINT('',(0.061198,-0.092399999999966,-0.0055));
#3950=CARTESIAN_POINT('',(0.10485,-0.09341,-0.0006));
#3951=CARTESIAN_POINT('',(0.10485,-0.02479,0.));
#3952=CARTESIAN_POINT('',(0.06515,-0.09341,0.));
#3953=CARTESIAN_POINT('',(0.06515,-0.02479,-0.0006));
#3954=CARTESIAN_POINT('',(0.09135,-0.0591,-0.0126));
#3955=CARTESIAN_POINT('',(0.07865,-0.0591,-0.0126));
#3956=CARTESIAN_POINT('',(0.0723,-0.02735,-0.0126));
#3957=CARTESIAN_POINT('',(0.0977,-0.02735,-0.0126));
#3958=CARTESIAN_POINT('',(0.0977,-0.09085,-0.0126));
#3959=CARTESIAN_POINT('',(0.0723,-0.09085,-0.0126));
#3960=CARTESIAN_POINT('',(0.085,-0.0908,-0.0104));
#3961=CARTESIAN_POINT('',(0.085,-0.0273,-0.0104));
#3962=CARTESIAN_POINT('',(0.1088,-0.025500000000034,-0.0096));
#3963=CARTESIAN_POINT('',(0.1082,-0.092699999999966,-0.0096));
#3964=CARTESIAN_POINT('',(0.0618,-0.025500000000034,-0.0096));
#3965=CARTESIAN_POINT('',(0.0612,-0.092699999999966,-0.0096));
#3966=CARTESIAN_POINT('',(0.0662,-0.021500000000034,-0.0061));
#3967=CARTESIAN_POINT('',(0.0662,-0.021500000000034,-0.0061));
#3968=CARTESIAN_POINT('',(0.0662,-0.022000000000034,-0.0066));
#3969=CARTESIAN_POINT('',(0.0662,-0.022000000000034,-0.0066));
#3970=CARTESIAN_POINT('',(0.0662,-0.021500000000034,-0.0071));
#3971=CARTESIAN_POINT('',(0.0662,-0.021500000000034,-0.0071));
#3972=CARTESIAN_POINT('',(0.0662,-0.0591,-0.0066));
#3973=CARTESIAN_POINT('',(0.1038,-0.021500000000034,-0.0061));
#3974=CARTESIAN_POINT('',(0.1038,-0.022000000000034,-0.0066));
#3975=CARTESIAN_POINT('',(0.1038,-0.022000000000034,-0.0066));
#3976=CARTESIAN_POINT('',(0.1038,-0.021500000000034,-0.0061));
#3977=CARTESIAN_POINT('',(0.1038,-0.021500000000034,-0.0071));
#3978=CARTESIAN_POINT('',(0.1038,-0.021500000000034,-0.0071));
#3979=CARTESIAN_POINT('',(0.1038,-0.0591,-0.0066));
#3980=CARTESIAN_POINT('',(0.085,-0.022802000000034,-0.009154802));
#3981=CARTESIAN_POINT('',(0.08053,-0.022800000000034,-0.009154802));
#3982=CARTESIAN_POINT('',(0.08947,-0.021000000000034,-0.009154802));
#3983=CARTESIAN_POINT('',(0.09047,-0.022802000000034,-0.006554802));
#3984=CARTESIAN_POINT('',(0.09047,-0.022800000000034,-0.008154802));
#3985=CARTESIAN_POINT('',(0.09047,-0.021000000000034,-0.004954802));
#3986=CARTESIAN_POINT('',(0.07953,-0.022802000000034,-0.006554802));
#3987=CARTESIAN_POINT('',(0.07953,-0.022800000000034,-0.004954802));
#3988=CARTESIAN_POINT('',(0.07953,-0.021000000000034,-0.008154802));
#3989=CARTESIAN_POINT('',(0.085,-0.022802000000034,-0.003954802));
#3990=CARTESIAN_POINT('',(0.08053,-0.021000000000034,-0.003954802));
#3991=CARTESIAN_POINT('',(0.08947,-0.022800000000034,-0.003954802));
#3992=CARTESIAN_POINT('',(0.061198,-0.022800000000034,-0.0062));
#3993=CARTESIAN_POINT('',(0.0723,-0.022800000000034,-0.005904802));
#3994=CARTESIAN_POINT('',(0.0723,-0.022802000000034,-0.005904802));
#3995=CARTESIAN_POINT('',(0.061198,-0.022800000000034,-0.0062));
#3996=CARTESIAN_POINT('',(0.0977,-0.022800000000034,-0.005904802));
#3997=CARTESIAN_POINT('',(0.0977,-0.022802000000034,-0.005904802));
#3998=CARTESIAN_POINT('',(0.08053,-0.022802000000034,-0.004954802));
#3999=CARTESIAN_POINT('',(0.08053,-0.022802000000034,-0.008154802));
#4000=CARTESIAN_POINT('',(0.08947,-0.022802000000034,-0.008154802));
#4001=CARTESIAN_POINT('',(0.08947,-0.022802000000034,-0.004954802));
#4002=MECHANICAL_DESIGN_GEOMETRIC_PRESENTATION_REPRESENTATION('',(#2345),
#4003);
#4003=(
GEOMETRIC_REPRESENTATION_CONTEXT(3)
GLOBAL_UNCERTAINTY_ASSIGNED_CONTEXT((#4004))
GLOBAL_UNIT_ASSIGNED_CONTEXT((#4007,#4006,#4005))
REPRESENTATION_CONTEXT('case','TOP_LEVEL_ASSEMBLY_PART')
);
#4004=UNCERTAINTY_MEASURE_WITH_UNIT(LENGTH_MEASURE(2.E-5),#4007,
'DISTANCE_ACCURACY_VALUE','Maximum Tolerance applied to model');
#4005=(
NAMED_UNIT(*)
SI_UNIT($,.STERADIAN.)
SOLID_ANGLE_UNIT()
);
#4006=(
NAMED_UNIT(*)
PLANE_ANGLE_UNIT()
SI_UNIT($,.RADIAN.)
);
#4007=(
LENGTH_UNIT()
NAMED_UNIT(*)
SI_UNIT($,.METRE.)
);
#4008=PRODUCT_DEFINITION_SHAPE('','',#4009);
#4009=PRODUCT_DEFINITION('','',#4011,#4010);
#4010=PRODUCT_DEFINITION_CONTEXT('',#4017,'design');
#4011=PRODUCT_DEFINITION_FORMATION_WITH_SPECIFIED_SOURCE('','',#4013,
 .NOT_KNOWN.);
#4012=PRODUCT_RELATED_PRODUCT_CATEGORY('','',(#4013));
#4013=PRODUCT('case','case','case',(#4015));
#4014=PRODUCT_CATEGORY('','');
#4015=PRODUCT_CONTEXT('',#4017,'mechanical');
#4016=APPLICATION_PROTOCOL_DEFINITION('international standard',
'ap242_managed_model_based_3d_engineering',2020,#4017);
#4017=APPLICATION_CONTEXT('managed model based 3d engineering');
ENDSEC;
END-ISO-10303-21;
