ISO-10303-21;
HEADER;
/* Generated by software containing ST-Developer
 * from STEP Tools, Inc. (www.steptools.com) 
 */
/* OPTION: using custom renumber hook */

FILE_DESCRIPTION(
/* description */ ('STEP AP242 Edition 2',
'CAx-IF Rec.Pracs.---Representation and Presentation of Product Manufa
cturing Information (PMI)---4.0---2014-10-13',
'CAx-IF Rec.Pracs.---3D Tessellated Geometry---0.4---2014-09-14','2;1',
'CAx-IF Rec.Pracs.---User Defined Attributes---1.5---2016-08-15'),
/* implementation_level */ '2;1');

FILE_NAME(
/* name */ 'hall - case',
/* time_stamp */ '2026-04-07T22:50:58Z',
/* author */ (''),
/* organization */ (''),
/* preprocessor_version */ 'ST-DEVELOPER v20',
/* originating_system */ 'ONSHAPE BY PTC INC, 1.213',
/* authorisation */ '  ');

FILE_SCHEMA (('AP242_MANAGED_MODEL_BASED_3D_ENGINEERING_MIM_LF { 1 0 10303 442 3 1 4 }'));
ENDSEC;

DATA;
#10=SHAPE_REPRESENTATION_RELATIONSHIP('','',#3595,#11);
#11=ADVANCED_BREP_SHAPE_REPRESENTATION('',(#3593),#6129);
#12=CONICAL_SURFACE('',#3952,0.001625,0.785398163397448);
#13=CONICAL_SURFACE('',#3953,0.001625,0.785398163397448);
#14=CONICAL_SURFACE('',#3954,0.002225,0.785398163397448);
#15=CONICAL_SURFACE('',#3955,0.002225,0.785398163397448);
#16=CONICAL_SURFACE('',#3956,0.00222499999999997,0.785398163397448);
#17=CONICAL_SURFACE('',#3957,0.00222499999999997,0.785398163397448);
#18=CONICAL_SURFACE('',#3958,0.002225,0.785398163397449);
#19=CONICAL_SURFACE('',#3959,0.002225,0.785398163397449);
#20=CONICAL_SURFACE('',#3960,0.001625,0.785398163397449);
#21=CONICAL_SURFACE('',#3961,0.001625,0.785398163397449);
#22=CONICAL_SURFACE('',#3962,0.001625,0.785398163397449);
#23=CONICAL_SURFACE('',#3963,0.001625,0.785398163397449);
#24=CONICAL_SURFACE('',#3964,0.00215,0.785398163397448);
#25=CONICAL_SURFACE('',#3965,0.00155,0.785398163397448);
#26=CONICAL_SURFACE('',#3966,0.00155,0.785398163397457);
#27=CONICAL_SURFACE('',#3967,0.00215,0.785398163397457);
#28=TOROIDAL_SURFACE('',#3900,0.0056,0.0018);
#29=TOROIDAL_SURFACE('',#3901,0.0056,0.0018);
#30=TOROIDAL_SURFACE('',#3902,0.0056,0.0018);
#31=TOROIDAL_SURFACE('',#3903,0.0056,0.0018);
#32=TOROIDAL_SURFACE('',#3911,0.0056,0.0018);
#33=TOROIDAL_SURFACE('',#3916,0.0056,0.0018);
#34=TOROIDAL_SURFACE('',#3939,0.0056,0.0018);
#35=TOROIDAL_SURFACE('',#3941,0.0056,0.0018);
#36=TOROIDAL_SURFACE('',#3948,0.0056,0.0018);
#37=TOROIDAL_SURFACE('',#3949,0.0056,0.0018);
#38=TOROIDAL_SURFACE('',#3950,0.0056,0.0018);
#39=TOROIDAL_SURFACE('',#3951,0.0056,0.0018);
#40=B_SPLINE_CURVE_WITH_KNOTS('',3,(#5536,#5537,#5538,#5539,#5540),
 .UNSPECIFIED.,.F.,.F.,(4,1,4),(0.,0.0013436741215259,0.00268734824305179),
 .UNSPECIFIED.);
#41=B_SPLINE_CURVE_WITH_KNOTS('',3,(#5568,#5569,#5570,#5571,#5572),
 .UNSPECIFIED.,.F.,.F.,(4,1,4),(0.,0.00134367412152588,0.00268734824305176),
 .UNSPECIFIED.);
#42=B_SPLINE_CURVE_WITH_KNOTS('',3,(#5600,#5601,#5602,#5603,#5604),
 .UNSPECIFIED.,.F.,.F.,(4,1,4),(0.,0.0013436741215259,0.00268734824305181),
 .UNSPECIFIED.);
#43=B_SPLINE_CURVE_WITH_KNOTS('',3,(#5632,#5633,#5634,#5635,#5636),
 .UNSPECIFIED.,.F.,.F.,(4,1,4),(0.,0.0013436741215259,0.00268734824305179),
 .UNSPECIFIED.);
#44=B_SPLINE_CURVE_WITH_KNOTS('',3,(#5997,#5998,#5999,#6000),
 .UNSPECIFIED.,.F.,.F.,(4,4),(0.00363764366892747,0.00729387803947047),
 .UNSPECIFIED.);
#45=B_SPLINE_CURVE_WITH_KNOTS('',3,(#6008,#6009,#6010,#6011),
 .UNSPECIFIED.,.F.,.F.,(4,4),(0.00363764366892774,0.00729387803947845),
 .UNSPECIFIED.);
#46=B_SPLINE_CURVE_WITH_KNOTS('',3,(#6031,#6032,#6033,#6034),
 .UNSPECIFIED.,.F.,.F.,(4,4),(0.00363764366892974,0.00729387803952787),
 .UNSPECIFIED.);
#47=B_SPLINE_CURVE_WITH_KNOTS('',3,(#6042,#6043,#6044,#6045),
 .UNSPECIFIED.,.F.,.F.,(4,4),(0.00363764366892971,0.00729387803952435),
 .UNSPECIFIED.);
#48=ELLIPSE('',#3611,0.00254558441227157,0.0018);
#49=ELLIPSE('',#3614,0.00254558441227157,0.0018);
#50=ELLIPSE('',#3906,0.00254558441227157,0.0018);
#51=ELLIPSE('',#3918,0.00254558441227157,0.0018);
#52=ELLIPSE('',#3920,0.00254558441227157,0.0018);
#53=ELLIPSE('',#3922,0.00254558441227157,0.0018);
#54=ELLIPSE('',#3924,0.00254558441227157,0.0018);
#55=ELLIPSE('',#3926,0.00254558441227157,0.0018);
#56=ELLIPSE('',#3928,0.00254558441227157,0.0018);
#57=ELLIPSE('',#3930,0.00254558441227157,0.0018);
#58=ELLIPSE('',#3932,0.00254558441227157,0.0018);
#59=ELLIPSE('',#3944,0.00254558441227157,0.0018);
#60=CYLINDRICAL_SURFACE('',#3609,0.0018);
#61=CYLINDRICAL_SURFACE('',#3612,0.0018);
#62=CYLINDRICAL_SURFACE('',#3643,0.0038);
#63=CYLINDRICAL_SURFACE('',#3647,0.000899999018330995);
#64=CYLINDRICAL_SURFACE('',#3650,0.000899999018330985);
#65=CYLINDRICAL_SURFACE('',#3651,0.001625);
#66=CYLINDRICAL_SURFACE('',#3660,0.001625);
#67=CYLINDRICAL_SURFACE('',#3662,0.000899999018331023);
#68=CYLINDRICAL_SURFACE('',#3666,0.000899999018331016);
#69=CYLINDRICAL_SURFACE('',#3668,0.00379999999999995);
#70=CYLINDRICAL_SURFACE('',#3719,0.0038);
#71=CYLINDRICAL_SURFACE('',#3721,0.00155);
#72=CYLINDRICAL_SURFACE('',#3728,0.0038);
#73=CYLINDRICAL_SURFACE('',#3730,0.00155);
#74=CYLINDRICAL_SURFACE('',#3737,0.0038);
#75=CYLINDRICAL_SURFACE('',#3739,0.00155);
#76=CYLINDRICAL_SURFACE('',#3746,0.0038);
#77=CYLINDRICAL_SURFACE('',#3748,0.00155);
#78=CYLINDRICAL_SURFACE('',#3752,0.0004);
#79=CYLINDRICAL_SURFACE('',#3755,0.0004);
#80=CYLINDRICAL_SURFACE('',#3763,0.0004);
#81=CYLINDRICAL_SURFACE('',#3766,0.0004);
#82=CYLINDRICAL_SURFACE('',#3770,0.0004);
#83=CYLINDRICAL_SURFACE('',#3771,0.0004);
#84=CYLINDRICAL_SURFACE('',#3772,0.0004);
#85=CYLINDRICAL_SURFACE('',#3773,0.0004);
#86=CYLINDRICAL_SURFACE('',#3780,0.001625);
#87=CYLINDRICAL_SURFACE('',#3783,0.001625);
#88=CYLINDRICAL_SURFACE('',#3786,0.001625);
#89=CYLINDRICAL_SURFACE('',#3789,0.001625);
#90=CYLINDRICAL_SURFACE('',#3792,0.0038);
#91=CYLINDRICAL_SURFACE('',#3798,0.0038);
#92=CYLINDRICAL_SURFACE('',#3803,0.0038);
#93=CYLINDRICAL_SURFACE('',#3808,0.0038);
#94=CYLINDRICAL_SURFACE('',#3812,0.001625);
#95=CYLINDRICAL_SURFACE('',#3815,0.001625);
#96=CYLINDRICAL_SURFACE('',#3818,0.001625);
#97=CYLINDRICAL_SURFACE('',#3821,0.001625);
#98=CYLINDRICAL_SURFACE('',#3824,0.0038);
#99=CYLINDRICAL_SURFACE('',#3830,0.0038);
#100=CYLINDRICAL_SURFACE('',#3836,0.0038);
#101=CYLINDRICAL_SURFACE('',#3840,0.0038);
#102=CYLINDRICAL_SURFACE('',#3851,0.001625);
#103=CYLINDRICAL_SURFACE('',#3854,0.000899999018330985);
#104=CYLINDRICAL_SURFACE('',#3858,0.000899999018330995);
#105=CYLINDRICAL_SURFACE('',#3862,0.0038);
#106=CYLINDRICAL_SURFACE('',#3875,0.001625);
#107=CYLINDRICAL_SURFACE('',#3878,0.000899999018331023);
#108=CYLINDRICAL_SURFACE('',#3883,0.000899999018331016);
#109=CYLINDRICAL_SURFACE('',#3886,0.00379999999999995);
#110=CYLINDRICAL_SURFACE('',#3904,0.0018);
#111=CYLINDRICAL_SURFACE('',#3907,0.0018);
#112=CYLINDRICAL_SURFACE('',#3909,0.0018);
#113=CYLINDRICAL_SURFACE('',#3913,0.0018);
#114=CYLINDRICAL_SURFACE('',#3914,0.0018);
#115=CYLINDRICAL_SURFACE('',#3917,0.0018);
#116=CYLINDRICAL_SURFACE('',#3919,0.0018);
#117=CYLINDRICAL_SURFACE('',#3921,0.0018);
#118=CYLINDRICAL_SURFACE('',#3923,0.0018);
#119=CYLINDRICAL_SURFACE('',#3925,0.0018);
#120=CYLINDRICAL_SURFACE('',#3927,0.0018);
#121=CYLINDRICAL_SURFACE('',#3929,0.0018);
#122=CYLINDRICAL_SURFACE('',#3931,0.0018);
#123=CYLINDRICAL_SURFACE('',#3933,0.0018);
#124=CYLINDRICAL_SURFACE('',#3934,0.0018);
#125=CYLINDRICAL_SURFACE('',#3936,0.0018);
#126=CYLINDRICAL_SURFACE('',#3938,0.0018);
#127=CYLINDRICAL_SURFACE('',#3943,0.0018);
#128=CYLINDRICAL_SURFACE('',#3945,0.0018);
#129=CYLINDRICAL_SURFACE('',#3946,0.0018);
#130=CYLINDRICAL_SURFACE('',#3981,0.002);
#131=CYLINDRICAL_SURFACE('',#3982,0.002);
#132=CYLINDRICAL_SURFACE('',#3985,0.002);
#133=CYLINDRICAL_SURFACE('',#3986,0.002);
#134=LINE('',#5075,#430);
#135=LINE('',#5078,#431);
#136=LINE('',#5080,#432);
#137=LINE('',#5084,#433);
#138=LINE('',#5086,#434);
#139=LINE('',#5088,#435);
#140=LINE('',#5090,#436);
#141=LINE('',#5092,#437);
#142=LINE('',#5096,#438);
#143=LINE('',#5098,#439);
#144=LINE('',#5100,#440);
#145=LINE('',#5103,#441);
#146=LINE('',#5105,#442);
#147=LINE('',#5107,#443);
#148=LINE('',#5109,#444);
#149=LINE('',#5111,#445);
#150=LINE('',#5113,#446);
#151=LINE('',#5119,#447);
#152=LINE('',#5121,#448);
#153=LINE('',#5123,#449);
#154=LINE('',#5125,#450);
#155=LINE('',#5127,#451);
#156=LINE('',#5129,#452);
#157=LINE('',#5131,#453);
#158=LINE('',#5133,#454);
#159=LINE('',#5135,#455);
#160=LINE('',#5137,#456);
#161=LINE('',#5139,#457);
#162=LINE('',#5145,#458);
#163=LINE('',#5147,#459);
#164=LINE('',#5149,#460);
#165=LINE('',#5151,#461);
#166=LINE('',#5160,#462);
#167=LINE('',#5168,#463);
#168=LINE('',#5173,#464);
#169=LINE('',#5178,#465);
#170=LINE('',#5182,#466);
#171=LINE('',#5187,#467);
#172=LINE('',#5191,#468);
#173=LINE('',#5196,#469);
#174=LINE('',#5200,#470);
#175=LINE('',#5205,#471);
#176=LINE('',#5210,#472);
#177=LINE('',#5216,#473);
#178=LINE('',#5221,#474);
#179=LINE('',#5225,#475);
#180=LINE('',#5229,#476);
#181=LINE('',#5233,#477);
#182=LINE('',#5237,#478);
#183=LINE('',#5238,#479);
#184=LINE('',#5242,#480);
#185=LINE('',#5243,#481);
#186=LINE('',#5244,#482);
#187=LINE('',#5245,#483);
#188=LINE('',#5246,#484);
#189=LINE('',#5249,#485);
#190=LINE('',#5251,#486);
#191=LINE('',#5254,#487);
#192=LINE('',#5262,#488);
#193=LINE('',#5267,#489);
#194=LINE('',#5271,#490);
#195=LINE('',#5275,#491);
#196=LINE('',#5279,#492);
#197=LINE('',#5286,#493);
#198=LINE('',#5287,#494);
#199=LINE('',#5289,#495);
#200=LINE('',#5291,#496);
#201=LINE('',#5292,#497);
#202=LINE('',#5294,#498);
#203=LINE('',#5295,#499);
#204=LINE('',#5297,#500);
#205=LINE('',#5299,#501);
#206=LINE('',#5303,#502);
#207=LINE('',#5314,#503);
#208=LINE('',#5317,#504);
#209=LINE('',#5319,#505);
#210=LINE('',#5321,#506);
#211=LINE('',#5325,#507);
#212=LINE('',#5327,#508);
#213=LINE('',#5329,#509);
#214=LINE('',#5331,#510);
#215=LINE('',#5333,#511);
#216=LINE('',#5337,#512);
#217=LINE('',#5339,#513);
#218=LINE('',#5342,#514);
#219=LINE('',#5343,#515);
#220=LINE('',#5345,#516);
#221=LINE('',#5347,#517);
#222=LINE('',#5353,#518);
#223=LINE('',#5355,#519);
#224=LINE('',#5357,#520);
#225=LINE('',#5359,#521);
#226=LINE('',#5361,#522);
#227=LINE('',#5363,#523);
#228=LINE('',#5365,#524);
#229=LINE('',#5367,#525);
#230=LINE('',#5369,#526);
#231=LINE('',#5371,#527);
#232=LINE('',#5373,#528);
#233=LINE('',#5379,#529);
#234=LINE('',#5381,#530);
#235=LINE('',#5383,#531);
#236=LINE('',#5385,#532);
#237=LINE('',#5387,#533);
#238=LINE('',#5393,#534);
#239=LINE('',#5396,#535);
#240=LINE('',#5398,#536);
#241=LINE('',#5402,#537);
#242=LINE('',#5403,#538);
#243=LINE('',#5405,#539);
#244=LINE('',#5409,#540);
#245=LINE('',#5413,#541);
#246=LINE('',#5415,#542);
#247=LINE('',#5416,#543);
#248=LINE('',#5420,#544);
#249=LINE('',#5424,#545);
#250=LINE('',#5428,#546);
#251=LINE('',#5430,#547);
#252=LINE('',#5433,#548);
#253=LINE('',#5434,#549);
#254=LINE('',#5436,#550);
#255=LINE('',#5438,#551);
#256=LINE('',#5440,#552);
#257=LINE('',#5442,#553);
#258=LINE('',#5444,#554);
#259=LINE('',#5446,#555);
#260=LINE('',#5447,#556);
#261=LINE('',#5453,#557);
#262=LINE('',#5455,#558);
#263=LINE('',#5458,#559);
#264=LINE('',#5462,#560);
#265=LINE('',#5466,#561);
#266=LINE('',#5467,#562);
#267=LINE('',#5469,#563);
#268=LINE('',#5473,#564);
#269=LINE('',#5477,#565);
#270=LINE('',#5479,#566);
#271=LINE('',#5480,#567);
#272=LINE('',#5484,#568);
#273=LINE('',#5486,#569);
#274=LINE('',#5488,#570);
#275=LINE('',#5489,#571);
#276=LINE('',#5507,#572);
#277=LINE('',#5508,#573);
#278=LINE('',#5510,#574);
#279=LINE('',#5513,#575);
#280=LINE('',#5517,#576);
#281=LINE('',#5518,#577);
#282=LINE('',#5522,#578);
#283=LINE('',#5524,#579);
#284=LINE('',#5526,#580);
#285=LINE('',#5529,#581);
#286=LINE('',#5530,#582);
#287=LINE('',#5542,#583);
#288=LINE('',#5546,#584);
#289=LINE('',#5548,#585);
#290=LINE('',#5552,#586);
#291=LINE('',#5554,#587);
#292=LINE('',#5556,#588);
#293=LINE('',#5558,#589);
#294=LINE('',#5560,#590);
#295=LINE('',#5562,#591);
#296=LINE('',#5574,#592);
#297=LINE('',#5577,#593);
#298=LINE('',#5579,#594);
#299=LINE('',#5581,#595);
#300=LINE('',#5583,#596);
#301=LINE('',#5586,#597);
#302=LINE('',#5587,#598);
#303=LINE('',#5589,#599);
#304=LINE('',#5593,#600);
#305=LINE('',#5606,#601);
#306=LINE('',#5609,#602);
#307=LINE('',#5613,#603);
#308=LINE('',#5614,#604);
#309=LINE('',#5618,#605);
#310=LINE('',#5620,#606);
#311=LINE('',#5622,#607);
#312=LINE('',#5625,#608);
#313=LINE('',#5626,#609);
#314=LINE('',#5638,#610);
#315=LINE('',#5640,#611);
#316=LINE('',#5642,#612);
#317=LINE('',#5644,#613);
#318=LINE('',#5646,#614);
#319=LINE('',#5650,#615);
#320=LINE('',#5652,#616);
#321=LINE('',#5654,#617);
#322=LINE('',#5658,#618);
#323=LINE('',#5660,#619);
#324=LINE('',#5662,#620);
#325=LINE('',#5664,#621);
#326=LINE('',#5666,#622);
#327=LINE('',#5668,#623);
#328=LINE('',#5670,#624);
#329=LINE('',#5672,#625);
#330=LINE('',#5674,#626);
#331=LINE('',#5676,#627);
#332=LINE('',#5678,#628);
#333=LINE('',#5682,#629);
#334=LINE('',#5684,#630);
#335=LINE('',#5686,#631);
#336=LINE('',#5690,#632);
#337=LINE('',#5692,#633);
#338=LINE('',#5698,#634);
#339=LINE('',#5700,#635);
#340=LINE('',#5702,#636);
#341=LINE('',#5705,#637);
#342=LINE('',#5707,#638);
#343=LINE('',#5709,#639);
#344=LINE('',#5732,#640);
#345=LINE('',#5737,#641);
#346=LINE('',#5741,#642);
#347=LINE('',#5742,#643);
#348=LINE('',#5744,#644);
#349=LINE('',#5745,#645);
#350=LINE('',#5754,#646);
#351=LINE('',#5756,#647);
#352=LINE('',#5758,#648);
#353=LINE('',#5762,#649);
#354=LINE('',#5766,#650);
#355=LINE('',#5767,#651);
#356=LINE('',#5796,#652);
#357=LINE('',#5801,#653);
#358=LINE('',#5805,#654);
#359=LINE('',#5806,#655);
#360=LINE('',#5808,#656);
#361=LINE('',#5809,#657);
#362=LINE('',#5818,#658);
#363=LINE('',#5821,#659);
#364=LINE('',#5822,#660);
#365=LINE('',#5824,#661);
#366=LINE('',#5826,#662);
#367=LINE('',#5828,#663);
#368=LINE('',#5842,#664);
#369=LINE('',#5847,#665);
#370=LINE('',#5851,#666);
#371=LINE('',#5855,#667);
#372=LINE('',#5859,#668);
#373=LINE('',#5871,#669);
#374=LINE('',#5872,#670);
#375=LINE('',#5874,#671);
#376=LINE('',#5876,#672);
#377=LINE('',#5878,#673);
#378=LINE('',#5881,#674);
#379=LINE('',#5882,#675);
#380=LINE('',#5886,#676);
#381=LINE('',#5888,#677);
#382=LINE('',#5890,#678);
#383=LINE('',#5892,#679);
#384=LINE('',#5895,#680);
#385=LINE('',#5896,#681);
#386=LINE('',#5900,#682);
#387=LINE('',#5906,#683);
#388=LINE('',#5910,#684);
#389=LINE('',#5915,#685);
#390=LINE('',#5919,#686);
#391=LINE('',#5923,#687);
#392=LINE('',#5927,#688);
#393=LINE('',#5939,#689);
#394=LINE('',#5940,#690);
#395=LINE('',#5942,#691);
#396=LINE('',#5944,#692);
#397=LINE('',#5946,#693);
#398=LINE('',#5949,#694);
#399=LINE('',#5950,#695);
#400=LINE('',#5952,#696);
#401=LINE('',#5955,#697);
#402=LINE('',#5956,#698);
#403=LINE('',#5960,#699);
#404=LINE('',#5962,#700);
#405=LINE('',#5964,#701);
#406=LINE('',#5968,#702);
#407=LINE('',#5974,#703);
#408=LINE('',#6002,#704);
#409=LINE('',#6006,#705);
#410=LINE('',#6029,#706);
#411=LINE('',#6038,#707);
#412=LINE('',#6076,#708);
#413=LINE('',#6080,#709);
#414=LINE('',#6084,#710);
#415=LINE('',#6088,#711);
#416=LINE('',#6092,#712);
#417=LINE('',#6094,#713);
#418=LINE('',#6099,#714);
#419=LINE('',#6100,#715);
#420=LINE('',#6104,#716);
#421=LINE('',#6108,#717);
#422=LINE('',#6112,#718);
#423=LINE('',#6114,#719);
#424=LINE('',#6115,#720);
#425=LINE('',#6117,#721);
#426=LINE('',#6118,#722);
#427=LINE('',#6122,#723);
#428=LINE('',#6124,#724);
#429=LINE('',#6125,#725);
#430=VECTOR('',#3999,1.);
#431=VECTOR('',#4000,1.);
#432=VECTOR('',#4001,1.);
#433=VECTOR('',#4004,1.);
#434=VECTOR('',#4005,1.);
#435=VECTOR('',#4006,1.);
#436=VECTOR('',#4007,1.);
#437=VECTOR('',#4008,1.);
#438=VECTOR('',#4011,1.);
#439=VECTOR('',#4012,1.);
#440=VECTOR('',#4015,1.);
#441=VECTOR('',#4016,1.);
#442=VECTOR('',#4017,1.);
#443=VECTOR('',#4018,1.);
#444=VECTOR('',#4019,1.);
#445=VECTOR('',#4020,1.);
#446=VECTOR('',#4021,1.);
#447=VECTOR('',#4026,1.);
#448=VECTOR('',#4027,1.);
#449=VECTOR('',#4028,1.);
#450=VECTOR('',#4029,1.);
#451=VECTOR('',#4030,1.);
#452=VECTOR('',#4031,1.);
#453=VECTOR('',#4032,1.);
#454=VECTOR('',#4033,1.);
#455=VECTOR('',#4034,1.);
#456=VECTOR('',#4035,1.);
#457=VECTOR('',#4036,1.);
#458=VECTOR('',#4041,1.);
#459=VECTOR('',#4042,1.);
#460=VECTOR('',#4043,1.);
#461=VECTOR('',#4044,1.);
#462=VECTOR('',#4057,1.);
#463=VECTOR('',#4068,1.);
#464=VECTOR('',#4073,1.);
#465=VECTOR('',#4076,1.);
#466=VECTOR('',#4081,1.);
#467=VECTOR('',#4084,1.);
#468=VECTOR('',#4089,1.);
#469=VECTOR('',#4092,1.);
#470=VECTOR('',#4097,1.);
#471=VECTOR('',#4102,1.);
#472=VECTOR('',#4105,1.);
#473=VECTOR('',#4112,1.);
#474=VECTOR('',#4115,1.);
#475=VECTOR('',#4118,1.);
#476=VECTOR('',#4121,1.);
#477=VECTOR('',#4124,1.);
#478=VECTOR('',#4129,1.);
#479=VECTOR('',#4130,1.);
#480=VECTOR('',#4135,1.);
#481=VECTOR('',#4136,1.);
#482=VECTOR('',#4137,1.);
#483=VECTOR('',#4138,1.);
#484=VECTOR('',#4139,1.);
#485=VECTOR('',#4144,1.);
#486=VECTOR('',#4147,1.);
#487=VECTOR('',#4152,1.);
#488=VECTOR('',#4163,1.);
#489=VECTOR('',#4166,1.);
#490=VECTOR('',#4169,1.);
#491=VECTOR('',#4172,1.);
#492=VECTOR('',#4175,1.);
#493=VECTOR('',#4184,1.);
#494=VECTOR('',#4185,1.);
#495=VECTOR('',#4188,1.);
#496=VECTOR('',#4191,1.);
#497=VECTOR('',#4192,1.);
#498=VECTOR('',#4195,1.);
#499=VECTOR('',#4196,1.);
#500=VECTOR('',#4199,1.);
#501=VECTOR('',#4202,1.);
#502=VECTOR('',#4207,1.);
#503=VECTOR('',#4220,1.);
#504=VECTOR('',#4221,1.);
#505=VECTOR('',#4222,1.);
#506=VECTOR('',#4223,1.);
#507=VECTOR('',#4226,1.);
#508=VECTOR('',#4227,1.);
#509=VECTOR('',#4228,1.);
#510=VECTOR('',#4229,1.);
#511=VECTOR('',#4230,1.);
#512=VECTOR('',#4233,1.);
#513=VECTOR('',#4236,1.);
#514=VECTOR('',#4237,1.);
#515=VECTOR('',#4238,1.);
#516=VECTOR('',#4239,1.);
#517=VECTOR('',#4240,1.);
#518=VECTOR('',#4245,1.);
#519=VECTOR('',#4246,1.);
#520=VECTOR('',#4247,1.);
#521=VECTOR('',#4248,1.);
#522=VECTOR('',#4249,1.);
#523=VECTOR('',#4250,1.);
#524=VECTOR('',#4251,1.);
#525=VECTOR('',#4252,1.);
#526=VECTOR('',#4253,1.);
#527=VECTOR('',#4254,1.);
#528=VECTOR('',#4255,1.);
#529=VECTOR('',#4260,1.);
#530=VECTOR('',#4261,1.);
#531=VECTOR('',#4262,1.);
#532=VECTOR('',#4263,1.);
#533=VECTOR('',#4264,1.);
#534=VECTOR('',#4271,1.);
#535=VECTOR('',#4272,1.);
#536=VECTOR('',#4273,1.);
#537=VECTOR('',#4276,1.);
#538=VECTOR('',#4277,1.);
#539=VECTOR('',#4278,1.);
#540=VECTOR('',#4281,1.);
#541=VECTOR('',#4284,1.);
#542=VECTOR('',#4285,1.);
#543=VECTOR('',#4286,1.);
#544=VECTOR('',#4289,1.);
#545=VECTOR('',#4292,1.);
#546=VECTOR('',#4295,1.);
#547=VECTOR('',#4298,1.);
#548=VECTOR('',#4299,1.);
#549=VECTOR('',#4300,1.);
#550=VECTOR('',#4301,1.);
#551=VECTOR('',#4302,1.);
#552=VECTOR('',#4303,1.);
#553=VECTOR('',#4304,1.);
#554=VECTOR('',#4305,1.);
#555=VECTOR('',#4306,1.);
#556=VECTOR('',#4307,1.);
#557=VECTOR('',#4314,1.);
#558=VECTOR('',#4315,1.);
#559=VECTOR('',#4318,1.);
#560=VECTOR('',#4321,1.);
#561=VECTOR('',#4324,1.);
#562=VECTOR('',#4325,1.);
#563=VECTOR('',#4326,1.);
#564=VECTOR('',#4329,1.);
#565=VECTOR('',#4332,1.);
#566=VECTOR('',#4333,1.);
#567=VECTOR('',#4334,1.);
#568=VECTOR('',#4339,1.);
#569=VECTOR('',#4342,1.);
#570=VECTOR('',#4345,1.);
#571=VECTOR('',#4346,1.);
#572=VECTOR('',#4365,1.);
#573=VECTOR('',#4366,1.);
#574=VECTOR('',#4369,1.);
#575=VECTOR('',#4370,1.);
#576=VECTOR('',#4373,1.);
#577=VECTOR('',#4374,1.);
#578=VECTOR('',#4379,1.);
#579=VECTOR('',#4380,1.);
#580=VECTOR('',#4383,1.);
#581=VECTOR('',#4384,1.);
#582=VECTOR('',#4385,1.);
#583=VECTOR('',#4396,1.);
#584=VECTOR('',#4399,1.);
#585=VECTOR('',#4400,1.);
#586=VECTOR('',#4403,1.);
#587=VECTOR('',#4406,1.);
#588=VECTOR('',#4407,1.);
#589=VECTOR('',#4408,1.);
#590=VECTOR('',#4411,1.);
#591=VECTOR('',#4412,1.);
#592=VECTOR('',#4423,1.);
#593=VECTOR('',#4424,1.);
#594=VECTOR('',#4425,1.);
#595=VECTOR('',#4426,1.);
#596=VECTOR('',#4429,1.);
#597=VECTOR('',#4430,1.);
#598=VECTOR('',#4431,1.);
#599=VECTOR('',#4434,1.);
#600=VECTOR('',#4437,1.);
#601=VECTOR('',#4450,1.);
#602=VECTOR('',#4451,1.);
#603=VECTOR('',#4454,1.);
#604=VECTOR('',#4455,1.);
#605=VECTOR('',#4460,1.);
#606=VECTOR('',#4461,1.);
#607=VECTOR('',#4464,1.);
#608=VECTOR('',#4465,1.);
#609=VECTOR('',#4466,1.);
#610=VECTOR('',#4477,1.);
#611=VECTOR('',#4478,1.);
#612=VECTOR('',#4481,1.);
#613=VECTOR('',#4482,1.);
#614=VECTOR('',#4485,1.);
#615=VECTOR('',#4490,1.);
#616=VECTOR('',#4491,1.);
#617=VECTOR('',#4494,1.);
#618=VECTOR('',#4499,1.);
#619=VECTOR('',#4500,1.);
#620=VECTOR('',#4503,1.);
#621=VECTOR('',#4506,1.);
#622=VECTOR('',#4509,1.);
#623=VECTOR('',#4510,1.);
#624=VECTOR('',#4513,1.);
#625=VECTOR('',#4514,1.);
#626=VECTOR('',#4517,1.);
#627=VECTOR('',#4518,1.);
#628=VECTOR('',#4521,1.);
#629=VECTOR('',#4526,1.);
#630=VECTOR('',#4527,1.);
#631=VECTOR('',#4530,1.);
#632=VECTOR('',#4535,1.);
#633=VECTOR('',#4538,1.);
#634=VECTOR('',#4549,1.);
#635=VECTOR('',#4550,1.);
#636=VECTOR('',#4553,1.);
#637=VECTOR('',#4558,1.);
#638=VECTOR('',#4559,1.);
#639=VECTOR('',#4562,1.);
#640=VECTOR('',#4591,1.);
#641=VECTOR('',#4594,1.);
#642=VECTOR('',#4599,1.);
#643=VECTOR('',#4600,1.);
#644=VECTOR('',#4603,1.);
#645=VECTOR('',#4604,1.);
#646=VECTOR('',#4617,1.);
#647=VECTOR('',#4618,1.);
#648=VECTOR('',#4619,1.);
#649=VECTOR('',#4624,1.);
#650=VECTOR('',#4629,1.);
#651=VECTOR('',#4630,1.);
#652=VECTOR('',#4667,1.);
#653=VECTOR('',#4670,1.);
#654=VECTOR('',#4675,1.);
#655=VECTOR('',#4676,1.);
#656=VECTOR('',#4679,1.);
#657=VECTOR('',#4680,1.);
#658=VECTOR('',#4693,1.);
#659=VECTOR('',#4694,1.);
#660=VECTOR('',#4695,1.);
#661=VECTOR('',#4698,1.);
#662=VECTOR('',#4699,1.);
#663=VECTOR('',#4700,1.);
#664=VECTOR('',#4721,1.);
#665=VECTOR('',#4724,1.);
#666=VECTOR('',#4727,1.);
#667=VECTOR('',#4730,1.);
#668=VECTOR('',#4733,1.);
#669=VECTOR('',#4746,1.);
#670=VECTOR('',#4747,1.);
#671=VECTOR('',#4750,1.);
#672=VECTOR('',#4751,1.);
#673=VECTOR('',#4754,1.);
#674=VECTOR('',#4755,1.);
#675=VECTOR('',#4756,1.);
#676=VECTOR('',#4761,1.);
#677=VECTOR('',#4764,1.);
#678=VECTOR('',#4765,1.);
#679=VECTOR('',#4768,1.);
#680=VECTOR('',#4769,1.);
#681=VECTOR('',#4770,1.);
#682=VECTOR('',#4775,1.);
#683=VECTOR('',#4784,1.);
#684=VECTOR('',#4789,1.);
#685=VECTOR('',#4792,1.);
#686=VECTOR('',#4795,1.);
#687=VECTOR('',#4798,1.);
#688=VECTOR('',#4801,1.);
#689=VECTOR('',#4814,1.);
#690=VECTOR('',#4815,1.);
#691=VECTOR('',#4818,1.);
#692=VECTOR('',#4819,1.);
#693=VECTOR('',#4822,1.);
#694=VECTOR('',#4823,1.);
#695=VECTOR('',#4824,1.);
#696=VECTOR('',#4827,1.);
#697=VECTOR('',#4828,1.);
#698=VECTOR('',#4829,1.);
#699=VECTOR('',#4834,1.);
#700=VECTOR('',#4837,1.);
#701=VECTOR('',#4838,1.);
#702=VECTOR('',#4843,1.);
#703=VECTOR('',#4852,1.);
#704=VECTOR('',#4897,1.);
#705=VECTOR('',#4902,1.);
#706=VECTOR('',#4939,1.);
#707=VECTOR('',#4946,1.);
#708=VECTOR('',#5011,1.);
#709=VECTOR('',#5014,1.);
#710=VECTOR('',#5017,1.);
#711=VECTOR('',#5020,1.);
#712=VECTOR('',#5023,1.);
#713=VECTOR('',#5026,1.);
#714=VECTOR('',#5029,1.);
#715=VECTOR('',#5030,1.);
#716=VECTOR('',#5033,1.);
#717=VECTOR('',#5036,1.);
#718=VECTOR('',#5041,1.);
#719=VECTOR('',#5044,1.);
#720=VECTOR('',#5045,1.);
#721=VECTOR('',#5048,1.);
#722=VECTOR('',#5049,1.);
#723=VECTOR('',#5056,1.);
#724=VECTOR('',#5059,1.);
#725=VECTOR('',#5060,1.);
#726=ORIENTED_EDGE('',*,*,#1702,.T.);
#727=ORIENTED_EDGE('',*,*,#1703,.T.);
#728=ORIENTED_EDGE('',*,*,#1704,.T.);
#729=ORIENTED_EDGE('',*,*,#1705,.T.);
#730=ORIENTED_EDGE('',*,*,#1706,.F.);
#731=ORIENTED_EDGE('',*,*,#1707,.T.);
#732=ORIENTED_EDGE('',*,*,#1708,.T.);
#733=ORIENTED_EDGE('',*,*,#1709,.T.);
#734=ORIENTED_EDGE('',*,*,#1710,.T.);
#735=ORIENTED_EDGE('',*,*,#1711,.T.);
#736=ORIENTED_EDGE('',*,*,#1712,.T.);
#737=ORIENTED_EDGE('',*,*,#1713,.T.);
#738=ORIENTED_EDGE('',*,*,#1714,.T.);
#739=ORIENTED_EDGE('',*,*,#1715,.T.);
#740=ORIENTED_EDGE('',*,*,#1716,.T.);
#741=ORIENTED_EDGE('',*,*,#1717,.T.);
#742=ORIENTED_EDGE('',*,*,#1718,.F.);
#743=ORIENTED_EDGE('',*,*,#1719,.F.);
#744=ORIENTED_EDGE('',*,*,#1720,.T.);
#745=ORIENTED_EDGE('',*,*,#1721,.T.);
#746=ORIENTED_EDGE('',*,*,#1722,.F.);
#747=ORIENTED_EDGE('',*,*,#1723,.F.);
#748=ORIENTED_EDGE('',*,*,#1724,.T.);
#749=ORIENTED_EDGE('',*,*,#1725,.T.);
#750=ORIENTED_EDGE('',*,*,#1726,.T.);
#751=ORIENTED_EDGE('',*,*,#1727,.T.);
#752=ORIENTED_EDGE('',*,*,#1728,.F.);
#753=ORIENTED_EDGE('',*,*,#1729,.F.);
#754=ORIENTED_EDGE('',*,*,#1730,.T.);
#755=ORIENTED_EDGE('',*,*,#1731,.T.);
#756=ORIENTED_EDGE('',*,*,#1732,.T.);
#757=ORIENTED_EDGE('',*,*,#1733,.T.);
#758=ORIENTED_EDGE('',*,*,#1734,.F.);
#759=ORIENTED_EDGE('',*,*,#1735,.T.);
#760=ORIENTED_EDGE('',*,*,#1736,.T.);
#761=ORIENTED_EDGE('',*,*,#1737,.T.);
#762=ORIENTED_EDGE('',*,*,#1738,.T.);
#763=ORIENTED_EDGE('',*,*,#1739,.T.);
#764=ORIENTED_EDGE('',*,*,#1740,.F.);
#765=ORIENTED_EDGE('',*,*,#1741,.T.);
#766=ORIENTED_EDGE('',*,*,#1742,.T.);
#767=ORIENTED_EDGE('',*,*,#1743,.T.);
#768=ORIENTED_EDGE('',*,*,#1744,.F.);
#769=ORIENTED_EDGE('',*,*,#1743,.F.);
#770=ORIENTED_EDGE('',*,*,#1745,.F.);
#771=ORIENTED_EDGE('',*,*,#1707,.F.);
#772=ORIENTED_EDGE('',*,*,#1746,.F.);
#773=ORIENTED_EDGE('',*,*,#1717,.F.);
#774=ORIENTED_EDGE('',*,*,#1747,.T.);
#775=ORIENTED_EDGE('',*,*,#1748,.F.);
#776=ORIENTED_EDGE('',*,*,#1749,.F.);
#777=ORIENTED_EDGE('',*,*,#1750,.F.);
#778=ORIENTED_EDGE('',*,*,#1751,.F.);
#779=ORIENTED_EDGE('',*,*,#1752,.F.);
#780=ORIENTED_EDGE('',*,*,#1753,.F.);
#781=ORIENTED_EDGE('',*,*,#1754,.F.);
#782=ORIENTED_EDGE('',*,*,#1755,.F.);
#783=ORIENTED_EDGE('',*,*,#1756,.F.);
#784=ORIENTED_EDGE('',*,*,#1757,.F.);
#785=ORIENTED_EDGE('',*,*,#1758,.F.);
#786=ORIENTED_EDGE('',*,*,#1759,.F.);
#787=ORIENTED_EDGE('',*,*,#1760,.F.);
#788=ORIENTED_EDGE('',*,*,#1761,.F.);
#789=ORIENTED_EDGE('',*,*,#1762,.F.);
#790=ORIENTED_EDGE('',*,*,#1763,.F.);
#791=ORIENTED_EDGE('',*,*,#1764,.F.);
#792=ORIENTED_EDGE('',*,*,#1765,.F.);
#793=ORIENTED_EDGE('',*,*,#1766,.F.);
#794=ORIENTED_EDGE('',*,*,#1767,.F.);
#795=ORIENTED_EDGE('',*,*,#1768,.F.);
#796=ORIENTED_EDGE('',*,*,#1769,.F.);
#797=ORIENTED_EDGE('',*,*,#1770,.F.);
#798=ORIENTED_EDGE('',*,*,#1771,.T.);
#799=ORIENTED_EDGE('',*,*,#1772,.F.);
#800=ORIENTED_EDGE('',*,*,#1773,.F.);
#801=ORIENTED_EDGE('',*,*,#1774,.F.);
#802=ORIENTED_EDGE('',*,*,#1775,.T.);
#803=ORIENTED_EDGE('',*,*,#1776,.F.);
#804=ORIENTED_EDGE('',*,*,#1777,.F.);
#805=ORIENTED_EDGE('',*,*,#1778,.F.);
#806=ORIENTED_EDGE('',*,*,#1779,.T.);
#807=ORIENTED_EDGE('',*,*,#1780,.F.);
#808=ORIENTED_EDGE('',*,*,#1781,.T.);
#809=ORIENTED_EDGE('',*,*,#1755,.T.);
#810=ORIENTED_EDGE('',*,*,#1782,.F.);
#811=ORIENTED_EDGE('',*,*,#1772,.T.);
#812=ORIENTED_EDGE('',*,*,#1783,.T.);
#813=ORIENTED_EDGE('',*,*,#1784,.T.);
#814=ORIENTED_EDGE('',*,*,#1785,.T.);
#815=ORIENTED_EDGE('',*,*,#1752,.T.);
#816=ORIENTED_EDGE('',*,*,#1786,.F.);
#817=ORIENTED_EDGE('',*,*,#1779,.F.);
#818=ORIENTED_EDGE('',*,*,#1787,.T.);
#819=ORIENTED_EDGE('',*,*,#1760,.T.);
#820=ORIENTED_EDGE('',*,*,#1788,.F.);
#821=ORIENTED_EDGE('',*,*,#1775,.F.);
#822=ORIENTED_EDGE('',*,*,#1789,.T.);
#823=ORIENTED_EDGE('',*,*,#1756,.T.);
#824=ORIENTED_EDGE('',*,*,#1783,.F.);
#825=ORIENTED_EDGE('',*,*,#1781,.F.);
#826=ORIENTED_EDGE('',*,*,#1751,.T.);
#827=ORIENTED_EDGE('',*,*,#1785,.F.);
#828=ORIENTED_EDGE('',*,*,#1780,.T.);
#829=ORIENTED_EDGE('',*,*,#1786,.T.);
#830=ORIENTED_EDGE('',*,*,#1757,.T.);
#831=ORIENTED_EDGE('',*,*,#1787,.F.);
#832=ORIENTED_EDGE('',*,*,#1778,.T.);
#833=ORIENTED_EDGE('',*,*,#1790,.T.);
#834=ORIENTED_EDGE('',*,*,#1758,.T.);
#835=ORIENTED_EDGE('',*,*,#1790,.F.);
#836=ORIENTED_EDGE('',*,*,#1777,.T.);
#837=ORIENTED_EDGE('',*,*,#1791,.T.);
#838=ORIENTED_EDGE('',*,*,#1759,.T.);
#839=ORIENTED_EDGE('',*,*,#1791,.F.);
#840=ORIENTED_EDGE('',*,*,#1776,.T.);
#841=ORIENTED_EDGE('',*,*,#1788,.T.);
#842=ORIENTED_EDGE('',*,*,#1753,.T.);
#843=ORIENTED_EDGE('',*,*,#1789,.F.);
#844=ORIENTED_EDGE('',*,*,#1774,.T.);
#845=ORIENTED_EDGE('',*,*,#1792,.T.);
#846=ORIENTED_EDGE('',*,*,#1754,.T.);
#847=ORIENTED_EDGE('',*,*,#1792,.F.);
#848=ORIENTED_EDGE('',*,*,#1773,.T.);
#849=ORIENTED_EDGE('',*,*,#1782,.T.);
#850=ORIENTED_EDGE('',*,*,#1793,.T.);
#851=ORIENTED_EDGE('',*,*,#1749,.T.);
#852=ORIENTED_EDGE('',*,*,#1794,.T.);
#853=ORIENTED_EDGE('',*,*,#1795,.F.);
#854=ORIENTED_EDGE('',*,*,#1796,.F.);
#855=ORIENTED_EDGE('',*,*,#1797,.F.);
#856=ORIENTED_EDGE('',*,*,#1798,.T.);
#857=ORIENTED_EDGE('',*,*,#1799,.F.);
#858=ORIENTED_EDGE('',*,*,#1800,.T.);
#859=ORIENTED_EDGE('',*,*,#1801,.F.);
#860=ORIENTED_EDGE('',*,*,#1802,.F.);
#861=ORIENTED_EDGE('',*,*,#1803,.F.);
#862=ORIENTED_EDGE('',*,*,#1804,.T.);
#863=ORIENTED_EDGE('',*,*,#1805,.T.);
#864=ORIENTED_EDGE('',*,*,#1750,.T.);
#865=ORIENTED_EDGE('',*,*,#1762,.T.);
#866=ORIENTED_EDGE('',*,*,#1806,.F.);
#867=ORIENTED_EDGE('',*,*,#1796,.T.);
#868=ORIENTED_EDGE('',*,*,#1807,.T.);
#869=ORIENTED_EDGE('',*,*,#1761,.T.);
#870=ORIENTED_EDGE('',*,*,#1808,.F.);
#871=ORIENTED_EDGE('',*,*,#1797,.T.);
#872=ORIENTED_EDGE('',*,*,#1806,.T.);
#873=ORIENTED_EDGE('',*,*,#1765,.T.);
#874=ORIENTED_EDGE('',*,*,#1809,.F.);
#875=ORIENTED_EDGE('',*,*,#1799,.T.);
#876=ORIENTED_EDGE('',*,*,#1810,.T.);
#877=ORIENTED_EDGE('',*,*,#1769,.T.);
#878=ORIENTED_EDGE('',*,*,#1811,.F.);
#879=ORIENTED_EDGE('',*,*,#1801,.T.);
#880=ORIENTED_EDGE('',*,*,#1812,.T.);
#881=ORIENTED_EDGE('',*,*,#1768,.T.);
#882=ORIENTED_EDGE('',*,*,#1813,.F.);
#883=ORIENTED_EDGE('',*,*,#1802,.T.);
#884=ORIENTED_EDGE('',*,*,#1811,.T.);
#885=ORIENTED_EDGE('',*,*,#1767,.T.);
#886=ORIENTED_EDGE('',*,*,#1814,.F.);
#887=ORIENTED_EDGE('',*,*,#1803,.T.);
#888=ORIENTED_EDGE('',*,*,#1813,.T.);
#889=ORIENTED_EDGE('',*,*,#1815,.T.);
#890=ORIENTED_EDGE('',*,*,#1814,.T.);
#891=ORIENTED_EDGE('',*,*,#1770,.T.);
#892=ORIENTED_EDGE('',*,*,#1812,.F.);
#893=ORIENTED_EDGE('',*,*,#1800,.F.);
#894=ORIENTED_EDGE('',*,*,#1809,.T.);
#895=ORIENTED_EDGE('',*,*,#1766,.T.);
#896=ORIENTED_EDGE('',*,*,#1810,.F.);
#897=ORIENTED_EDGE('',*,*,#1798,.F.);
#898=ORIENTED_EDGE('',*,*,#1808,.T.);
#899=ORIENTED_EDGE('',*,*,#1764,.T.);
#900=ORIENTED_EDGE('',*,*,#1816,.F.);
#901=ORIENTED_EDGE('',*,*,#1804,.F.);
#902=ORIENTED_EDGE('',*,*,#1763,.T.);
#903=ORIENTED_EDGE('',*,*,#1807,.F.);
#904=ORIENTED_EDGE('',*,*,#1795,.T.);
#905=ORIENTED_EDGE('',*,*,#1816,.T.);
#906=ORIENTED_EDGE('',*,*,#1817,.T.);
#907=ORIENTED_EDGE('',*,*,#1818,.T.);
#908=ORIENTED_EDGE('',*,*,#1819,.T.);
#909=ORIENTED_EDGE('',*,*,#1820,.T.);
#910=ORIENTED_EDGE('',*,*,#1821,.T.);
#911=ORIENTED_EDGE('',*,*,#1822,.T.);
#912=ORIENTED_EDGE('',*,*,#1823,.T.);
#913=ORIENTED_EDGE('',*,*,#1824,.T.);
#914=ORIENTED_EDGE('',*,*,#1825,.T.);
#915=ORIENTED_EDGE('',*,*,#1826,.T.);
#916=ORIENTED_EDGE('',*,*,#1827,.T.);
#917=ORIENTED_EDGE('',*,*,#1828,.T.);
#918=ORIENTED_EDGE('',*,*,#1829,.T.);
#919=ORIENTED_EDGE('',*,*,#1830,.T.);
#920=ORIENTED_EDGE('',*,*,#1831,.T.);
#921=ORIENTED_EDGE('',*,*,#1832,.T.);
#922=ORIENTED_EDGE('',*,*,#1833,.T.);
#923=ORIENTED_EDGE('',*,*,#1834,.T.);
#924=ORIENTED_EDGE('',*,*,#1748,.T.);
#925=ORIENTED_EDGE('',*,*,#1835,.F.);
#926=ORIENTED_EDGE('',*,*,#1836,.F.);
#927=ORIENTED_EDGE('',*,*,#1837,.T.);
#928=ORIENTED_EDGE('',*,*,#1838,.T.);
#929=ORIENTED_EDGE('',*,*,#1839,.T.);
#930=ORIENTED_EDGE('',*,*,#1840,.T.);
#931=ORIENTED_EDGE('',*,*,#1841,.F.);
#932=ORIENTED_EDGE('',*,*,#1842,.T.);
#933=ORIENTED_EDGE('',*,*,#1843,.T.);
#934=ORIENTED_EDGE('',*,*,#1844,.T.);
#935=ORIENTED_EDGE('',*,*,#1845,.F.);
#936=ORIENTED_EDGE('',*,*,#1846,.T.);
#937=ORIENTED_EDGE('',*,*,#1847,.F.);
#938=ORIENTED_EDGE('',*,*,#1848,.F.);
#939=ORIENTED_EDGE('',*,*,#1849,.T.);
#940=ORIENTED_EDGE('',*,*,#1850,.T.);
#941=ORIENTED_EDGE('',*,*,#1851,.T.);
#942=ORIENTED_EDGE('',*,*,#1852,.T.);
#943=ORIENTED_EDGE('',*,*,#1853,.F.);
#944=ORIENTED_EDGE('',*,*,#1854,.T.);
#945=ORIENTED_EDGE('',*,*,#1855,.T.);
#946=ORIENTED_EDGE('',*,*,#1856,.T.);
#947=ORIENTED_EDGE('',*,*,#1857,.F.);
#948=ORIENTED_EDGE('',*,*,#1858,.T.);
#949=ORIENTED_EDGE('',*,*,#1859,.T.);
#950=ORIENTED_EDGE('',*,*,#1860,.F.);
#951=ORIENTED_EDGE('',*,*,#1861,.T.);
#952=ORIENTED_EDGE('',*,*,#1862,.T.);
#953=ORIENTED_EDGE('',*,*,#1863,.T.);
#954=ORIENTED_EDGE('',*,*,#1864,.F.);
#955=ORIENTED_EDGE('',*,*,#1844,.F.);
#956=ORIENTED_EDGE('',*,*,#1865,.F.);
#957=ORIENTED_EDGE('',*,*,#1866,.F.);
#958=ORIENTED_EDGE('',*,*,#1867,.F.);
#959=ORIENTED_EDGE('',*,*,#1868,.T.);
#960=ORIENTED_EDGE('',*,*,#1869,.F.);
#961=ORIENTED_EDGE('',*,*,#1870,.F.);
#962=ORIENTED_EDGE('',*,*,#1871,.F.);
#963=ORIENTED_EDGE('',*,*,#1733,.F.);
#964=ORIENTED_EDGE('',*,*,#1872,.F.);
#965=ORIENTED_EDGE('',*,*,#1873,.T.);
#966=ORIENTED_EDGE('',*,*,#1874,.F.);
#967=ORIENTED_EDGE('',*,*,#1875,.T.);
#968=ORIENTED_EDGE('',*,*,#1876,.T.);
#969=ORIENTED_EDGE('',*,*,#1877,.T.);
#970=ORIENTED_EDGE('',*,*,#1878,.T.);
#971=ORIENTED_EDGE('',*,*,#1879,.T.);
#972=ORIENTED_EDGE('',*,*,#1880,.T.);
#973=ORIENTED_EDGE('',*,*,#1878,.F.);
#974=ORIENTED_EDGE('',*,*,#1881,.T.);
#975=ORIENTED_EDGE('',*,*,#1882,.F.);
#976=ORIENTED_EDGE('',*,*,#1883,.F.);
#977=ORIENTED_EDGE('',*,*,#1884,.F.);
#978=ORIENTED_EDGE('',*,*,#1885,.T.);
#979=ORIENTED_EDGE('',*,*,#1886,.F.);
#980=ORIENTED_EDGE('',*,*,#1887,.T.);
#981=ORIENTED_EDGE('',*,*,#1862,.F.);
#982=ORIENTED_EDGE('',*,*,#1888,.F.);
#983=ORIENTED_EDGE('',*,*,#1889,.T.);
#984=ORIENTED_EDGE('',*,*,#1890,.T.);
#985=ORIENTED_EDGE('',*,*,#1891,.F.);
#986=ORIENTED_EDGE('',*,*,#1892,.T.);
#987=ORIENTED_EDGE('',*,*,#1882,.T.);
#988=ORIENTED_EDGE('',*,*,#1893,.T.);
#989=ORIENTED_EDGE('',*,*,#1894,.T.);
#990=ORIENTED_EDGE('',*,*,#1895,.T.);
#991=ORIENTED_EDGE('',*,*,#1896,.F.);
#992=ORIENTED_EDGE('',*,*,#1897,.T.);
#993=ORIENTED_EDGE('',*,*,#1898,.F.);
#994=ORIENTED_EDGE('',*,*,#1731,.F.);
#995=ORIENTED_EDGE('',*,*,#1899,.T.);
#996=ORIENTED_EDGE('',*,*,#1900,.T.);
#997=ORIENTED_EDGE('',*,*,#1901,.T.);
#998=ORIENTED_EDGE('',*,*,#1902,.F.);
#999=ORIENTED_EDGE('',*,*,#1903,.T.);
#1000=ORIENTED_EDGE('',*,*,#1904,.T.);
#1001=ORIENTED_EDGE('',*,*,#1905,.T.);
#1002=ORIENTED_EDGE('',*,*,#1846,.F.);
#1003=ORIENTED_EDGE('',*,*,#1906,.F.);
#1004=ORIENTED_EDGE('',*,*,#1907,.T.);
#1005=ORIENTED_EDGE('',*,*,#1886,.T.);
#1006=ORIENTED_EDGE('',*,*,#1864,.T.);
#1007=ORIENTED_EDGE('',*,*,#1908,.T.);
#1008=ORIENTED_EDGE('',*,*,#1906,.T.);
#1009=ORIENTED_EDGE('',*,*,#1845,.T.);
#1010=ORIENTED_EDGE('',*,*,#1898,.T.);
#1011=ORIENTED_EDGE('',*,*,#1909,.T.);
#1012=ORIENTED_EDGE('',*,*,#1872,.T.);
#1013=ORIENTED_EDGE('',*,*,#1732,.F.);
#1014=ORIENTED_EDGE('',*,*,#1874,.T.);
#1015=ORIENTED_EDGE('',*,*,#1910,.T.);
#1016=ORIENTED_EDGE('',*,*,#1896,.T.);
#1017=ORIENTED_EDGE('',*,*,#1911,.T.);
#1018=ORIENTED_EDGE('',*,*,#1912,.T.);
#1019=ORIENTED_EDGE('',*,*,#1913,.T.);
#1020=ORIENTED_EDGE('',*,*,#1914,.T.);
#1021=ORIENTED_EDGE('',*,*,#1915,.T.);
#1022=ORIENTED_EDGE('',*,*,#1916,.T.);
#1023=ORIENTED_EDGE('',*,*,#1917,.T.);
#1024=ORIENTED_EDGE('',*,*,#1918,.T.);
#1025=ORIENTED_EDGE('',*,*,#1919,.T.);
#1026=ORIENTED_EDGE('',*,*,#1894,.F.);
#1027=ORIENTED_EDGE('',*,*,#1920,.T.);
#1028=ORIENTED_EDGE('',*,*,#1876,.F.);
#1029=ORIENTED_EDGE('',*,*,#1921,.T.);
#1030=ORIENTED_EDGE('',*,*,#1922,.T.);
#1031=ORIENTED_EDGE('',*,*,#1923,.T.);
#1032=ORIENTED_EDGE('',*,*,#1924,.F.);
#1033=ORIENTED_EDGE('',*,*,#1925,.T.);
#1034=ORIENTED_EDGE('',*,*,#1737,.F.);
#1035=ORIENTED_EDGE('',*,*,#1926,.F.);
#1036=ORIENTED_EDGE('',*,*,#1927,.T.);
#1037=ORIENTED_EDGE('',*,*,#1928,.F.);
#1038=ORIENTED_EDGE('',*,*,#1929,.F.);
#1039=ORIENTED_EDGE('',*,*,#1926,.T.);
#1040=ORIENTED_EDGE('',*,*,#1736,.F.);
#1041=ORIENTED_EDGE('',*,*,#1930,.T.);
#1042=ORIENTED_EDGE('',*,*,#1931,.T.);
#1043=ORIENTED_EDGE('',*,*,#1922,.F.);
#1044=ORIENTED_EDGE('',*,*,#1932,.T.);
#1045=ORIENTED_EDGE('',*,*,#1929,.T.);
#1046=ORIENTED_EDGE('',*,*,#1933,.F.);
#1047=ORIENTED_EDGE('',*,*,#1932,.F.);
#1048=ORIENTED_EDGE('',*,*,#1927,.F.);
#1049=ORIENTED_EDGE('',*,*,#1934,.T.);
#1050=ORIENTED_EDGE('',*,*,#1924,.T.);
#1051=ORIENTED_EDGE('',*,*,#1935,.T.);
#1052=ORIENTED_EDGE('',*,*,#1840,.F.);
#1053=ORIENTED_EDGE('',*,*,#1936,.T.);
#1054=ORIENTED_EDGE('',*,*,#1937,.T.);
#1055=ORIENTED_EDGE('',*,*,#1938,.T.);
#1056=ORIENTED_EDGE('',*,*,#1939,.F.);
#1057=ORIENTED_EDGE('',*,*,#1940,.F.);
#1058=ORIENTED_EDGE('',*,*,#1941,.T.);
#1059=ORIENTED_EDGE('',*,*,#1939,.T.);
#1060=ORIENTED_EDGE('',*,*,#1942,.T.);
#1061=ORIENTED_EDGE('',*,*,#1943,.F.);
#1062=ORIENTED_EDGE('',*,*,#1944,.F.);
#1063=ORIENTED_EDGE('',*,*,#1945,.T.);
#1064=ORIENTED_EDGE('',*,*,#1946,.T.);
#1065=ORIENTED_EDGE('',*,*,#1841,.T.);
#1066=ORIENTED_EDGE('',*,*,#1941,.F.);
#1067=ORIENTED_EDGE('',*,*,#1947,.F.);
#1068=ORIENTED_EDGE('',*,*,#1945,.F.);
#1069=ORIENTED_EDGE('',*,*,#1940,.T.);
#1070=ORIENTED_EDGE('',*,*,#1944,.T.);
#1071=ORIENTED_EDGE('',*,*,#1948,.T.);
#1072=ORIENTED_EDGE('',*,*,#1937,.F.);
#1073=ORIENTED_EDGE('',*,*,#1949,.T.);
#1074=ORIENTED_EDGE('',*,*,#1950,.T.);
#1075=ORIENTED_EDGE('',*,*,#1951,.T.);
#1076=ORIENTED_EDGE('',*,*,#1952,.F.);
#1077=ORIENTED_EDGE('',*,*,#1953,.F.);
#1078=ORIENTED_EDGE('',*,*,#1954,.T.);
#1079=ORIENTED_EDGE('',*,*,#1955,.T.);
#1080=ORIENTED_EDGE('',*,*,#1728,.T.);
#1081=ORIENTED_EDGE('',*,*,#1956,.F.);
#1082=ORIENTED_EDGE('',*,*,#1727,.F.);
#1083=ORIENTED_EDGE('',*,*,#1957,.T.);
#1084=ORIENTED_EDGE('',*,*,#1958,.T.);
#1085=ORIENTED_EDGE('',*,*,#1959,.T.);
#1086=ORIENTED_EDGE('',*,*,#1950,.F.);
#1087=ORIENTED_EDGE('',*,*,#1960,.F.);
#1088=ORIENTED_EDGE('',*,*,#1956,.T.);
#1089=ORIENTED_EDGE('',*,*,#1961,.T.);
#1090=ORIENTED_EDGE('',*,*,#1954,.F.);
#1091=ORIENTED_EDGE('',*,*,#1960,.T.);
#1092=ORIENTED_EDGE('',*,*,#1953,.T.);
#1093=ORIENTED_EDGE('',*,*,#1962,.T.);
#1094=ORIENTED_EDGE('',*,*,#1958,.F.);
#1095=ORIENTED_EDGE('',*,*,#1963,.T.);
#1096=ORIENTED_EDGE('',*,*,#1964,.T.);
#1097=ORIENTED_EDGE('',*,*,#1965,.T.);
#1098=ORIENTED_EDGE('',*,*,#1966,.F.);
#1099=ORIENTED_EDGE('',*,*,#1967,.T.);
#1100=ORIENTED_EDGE('',*,*,#1850,.F.);
#1101=ORIENTED_EDGE('',*,*,#1968,.F.);
#1102=ORIENTED_EDGE('',*,*,#1969,.T.);
#1103=ORIENTED_EDGE('',*,*,#1970,.F.);
#1104=ORIENTED_EDGE('',*,*,#1971,.F.);
#1105=ORIENTED_EDGE('',*,*,#1968,.T.);
#1106=ORIENTED_EDGE('',*,*,#1849,.F.);
#1107=ORIENTED_EDGE('',*,*,#1972,.T.);
#1108=ORIENTED_EDGE('',*,*,#1973,.T.);
#1109=ORIENTED_EDGE('',*,*,#1964,.F.);
#1110=ORIENTED_EDGE('',*,*,#1974,.T.);
#1111=ORIENTED_EDGE('',*,*,#1971,.T.);
#1112=ORIENTED_EDGE('',*,*,#1975,.T.);
#1113=ORIENTED_EDGE('',*,*,#1974,.F.);
#1114=ORIENTED_EDGE('',*,*,#1969,.F.);
#1115=ORIENTED_EDGE('',*,*,#1976,.T.);
#1116=ORIENTED_EDGE('',*,*,#1966,.T.);
#1117=ORIENTED_EDGE('',*,*,#1977,.T.);
#1118=ORIENTED_EDGE('',*,*,#1905,.F.);
#1119=ORIENTED_EDGE('',*,*,#1978,.F.);
#1120=ORIENTED_EDGE('',*,*,#1979,.T.);
#1121=ORIENTED_EDGE('',*,*,#1847,.T.);
#1122=ORIENTED_EDGE('',*,*,#1904,.F.);
#1123=ORIENTED_EDGE('',*,*,#1980,.F.);
#1124=ORIENTED_EDGE('',*,*,#1981,.T.);
#1125=ORIENTED_EDGE('',*,*,#1978,.T.);
#1126=ORIENTED_EDGE('',*,*,#1903,.F.);
#1127=ORIENTED_EDGE('',*,*,#1982,.F.);
#1128=ORIENTED_EDGE('',*,*,#1983,.T.);
#1129=ORIENTED_EDGE('',*,*,#1980,.T.);
#1130=ORIENTED_EDGE('',*,*,#1902,.T.);
#1131=ORIENTED_EDGE('',*,*,#1984,.F.);
#1132=ORIENTED_EDGE('',*,*,#1985,.F.);
#1133=ORIENTED_EDGE('',*,*,#1982,.T.);
#1134=ORIENTED_EDGE('',*,*,#1901,.F.);
#1135=ORIENTED_EDGE('',*,*,#1986,.F.);
#1136=ORIENTED_EDGE('',*,*,#1987,.T.);
#1137=ORIENTED_EDGE('',*,*,#1984,.T.);
#1138=ORIENTED_EDGE('',*,*,#1900,.F.);
#1139=ORIENTED_EDGE('',*,*,#1988,.F.);
#1140=ORIENTED_EDGE('',*,*,#1989,.T.);
#1141=ORIENTED_EDGE('',*,*,#1986,.T.);
#1142=ORIENTED_EDGE('',*,*,#1899,.F.);
#1143=ORIENTED_EDGE('',*,*,#1730,.F.);
#1144=ORIENTED_EDGE('',*,*,#1990,.T.);
#1145=ORIENTED_EDGE('',*,*,#1988,.T.);
#1146=ORIENTED_EDGE('',*,*,#1952,.T.);
#1147=ORIENTED_EDGE('',*,*,#1991,.T.);
#1148=ORIENTED_EDGE('',*,*,#1972,.F.);
#1149=ORIENTED_EDGE('',*,*,#1975,.F.);
#1150=ORIENTED_EDGE('',*,*,#1970,.T.);
#1151=ORIENTED_EDGE('',*,*,#1848,.T.);
#1152=ORIENTED_EDGE('',*,*,#1979,.F.);
#1153=ORIENTED_EDGE('',*,*,#1981,.F.);
#1154=ORIENTED_EDGE('',*,*,#1983,.F.);
#1155=ORIENTED_EDGE('',*,*,#1985,.T.);
#1156=ORIENTED_EDGE('',*,*,#1987,.F.);
#1157=ORIENTED_EDGE('',*,*,#1989,.F.);
#1158=ORIENTED_EDGE('',*,*,#1990,.F.);
#1159=ORIENTED_EDGE('',*,*,#1729,.T.);
#1160=ORIENTED_EDGE('',*,*,#1955,.F.);
#1161=ORIENTED_EDGE('',*,*,#1961,.F.);
#1162=ORIENTED_EDGE('',*,*,#1865,.T.);
#1163=ORIENTED_EDGE('',*,*,#1843,.F.);
#1164=ORIENTED_EDGE('',*,*,#1992,.F.);
#1165=ORIENTED_EDGE('',*,*,#1993,.T.);
#1166=ORIENTED_EDGE('',*,*,#1871,.T.);
#1167=ORIENTED_EDGE('',*,*,#1994,.F.);
#1168=ORIENTED_EDGE('',*,*,#1995,.F.);
#1169=ORIENTED_EDGE('',*,*,#1734,.T.);
#1170=ORIENTED_EDGE('',*,*,#1870,.T.);
#1171=ORIENTED_EDGE('',*,*,#1996,.F.);
#1172=ORIENTED_EDGE('',*,*,#1997,.F.);
#1173=ORIENTED_EDGE('',*,*,#1994,.T.);
#1174=ORIENTED_EDGE('',*,*,#1869,.T.);
#1175=ORIENTED_EDGE('',*,*,#1998,.F.);
#1176=ORIENTED_EDGE('',*,*,#1999,.F.);
#1177=ORIENTED_EDGE('',*,*,#1996,.T.);
#1178=ORIENTED_EDGE('',*,*,#1868,.F.);
#1179=ORIENTED_EDGE('',*,*,#2000,.F.);
#1180=ORIENTED_EDGE('',*,*,#2001,.T.);
#1181=ORIENTED_EDGE('',*,*,#1998,.T.);
#1182=ORIENTED_EDGE('',*,*,#1867,.T.);
#1183=ORIENTED_EDGE('',*,*,#2002,.F.);
#1184=ORIENTED_EDGE('',*,*,#2003,.F.);
#1185=ORIENTED_EDGE('',*,*,#2000,.T.);
#1186=ORIENTED_EDGE('',*,*,#1866,.T.);
#1187=ORIENTED_EDGE('',*,*,#1993,.F.);
#1188=ORIENTED_EDGE('',*,*,#2004,.F.);
#1189=ORIENTED_EDGE('',*,*,#2002,.T.);
#1190=ORIENTED_EDGE('',*,*,#1943,.T.);
#1191=ORIENTED_EDGE('',*,*,#2005,.T.);
#1192=ORIENTED_EDGE('',*,*,#1930,.F.);
#1193=ORIENTED_EDGE('',*,*,#1933,.T.);
#1194=ORIENTED_EDGE('',*,*,#1928,.T.);
#1195=ORIENTED_EDGE('',*,*,#1735,.F.);
#1196=ORIENTED_EDGE('',*,*,#1995,.T.);
#1197=ORIENTED_EDGE('',*,*,#1997,.T.);
#1198=ORIENTED_EDGE('',*,*,#1999,.T.);
#1199=ORIENTED_EDGE('',*,*,#2001,.F.);
#1200=ORIENTED_EDGE('',*,*,#2003,.T.);
#1201=ORIENTED_EDGE('',*,*,#2004,.T.);
#1202=ORIENTED_EDGE('',*,*,#1992,.T.);
#1203=ORIENTED_EDGE('',*,*,#1842,.F.);
#1204=ORIENTED_EDGE('',*,*,#1946,.F.);
#1205=ORIENTED_EDGE('',*,*,#1947,.T.);
#1206=ORIENTED_EDGE('',*,*,#1897,.F.);
#1207=ORIENTED_EDGE('',*,*,#1910,.F.);
#1208=ORIENTED_EDGE('',*,*,#1873,.F.);
#1209=ORIENTED_EDGE('',*,*,#1909,.F.);
#1210=ORIENTED_EDGE('',*,*,#1907,.F.);
#1211=ORIENTED_EDGE('',*,*,#1908,.F.);
#1212=ORIENTED_EDGE('',*,*,#1863,.F.);
#1213=ORIENTED_EDGE('',*,*,#1887,.F.);
#1214=ORIENTED_EDGE('',*,*,#1893,.F.);
#1215=ORIENTED_EDGE('',*,*,#1881,.F.);
#1216=ORIENTED_EDGE('',*,*,#1877,.F.);
#1217=ORIENTED_EDGE('',*,*,#1920,.F.);
#1218=ORIENTED_EDGE('',*,*,#1895,.F.);
#1219=ORIENTED_EDGE('',*,*,#1921,.F.);
#1220=ORIENTED_EDGE('',*,*,#1875,.F.);
#1221=ORIENTED_EDGE('',*,*,#1911,.F.);
#1222=ORIENTED_EDGE('',*,*,#1892,.F.);
#1223=ORIENTED_EDGE('',*,*,#2006,.F.);
#1224=ORIENTED_EDGE('',*,*,#2007,.T.);
#1225=ORIENTED_EDGE('',*,*,#1883,.T.);
#1226=ORIENTED_EDGE('',*,*,#1891,.T.);
#1227=ORIENTED_EDGE('',*,*,#1885,.F.);
#1228=ORIENTED_EDGE('',*,*,#2008,.F.);
#1229=ORIENTED_EDGE('',*,*,#2006,.T.);
#1230=ORIENTED_EDGE('',*,*,#2007,.F.);
#1231=ORIENTED_EDGE('',*,*,#2008,.T.);
#1232=ORIENTED_EDGE('',*,*,#1884,.T.);
#1233=ORIENTED_EDGE('',*,*,#1860,.T.);
#1234=ORIENTED_EDGE('',*,*,#1880,.F.);
#1235=ORIENTED_EDGE('',*,*,#2009,.F.);
#1236=ORIENTED_EDGE('',*,*,#2010,.T.);
#1237=ORIENTED_EDGE('',*,*,#1861,.F.);
#1238=ORIENTED_EDGE('',*,*,#2010,.F.);
#1239=ORIENTED_EDGE('',*,*,#2011,.T.);
#1240=ORIENTED_EDGE('',*,*,#1888,.T.);
#1241=ORIENTED_EDGE('',*,*,#2009,.T.);
#1242=ORIENTED_EDGE('',*,*,#1879,.F.);
#1243=ORIENTED_EDGE('',*,*,#2011,.F.);
#1244=ORIENTED_EDGE('',*,*,#2012,.T.);
#1245=ORIENTED_EDGE('',*,*,#2013,.T.);
#1246=ORIENTED_EDGE('',*,*,#2014,.T.);
#1247=ORIENTED_EDGE('',*,*,#2015,.T.);
#1248=ORIENTED_EDGE('',*,*,#2016,.T.);
#1249=ORIENTED_EDGE('',*,*,#2017,.T.);
#1250=ORIENTED_EDGE('',*,*,#2018,.T.);
#1251=ORIENTED_EDGE('',*,*,#2019,.T.);
#1252=ORIENTED_EDGE('',*,*,#2020,.T.);
#1253=ORIENTED_EDGE('',*,*,#2021,.T.);
#1254=ORIENTED_EDGE('',*,*,#2022,.F.);
#1255=ORIENTED_EDGE('',*,*,#2023,.F.);
#1256=ORIENTED_EDGE('',*,*,#2022,.T.);
#1257=ORIENTED_EDGE('',*,*,#2024,.T.);
#1258=ORIENTED_EDGE('',*,*,#1724,.F.);
#1259=ORIENTED_EDGE('',*,*,#2025,.F.);
#1260=ORIENTED_EDGE('',*,*,#1722,.T.);
#1261=ORIENTED_EDGE('',*,*,#2026,.T.);
#1262=ORIENTED_EDGE('',*,*,#2020,.F.);
#1263=ORIENTED_EDGE('',*,*,#2027,.T.);
#1264=ORIENTED_EDGE('',*,*,#2019,.F.);
#1265=ORIENTED_EDGE('',*,*,#2023,.T.);
#1266=ORIENTED_EDGE('',*,*,#2025,.T.);
#1267=ORIENTED_EDGE('',*,*,#1723,.T.);
#1268=ORIENTED_EDGE('',*,*,#2027,.F.);
#1269=ORIENTED_EDGE('',*,*,#2028,.T.);
#1270=ORIENTED_EDGE('',*,*,#2029,.F.);
#1271=ORIENTED_EDGE('',*,*,#2017,.F.);
#1272=ORIENTED_EDGE('',*,*,#2029,.T.);
#1273=ORIENTED_EDGE('',*,*,#1853,.T.);
#1274=ORIENTED_EDGE('',*,*,#2030,.T.);
#1275=ORIENTED_EDGE('',*,*,#2031,.F.);
#1276=ORIENTED_EDGE('',*,*,#2032,.T.);
#1277=ORIENTED_EDGE('',*,*,#2031,.T.);
#1278=ORIENTED_EDGE('',*,*,#2033,.T.);
#1279=ORIENTED_EDGE('',*,*,#2034,.F.);
#1280=ORIENTED_EDGE('',*,*,#2035,.F.);
#1281=ORIENTED_EDGE('',*,*,#2034,.T.);
#1282=ORIENTED_EDGE('',*,*,#2036,.T.);
#1283=ORIENTED_EDGE('',*,*,#1855,.F.);
#1284=ORIENTED_EDGE('',*,*,#2037,.F.);
#1285=ORIENTED_EDGE('',*,*,#2032,.F.);
#1286=ORIENTED_EDGE('',*,*,#2035,.T.);
#1287=ORIENTED_EDGE('',*,*,#2037,.T.);
#1288=ORIENTED_EDGE('',*,*,#1854,.F.);
#1289=ORIENTED_EDGE('',*,*,#2015,.F.);
#1290=ORIENTED_EDGE('',*,*,#2038,.T.);
#1291=ORIENTED_EDGE('',*,*,#2039,.F.);
#1292=ORIENTED_EDGE('',*,*,#2013,.F.);
#1293=ORIENTED_EDGE('',*,*,#2039,.T.);
#1294=ORIENTED_EDGE('',*,*,#2040,.T.);
#1295=ORIENTED_EDGE('',*,*,#2041,.F.);
#1296=ORIENTED_EDGE('',*,*,#2042,.T.);
#1297=ORIENTED_EDGE('',*,*,#2043,.F.);
#1298=ORIENTED_EDGE('',*,*,#2044,.T.);
#1299=ORIENTED_EDGE('',*,*,#2045,.F.);
#1300=ORIENTED_EDGE('',*,*,#2046,.T.);
#1301=ORIENTED_EDGE('',*,*,#2047,.F.);
#1302=ORIENTED_EDGE('',*,*,#2048,.T.);
#1303=ORIENTED_EDGE('',*,*,#2049,.T.);
#1304=ORIENTED_EDGE('',*,*,#2050,.F.);
#1305=ORIENTED_EDGE('',*,*,#2051,.T.);
#1306=ORIENTED_EDGE('',*,*,#2050,.T.);
#1307=ORIENTED_EDGE('',*,*,#2052,.T.);
#1308=ORIENTED_EDGE('',*,*,#1742,.F.);
#1309=ORIENTED_EDGE('',*,*,#2053,.F.);
#1310=ORIENTED_EDGE('',*,*,#1740,.T.);
#1311=ORIENTED_EDGE('',*,*,#2054,.T.);
#1312=ORIENTED_EDGE('',*,*,#2048,.F.);
#1313=ORIENTED_EDGE('',*,*,#2055,.T.);
#1314=ORIENTED_EDGE('',*,*,#2047,.T.);
#1315=ORIENTED_EDGE('',*,*,#2051,.F.);
#1316=ORIENTED_EDGE('',*,*,#2053,.T.);
#1317=ORIENTED_EDGE('',*,*,#1741,.F.);
#1318=ORIENTED_EDGE('',*,*,#2055,.F.);
#1319=ORIENTED_EDGE('',*,*,#2056,.T.);
#1320=ORIENTED_EDGE('',*,*,#2057,.T.);
#1321=ORIENTED_EDGE('',*,*,#2045,.T.);
#1322=ORIENTED_EDGE('',*,*,#2057,.F.);
#1323=ORIENTED_EDGE('',*,*,#2058,.T.);
#1324=ORIENTED_EDGE('',*,*,#2059,.T.);
#1325=ORIENTED_EDGE('',*,*,#1837,.F.);
#1326=ORIENTED_EDGE('',*,*,#2060,.F.);
#1327=ORIENTED_EDGE('',*,*,#1835,.T.);
#1328=ORIENTED_EDGE('',*,*,#2061,.T.);
#1329=ORIENTED_EDGE('',*,*,#2062,.F.);
#1330=ORIENTED_EDGE('',*,*,#2063,.T.);
#1331=ORIENTED_EDGE('',*,*,#2062,.T.);
#1332=ORIENTED_EDGE('',*,*,#2064,.T.);
#1333=ORIENTED_EDGE('',*,*,#2058,.F.);
#1334=ORIENTED_EDGE('',*,*,#2065,.T.);
#1335=ORIENTED_EDGE('',*,*,#2060,.T.);
#1336=ORIENTED_EDGE('',*,*,#1836,.T.);
#1337=ORIENTED_EDGE('',*,*,#2063,.F.);
#1338=ORIENTED_EDGE('',*,*,#2065,.F.);
#1339=ORIENTED_EDGE('',*,*,#2043,.T.);
#1340=ORIENTED_EDGE('',*,*,#2066,.T.);
#1341=ORIENTED_EDGE('',*,*,#2067,.T.);
#1342=ORIENTED_EDGE('',*,*,#2041,.T.);
#1343=ORIENTED_EDGE('',*,*,#2067,.F.);
#1344=ORIENTED_EDGE('',*,*,#2068,.T.);
#1345=ORIENTED_EDGE('',*,*,#2069,.T.);
#1346=ORIENTED_EDGE('',*,*,#2070,.F.);
#1347=ORIENTED_EDGE('',*,*,#2071,.T.);
#1348=ORIENTED_EDGE('',*,*,#2072,.F.);
#1349=ORIENTED_EDGE('',*,*,#2073,.T.);
#1350=ORIENTED_EDGE('',*,*,#2074,.T.);
#1351=ORIENTED_EDGE('',*,*,#2075,.T.);
#1352=ORIENTED_EDGE('',*,*,#2076,.F.);
#1353=ORIENTED_EDGE('',*,*,#2077,.T.);
#1354=ORIENTED_EDGE('',*,*,#2078,.T.);
#1355=ORIENTED_EDGE('',*,*,#2079,.T.);
#1356=ORIENTED_EDGE('',*,*,#2080,.F.);
#1357=ORIENTED_EDGE('',*,*,#2081,.F.);
#1358=ORIENTED_EDGE('',*,*,#2082,.F.);
#1359=ORIENTED_EDGE('',*,*,#2078,.F.);
#1360=ORIENTED_EDGE('',*,*,#2083,.T.);
#1361=ORIENTED_EDGE('',*,*,#2084,.F.);
#1362=ORIENTED_EDGE('',*,*,#2083,.F.);
#1363=ORIENTED_EDGE('',*,*,#2077,.F.);
#1364=ORIENTED_EDGE('',*,*,#2085,.T.);
#1365=ORIENTED_EDGE('',*,*,#2086,.F.);
#1366=ORIENTED_EDGE('',*,*,#2087,.F.);
#1367=ORIENTED_EDGE('',*,*,#2075,.F.);
#1368=ORIENTED_EDGE('',*,*,#2088,.T.);
#1369=ORIENTED_EDGE('',*,*,#2089,.F.);
#1370=ORIENTED_EDGE('',*,*,#2088,.F.);
#1371=ORIENTED_EDGE('',*,*,#2074,.F.);
#1372=ORIENTED_EDGE('',*,*,#2090,.T.);
#1373=ORIENTED_EDGE('',*,*,#2091,.F.);
#1374=ORIENTED_EDGE('',*,*,#2090,.F.);
#1375=ORIENTED_EDGE('',*,*,#2073,.F.);
#1376=ORIENTED_EDGE('',*,*,#2092,.T.);
#1377=ORIENTED_EDGE('',*,*,#2093,.F.);
#1378=ORIENTED_EDGE('',*,*,#2094,.F.);
#1379=ORIENTED_EDGE('',*,*,#2071,.F.);
#1380=ORIENTED_EDGE('',*,*,#2095,.T.);
#1381=ORIENTED_EDGE('',*,*,#2096,.T.);
#1382=ORIENTED_EDGE('',*,*,#2095,.F.);
#1383=ORIENTED_EDGE('',*,*,#2070,.T.);
#1384=ORIENTED_EDGE('',*,*,#2097,.T.);
#1385=ORIENTED_EDGE('',*,*,#2098,.F.);
#1386=ORIENTED_EDGE('',*,*,#2085,.F.);
#1387=ORIENTED_EDGE('',*,*,#2076,.T.);
#1388=ORIENTED_EDGE('',*,*,#2087,.T.);
#1389=ORIENTED_EDGE('',*,*,#2099,.F.);
#1390=ORIENTED_EDGE('',*,*,#2092,.F.);
#1391=ORIENTED_EDGE('',*,*,#2072,.T.);
#1392=ORIENTED_EDGE('',*,*,#2094,.T.);
#1393=ORIENTED_EDGE('',*,*,#2100,.F.);
#1394=ORIENTED_EDGE('',*,*,#2101,.F.);
#1395=ORIENTED_EDGE('',*,*,#2097,.F.);
#1396=ORIENTED_EDGE('',*,*,#2069,.F.);
#1397=ORIENTED_EDGE('',*,*,#2082,.T.);
#1398=ORIENTED_EDGE('',*,*,#2102,.T.);
#1399=ORIENTED_EDGE('',*,*,#2103,.T.);
#1400=ORIENTED_EDGE('',*,*,#2104,.F.);
#1401=ORIENTED_EDGE('',*,*,#2105,.T.);
#1402=ORIENTED_EDGE('',*,*,#2106,.T.);
#1403=ORIENTED_EDGE('',*,*,#2107,.T.);
#1404=ORIENTED_EDGE('',*,*,#2108,.F.);
#1405=ORIENTED_EDGE('',*,*,#2109,.T.);
#1406=ORIENTED_EDGE('',*,*,#2110,.F.);
#1407=ORIENTED_EDGE('',*,*,#2111,.T.);
#1408=ORIENTED_EDGE('',*,*,#2112,.T.);
#1409=ORIENTED_EDGE('',*,*,#2113,.T.);
#1410=ORIENTED_EDGE('',*,*,#2114,.F.);
#1411=ORIENTED_EDGE('',*,*,#2115,.F.);
#1412=ORIENTED_EDGE('',*,*,#2116,.F.);
#1413=ORIENTED_EDGE('',*,*,#2112,.F.);
#1414=ORIENTED_EDGE('',*,*,#2117,.T.);
#1415=ORIENTED_EDGE('',*,*,#2118,.F.);
#1416=ORIENTED_EDGE('',*,*,#2117,.F.);
#1417=ORIENTED_EDGE('',*,*,#2111,.F.);
#1418=ORIENTED_EDGE('',*,*,#2119,.T.);
#1419=ORIENTED_EDGE('',*,*,#2120,.F.);
#1420=ORIENTED_EDGE('',*,*,#2121,.F.);
#1421=ORIENTED_EDGE('',*,*,#2109,.F.);
#1422=ORIENTED_EDGE('',*,*,#2122,.T.);
#1423=ORIENTED_EDGE('',*,*,#2123,.F.);
#1424=ORIENTED_EDGE('',*,*,#2124,.F.);
#1425=ORIENTED_EDGE('',*,*,#2107,.F.);
#1426=ORIENTED_EDGE('',*,*,#2125,.T.);
#1427=ORIENTED_EDGE('',*,*,#2126,.F.);
#1428=ORIENTED_EDGE('',*,*,#2125,.F.);
#1429=ORIENTED_EDGE('',*,*,#2106,.F.);
#1430=ORIENTED_EDGE('',*,*,#2127,.T.);
#1431=ORIENTED_EDGE('',*,*,#2128,.F.);
#1432=ORIENTED_EDGE('',*,*,#2127,.F.);
#1433=ORIENTED_EDGE('',*,*,#2105,.F.);
#1434=ORIENTED_EDGE('',*,*,#2129,.T.);
#1435=ORIENTED_EDGE('',*,*,#2130,.T.);
#1436=ORIENTED_EDGE('',*,*,#2129,.F.);
#1437=ORIENTED_EDGE('',*,*,#2104,.T.);
#1438=ORIENTED_EDGE('',*,*,#2131,.T.);
#1439=ORIENTED_EDGE('',*,*,#2132,.F.);
#1440=ORIENTED_EDGE('',*,*,#2119,.F.);
#1441=ORIENTED_EDGE('',*,*,#2110,.T.);
#1442=ORIENTED_EDGE('',*,*,#2121,.T.);
#1443=ORIENTED_EDGE('',*,*,#2133,.F.);
#1444=ORIENTED_EDGE('',*,*,#2122,.F.);
#1445=ORIENTED_EDGE('',*,*,#2108,.T.);
#1446=ORIENTED_EDGE('',*,*,#2124,.T.);
#1447=ORIENTED_EDGE('',*,*,#2134,.F.);
#1448=ORIENTED_EDGE('',*,*,#2135,.F.);
#1449=ORIENTED_EDGE('',*,*,#2131,.F.);
#1450=ORIENTED_EDGE('',*,*,#2103,.F.);
#1451=ORIENTED_EDGE('',*,*,#2116,.T.);
#1452=ORIENTED_EDGE('',*,*,#2080,.T.);
#1453=ORIENTED_EDGE('',*,*,#2114,.T.);
#1454=ORIENTED_EDGE('',*,*,#2118,.T.);
#1455=ORIENTED_EDGE('',*,*,#2132,.T.);
#1456=ORIENTED_EDGE('',*,*,#2135,.T.);
#1457=ORIENTED_EDGE('',*,*,#2115,.T.);
#1458=ORIENTED_EDGE('',*,*,#2120,.T.);
#1459=ORIENTED_EDGE('',*,*,#2133,.T.);
#1460=ORIENTED_EDGE('',*,*,#2128,.T.);
#1461=ORIENTED_EDGE('',*,*,#2134,.T.);
#1462=ORIENTED_EDGE('',*,*,#2123,.T.);
#1463=ORIENTED_EDGE('',*,*,#2126,.T.);
#1464=ORIENTED_EDGE('',*,*,#2084,.T.);
#1465=ORIENTED_EDGE('',*,*,#2098,.T.);
#1466=ORIENTED_EDGE('',*,*,#2101,.T.);
#1467=ORIENTED_EDGE('',*,*,#2081,.T.);
#1468=ORIENTED_EDGE('',*,*,#2091,.T.);
#1469=ORIENTED_EDGE('',*,*,#2099,.T.);
#1470=ORIENTED_EDGE('',*,*,#2086,.T.);
#1471=ORIENTED_EDGE('',*,*,#2089,.T.);
#1472=ORIENTED_EDGE('',*,*,#2093,.T.);
#1473=ORIENTED_EDGE('',*,*,#2100,.T.);
#1474=ORIENTED_EDGE('',*,*,#1784,.F.);
#1475=ORIENTED_EDGE('',*,*,#1817,.F.);
#1476=ORIENTED_EDGE('',*,*,#1815,.F.);
#1477=ORIENTED_EDGE('',*,*,#1818,.F.);
#1478=ORIENTED_EDGE('',*,*,#1705,.F.);
#1479=ORIENTED_EDGE('',*,*,#2096,.F.);
#1480=ORIENTED_EDGE('',*,*,#1704,.F.);
#1481=ORIENTED_EDGE('',*,*,#2130,.F.);
#1482=ORIENTED_EDGE('',*,*,#1721,.F.);
#1483=ORIENTED_EDGE('',*,*,#2136,.T.);
#1484=ORIENTED_EDGE('',*,*,#1821,.F.);
#1485=ORIENTED_EDGE('',*,*,#2137,.F.);
#1486=ORIENTED_EDGE('',*,*,#2137,.T.);
#1487=ORIENTED_EDGE('',*,*,#1832,.F.);
#1488=ORIENTED_EDGE('',*,*,#2138,.F.);
#1489=ORIENTED_EDGE('',*,*,#2026,.F.);
#1490=ORIENTED_EDGE('',*,*,#1745,.T.);
#1491=ORIENTED_EDGE('',*,*,#2052,.F.);
#1492=ORIENTED_EDGE('',*,*,#2139,.F.);
#1493=ORIENTED_EDGE('',*,*,#1708,.F.);
#1494=ORIENTED_EDGE('',*,*,#2140,.F.);
#1495=ORIENTED_EDGE('',*,*,#2021,.F.);
#1496=ORIENTED_EDGE('',*,*,#2138,.T.);
#1497=ORIENTED_EDGE('',*,*,#1831,.F.);
#1498=ORIENTED_EDGE('',*,*,#2141,.F.);
#1499=ORIENTED_EDGE('',*,*,#2024,.F.);
#1500=ORIENTED_EDGE('',*,*,#2140,.T.);
#1501=ORIENTED_EDGE('',*,*,#2142,.F.);
#1502=ORIENTED_EDGE('',*,*,#1725,.F.);
#1503=ORIENTED_EDGE('',*,*,#2143,.F.);
#1504=ORIENTED_EDGE('',*,*,#2054,.F.);
#1505=ORIENTED_EDGE('',*,*,#1739,.F.);
#1506=ORIENTED_EDGE('',*,*,#2144,.F.);
#1507=ORIENTED_EDGE('',*,*,#2049,.F.);
#1508=ORIENTED_EDGE('',*,*,#2143,.T.);
#1509=ORIENTED_EDGE('',*,*,#2145,.F.);
#1510=ORIENTED_EDGE('',*,*,#1709,.F.);
#1511=ORIENTED_EDGE('',*,*,#2139,.T.);
#1512=ORIENTED_EDGE('',*,*,#2141,.T.);
#1513=ORIENTED_EDGE('',*,*,#1830,.F.);
#1514=ORIENTED_EDGE('',*,*,#2146,.F.);
#1515=ORIENTED_EDGE('',*,*,#1959,.F.);
#1516=ORIENTED_EDGE('',*,*,#1963,.F.);
#1517=ORIENTED_EDGE('',*,*,#1957,.F.);
#1518=ORIENTED_EDGE('',*,*,#1726,.F.);
#1519=ORIENTED_EDGE('',*,*,#2142,.T.);
#1520=ORIENTED_EDGE('',*,*,#1935,.F.);
#1521=ORIENTED_EDGE('',*,*,#1923,.F.);
#1522=ORIENTED_EDGE('',*,*,#2147,.F.);
#1523=ORIENTED_EDGE('',*,*,#1710,.F.);
#1524=ORIENTED_EDGE('',*,*,#2145,.T.);
#1525=ORIENTED_EDGE('',*,*,#2144,.T.);
#1526=ORIENTED_EDGE('',*,*,#1738,.F.);
#1527=ORIENTED_EDGE('',*,*,#1925,.F.);
#1528=ORIENTED_EDGE('',*,*,#2146,.T.);
#1529=ORIENTED_EDGE('',*,*,#1829,.F.);
#1530=ORIENTED_EDGE('',*,*,#2148,.F.);
#1531=ORIENTED_EDGE('',*,*,#1951,.F.);
#1532=ORIENTED_EDGE('',*,*,#2147,.T.);
#1533=ORIENTED_EDGE('',*,*,#1931,.F.);
#1534=ORIENTED_EDGE('',*,*,#2149,.F.);
#1535=ORIENTED_EDGE('',*,*,#1711,.F.);
#1536=ORIENTED_EDGE('',*,*,#2148,.T.);
#1537=ORIENTED_EDGE('',*,*,#1828,.F.);
#1538=ORIENTED_EDGE('',*,*,#2150,.F.);
#1539=ORIENTED_EDGE('',*,*,#1991,.F.);
#1540=ORIENTED_EDGE('',*,*,#2149,.T.);
#1541=ORIENTED_EDGE('',*,*,#2005,.F.);
#1542=ORIENTED_EDGE('',*,*,#2151,.F.);
#1543=ORIENTED_EDGE('',*,*,#1712,.F.);
#1544=ORIENTED_EDGE('',*,*,#2150,.T.);
#1545=ORIENTED_EDGE('',*,*,#1827,.F.);
#1546=ORIENTED_EDGE('',*,*,#2152,.F.);
#1547=ORIENTED_EDGE('',*,*,#1973,.F.);
#1548=ORIENTED_EDGE('',*,*,#2151,.T.);
#1549=ORIENTED_EDGE('',*,*,#1942,.F.);
#1550=ORIENTED_EDGE('',*,*,#2153,.F.);
#1551=ORIENTED_EDGE('',*,*,#1713,.F.);
#1552=ORIENTED_EDGE('',*,*,#2154,.F.);
#1553=ORIENTED_EDGE('',*,*,#1851,.F.);
#1554=ORIENTED_EDGE('',*,*,#1967,.F.);
#1555=ORIENTED_EDGE('',*,*,#1977,.F.);
#1556=ORIENTED_EDGE('',*,*,#1965,.F.);
#1557=ORIENTED_EDGE('',*,*,#2152,.T.);
#1558=ORIENTED_EDGE('',*,*,#1826,.F.);
#1559=ORIENTED_EDGE('',*,*,#2155,.F.);
#1560=ORIENTED_EDGE('',*,*,#1852,.F.);
#1561=ORIENTED_EDGE('',*,*,#2154,.T.);
#1562=ORIENTED_EDGE('',*,*,#2156,.F.);
#1563=ORIENTED_EDGE('',*,*,#2030,.F.);
#1564=ORIENTED_EDGE('',*,*,#2157,.F.);
#1565=ORIENTED_EDGE('',*,*,#1838,.F.);
#1566=ORIENTED_EDGE('',*,*,#2059,.F.);
#1567=ORIENTED_EDGE('',*,*,#2158,.F.);
#1568=ORIENTED_EDGE('',*,*,#1839,.F.);
#1569=ORIENTED_EDGE('',*,*,#2157,.T.);
#1570=ORIENTED_EDGE('',*,*,#2159,.F.);
#1571=ORIENTED_EDGE('',*,*,#1714,.F.);
#1572=ORIENTED_EDGE('',*,*,#2153,.T.);
#1573=ORIENTED_EDGE('',*,*,#1938,.F.);
#1574=ORIENTED_EDGE('',*,*,#1949,.F.);
#1575=ORIENTED_EDGE('',*,*,#1936,.F.);
#1576=ORIENTED_EDGE('',*,*,#2155,.T.);
#1577=ORIENTED_EDGE('',*,*,#1825,.F.);
#1578=ORIENTED_EDGE('',*,*,#2160,.F.);
#1579=ORIENTED_EDGE('',*,*,#2033,.F.);
#1580=ORIENTED_EDGE('',*,*,#2156,.T.);
#1581=ORIENTED_EDGE('',*,*,#2158,.T.);
#1582=ORIENTED_EDGE('',*,*,#2064,.F.);
#1583=ORIENTED_EDGE('',*,*,#2161,.F.);
#1584=ORIENTED_EDGE('',*,*,#1715,.F.);
#1585=ORIENTED_EDGE('',*,*,#2159,.T.);
#1586=ORIENTED_EDGE('',*,*,#2160,.T.);
#1587=ORIENTED_EDGE('',*,*,#1824,.F.);
#1588=ORIENTED_EDGE('',*,*,#2162,.F.);
#1589=ORIENTED_EDGE('',*,*,#2036,.F.);
#1590=ORIENTED_EDGE('',*,*,#2161,.T.);
#1591=ORIENTED_EDGE('',*,*,#2061,.F.);
#1592=ORIENTED_EDGE('',*,*,#1747,.F.);
#1593=ORIENTED_EDGE('',*,*,#1716,.F.);
#1594=ORIENTED_EDGE('',*,*,#1823,.F.);
#1595=ORIENTED_EDGE('',*,*,#2163,.T.);
#1596=ORIENTED_EDGE('',*,*,#1856,.F.);
#1597=ORIENTED_EDGE('',*,*,#2162,.T.);
#1598=ORIENTED_EDGE('',*,*,#2066,.F.);
#1599=ORIENTED_EDGE('',*,*,#1703,.F.);
#1600=ORIENTED_EDGE('',*,*,#2056,.F.);
#1601=ORIENTED_EDGE('',*,*,#1702,.F.);
#1602=ORIENTED_EDGE('',*,*,#1819,.F.);
#1603=ORIENTED_EDGE('',*,*,#2038,.F.);
#1604=ORIENTED_EDGE('',*,*,#1820,.F.);
#1605=ORIENTED_EDGE('',*,*,#2028,.F.);
#1606=ORIENTED_EDGE('',*,*,#1771,.F.);
#1607=ORIENTED_EDGE('',*,*,#1793,.F.);
#1608=ORIENTED_EDGE('',*,*,#1794,.F.);
#1609=ORIENTED_EDGE('',*,*,#1805,.F.);
#1610=ORIENTED_EDGE('',*,*,#2079,.F.);
#1611=ORIENTED_EDGE('',*,*,#2068,.F.);
#1612=ORIENTED_EDGE('',*,*,#2113,.F.);
#1613=ORIENTED_EDGE('',*,*,#2102,.F.);
#1614=ORIENTED_EDGE('',*,*,#2044,.F.);
#1615=ORIENTED_EDGE('',*,*,#1912,.F.);
#1616=ORIENTED_EDGE('',*,*,#2042,.F.);
#1617=ORIENTED_EDGE('',*,*,#1913,.F.);
#1618=ORIENTED_EDGE('',*,*,#2040,.F.);
#1619=ORIENTED_EDGE('',*,*,#1914,.F.);
#1620=ORIENTED_EDGE('',*,*,#2046,.F.);
#1621=ORIENTED_EDGE('',*,*,#1915,.F.);
#1622=ORIENTED_EDGE('',*,*,#1916,.F.);
#1623=ORIENTED_EDGE('',*,*,#2016,.F.);
#1624=ORIENTED_EDGE('',*,*,#1917,.F.);
#1625=ORIENTED_EDGE('',*,*,#2014,.F.);
#1626=ORIENTED_EDGE('',*,*,#1918,.F.);
#1627=ORIENTED_EDGE('',*,*,#2012,.F.);
#1628=ORIENTED_EDGE('',*,*,#1919,.F.);
#1629=ORIENTED_EDGE('',*,*,#2018,.F.);
#1630=ORIENTED_EDGE('',*,*,#1976,.F.);
#1631=ORIENTED_EDGE('',*,*,#1889,.F.);
#1632=ORIENTED_EDGE('',*,*,#1890,.F.);
#1633=ORIENTED_EDGE('',*,*,#1962,.F.);
#1634=ORIENTED_EDGE('',*,*,#1858,.F.);
#1635=ORIENTED_EDGE('',*,*,#1948,.F.);
#1636=ORIENTED_EDGE('',*,*,#1934,.F.);
#1637=ORIENTED_EDGE('',*,*,#1859,.F.);
#1638=ORIENTED_EDGE('',*,*,#2164,.T.);
#1639=ORIENTED_EDGE('',*,*,#2165,.T.);
#1640=ORIENTED_EDGE('',*,*,#2166,.T.);
#1641=ORIENTED_EDGE('',*,*,#2167,.T.);
#1642=ORIENTED_EDGE('',*,*,#2168,.F.);
#1643=ORIENTED_EDGE('',*,*,#2169,.T.);
#1644=ORIENTED_EDGE('',*,*,#2170,.F.);
#1645=ORIENTED_EDGE('',*,*,#2171,.T.);
#1646=ORIENTED_EDGE('',*,*,#2172,.F.);
#1647=ORIENTED_EDGE('',*,*,#1857,.T.);
#1648=ORIENTED_EDGE('',*,*,#2163,.F.);
#1649=ORIENTED_EDGE('',*,*,#1822,.F.);
#1650=ORIENTED_EDGE('',*,*,#2136,.F.);
#1651=ORIENTED_EDGE('',*,*,#1720,.F.);
#1652=ORIENTED_EDGE('',*,*,#2173,.F.);
#1653=ORIENTED_EDGE('',*,*,#2174,.T.);
#1654=ORIENTED_EDGE('',*,*,#2175,.F.);
#1655=ORIENTED_EDGE('',*,*,#1718,.T.);
#1656=ORIENTED_EDGE('',*,*,#1744,.T.);
#1657=ORIENTED_EDGE('',*,*,#1706,.T.);
#1658=ORIENTED_EDGE('',*,*,#1746,.T.);
#1659=ORIENTED_EDGE('',*,*,#1834,.F.);
#1660=ORIENTED_EDGE('',*,*,#2176,.T.);
#1661=ORIENTED_EDGE('',*,*,#2177,.T.);
#1662=ORIENTED_EDGE('',*,*,#2178,.T.);
#1663=ORIENTED_EDGE('',*,*,#2179,.T.);
#1664=ORIENTED_EDGE('',*,*,#2180,.T.);
#1665=ORIENTED_EDGE('',*,*,#2181,.T.);
#1666=ORIENTED_EDGE('',*,*,#2172,.T.);
#1667=ORIENTED_EDGE('',*,*,#2182,.T.);
#1668=ORIENTED_EDGE('',*,*,#2176,.F.);
#1669=ORIENTED_EDGE('',*,*,#1833,.F.);
#1670=ORIENTED_EDGE('',*,*,#2168,.T.);
#1671=ORIENTED_EDGE('',*,*,#2183,.T.);
#1672=ORIENTED_EDGE('',*,*,#2180,.F.);
#1673=ORIENTED_EDGE('',*,*,#2184,.T.);
#1674=ORIENTED_EDGE('',*,*,#2178,.F.);
#1675=ORIENTED_EDGE('',*,*,#2185,.T.);
#1676=ORIENTED_EDGE('',*,*,#2170,.T.);
#1677=ORIENTED_EDGE('',*,*,#2186,.T.);
#1678=ORIENTED_EDGE('',*,*,#2171,.F.);
#1679=ORIENTED_EDGE('',*,*,#2185,.F.);
#1680=ORIENTED_EDGE('',*,*,#2177,.F.);
#1681=ORIENTED_EDGE('',*,*,#2182,.F.);
#1682=ORIENTED_EDGE('',*,*,#2169,.F.);
#1683=ORIENTED_EDGE('',*,*,#2184,.F.);
#1684=ORIENTED_EDGE('',*,*,#2179,.F.);
#1685=ORIENTED_EDGE('',*,*,#2186,.F.);
#1686=ORIENTED_EDGE('',*,*,#2175,.T.);
#1687=ORIENTED_EDGE('',*,*,#2187,.T.);
#1688=ORIENTED_EDGE('',*,*,#2164,.F.);
#1689=ORIENTED_EDGE('',*,*,#1719,.T.);
#1690=ORIENTED_EDGE('',*,*,#2166,.F.);
#1691=ORIENTED_EDGE('',*,*,#2188,.T.);
#1692=ORIENTED_EDGE('',*,*,#2173,.T.);
#1693=ORIENTED_EDGE('',*,*,#2189,.T.);
#1694=ORIENTED_EDGE('',*,*,#2165,.F.);
#1695=ORIENTED_EDGE('',*,*,#2187,.F.);
#1696=ORIENTED_EDGE('',*,*,#2174,.F.);
#1697=ORIENTED_EDGE('',*,*,#2188,.F.);
#1698=ORIENTED_EDGE('',*,*,#2167,.F.);
#1699=ORIENTED_EDGE('',*,*,#2189,.F.);
#1700=ORIENTED_EDGE('',*,*,#2181,.F.);
#1701=ORIENTED_EDGE('',*,*,#2183,.F.);
#1702=EDGE_CURVE('',#2190,#2190,#2530,.T.);
#1703=EDGE_CURVE('',#2191,#2191,#2531,.T.);
#1704=EDGE_CURVE('',#2192,#2192,#2532,.T.);
#1705=EDGE_CURVE('',#2193,#2193,#2533,.T.);
#1706=EDGE_CURVE('',#2194,#2195,#134,.T.);
#1707=EDGE_CURVE('',#2194,#2196,#135,.T.);
#1708=EDGE_CURVE('',#2196,#2197,#136,.F.);
#1709=EDGE_CURVE('',#2197,#2198,#2534,.T.);
#1710=EDGE_CURVE('',#2198,#2199,#137,.T.);
#1711=EDGE_CURVE('',#2199,#2200,#138,.F.);
#1712=EDGE_CURVE('',#2200,#2201,#139,.F.);
#1713=EDGE_CURVE('',#2201,#2202,#140,.T.);
#1714=EDGE_CURVE('',#2202,#2203,#141,.T.);
#1715=EDGE_CURVE('',#2203,#2204,#2535,.T.);
#1716=EDGE_CURVE('',#2204,#2205,#142,.T.);
#1717=EDGE_CURVE('',#2205,#2195,#143,.F.);
#1718=EDGE_CURVE('',#2206,#2207,#144,.T.);
#1719=EDGE_CURVE('',#2208,#2206,#145,.T.);
#1720=EDGE_CURVE('',#2208,#2209,#146,.T.);
#1721=EDGE_CURVE('',#2209,#2210,#147,.F.);
#1722=EDGE_CURVE('',#2211,#2210,#148,.T.);
#1723=EDGE_CURVE('',#2212,#2211,#149,.T.);
#1724=EDGE_CURVE('',#2212,#2213,#150,.T.);
#1725=EDGE_CURVE('',#2213,#2214,#2536,.F.);
#1726=EDGE_CURVE('',#2214,#2215,#2537,.F.);
#1727=EDGE_CURVE('',#2215,#2216,#151,.T.);
#1728=EDGE_CURVE('',#2217,#2216,#152,.T.);
#1729=EDGE_CURVE('',#2218,#2217,#153,.T.);
#1730=EDGE_CURVE('',#2218,#2219,#154,.T.);
#1731=EDGE_CURVE('',#2219,#2220,#155,.T.);
#1732=EDGE_CURVE('',#2220,#2221,#156,.T.);
#1733=EDGE_CURVE('',#2221,#2222,#157,.T.);
#1734=EDGE_CURVE('',#2223,#2222,#158,.T.);
#1735=EDGE_CURVE('',#2223,#2224,#159,.T.);
#1736=EDGE_CURVE('',#2224,#2225,#160,.T.);
#1737=EDGE_CURVE('',#2225,#2226,#161,.T.);
#1738=EDGE_CURVE('',#2226,#2227,#2538,.F.);
#1739=EDGE_CURVE('',#2227,#2228,#2539,.F.);
#1740=EDGE_CURVE('',#2229,#2228,#162,.T.);
#1741=EDGE_CURVE('',#2229,#2230,#163,.T.);
#1742=EDGE_CURVE('',#2230,#2231,#164,.T.);
#1743=EDGE_CURVE('',#2231,#2207,#165,.F.);
#1744=EDGE_CURVE('',#2207,#2194,#2540,.F.);
#1745=EDGE_CURVE('',#2196,#2231,#48,.T.);
#1746=EDGE_CURVE('',#2195,#2232,#2541,.F.);
#1747=EDGE_CURVE('',#2205,#2233,#49,.F.);
#1748=EDGE_CURVE('',#2232,#2233,#166,.T.);
#1749=EDGE_CURVE('',#2234,#2234,#2542,.T.);
#1750=EDGE_CURVE('',#2235,#2235,#2543,.T.);
#1751=EDGE_CURVE('',#2236,#2237,#167,.T.);
#1752=EDGE_CURVE('',#2237,#2236,#2544,.T.);
#1753=EDGE_CURVE('',#2238,#2239,#168,.T.);
#1754=EDGE_CURVE('',#2240,#2238,#2545,.T.);
#1755=EDGE_CURVE('',#2241,#2240,#169,.T.);
#1756=EDGE_CURVE('',#2239,#2241,#2546,.T.);
#1757=EDGE_CURVE('',#2242,#2243,#170,.T.);
#1758=EDGE_CURVE('',#2244,#2242,#2547,.T.);
#1759=EDGE_CURVE('',#2245,#2244,#171,.T.);
#1760=EDGE_CURVE('',#2243,#2245,#2548,.T.);
#1761=EDGE_CURVE('',#2246,#2247,#172,.T.);
#1762=EDGE_CURVE('',#2248,#2246,#2549,.T.);
#1763=EDGE_CURVE('',#2249,#2248,#173,.T.);
#1764=EDGE_CURVE('',#2247,#2249,#2550,.T.);
#1765=EDGE_CURVE('',#2250,#2251,#174,.T.);
#1766=EDGE_CURVE('',#2251,#2250,#2551,.T.);
#1767=EDGE_CURVE('',#2252,#2253,#175,.T.);
#1768=EDGE_CURVE('',#2254,#2252,#2552,.T.);
#1769=EDGE_CURVE('',#2255,#2254,#176,.T.);
#1770=EDGE_CURVE('',#2253,#2255,#2553,.T.);
#1771=EDGE_CURVE('',#2256,#2256,#2554,.T.);
#1772=EDGE_CURVE('',#2257,#2258,#177,.T.);
#1773=EDGE_CURVE('',#2259,#2257,#2555,.T.);
#1774=EDGE_CURVE('',#2260,#2259,#178,.T.);
#1775=EDGE_CURVE('',#2260,#2261,#2556,.T.);
#1776=EDGE_CURVE('',#2262,#2261,#179,.T.);
#1777=EDGE_CURVE('',#2263,#2262,#2557,.T.);
#1778=EDGE_CURVE('',#2264,#2263,#180,.T.);
#1779=EDGE_CURVE('',#2264,#2265,#2558,.T.);
#1780=EDGE_CURVE('',#2266,#2265,#181,.T.);
#1781=EDGE_CURVE('',#2266,#2258,#2559,.T.);
#1782=EDGE_CURVE('',#2257,#2240,#182,.T.);
#1783=EDGE_CURVE('',#2258,#2241,#183,.T.);
#1784=EDGE_CURVE('',#2267,#2267,#2560,.F.);
#1785=EDGE_CURVE('',#2266,#2237,#184,.T.);
#1786=EDGE_CURVE('',#2265,#2236,#185,.T.);
#1787=EDGE_CURVE('',#2264,#2243,#186,.T.);
#1788=EDGE_CURVE('',#2261,#2245,#187,.T.);
#1789=EDGE_CURVE('',#2260,#2239,#188,.T.);
#1790=EDGE_CURVE('',#2263,#2242,#189,.T.);
#1791=EDGE_CURVE('',#2262,#2244,#190,.T.);
#1792=EDGE_CURVE('',#2259,#2238,#191,.T.);
#1793=EDGE_CURVE('',#2268,#2268,#2561,.F.);
#1794=EDGE_CURVE('',#2269,#2269,#2562,.T.);
#1795=EDGE_CURVE('',#2270,#2271,#192,.T.);
#1796=EDGE_CURVE('',#2272,#2270,#2563,.T.);
#1797=EDGE_CURVE('',#2273,#2272,#193,.T.);
#1798=EDGE_CURVE('',#2273,#2274,#2564,.T.);
#1799=EDGE_CURVE('',#2275,#2274,#194,.T.);
#1800=EDGE_CURVE('',#2275,#2276,#2565,.T.);
#1801=EDGE_CURVE('',#2277,#2276,#195,.T.);
#1802=EDGE_CURVE('',#2278,#2277,#2566,.T.);
#1803=EDGE_CURVE('',#2279,#2278,#196,.T.);
#1804=EDGE_CURVE('',#2279,#2271,#2567,.T.);
#1805=EDGE_CURVE('',#2280,#2280,#2568,.F.);
#1806=EDGE_CURVE('',#2272,#2246,#197,.T.);
#1807=EDGE_CURVE('',#2270,#2248,#198,.T.);
#1808=EDGE_CURVE('',#2273,#2247,#199,.T.);
#1809=EDGE_CURVE('',#2275,#2251,#200,.T.);
#1810=EDGE_CURVE('',#2274,#2250,#201,.T.);
#1811=EDGE_CURVE('',#2277,#2254,#202,.T.);
#1812=EDGE_CURVE('',#2276,#2255,#203,.T.);
#1813=EDGE_CURVE('',#2278,#2252,#204,.T.);
#1814=EDGE_CURVE('',#2279,#2253,#205,.T.);
#1815=EDGE_CURVE('',#2281,#2281,#2569,.F.);
#1816=EDGE_CURVE('',#2271,#2249,#206,.T.);
#1817=EDGE_CURVE('',#2282,#2282,#2570,.T.);
#1818=EDGE_CURVE('',#2283,#2283,#2571,.T.);
#1819=EDGE_CURVE('',#2284,#2284,#2572,.T.);
#1820=EDGE_CURVE('',#2285,#2285,#2573,.T.);
#1821=EDGE_CURVE('',#2286,#2287,#207,.T.);
#1822=EDGE_CURVE('',#2287,#2288,#208,.T.);
#1823=EDGE_CURVE('',#2288,#2289,#209,.F.);
#1824=EDGE_CURVE('',#2289,#2290,#210,.F.);
#1825=EDGE_CURVE('',#2290,#2291,#2574,.T.);
#1826=EDGE_CURVE('',#2291,#2292,#211,.T.);
#1827=EDGE_CURVE('',#2292,#2293,#212,.F.);
#1828=EDGE_CURVE('',#2293,#2294,#213,.T.);
#1829=EDGE_CURVE('',#2294,#2295,#214,.T.);
#1830=EDGE_CURVE('',#2295,#2296,#215,.T.);
#1831=EDGE_CURVE('',#2296,#2297,#2575,.T.);
#1832=EDGE_CURVE('',#2297,#2286,#216,.T.);
#1833=EDGE_CURVE('',#2298,#2299,#217,.T.);
#1834=EDGE_CURVE('',#2299,#2232,#218,.T.);
#1835=EDGE_CURVE('',#2300,#2233,#219,.T.);
#1836=EDGE_CURVE('',#2301,#2300,#220,.T.);
#1837=EDGE_CURVE('',#2301,#2302,#221,.T.);
#1838=EDGE_CURVE('',#2302,#2303,#2576,.F.);
#1839=EDGE_CURVE('',#2303,#2304,#2577,.F.);
#1840=EDGE_CURVE('',#2304,#2305,#222,.T.);
#1841=EDGE_CURVE('',#2306,#2305,#223,.T.);
#1842=EDGE_CURVE('',#2306,#2307,#224,.T.);
#1843=EDGE_CURVE('',#2307,#2308,#225,.T.);
#1844=EDGE_CURVE('',#2308,#2309,#226,.T.);
#1845=EDGE_CURVE('',#2310,#2309,#227,.T.);
#1846=EDGE_CURVE('',#2310,#2311,#228,.T.);
#1847=EDGE_CURVE('',#2312,#2311,#229,.T.);
#1848=EDGE_CURVE('',#2313,#2312,#230,.T.);
#1849=EDGE_CURVE('',#2313,#2314,#231,.T.);
#1850=EDGE_CURVE('',#2314,#2315,#232,.T.);
#1851=EDGE_CURVE('',#2315,#2316,#2578,.F.);
#1852=EDGE_CURVE('',#2316,#2317,#2579,.F.);
#1853=EDGE_CURVE('',#2318,#2317,#233,.T.);
#1854=EDGE_CURVE('',#2318,#2319,#234,.T.);
#1855=EDGE_CURVE('',#2319,#2320,#235,.T.);
#1856=EDGE_CURVE('',#2320,#2321,#236,.T.);
#1857=EDGE_CURVE('',#2298,#2321,#237,.T.);
#1858=EDGE_CURVE('',#2322,#2322,#2580,.T.);
#1859=EDGE_CURVE('',#2323,#2323,#2581,.T.);
#1860=EDGE_CURVE('',#2324,#2325,#238,.T.);
#1861=EDGE_CURVE('',#2324,#2326,#239,.T.);
#1862=EDGE_CURVE('',#2326,#2327,#240,.T.);
#1863=EDGE_CURVE('',#2327,#2328,#2582,.F.);
#1864=EDGE_CURVE('',#2309,#2328,#241,.T.);
#1865=EDGE_CURVE('',#2329,#2308,#242,.T.);
#1866=EDGE_CURVE('',#2330,#2329,#243,.T.);
#1867=EDGE_CURVE('',#2331,#2330,#2583,.F.);
#1868=EDGE_CURVE('',#2331,#2332,#244,.T.);
#1869=EDGE_CURVE('',#2333,#2332,#2584,.F.);
#1870=EDGE_CURVE('',#2334,#2333,#245,.T.);
#1871=EDGE_CURVE('',#2222,#2334,#246,.T.);
#1872=EDGE_CURVE('',#2335,#2221,#247,.T.);
#1873=EDGE_CURVE('',#2335,#2336,#2585,.F.);
#1874=EDGE_CURVE('',#2337,#2336,#248,.T.);
#1875=EDGE_CURVE('',#2337,#2338,#2586,.F.);
#1876=EDGE_CURVE('',#2338,#2339,#249,.T.);
#1877=EDGE_CURVE('',#2339,#2340,#2587,.F.);
#1878=EDGE_CURVE('',#2340,#2325,#250,.T.);
#1879=EDGE_CURVE('',#2341,#2342,#251,.T.);
#1880=EDGE_CURVE('',#2342,#2325,#252,.T.);
#1881=EDGE_CURVE('',#2340,#2343,#253,.F.);
#1882=EDGE_CURVE('',#2344,#2343,#254,.T.);
#1883=EDGE_CURVE('',#2345,#2344,#255,.T.);
#1884=EDGE_CURVE('',#2346,#2345,#256,.T.);
#1885=EDGE_CURVE('',#2346,#2347,#257,.T.);
#1886=EDGE_CURVE('',#2348,#2347,#258,.T.);
#1887=EDGE_CURVE('',#2348,#2327,#259,.T.);
#1888=EDGE_CURVE('',#2341,#2326,#260,.T.);
#1889=EDGE_CURVE('',#2349,#2349,#2588,.T.);
#1890=EDGE_CURVE('',#2350,#2350,#2589,.T.);
#1891=EDGE_CURVE('',#2351,#2347,#261,.T.);
#1892=EDGE_CURVE('',#2351,#2344,#262,.T.);
#1893=EDGE_CURVE('',#2343,#2352,#2590,.F.);
#1894=EDGE_CURVE('',#2352,#2353,#263,.T.);
#1895=EDGE_CURVE('',#2353,#2354,#2591,.F.);
#1896=EDGE_CURVE('',#2355,#2354,#264,.T.);
#1897=EDGE_CURVE('',#2355,#2356,#2592,.F.);
#1898=EDGE_CURVE('',#2220,#2356,#265,.T.);
#1899=EDGE_CURVE('',#2219,#2357,#266,.T.);
#1900=EDGE_CURVE('',#2357,#2358,#267,.T.);
#1901=EDGE_CURVE('',#2358,#2359,#2593,.F.);
#1902=EDGE_CURVE('',#2360,#2359,#268,.T.);
#1903=EDGE_CURVE('',#2360,#2361,#2594,.F.);
#1904=EDGE_CURVE('',#2361,#2362,#269,.T.);
#1905=EDGE_CURVE('',#2362,#2311,#270,.T.);
#1906=EDGE_CURVE('',#2363,#2310,#271,.T.);
#1907=EDGE_CURVE('',#2363,#2348,#2595,.F.);
#1908=EDGE_CURVE('',#2328,#2363,#272,.F.);
#1909=EDGE_CURVE('',#2356,#2335,#273,.T.);
#1910=EDGE_CURVE('',#2336,#2355,#274,.F.);
#1911=EDGE_CURVE('',#2354,#2337,#275,.T.);
#1912=EDGE_CURVE('',#2364,#2364,#2596,.F.);
#1913=EDGE_CURVE('',#2365,#2365,#2597,.F.);
#1914=EDGE_CURVE('',#2366,#2366,#2598,.F.);
#1915=EDGE_CURVE('',#2367,#2367,#2599,.F.);
#1916=EDGE_CURVE('',#2368,#2368,#2600,.F.);
#1917=EDGE_CURVE('',#2369,#2369,#2601,.F.);
#1918=EDGE_CURVE('',#2370,#2370,#2602,.F.);
#1919=EDGE_CURVE('',#2371,#2371,#2603,.F.);
#1920=EDGE_CURVE('',#2352,#2339,#276,.T.);
#1921=EDGE_CURVE('',#2338,#2353,#277,.F.);
#1922=EDGE_CURVE('',#2372,#2373,#278,.T.);
#1923=EDGE_CURVE('',#2373,#2374,#279,.F.);
#1924=EDGE_CURVE('',#2375,#2374,#2604,.T.);
#1925=EDGE_CURVE('',#2375,#2226,#280,.F.);
#1926=EDGE_CURVE('',#2376,#2225,#281,.T.);
#1927=EDGE_CURVE('',#2376,#2372,#2605,.T.);
#1928=EDGE_CURVE('',#2377,#2224,#282,.T.);
#1929=EDGE_CURVE('',#2376,#2377,#283,.T.);
#1930=EDGE_CURVE('',#2378,#2379,#284,.T.);
#1931=EDGE_CURVE('',#2379,#2373,#285,.T.);
#1932=EDGE_CURVE('',#2372,#2378,#286,.T.);
#1933=EDGE_CURVE('',#2378,#2377,#2606,.T.);
#1934=EDGE_CURVE('',#2380,#2380,#2607,.F.);
#1935=EDGE_CURVE('',#2374,#2375,#40,.T.);
#1936=EDGE_CURVE('',#2304,#2381,#287,.F.);
#1937=EDGE_CURVE('',#2381,#2382,#2608,.T.);
#1938=EDGE_CURVE('',#2382,#2383,#288,.F.);
#1939=EDGE_CURVE('',#2384,#2383,#289,.T.);
#1940=EDGE_CURVE('',#2385,#2384,#2609,.T.);
#1941=EDGE_CURVE('',#2385,#2305,#290,.T.);
#1942=EDGE_CURVE('',#2383,#2386,#291,.F.);
#1943=EDGE_CURVE('',#2387,#2386,#292,.T.);
#1944=EDGE_CURVE('',#2384,#2387,#293,.T.);
#1945=EDGE_CURVE('',#2385,#2388,#294,.T.);
#1946=EDGE_CURVE('',#2388,#2306,#295,.T.);
#1947=EDGE_CURVE('',#2388,#2387,#2610,.T.);
#1948=EDGE_CURVE('',#2389,#2389,#2611,.F.);
#1949=EDGE_CURVE('',#2381,#2382,#41,.T.);
#1950=EDGE_CURVE('',#2390,#2391,#296,.T.);
#1951=EDGE_CURVE('',#2391,#2392,#297,.F.);
#1952=EDGE_CURVE('',#2393,#2392,#298,.T.);
#1953=EDGE_CURVE('',#2390,#2393,#299,.T.);
#1954=EDGE_CURVE('',#2394,#2395,#300,.T.);
#1955=EDGE_CURVE('',#2395,#2217,#301,.T.);
#1956=EDGE_CURVE('',#2394,#2216,#302,.T.);
#1957=EDGE_CURVE('',#2215,#2396,#303,.F.);
#1958=EDGE_CURVE('',#2396,#2397,#2612,.T.);
#1959=EDGE_CURVE('',#2397,#2391,#304,.F.);
#1960=EDGE_CURVE('',#2394,#2390,#2613,.T.);
#1961=EDGE_CURVE('',#2393,#2395,#2614,.T.);
#1962=EDGE_CURVE('',#2398,#2398,#2615,.F.);
#1963=EDGE_CURVE('',#2396,#2397,#42,.T.);
#1964=EDGE_CURVE('',#2399,#2400,#305,.T.);
#1965=EDGE_CURVE('',#2400,#2401,#306,.F.);
#1966=EDGE_CURVE('',#2402,#2401,#2616,.T.);
#1967=EDGE_CURVE('',#2402,#2315,#307,.F.);
#1968=EDGE_CURVE('',#2403,#2314,#308,.T.);
#1969=EDGE_CURVE('',#2403,#2399,#2617,.T.);
#1970=EDGE_CURVE('',#2404,#2313,#309,.T.);
#1971=EDGE_CURVE('',#2403,#2404,#310,.T.);
#1972=EDGE_CURVE('',#2405,#2406,#311,.T.);
#1973=EDGE_CURVE('',#2406,#2400,#312,.T.);
#1974=EDGE_CURVE('',#2399,#2405,#313,.T.);
#1975=EDGE_CURVE('',#2404,#2405,#2618,.T.);
#1976=EDGE_CURVE('',#2407,#2407,#2619,.F.);
#1977=EDGE_CURVE('',#2401,#2402,#43,.T.);
#1978=EDGE_CURVE('',#2408,#2362,#314,.T.);
#1979=EDGE_CURVE('',#2408,#2312,#315,.T.);
#1980=EDGE_CURVE('',#2409,#2361,#316,.T.);
#1981=EDGE_CURVE('',#2409,#2408,#317,.T.);
#1982=EDGE_CURVE('',#2410,#2360,#318,.T.);
#1983=EDGE_CURVE('',#2410,#2409,#2620,.F.);
#1984=EDGE_CURVE('',#2411,#2359,#319,.T.);
#1985=EDGE_CURVE('',#2410,#2411,#320,.T.);
#1986=EDGE_CURVE('',#2412,#2358,#321,.T.);
#1987=EDGE_CURVE('',#2412,#2411,#2621,.F.);
#1988=EDGE_CURVE('',#2413,#2357,#322,.T.);
#1989=EDGE_CURVE('',#2413,#2412,#323,.T.);
#1990=EDGE_CURVE('',#2218,#2413,#324,.T.);
#1991=EDGE_CURVE('',#2392,#2406,#325,.F.);
#1992=EDGE_CURVE('',#2414,#2307,#326,.T.);
#1993=EDGE_CURVE('',#2414,#2329,#327,.T.);
#1994=EDGE_CURVE('',#2415,#2334,#328,.T.);
#1995=EDGE_CURVE('',#2223,#2415,#329,.T.);
#1996=EDGE_CURVE('',#2416,#2333,#330,.T.);
#1997=EDGE_CURVE('',#2415,#2416,#331,.T.);
#1998=EDGE_CURVE('',#2417,#2332,#332,.T.);
#1999=EDGE_CURVE('',#2416,#2417,#2622,.F.);
#2000=EDGE_CURVE('',#2418,#2331,#333,.T.);
#2001=EDGE_CURVE('',#2418,#2417,#334,.T.);
#2002=EDGE_CURVE('',#2419,#2330,#335,.T.);
#2003=EDGE_CURVE('',#2418,#2419,#2623,.F.);
#2004=EDGE_CURVE('',#2419,#2414,#336,.T.);
#2005=EDGE_CURVE('',#2386,#2379,#337,.T.);
#2006=EDGE_CURVE('',#2420,#2351,#338,.T.);
#2007=EDGE_CURVE('',#2420,#2345,#339,.T.);
#2008=EDGE_CURVE('',#2420,#2346,#340,.T.);
#2009=EDGE_CURVE('',#2421,#2342,#341,.T.);
#2010=EDGE_CURVE('',#2421,#2324,#342,.T.);
#2011=EDGE_CURVE('',#2421,#2341,#343,.T.);
#2012=EDGE_CURVE('',#2422,#2422,#2624,.T.);
#2013=EDGE_CURVE('',#2423,#2423,#2625,.F.);
#2014=EDGE_CURVE('',#2424,#2424,#2626,.T.);
#2015=EDGE_CURVE('',#2425,#2425,#2627,.F.);
#2016=EDGE_CURVE('',#2426,#2426,#2628,.T.);
#2017=EDGE_CURVE('',#2427,#2427,#2629,.F.);
#2018=EDGE_CURVE('',#2428,#2428,#2630,.T.);
#2019=EDGE_CURVE('',#2429,#2429,#2631,.F.);
#2020=EDGE_CURVE('',#2430,#2431,#344,.T.);
#2021=EDGE_CURVE('',#2431,#2432,#2632,.F.);
#2022=EDGE_CURVE('',#2433,#2432,#345,.T.);
#2023=EDGE_CURVE('',#2430,#2433,#2633,.T.);
#2024=EDGE_CURVE('',#2432,#2213,#346,.T.);
#2025=EDGE_CURVE('',#2433,#2212,#347,.T.);
#2026=EDGE_CURVE('',#2210,#2431,#348,.F.);
#2027=EDGE_CURVE('',#2430,#2211,#349,.T.);
#2028=EDGE_CURVE('',#2434,#2434,#2634,.F.);
#2029=EDGE_CURVE('',#2435,#2435,#2635,.T.);
#2030=EDGE_CURVE('',#2317,#2436,#350,.T.);
#2031=EDGE_CURVE('',#2437,#2436,#351,.T.);
#2032=EDGE_CURVE('',#2437,#2318,#352,.T.);
#2033=EDGE_CURVE('',#2436,#2438,#2636,.F.);
#2034=EDGE_CURVE('',#2439,#2438,#353,.T.);
#2035=EDGE_CURVE('',#2437,#2439,#2637,.T.);
#2036=EDGE_CURVE('',#2438,#2320,#354,.T.);
#2037=EDGE_CURVE('',#2439,#2319,#355,.T.);
#2038=EDGE_CURVE('',#2440,#2440,#2638,.F.);
#2039=EDGE_CURVE('',#2441,#2441,#2639,.T.);
#2040=EDGE_CURVE('',#2442,#2442,#2640,.T.);
#2041=EDGE_CURVE('',#2443,#2443,#2641,.F.);
#2042=EDGE_CURVE('',#2444,#2444,#2642,.T.);
#2043=EDGE_CURVE('',#2445,#2445,#2643,.F.);
#2044=EDGE_CURVE('',#2446,#2446,#2644,.T.);
#2045=EDGE_CURVE('',#2447,#2447,#2645,.F.);
#2046=EDGE_CURVE('',#2448,#2448,#2646,.T.);
#2047=EDGE_CURVE('',#2449,#2449,#2647,.F.);
#2048=EDGE_CURVE('',#2450,#2451,#356,.T.);
#2049=EDGE_CURVE('',#2451,#2452,#2648,.F.);
#2050=EDGE_CURVE('',#2453,#2452,#357,.T.);
#2051=EDGE_CURVE('',#2453,#2450,#2649,.T.);
#2052=EDGE_CURVE('',#2452,#2231,#358,.T.);
#2053=EDGE_CURVE('',#2453,#2230,#359,.T.);
#2054=EDGE_CURVE('',#2228,#2451,#360,.F.);
#2055=EDGE_CURVE('',#2450,#2229,#361,.T.);
#2056=EDGE_CURVE('',#2454,#2454,#2650,.F.);
#2057=EDGE_CURVE('',#2455,#2455,#2651,.T.);
#2058=EDGE_CURVE('',#2456,#2457,#362,.T.);
#2059=EDGE_CURVE('',#2457,#2302,#363,.F.);
#2060=EDGE_CURVE('',#2456,#2301,#364,.T.);
#2061=EDGE_CURVE('',#2233,#2458,#365,.F.);
#2062=EDGE_CURVE('',#2459,#2458,#366,.T.);
#2063=EDGE_CURVE('',#2459,#2300,#367,.T.);
#2064=EDGE_CURVE('',#2458,#2457,#2652,.F.);
#2065=EDGE_CURVE('',#2456,#2459,#2653,.T.);
#2066=EDGE_CURVE('',#2460,#2460,#2654,.F.);
#2067=EDGE_CURVE('',#2461,#2461,#2655,.T.);
#2068=EDGE_CURVE('',#2462,#2462,#2656,.T.);
#2069=EDGE_CURVE('',#2463,#2464,#368,.T.);
#2070=EDGE_CURVE('',#2465,#2464,#2657,.T.);
#2071=EDGE_CURVE('',#2465,#2466,#369,.T.);
#2072=EDGE_CURVE('',#2467,#2466,#2658,.T.);
#2073=EDGE_CURVE('',#2467,#2468,#370,.T.);
#2074=EDGE_CURVE('',#2468,#2469,#2659,.T.);
#2075=EDGE_CURVE('',#2469,#2470,#371,.T.);
#2076=EDGE_CURVE('',#2471,#2470,#2660,.T.);
#2077=EDGE_CURVE('',#2471,#2472,#372,.T.);
#2078=EDGE_CURVE('',#2472,#2463,#2661,.T.);
#2079=EDGE_CURVE('',#2473,#2473,#2662,.F.);
#2080=EDGE_CURVE('',#2474,#2474,#2663,.T.);
#2081=EDGE_CURVE('',#2475,#2476,#2664,.T.);
#2082=EDGE_CURVE('',#2463,#2475,#373,.T.);
#2083=EDGE_CURVE('',#2472,#2476,#374,.T.);
#2084=EDGE_CURVE('',#2476,#2477,#375,.T.);
#2085=EDGE_CURVE('',#2471,#2477,#376,.T.);
#2086=EDGE_CURVE('',#2478,#2479,#377,.T.);
#2087=EDGE_CURVE('',#2470,#2478,#378,.T.);
#2088=EDGE_CURVE('',#2469,#2479,#379,.T.);
#2089=EDGE_CURVE('',#2479,#2480,#2665,.T.);
#2090=EDGE_CURVE('',#2468,#2480,#380,.T.);
#2091=EDGE_CURVE('',#2480,#2481,#381,.T.);
#2092=EDGE_CURVE('',#2467,#2481,#382,.T.);
#2093=EDGE_CURVE('',#2482,#2483,#383,.T.);
#2094=EDGE_CURVE('',#2466,#2482,#384,.T.);
#2095=EDGE_CURVE('',#2465,#2483,#385,.T.);
#2096=EDGE_CURVE('',#2484,#2484,#2666,.F.);
#2097=EDGE_CURVE('',#2464,#2485,#386,.T.);
#2098=EDGE_CURVE('',#2477,#2485,#2667,.T.);
#2099=EDGE_CURVE('',#2481,#2478,#2668,.T.);
#2100=EDGE_CURVE('',#2483,#2482,#2669,.T.);
#2101=EDGE_CURVE('',#2485,#2475,#387,.T.);
#2102=EDGE_CURVE('',#2486,#2486,#2670,.T.);
#2103=EDGE_CURVE('',#2487,#2488,#388,.T.);
#2104=EDGE_CURVE('',#2489,#2488,#2671,.T.);
#2105=EDGE_CURVE('',#2489,#2490,#389,.T.);
#2106=EDGE_CURVE('',#2490,#2491,#2672,.T.);
#2107=EDGE_CURVE('',#2491,#2492,#390,.T.);
#2108=EDGE_CURVE('',#2493,#2492,#2673,.T.);
#2109=EDGE_CURVE('',#2493,#2494,#391,.T.);
#2110=EDGE_CURVE('',#2495,#2494,#2674,.T.);
#2111=EDGE_CURVE('',#2495,#2496,#392,.T.);
#2112=EDGE_CURVE('',#2496,#2487,#2675,.T.);
#2113=EDGE_CURVE('',#2497,#2497,#2676,.F.);
#2114=EDGE_CURVE('',#2498,#2498,#2677,.T.);
#2115=EDGE_CURVE('',#2499,#2500,#2678,.T.);
#2116=EDGE_CURVE('',#2487,#2499,#393,.T.);
#2117=EDGE_CURVE('',#2496,#2500,#394,.T.);
#2118=EDGE_CURVE('',#2500,#2501,#395,.T.);
#2119=EDGE_CURVE('',#2495,#2501,#396,.T.);
#2120=EDGE_CURVE('',#2502,#2503,#397,.T.);
#2121=EDGE_CURVE('',#2494,#2502,#398,.T.);
#2122=EDGE_CURVE('',#2493,#2503,#399,.T.);
#2123=EDGE_CURVE('',#2504,#2505,#400,.T.);
#2124=EDGE_CURVE('',#2492,#2504,#401,.T.);
#2125=EDGE_CURVE('',#2491,#2505,#402,.T.);
#2126=EDGE_CURVE('',#2505,#2506,#2679,.T.);
#2127=EDGE_CURVE('',#2490,#2506,#403,.T.);
#2128=EDGE_CURVE('',#2506,#2507,#404,.T.);
#2129=EDGE_CURVE('',#2489,#2507,#405,.T.);
#2130=EDGE_CURVE('',#2508,#2508,#2680,.F.);
#2131=EDGE_CURVE('',#2488,#2509,#406,.T.);
#2132=EDGE_CURVE('',#2501,#2509,#2681,.T.);
#2133=EDGE_CURVE('',#2503,#2502,#2682,.T.);
#2134=EDGE_CURVE('',#2507,#2504,#2683,.T.);
#2135=EDGE_CURVE('',#2509,#2499,#407,.T.);
#2136=EDGE_CURVE('',#2209,#2287,#2684,.F.);
#2137=EDGE_CURVE('',#2210,#2286,#50,.F.);
#2138=EDGE_CURVE('',#2431,#2297,#2685,.T.);
#2139=EDGE_CURVE('',#2197,#2452,#2686,.T.);
#2140=EDGE_CURVE('',#2432,#2510,#2687,.T.);
#2141=EDGE_CURVE('',#2510,#2296,#44,.T.);
#2142=EDGE_CURVE('',#2214,#2510,#408,.T.);
#2143=EDGE_CURVE('',#2451,#2511,#2688,.T.);
#2144=EDGE_CURVE('',#2511,#2227,#409,.T.);
#2145=EDGE_CURVE('',#2198,#2511,#45,.F.);
#2146=EDGE_CURVE('',#2391,#2295,#51,.T.);
#2147=EDGE_CURVE('',#2199,#2373,#52,.F.);
#2148=EDGE_CURVE('',#2392,#2294,#53,.T.);
#2149=EDGE_CURVE('',#2200,#2379,#54,.F.);
#2150=EDGE_CURVE('',#2406,#2293,#55,.T.);
#2151=EDGE_CURVE('',#2201,#2386,#56,.F.);
#2152=EDGE_CURVE('',#2400,#2292,#57,.T.);
#2153=EDGE_CURVE('',#2202,#2383,#58,.F.);
#2154=EDGE_CURVE('',#2316,#2512,#410,.F.);
#2155=EDGE_CURVE('',#2512,#2291,#46,.T.);
#2156=EDGE_CURVE('',#2436,#2512,#2689,.T.);
#2157=EDGE_CURVE('',#2303,#2513,#411,.T.);
#2158=EDGE_CURVE('',#2513,#2457,#2690,.T.);
#2159=EDGE_CURVE('',#2203,#2513,#47,.F.);
#2160=EDGE_CURVE('',#2438,#2290,#2691,.T.);
#2161=EDGE_CURVE('',#2204,#2458,#2692,.T.);
#2162=EDGE_CURVE('',#2320,#2289,#59,.T.);
#2163=EDGE_CURVE('',#2288,#2321,#2693,.F.);
#2164=EDGE_CURVE('',#2208,#2514,#412,.T.);
#2165=EDGE_CURVE('',#2514,#2515,#2694,.T.);
#2166=EDGE_CURVE('',#2515,#2516,#413,.T.);
#2167=EDGE_CURVE('',#2516,#2517,#2695,.F.);
#2168=EDGE_CURVE('',#2518,#2517,#414,.T.);
#2169=EDGE_CURVE('',#2518,#2519,#2696,.F.);
#2170=EDGE_CURVE('',#2520,#2519,#415,.T.);
#2171=EDGE_CURVE('',#2520,#2521,#2697,.T.);
#2172=EDGE_CURVE('',#2298,#2521,#416,.T.);
#2173=EDGE_CURVE('',#2522,#2523,#417,.T.);
#2174=EDGE_CURVE('',#2522,#2524,#2698,.F.);
#2175=EDGE_CURVE('',#2206,#2524,#418,.T.);
#2176=EDGE_CURVE('',#2299,#2525,#419,.T.);
#2177=EDGE_CURVE('',#2525,#2526,#2699,.F.);
#2178=EDGE_CURVE('',#2526,#2527,#420,.T.);
#2179=EDGE_CURVE('',#2527,#2528,#2700,.T.);
#2180=EDGE_CURVE('',#2528,#2529,#421,.T.);
#2181=EDGE_CURVE('',#2529,#2523,#2701,.T.);
#2182=EDGE_CURVE('',#2521,#2525,#422,.T.);
#2183=EDGE_CURVE('',#2517,#2529,#423,.T.);
#2184=EDGE_CURVE('',#2528,#2518,#424,.F.);
#2185=EDGE_CURVE('',#2526,#2520,#425,.F.);
#2186=EDGE_CURVE('',#2519,#2527,#426,.T.);
#2187=EDGE_CURVE('',#2524,#2514,#427,.F.);
#2188=EDGE_CURVE('',#2515,#2522,#428,.T.);
#2189=EDGE_CURVE('',#2523,#2516,#429,.F.);
#2190=VERTEX_POINT('',#5068);
#2191=VERTEX_POINT('',#5070);
#2192=VERTEX_POINT('',#5072);
#2193=VERTEX_POINT('',#5074);
#2194=VERTEX_POINT('',#5076);
#2195=VERTEX_POINT('',#5077);
#2196=VERTEX_POINT('',#5079);
#2197=VERTEX_POINT('',#5081);
#2198=VERTEX_POINT('',#5083);
#2199=VERTEX_POINT('',#5085);
#2200=VERTEX_POINT('',#5087);
#2201=VERTEX_POINT('',#5089);
#2202=VERTEX_POINT('',#5091);
#2203=VERTEX_POINT('',#5093);
#2204=VERTEX_POINT('',#5095);
#2205=VERTEX_POINT('',#5097);
#2206=VERTEX_POINT('',#5101);
#2207=VERTEX_POINT('',#5102);
#2208=VERTEX_POINT('',#5104);
#2209=VERTEX_POINT('',#5106);
#2210=VERTEX_POINT('',#5108);
#2211=VERTEX_POINT('',#5110);
#2212=VERTEX_POINT('',#5112);
#2213=VERTEX_POINT('',#5114);
#2214=VERTEX_POINT('',#5116);
#2215=VERTEX_POINT('',#5118);
#2216=VERTEX_POINT('',#5120);
#2217=VERTEX_POINT('',#5122);
#2218=VERTEX_POINT('',#5124);
#2219=VERTEX_POINT('',#5126);
#2220=VERTEX_POINT('',#5128);
#2221=VERTEX_POINT('',#5130);
#2222=VERTEX_POINT('',#5132);
#2223=VERTEX_POINT('',#5134);
#2224=VERTEX_POINT('',#5136);
#2225=VERTEX_POINT('',#5138);
#2226=VERTEX_POINT('',#5140);
#2227=VERTEX_POINT('',#5142);
#2228=VERTEX_POINT('',#5144);
#2229=VERTEX_POINT('',#5146);
#2230=VERTEX_POINT('',#5148);
#2231=VERTEX_POINT('',#5150);
#2232=VERTEX_POINT('',#5157);
#2233=VERTEX_POINT('',#5159);
#2234=VERTEX_POINT('',#5163);
#2235=VERTEX_POINT('',#5166);
#2236=VERTEX_POINT('',#5169);
#2237=VERTEX_POINT('',#5170);
#2238=VERTEX_POINT('',#5174);
#2239=VERTEX_POINT('',#5175);
#2240=VERTEX_POINT('',#5177);
#2241=VERTEX_POINT('',#5179);
#2242=VERTEX_POINT('',#5183);
#2243=VERTEX_POINT('',#5184);
#2244=VERTEX_POINT('',#5186);
#2245=VERTEX_POINT('',#5188);
#2246=VERTEX_POINT('',#5192);
#2247=VERTEX_POINT('',#5193);
#2248=VERTEX_POINT('',#5195);
#2249=VERTEX_POINT('',#5197);
#2250=VERTEX_POINT('',#5201);
#2251=VERTEX_POINT('',#5202);
#2252=VERTEX_POINT('',#5206);
#2253=VERTEX_POINT('',#5207);
#2254=VERTEX_POINT('',#5209);
#2255=VERTEX_POINT('',#5211);
#2256=VERTEX_POINT('',#5215);
#2257=VERTEX_POINT('',#5217);
#2258=VERTEX_POINT('',#5218);
#2259=VERTEX_POINT('',#5220);
#2260=VERTEX_POINT('',#5222);
#2261=VERTEX_POINT('',#5224);
#2262=VERTEX_POINT('',#5226);
#2263=VERTEX_POINT('',#5228);
#2264=VERTEX_POINT('',#5230);
#2265=VERTEX_POINT('',#5232);
#2266=VERTEX_POINT('',#5234);
#2267=VERTEX_POINT('',#5241);
#2268=VERTEX_POINT('',#5258);
#2269=VERTEX_POINT('',#5261);
#2270=VERTEX_POINT('',#5263);
#2271=VERTEX_POINT('',#5264);
#2272=VERTEX_POINT('',#5266);
#2273=VERTEX_POINT('',#5268);
#2274=VERTEX_POINT('',#5270);
#2275=VERTEX_POINT('',#5272);
#2276=VERTEX_POINT('',#5274);
#2277=VERTEX_POINT('',#5276);
#2278=VERTEX_POINT('',#5278);
#2279=VERTEX_POINT('',#5280);
#2280=VERTEX_POINT('',#5284);
#2281=VERTEX_POINT('',#5302);
#2282=VERTEX_POINT('',#5307);
#2283=VERTEX_POINT('',#5309);
#2284=VERTEX_POINT('',#5311);
#2285=VERTEX_POINT('',#5313);
#2286=VERTEX_POINT('',#5315);
#2287=VERTEX_POINT('',#5316);
#2288=VERTEX_POINT('',#5318);
#2289=VERTEX_POINT('',#5320);
#2290=VERTEX_POINT('',#5322);
#2291=VERTEX_POINT('',#5324);
#2292=VERTEX_POINT('',#5326);
#2293=VERTEX_POINT('',#5328);
#2294=VERTEX_POINT('',#5330);
#2295=VERTEX_POINT('',#5332);
#2296=VERTEX_POINT('',#5334);
#2297=VERTEX_POINT('',#5336);
#2298=VERTEX_POINT('',#5340);
#2299=VERTEX_POINT('',#5341);
#2300=VERTEX_POINT('',#5344);
#2301=VERTEX_POINT('',#5346);
#2302=VERTEX_POINT('',#5348);
#2303=VERTEX_POINT('',#5350);
#2304=VERTEX_POINT('',#5352);
#2305=VERTEX_POINT('',#5354);
#2306=VERTEX_POINT('',#5356);
#2307=VERTEX_POINT('',#5358);
#2308=VERTEX_POINT('',#5360);
#2309=VERTEX_POINT('',#5362);
#2310=VERTEX_POINT('',#5364);
#2311=VERTEX_POINT('',#5366);
#2312=VERTEX_POINT('',#5368);
#2313=VERTEX_POINT('',#5370);
#2314=VERTEX_POINT('',#5372);
#2315=VERTEX_POINT('',#5374);
#2316=VERTEX_POINT('',#5376);
#2317=VERTEX_POINT('',#5378);
#2318=VERTEX_POINT('',#5380);
#2319=VERTEX_POINT('',#5382);
#2320=VERTEX_POINT('',#5384);
#2321=VERTEX_POINT('',#5386);
#2322=VERTEX_POINT('',#5390);
#2323=VERTEX_POINT('',#5392);
#2324=VERTEX_POINT('',#5394);
#2325=VERTEX_POINT('',#5395);
#2326=VERTEX_POINT('',#5397);
#2327=VERTEX_POINT('',#5399);
#2328=VERTEX_POINT('',#5401);
#2329=VERTEX_POINT('',#5404);
#2330=VERTEX_POINT('',#5406);
#2331=VERTEX_POINT('',#5408);
#2332=VERTEX_POINT('',#5410);
#2333=VERTEX_POINT('',#5412);
#2334=VERTEX_POINT('',#5414);
#2335=VERTEX_POINT('',#5417);
#2336=VERTEX_POINT('',#5419);
#2337=VERTEX_POINT('',#5421);
#2338=VERTEX_POINT('',#5423);
#2339=VERTEX_POINT('',#5425);
#2340=VERTEX_POINT('',#5427);
#2341=VERTEX_POINT('',#5431);
#2342=VERTEX_POINT('',#5432);
#2343=VERTEX_POINT('',#5435);
#2344=VERTEX_POINT('',#5437);
#2345=VERTEX_POINT('',#5439);
#2346=VERTEX_POINT('',#5441);
#2347=VERTEX_POINT('',#5443);
#2348=VERTEX_POINT('',#5445);
#2349=VERTEX_POINT('',#5450);
#2350=VERTEX_POINT('',#5452);
#2351=VERTEX_POINT('',#5454);
#2352=VERTEX_POINT('',#5457);
#2353=VERTEX_POINT('',#5459);
#2354=VERTEX_POINT('',#5461);
#2355=VERTEX_POINT('',#5463);
#2356=VERTEX_POINT('',#5465);
#2357=VERTEX_POINT('',#5468);
#2358=VERTEX_POINT('',#5470);
#2359=VERTEX_POINT('',#5472);
#2360=VERTEX_POINT('',#5474);
#2361=VERTEX_POINT('',#5476);
#2362=VERTEX_POINT('',#5478);
#2363=VERTEX_POINT('',#5481);
#2364=VERTEX_POINT('',#5492);
#2365=VERTEX_POINT('',#5494);
#2366=VERTEX_POINT('',#5496);
#2367=VERTEX_POINT('',#5498);
#2368=VERTEX_POINT('',#5500);
#2369=VERTEX_POINT('',#5502);
#2370=VERTEX_POINT('',#5504);
#2371=VERTEX_POINT('',#5506);
#2372=VERTEX_POINT('',#5511);
#2373=VERTEX_POINT('',#5512);
#2374=VERTEX_POINT('',#5514);
#2375=VERTEX_POINT('',#5516);
#2376=VERTEX_POINT('',#5519);
#2377=VERTEX_POINT('',#5523);
#2378=VERTEX_POINT('',#5527);
#2379=VERTEX_POINT('',#5528);
#2380=VERTEX_POINT('',#5535);
#2381=VERTEX_POINT('',#5543);
#2382=VERTEX_POINT('',#5545);
#2383=VERTEX_POINT('',#5547);
#2384=VERTEX_POINT('',#5549);
#2385=VERTEX_POINT('',#5551);
#2386=VERTEX_POINT('',#5555);
#2387=VERTEX_POINT('',#5557);
#2388=VERTEX_POINT('',#5561);
#2389=VERTEX_POINT('',#5567);
#2390=VERTEX_POINT('',#5575);
#2391=VERTEX_POINT('',#5576);
#2392=VERTEX_POINT('',#5578);
#2393=VERTEX_POINT('',#5580);
#2394=VERTEX_POINT('',#5584);
#2395=VERTEX_POINT('',#5585);
#2396=VERTEX_POINT('',#5590);
#2397=VERTEX_POINT('',#5592);
#2398=VERTEX_POINT('',#5599);
#2399=VERTEX_POINT('',#5607);
#2400=VERTEX_POINT('',#5608);
#2401=VERTEX_POINT('',#5610);
#2402=VERTEX_POINT('',#5612);
#2403=VERTEX_POINT('',#5615);
#2404=VERTEX_POINT('',#5619);
#2405=VERTEX_POINT('',#5623);
#2406=VERTEX_POINT('',#5624);
#2407=VERTEX_POINT('',#5631);
#2408=VERTEX_POINT('',#5639);
#2409=VERTEX_POINT('',#5643);
#2410=VERTEX_POINT('',#5647);
#2411=VERTEX_POINT('',#5651);
#2412=VERTEX_POINT('',#5655);
#2413=VERTEX_POINT('',#5659);
#2414=VERTEX_POINT('',#5667);
#2415=VERTEX_POINT('',#5671);
#2416=VERTEX_POINT('',#5675);
#2417=VERTEX_POINT('',#5679);
#2418=VERTEX_POINT('',#5683);
#2419=VERTEX_POINT('',#5687);
#2420=VERTEX_POINT('',#5699);
#2421=VERTEX_POINT('',#5706);
#2422=VERTEX_POINT('',#5713);
#2423=VERTEX_POINT('',#5715);
#2424=VERTEX_POINT('',#5718);
#2425=VERTEX_POINT('',#5720);
#2426=VERTEX_POINT('',#5723);
#2427=VERTEX_POINT('',#5725);
#2428=VERTEX_POINT('',#5728);
#2429=VERTEX_POINT('',#5730);
#2430=VERTEX_POINT('',#5733);
#2431=VERTEX_POINT('',#5734);
#2432=VERTEX_POINT('',#5736);
#2433=VERTEX_POINT('',#5738);
#2434=VERTEX_POINT('',#5749);
#2435=VERTEX_POINT('',#5751);
#2436=VERTEX_POINT('',#5755);
#2437=VERTEX_POINT('',#5757);
#2438=VERTEX_POINT('',#5761);
#2439=VERTEX_POINT('',#5763);
#2440=VERTEX_POINT('',#5771);
#2441=VERTEX_POINT('',#5773);
#2442=VERTEX_POINT('',#5777);
#2443=VERTEX_POINT('',#5779);
#2444=VERTEX_POINT('',#5782);
#2445=VERTEX_POINT('',#5784);
#2446=VERTEX_POINT('',#5787);
#2447=VERTEX_POINT('',#5789);
#2448=VERTEX_POINT('',#5792);
#2449=VERTEX_POINT('',#5794);
#2450=VERTEX_POINT('',#5797);
#2451=VERTEX_POINT('',#5798);
#2452=VERTEX_POINT('',#5800);
#2453=VERTEX_POINT('',#5802);
#2454=VERTEX_POINT('',#5813);
#2455=VERTEX_POINT('',#5815);
#2456=VERTEX_POINT('',#5819);
#2457=VERTEX_POINT('',#5820);
#2458=VERTEX_POINT('',#5825);
#2459=VERTEX_POINT('',#5827);
#2460=VERTEX_POINT('',#5835);
#2461=VERTEX_POINT('',#5837);
#2462=VERTEX_POINT('',#5841);
#2463=VERTEX_POINT('',#5843);
#2464=VERTEX_POINT('',#5844);
#2465=VERTEX_POINT('',#5846);
#2466=VERTEX_POINT('',#5848);
#2467=VERTEX_POINT('',#5850);
#2468=VERTEX_POINT('',#5852);
#2469=VERTEX_POINT('',#5854);
#2470=VERTEX_POINT('',#5856);
#2471=VERTEX_POINT('',#5858);
#2472=VERTEX_POINT('',#5860);
#2473=VERTEX_POINT('',#5864);
#2474=VERTEX_POINT('',#5866);
#2475=VERTEX_POINT('',#5869);
#2476=VERTEX_POINT('',#5870);
#2477=VERTEX_POINT('',#5875);
#2478=VERTEX_POINT('',#5879);
#2479=VERTEX_POINT('',#5880);
#2480=VERTEX_POINT('',#5885);
#2481=VERTEX_POINT('',#5889);
#2482=VERTEX_POINT('',#5893);
#2483=VERTEX_POINT('',#5894);
#2484=VERTEX_POINT('',#5899);
#2485=VERTEX_POINT('',#5901);
#2486=VERTEX_POINT('',#5909);
#2487=VERTEX_POINT('',#5911);
#2488=VERTEX_POINT('',#5912);
#2489=VERTEX_POINT('',#5914);
#2490=VERTEX_POINT('',#5916);
#2491=VERTEX_POINT('',#5918);
#2492=VERTEX_POINT('',#5920);
#2493=VERTEX_POINT('',#5922);
#2494=VERTEX_POINT('',#5924);
#2495=VERTEX_POINT('',#5926);
#2496=VERTEX_POINT('',#5928);
#2497=VERTEX_POINT('',#5932);
#2498=VERTEX_POINT('',#5934);
#2499=VERTEX_POINT('',#5937);
#2500=VERTEX_POINT('',#5938);
#2501=VERTEX_POINT('',#5943);
#2502=VERTEX_POINT('',#5947);
#2503=VERTEX_POINT('',#5948);
#2504=VERTEX_POINT('',#5953);
#2505=VERTEX_POINT('',#5954);
#2506=VERTEX_POINT('',#5959);
#2507=VERTEX_POINT('',#5963);
#2508=VERTEX_POINT('',#5967);
#2509=VERTEX_POINT('',#5969);
#2510=VERTEX_POINT('',#5996);
#2511=VERTEX_POINT('',#6005);
#2512=VERTEX_POINT('',#6030);
#2513=VERTEX_POINT('',#6039);
#2514=VERTEX_POINT('',#6077);
#2515=VERTEX_POINT('',#6079);
#2516=VERTEX_POINT('',#6081);
#2517=VERTEX_POINT('',#6083);
#2518=VERTEX_POINT('',#6085);
#2519=VERTEX_POINT('',#6087);
#2520=VERTEX_POINT('',#6089);
#2521=VERTEX_POINT('',#6091);
#2522=VERTEX_POINT('',#6095);
#2523=VERTEX_POINT('',#6096);
#2524=VERTEX_POINT('',#6098);
#2525=VERTEX_POINT('',#6101);
#2526=VERTEX_POINT('',#6103);
#2527=VERTEX_POINT('',#6105);
#2528=VERTEX_POINT('',#6107);
#2529=VERTEX_POINT('',#6109);
#2530=CIRCLE('',#3598,0.0056);
#2531=CIRCLE('',#3599,0.0056);
#2532=CIRCLE('',#3600,0.0056);
#2533=CIRCLE('',#3601,0.0056);
#2534=CIRCLE('',#3602,0.0056);
#2535=CIRCLE('',#3603,0.0056);
#2536=CIRCLE('',#3605,0.0018);
#2537=CIRCLE('',#3606,0.0018);
#2538=CIRCLE('',#3607,0.0018);
#2539=CIRCLE('',#3608,0.0018);
#2540=CIRCLE('',#3610,0.0018);
#2541=CIRCLE('',#3613,0.0018);
#2542=CIRCLE('',#3616,0.001625);
#2543=CIRCLE('',#3618,0.001625);
#2544=CIRCLE('',#3620,0.0038);
#2545=CIRCLE('',#3622,0.000899999018330985);
#2546=CIRCLE('',#3623,0.0038);
#2547=CIRCLE('',#3625,0.000899999018330995);
#2548=CIRCLE('',#3626,0.0038);
#2549=CIRCLE('',#3628,0.000899999018331023);
#2550=CIRCLE('',#3629,0.00379999999999995);
#2551=CIRCLE('',#3631,0.00379999999999995);
#2552=CIRCLE('',#3633,0.000899999018331016);
#2553=CIRCLE('',#3634,0.00379999999999995);
#2554=CIRCLE('',#3636,0.002225);
#2555=CIRCLE('',#3637,0.000899999018330985);
#2556=CIRCLE('',#3638,0.0038);
#2557=CIRCLE('',#3639,0.000899999018330995);
#2558=CIRCLE('',#3640,0.0038);
#2559=CIRCLE('',#3641,0.0038);
#2560=CIRCLE('',#3644,0.0038);
#2561=CIRCLE('',#3652,0.001625);
#2562=CIRCLE('',#3654,0.002225);
#2563=CIRCLE('',#3655,0.000899999018331023);
#2564=CIRCLE('',#3656,0.0038);
#2565=CIRCLE('',#3657,0.0038);
#2566=CIRCLE('',#3658,0.000899999018331016);
#2567=CIRCLE('',#3659,0.00379999999999995);
#2568=CIRCLE('',#3661,0.001625);
#2569=CIRCLE('',#3669,0.00379999999999995);
#2570=CIRCLE('',#3672,0.0056);
#2571=CIRCLE('',#3673,0.0056);
#2572=CIRCLE('',#3674,0.0056);
#2573=CIRCLE('',#3675,0.0056);
#2574=CIRCLE('',#3676,0.0056);
#2575=CIRCLE('',#3677,0.0056);
#2576=CIRCLE('',#3679,0.0018);
#2577=CIRCLE('',#3680,0.0018);
#2578=CIRCLE('',#3681,0.0018);
#2579=CIRCLE('',#3682,0.0018);
#2580=CIRCLE('',#3684,0.00215);
#2581=CIRCLE('',#3685,0.00215);
#2582=CIRCLE('',#3686,0.0004);
#2583=CIRCLE('',#3687,0.0004);
#2584=CIRCLE('',#3688,0.0004);
#2585=CIRCLE('',#3689,0.0004);
#2586=CIRCLE('',#3690,0.0004);
#2587=CIRCLE('',#3691,0.0004);
#2588=CIRCLE('',#3694,0.00215);
#2589=CIRCLE('',#3695,0.00215);
#2590=CIRCLE('',#3696,0.0004);
#2591=CIRCLE('',#3697,0.0004);
#2592=CIRCLE('',#3698,0.0004);
#2593=CIRCLE('',#3699,0.0004);
#2594=CIRCLE('',#3700,0.0004);
#2595=CIRCLE('',#3701,0.0004);
#2596=CIRCLE('',#3706,0.00222499999999997);
#2597=CIRCLE('',#3707,0.00222499999999997);
#2598=CIRCLE('',#3708,0.002225);
#2599=CIRCLE('',#3709,0.002225);
#2600=CIRCLE('',#3710,0.002225);
#2601=CIRCLE('',#3711,0.002225);
#2602=CIRCLE('',#3712,0.002225);
#2603=CIRCLE('',#3713,0.002225);
#2604=CIRCLE('',#3715,0.00155);
#2605=CIRCLE('',#3716,0.0038);
#2606=CIRCLE('',#3720,0.0038);
#2607=CIRCLE('',#3722,0.00155);
#2608=CIRCLE('',#3724,0.00155);
#2609=CIRCLE('',#3725,0.0038);
#2610=CIRCLE('',#3729,0.0038);
#2611=CIRCLE('',#3731,0.00155);
#2612=CIRCLE('',#3735,0.00155);
#2613=CIRCLE('',#3736,0.0038);
#2614=CIRCLE('',#3738,0.0038);
#2615=CIRCLE('',#3740,0.00155);
#2616=CIRCLE('',#3742,0.00155);
#2617=CIRCLE('',#3743,0.0038);
#2618=CIRCLE('',#3747,0.0038);
#2619=CIRCLE('',#3749,0.00155);
#2620=CIRCLE('',#3753,0.0004);
#2621=CIRCLE('',#3756,0.0004);
#2622=CIRCLE('',#3764,0.0004);
#2623=CIRCLE('',#3767,0.0004);
#2624=CIRCLE('',#3781,0.001625);
#2625=CIRCLE('',#3782,0.001625);
#2626=CIRCLE('',#3784,0.001625);
#2627=CIRCLE('',#3785,0.001625);
#2628=CIRCLE('',#3787,0.001625);
#2629=CIRCLE('',#3788,0.001625);
#2630=CIRCLE('',#3790,0.001625);
#2631=CIRCLE('',#3791,0.001625);
#2632=CIRCLE('',#3793,0.0038);
#2633=CIRCLE('',#3794,0.0038);
#2634=CIRCLE('',#3799,0.0038);
#2635=CIRCLE('',#3800,0.0038);
#2636=CIRCLE('',#3804,0.0038);
#2637=CIRCLE('',#3805,0.0038);
#2638=CIRCLE('',#3809,0.0038);
#2639=CIRCLE('',#3810,0.0038);
#2640=CIRCLE('',#3813,0.001625);
#2641=CIRCLE('',#3814,0.001625);
#2642=CIRCLE('',#3816,0.001625);
#2643=CIRCLE('',#3817,0.001625);
#2644=CIRCLE('',#3819,0.001625);
#2645=CIRCLE('',#3820,0.001625);
#2646=CIRCLE('',#3822,0.001625);
#2647=CIRCLE('',#3823,0.001625);
#2648=CIRCLE('',#3825,0.0038);
#2649=CIRCLE('',#3826,0.0038);
#2650=CIRCLE('',#3831,0.0038);
#2651=CIRCLE('',#3832,0.0038);
#2652=CIRCLE('',#3837,0.0038);
#2653=CIRCLE('',#3838,0.0038);
#2654=CIRCLE('',#3841,0.0038);
#2655=CIRCLE('',#3842,0.0038);
#2656=CIRCLE('',#3845,0.002225);
#2657=CIRCLE('',#3846,0.0038);
#2658=CIRCLE('',#3847,0.0038);
#2659=CIRCLE('',#3848,0.000899999018330995);
#2660=CIRCLE('',#3849,0.0038);
#2661=CIRCLE('',#3850,0.000899999018330985);
#2662=CIRCLE('',#3852,0.001625);
#2663=CIRCLE('',#3853,0.001625);
#2664=CIRCLE('',#3855,0.000899999018330985);
#2665=CIRCLE('',#3859,0.000899999018330995);
#2666=CIRCLE('',#3863,0.0038);
#2667=CIRCLE('',#3864,0.0038);
#2668=CIRCLE('',#3865,0.0038);
#2669=CIRCLE('',#3866,0.0038);
#2670=CIRCLE('',#3869,0.002225);
#2671=CIRCLE('',#3870,0.00379999999999995);
#2672=CIRCLE('',#3871,0.000899999018331016);
#2673=CIRCLE('',#3872,0.0038);
#2674=CIRCLE('',#3873,0.0038);
#2675=CIRCLE('',#3874,0.000899999018331023);
#2676=CIRCLE('',#3876,0.001625);
#2677=CIRCLE('',#3877,0.001625);
#2678=CIRCLE('',#3879,0.000899999018331023);
#2679=CIRCLE('',#3884,0.000899999018331016);
#2680=CIRCLE('',#3887,0.00379999999999995);
#2681=CIRCLE('',#3888,0.00379999999999995);
#2682=CIRCLE('',#3889,0.00379999999999995);
#2683=CIRCLE('',#3890,0.00379999999999995);
#2684=CIRCLE('',#3905,0.0018);
#2685=CIRCLE('',#3908,0.0018);
#2686=CIRCLE('',#3910,0.0018);
#2687=CIRCLE('',#3912,0.0018);
#2688=CIRCLE('',#3915,0.0018);
#2689=CIRCLE('',#3935,0.0018);
#2690=CIRCLE('',#3937,0.0018);
#2691=CIRCLE('',#3940,0.0018);
#2692=CIRCLE('',#3942,0.0018);
#2693=CIRCLE('',#3947,0.0018);
#2694=CIRCLE('',#3969,0.002);
#2695=CIRCLE('',#3970,0.002);
#2696=CIRCLE('',#3971,0.002);
#2697=CIRCLE('',#3972,0.002);
#2698=CIRCLE('',#3974,0.002);
#2699=CIRCLE('',#3975,0.002);
#2700=CIRCLE('',#3976,0.002);
#2701=CIRCLE('',#3977,0.002);
#2702=EDGE_LOOP('',(#726));
#2703=EDGE_LOOP('',(#727));
#2704=EDGE_LOOP('',(#728));
#2705=EDGE_LOOP('',(#729));
#2706=EDGE_LOOP('',(#730,#731,#732,#733,#734,#735,#736,#737,#738,#739,#740,
#741));
#2707=EDGE_LOOP('',(#742,#743,#744,#745,#746,#747,#748,#749,#750,#751,#752,
#753,#754,#755,#756,#757,#758,#759,#760,#761,#762,#763,#764,#765,#766,#767));
#2708=EDGE_LOOP('',(#768,#769,#770,#771));
#2709=EDGE_LOOP('',(#772,#773,#774,#775));
#2710=EDGE_LOOP('',(#776));
#2711=EDGE_LOOP('',(#777));
#2712=EDGE_LOOP('',(#778,#779));
#2713=EDGE_LOOP('',(#780,#781,#782,#783));
#2714=EDGE_LOOP('',(#784,#785,#786,#787));
#2715=EDGE_LOOP('',(#788,#789,#790,#791));
#2716=EDGE_LOOP('',(#792,#793));
#2717=EDGE_LOOP('',(#794,#795,#796,#797));
#2718=EDGE_LOOP('',(#798));
#2719=EDGE_LOOP('',(#799,#800,#801,#802,#803,#804,#805,#806,#807,#808));
#2720=EDGE_LOOP('',(#809,#810,#811,#812));
#2721=EDGE_LOOP('',(#813));
#2722=EDGE_LOOP('',(#814,#815,#816,#817,#818,#819,#820,#821,#822,#823,#824,
#825));
#2723=EDGE_LOOP('',(#826,#827,#828,#829));
#2724=EDGE_LOOP('',(#830,#831,#832,#833));
#2725=EDGE_LOOP('',(#834,#835,#836,#837));
#2726=EDGE_LOOP('',(#838,#839,#840,#841));
#2727=EDGE_LOOP('',(#842,#843,#844,#845));
#2728=EDGE_LOOP('',(#846,#847,#848,#849));
#2729=EDGE_LOOP('',(#850));
#2730=EDGE_LOOP('',(#851));
#2731=EDGE_LOOP('',(#852));
#2732=EDGE_LOOP('',(#853,#854,#855,#856,#857,#858,#859,#860,#861,#862));
#2733=EDGE_LOOP('',(#863));
#2734=EDGE_LOOP('',(#864));
#2735=EDGE_LOOP('',(#865,#866,#867,#868));
#2736=EDGE_LOOP('',(#869,#870,#871,#872));
#2737=EDGE_LOOP('',(#873,#874,#875,#876));
#2738=EDGE_LOOP('',(#877,#878,#879,#880));
#2739=EDGE_LOOP('',(#881,#882,#883,#884));
#2740=EDGE_LOOP('',(#885,#886,#887,#888));
#2741=EDGE_LOOP('',(#889));
#2742=EDGE_LOOP('',(#890,#891,#892,#893,#894,#895,#896,#897,#898,#899,#900,
#901));
#2743=EDGE_LOOP('',(#902,#903,#904,#905));
#2744=EDGE_LOOP('',(#906));
#2745=EDGE_LOOP('',(#907));
#2746=EDGE_LOOP('',(#908));
#2747=EDGE_LOOP('',(#909));
#2748=EDGE_LOOP('',(#910,#911,#912,#913,#914,#915,#916,#917,#918,#919,#920,
#921));
#2749=EDGE_LOOP('',(#922,#923,#924,#925,#926,#927,#928,#929,#930,#931,#932,
#933,#934,#935,#936,#937,#938,#939,#940,#941,#942,#943,#944,#945,#946,#947));
#2750=EDGE_LOOP('',(#948));
#2751=EDGE_LOOP('',(#949));
#2752=EDGE_LOOP('',(#950,#951,#952,#953,#954,#955,#956,#957,#958,#959,#960,
#961,#962,#963,#964,#965,#966,#967,#968,#969,#970));
#2753=EDGE_LOOP('',(#971,#972,#973,#974,#975,#976,#977,#978,#979,#980,#981,
#982));
#2754=EDGE_LOOP('',(#983));
#2755=EDGE_LOOP('',(#984));
#2756=EDGE_LOOP('',(#985,#986,#987,#988,#989,#990,#991,#992,#993,#994,#995,
#996,#997,#998,#999,#1000,#1001,#1002,#1003,#1004,#1005));
#2757=EDGE_LOOP('',(#1006,#1007,#1008,#1009));
#2758=EDGE_LOOP('',(#1010,#1011,#1012,#1013));
#2759=EDGE_LOOP('',(#1014,#1015,#1016,#1017));
#2760=EDGE_LOOP('',(#1018));
#2761=EDGE_LOOP('',(#1019));
#2762=EDGE_LOOP('',(#1020));
#2763=EDGE_LOOP('',(#1021));
#2764=EDGE_LOOP('',(#1022));
#2765=EDGE_LOOP('',(#1023));
#2766=EDGE_LOOP('',(#1024));
#2767=EDGE_LOOP('',(#1025));
#2768=EDGE_LOOP('',(#1026,#1027,#1028,#1029));
#2769=EDGE_LOOP('',(#1030,#1031,#1032,#1033,#1034,#1035,#1036));
#2770=EDGE_LOOP('',(#1037,#1038,#1039,#1040));
#2771=EDGE_LOOP('',(#1041,#1042,#1043,#1044));
#2772=EDGE_LOOP('',(#1045,#1046,#1047,#1048));
#2773=EDGE_LOOP('',(#1049));
#2774=EDGE_LOOP('',(#1050,#1051));
#2775=EDGE_LOOP('',(#1052,#1053,#1054,#1055,#1056,#1057,#1058));
#2776=EDGE_LOOP('',(#1059,#1060,#1061,#1062));
#2777=EDGE_LOOP('',(#1063,#1064,#1065,#1066));
#2778=EDGE_LOOP('',(#1067,#1068,#1069,#1070));
#2779=EDGE_LOOP('',(#1071));
#2780=EDGE_LOOP('',(#1072,#1073));
#2781=EDGE_LOOP('',(#1074,#1075,#1076,#1077));
#2782=EDGE_LOOP('',(#1078,#1079,#1080,#1081));
#2783=EDGE_LOOP('',(#1082,#1083,#1084,#1085,#1086,#1087,#1088));
#2784=EDGE_LOOP('',(#1089,#1090,#1091,#1092));
#2785=EDGE_LOOP('',(#1093));
#2786=EDGE_LOOP('',(#1094,#1095));
#2787=EDGE_LOOP('',(#1096,#1097,#1098,#1099,#1100,#1101,#1102));
#2788=EDGE_LOOP('',(#1103,#1104,#1105,#1106));
#2789=EDGE_LOOP('',(#1107,#1108,#1109,#1110));
#2790=EDGE_LOOP('',(#1111,#1112,#1113,#1114));
#2791=EDGE_LOOP('',(#1115));
#2792=EDGE_LOOP('',(#1116,#1117));
#2793=EDGE_LOOP('',(#1118,#1119,#1120,#1121));
#2794=EDGE_LOOP('',(#1122,#1123,#1124,#1125));
#2795=EDGE_LOOP('',(#1126,#1127,#1128,#1129));
#2796=EDGE_LOOP('',(#1130,#1131,#1132,#1133));
#2797=EDGE_LOOP('',(#1134,#1135,#1136,#1137));
#2798=EDGE_LOOP('',(#1138,#1139,#1140,#1141));
#2799=EDGE_LOOP('',(#1142,#1143,#1144,#1145));
#2800=EDGE_LOOP('',(#1146,#1147,#1148,#1149,#1150,#1151,#1152,#1153,#1154,
#1155,#1156,#1157,#1158,#1159,#1160,#1161));
#2801=EDGE_LOOP('',(#1162,#1163,#1164,#1165));
#2802=EDGE_LOOP('',(#1166,#1167,#1168,#1169));
#2803=EDGE_LOOP('',(#1170,#1171,#1172,#1173));
#2804=EDGE_LOOP('',(#1174,#1175,#1176,#1177));
#2805=EDGE_LOOP('',(#1178,#1179,#1180,#1181));
#2806=EDGE_LOOP('',(#1182,#1183,#1184,#1185));
#2807=EDGE_LOOP('',(#1186,#1187,#1188,#1189));
#2808=EDGE_LOOP('',(#1190,#1191,#1192,#1193,#1194,#1195,#1196,#1197,#1198,
#1199,#1200,#1201,#1202,#1203,#1204,#1205));
#2809=EDGE_LOOP('',(#1206,#1207,#1208,#1209));
#2810=EDGE_LOOP('',(#1210,#1211,#1212,#1213));
#2811=EDGE_LOOP('',(#1214,#1215,#1216,#1217));
#2812=EDGE_LOOP('',(#1218,#1219,#1220,#1221));
#2813=EDGE_LOOP('',(#1222,#1223,#1224,#1225));
#2814=EDGE_LOOP('',(#1226,#1227,#1228,#1229));
#2815=EDGE_LOOP('',(#1230,#1231,#1232));
#2816=EDGE_LOOP('',(#1233,#1234,#1235,#1236));
#2817=EDGE_LOOP('',(#1237,#1238,#1239,#1240));
#2818=EDGE_LOOP('',(#1241,#1242,#1243));
#2819=EDGE_LOOP('',(#1244));
#2820=EDGE_LOOP('',(#1245));
#2821=EDGE_LOOP('',(#1246));
#2822=EDGE_LOOP('',(#1247));
#2823=EDGE_LOOP('',(#1248));
#2824=EDGE_LOOP('',(#1249));
#2825=EDGE_LOOP('',(#1250));
#2826=EDGE_LOOP('',(#1251));
#2827=EDGE_LOOP('',(#1252,#1253,#1254,#1255));
#2828=EDGE_LOOP('',(#1256,#1257,#1258,#1259));
#2829=EDGE_LOOP('',(#1260,#1261,#1262,#1263));
#2830=EDGE_LOOP('',(#1264));
#2831=EDGE_LOOP('',(#1265,#1266,#1267,#1268));
#2832=EDGE_LOOP('',(#1269));
#2833=EDGE_LOOP('',(#1270));
#2834=EDGE_LOOP('',(#1271));
#2835=EDGE_LOOP('',(#1272));
#2836=EDGE_LOOP('',(#1273,#1274,#1275,#1276));
#2837=EDGE_LOOP('',(#1277,#1278,#1279,#1280));
#2838=EDGE_LOOP('',(#1281,#1282,#1283,#1284));
#2839=EDGE_LOOP('',(#1285,#1286,#1287,#1288));
#2840=EDGE_LOOP('',(#1289));
#2841=EDGE_LOOP('',(#1290));
#2842=EDGE_LOOP('',(#1291));
#2843=EDGE_LOOP('',(#1292));
#2844=EDGE_LOOP('',(#1293));
#2845=EDGE_LOOP('',(#1294));
#2846=EDGE_LOOP('',(#1295));
#2847=EDGE_LOOP('',(#1296));
#2848=EDGE_LOOP('',(#1297));
#2849=EDGE_LOOP('',(#1298));
#2850=EDGE_LOOP('',(#1299));
#2851=EDGE_LOOP('',(#1300));
#2852=EDGE_LOOP('',(#1301));
#2853=EDGE_LOOP('',(#1302,#1303,#1304,#1305));
#2854=EDGE_LOOP('',(#1306,#1307,#1308,#1309));
#2855=EDGE_LOOP('',(#1310,#1311,#1312,#1313));
#2856=EDGE_LOOP('',(#1314));
#2857=EDGE_LOOP('',(#1315,#1316,#1317,#1318));
#2858=EDGE_LOOP('',(#1319));
#2859=EDGE_LOOP('',(#1320));
#2860=EDGE_LOOP('',(#1321));
#2861=EDGE_LOOP('',(#1322));
#2862=EDGE_LOOP('',(#1323,#1324,#1325,#1326));
#2863=EDGE_LOOP('',(#1327,#1328,#1329,#1330));
#2864=EDGE_LOOP('',(#1331,#1332,#1333,#1334));
#2865=EDGE_LOOP('',(#1335,#1336,#1337,#1338));
#2866=EDGE_LOOP('',(#1339));
#2867=EDGE_LOOP('',(#1340));
#2868=EDGE_LOOP('',(#1341));
#2869=EDGE_LOOP('',(#1342));
#2870=EDGE_LOOP('',(#1343));
#2871=EDGE_LOOP('',(#1344));
#2872=EDGE_LOOP('',(#1345,#1346,#1347,#1348,#1349,#1350,#1351,#1352,#1353,
#1354));
#2873=EDGE_LOOP('',(#1355));
#2874=EDGE_LOOP('',(#1356));
#2875=EDGE_LOOP('',(#1357,#1358,#1359,#1360));
#2876=EDGE_LOOP('',(#1361,#1362,#1363,#1364));
#2877=EDGE_LOOP('',(#1365,#1366,#1367,#1368));
#2878=EDGE_LOOP('',(#1369,#1370,#1371,#1372));
#2879=EDGE_LOOP('',(#1373,#1374,#1375,#1376));
#2880=EDGE_LOOP('',(#1377,#1378,#1379,#1380));
#2881=EDGE_LOOP('',(#1381));
#2882=EDGE_LOOP('',(#1382,#1383,#1384,#1385,#1386,#1387,#1388,#1389,#1390,
#1391,#1392,#1393));
#2883=EDGE_LOOP('',(#1394,#1395,#1396,#1397));
#2884=EDGE_LOOP('',(#1398));
#2885=EDGE_LOOP('',(#1399,#1400,#1401,#1402,#1403,#1404,#1405,#1406,#1407,
#1408));
#2886=EDGE_LOOP('',(#1409));
#2887=EDGE_LOOP('',(#1410));
#2888=EDGE_LOOP('',(#1411,#1412,#1413,#1414));
#2889=EDGE_LOOP('',(#1415,#1416,#1417,#1418));
#2890=EDGE_LOOP('',(#1419,#1420,#1421,#1422));
#2891=EDGE_LOOP('',(#1423,#1424,#1425,#1426));
#2892=EDGE_LOOP('',(#1427,#1428,#1429,#1430));
#2893=EDGE_LOOP('',(#1431,#1432,#1433,#1434));
#2894=EDGE_LOOP('',(#1435));
#2895=EDGE_LOOP('',(#1436,#1437,#1438,#1439,#1440,#1441,#1442,#1443,#1444,
#1445,#1446,#1447));
#2896=EDGE_LOOP('',(#1448,#1449,#1450,#1451));
#2897=EDGE_LOOP('',(#1452));
#2898=EDGE_LOOP('',(#1453));
#2899=EDGE_LOOP('',(#1454,#1455,#1456,#1457));
#2900=EDGE_LOOP('',(#1458,#1459));
#2901=EDGE_LOOP('',(#1460,#1461,#1462,#1463));
#2902=EDGE_LOOP('',(#1464,#1465,#1466,#1467));
#2903=EDGE_LOOP('',(#1468,#1469,#1470,#1471));
#2904=EDGE_LOOP('',(#1472,#1473));
#2905=EDGE_LOOP('',(#1474));
#2906=EDGE_LOOP('',(#1475));
#2907=EDGE_LOOP('',(#1476));
#2908=EDGE_LOOP('',(#1477));
#2909=EDGE_LOOP('',(#1478));
#2910=EDGE_LOOP('',(#1479));
#2911=EDGE_LOOP('',(#1480));
#2912=EDGE_LOOP('',(#1481));
#2913=EDGE_LOOP('',(#1482,#1483,#1484,#1485));
#2914=EDGE_LOOP('',(#1486,#1487,#1488,#1489));
#2915=EDGE_LOOP('',(#1490,#1491,#1492,#1493));
#2916=EDGE_LOOP('',(#1494,#1495,#1496,#1497,#1498));
#2917=EDGE_LOOP('',(#1499,#1500,#1501,#1502));
#2918=EDGE_LOOP('',(#1503,#1504,#1505,#1506));
#2919=EDGE_LOOP('',(#1507,#1508,#1509,#1510,#1511));
#2920=EDGE_LOOP('',(#1512,#1513,#1514,#1515,#1516,#1517,#1518,#1519));
#2921=EDGE_LOOP('',(#1520,#1521,#1522,#1523,#1524,#1525,#1526,#1527));
#2922=EDGE_LOOP('',(#1528,#1529,#1530,#1531));
#2923=EDGE_LOOP('',(#1532,#1533,#1534,#1535));
#2924=EDGE_LOOP('',(#1536,#1537,#1538,#1539));
#2925=EDGE_LOOP('',(#1540,#1541,#1542,#1543));
#2926=EDGE_LOOP('',(#1544,#1545,#1546,#1547));
#2927=EDGE_LOOP('',(#1548,#1549,#1550,#1551));
#2928=EDGE_LOOP('',(#1552,#1553,#1554,#1555,#1556,#1557,#1558,#1559));
#2929=EDGE_LOOP('',(#1560,#1561,#1562,#1563));
#2930=EDGE_LOOP('',(#1564,#1565,#1566,#1567));
#2931=EDGE_LOOP('',(#1568,#1569,#1570,#1571,#1572,#1573,#1574,#1575));
#2932=EDGE_LOOP('',(#1576,#1577,#1578,#1579,#1580));
#2933=EDGE_LOOP('',(#1581,#1582,#1583,#1584,#1585));
#2934=EDGE_LOOP('',(#1586,#1587,#1588,#1589));
#2935=EDGE_LOOP('',(#1590,#1591,#1592,#1593));
#2936=EDGE_LOOP('',(#1594,#1595,#1596,#1597));
#2937=EDGE_LOOP('',(#1598));
#2938=EDGE_LOOP('',(#1599));
#2939=EDGE_LOOP('',(#1600));
#2940=EDGE_LOOP('',(#1601));
#2941=EDGE_LOOP('',(#1602));
#2942=EDGE_LOOP('',(#1603));
#2943=EDGE_LOOP('',(#1604));
#2944=EDGE_LOOP('',(#1605));
#2945=EDGE_LOOP('',(#1606));
#2946=EDGE_LOOP('',(#1607));
#2947=EDGE_LOOP('',(#1608));
#2948=EDGE_LOOP('',(#1609));
#2949=EDGE_LOOP('',(#1610));
#2950=EDGE_LOOP('',(#1611));
#2951=EDGE_LOOP('',(#1612));
#2952=EDGE_LOOP('',(#1613));
#2953=EDGE_LOOP('',(#1614));
#2954=EDGE_LOOP('',(#1615));
#2955=EDGE_LOOP('',(#1616));
#2956=EDGE_LOOP('',(#1617));
#2957=EDGE_LOOP('',(#1618));
#2958=EDGE_LOOP('',(#1619));
#2959=EDGE_LOOP('',(#1620));
#2960=EDGE_LOOP('',(#1621));
#2961=EDGE_LOOP('',(#1622));
#2962=EDGE_LOOP('',(#1623));
#2963=EDGE_LOOP('',(#1624));
#2964=EDGE_LOOP('',(#1625));
#2965=EDGE_LOOP('',(#1626));
#2966=EDGE_LOOP('',(#1627));
#2967=EDGE_LOOP('',(#1628));
#2968=EDGE_LOOP('',(#1629));
#2969=EDGE_LOOP('',(#1630));
#2970=EDGE_LOOP('',(#1631));
#2971=EDGE_LOOP('',(#1632));
#2972=EDGE_LOOP('',(#1633));
#2973=EDGE_LOOP('',(#1634));
#2974=EDGE_LOOP('',(#1635));
#2975=EDGE_LOOP('',(#1636));
#2976=EDGE_LOOP('',(#1637));
#2977=EDGE_LOOP('',(#1638,#1639,#1640,#1641,#1642,#1643,#1644,#1645,#1646,
#1647,#1648,#1649,#1650,#1651));
#2978=EDGE_LOOP('',(#1652,#1653,#1654,#1655,#1656,#1657,#1658,#1659,#1660,
#1661,#1662,#1663,#1664,#1665));
#2979=EDGE_LOOP('',(#1666,#1667,#1668,#1669));
#2980=EDGE_LOOP('',(#1670,#1671,#1672,#1673));
#2981=EDGE_LOOP('',(#1674,#1675,#1676,#1677));
#2982=EDGE_LOOP('',(#1678,#1679,#1680,#1681));
#2983=EDGE_LOOP('',(#1682,#1683,#1684,#1685));
#2984=EDGE_LOOP('',(#1686,#1687,#1688,#1689));
#2985=EDGE_LOOP('',(#1690,#1691,#1692,#1693));
#2986=EDGE_LOOP('',(#1694,#1695,#1696,#1697));
#2987=EDGE_LOOP('',(#1698,#1699,#1700,#1701));
#2988=FACE_BOUND('',#2702,.T.);
#2989=FACE_BOUND('',#2703,.T.);
#2990=FACE_BOUND('',#2704,.T.);
#2991=FACE_BOUND('',#2705,.T.);
#2992=FACE_BOUND('',#2706,.T.);
#2993=FACE_BOUND('',#2707,.T.);
#2994=FACE_BOUND('',#2708,.T.);
#2995=FACE_BOUND('',#2709,.T.);
#2996=FACE_BOUND('',#2710,.T.);
#2997=FACE_BOUND('',#2711,.T.);
#2998=FACE_BOUND('',#2712,.T.);
#2999=FACE_BOUND('',#2713,.T.);
#3000=FACE_BOUND('',#2714,.T.);
#3001=FACE_BOUND('',#2715,.T.);
#3002=FACE_BOUND('',#2716,.T.);
#3003=FACE_BOUND('',#2717,.T.);
#3004=FACE_BOUND('',#2718,.T.);
#3005=FACE_BOUND('',#2719,.T.);
#3006=FACE_BOUND('',#2720,.T.);
#3007=FACE_BOUND('',#2721,.T.);
#3008=FACE_BOUND('',#2722,.T.);
#3009=FACE_BOUND('',#2723,.T.);
#3010=FACE_BOUND('',#2724,.T.);
#3011=FACE_BOUND('',#2725,.T.);
#3012=FACE_BOUND('',#2726,.T.);
#3013=FACE_BOUND('',#2727,.T.);
#3014=FACE_BOUND('',#2728,.T.);
#3015=FACE_BOUND('',#2729,.T.);
#3016=FACE_BOUND('',#2730,.T.);
#3017=FACE_BOUND('',#2731,.T.);
#3018=FACE_BOUND('',#2732,.T.);
#3019=FACE_BOUND('',#2733,.T.);
#3020=FACE_BOUND('',#2734,.T.);
#3021=FACE_BOUND('',#2735,.T.);
#3022=FACE_BOUND('',#2736,.T.);
#3023=FACE_BOUND('',#2737,.T.);
#3024=FACE_BOUND('',#2738,.T.);
#3025=FACE_BOUND('',#2739,.T.);
#3026=FACE_BOUND('',#2740,.T.);
#3027=FACE_BOUND('',#2741,.T.);
#3028=FACE_BOUND('',#2742,.T.);
#3029=FACE_BOUND('',#2743,.T.);
#3030=FACE_BOUND('',#2744,.T.);
#3031=FACE_BOUND('',#2745,.T.);
#3032=FACE_BOUND('',#2746,.T.);
#3033=FACE_BOUND('',#2747,.T.);
#3034=FACE_BOUND('',#2748,.T.);
#3035=FACE_BOUND('',#2749,.T.);
#3036=FACE_BOUND('',#2750,.T.);
#3037=FACE_BOUND('',#2751,.T.);
#3038=FACE_BOUND('',#2752,.T.);
#3039=FACE_BOUND('',#2753,.T.);
#3040=FACE_BOUND('',#2754,.T.);
#3041=FACE_BOUND('',#2755,.T.);
#3042=FACE_BOUND('',#2756,.T.);
#3043=FACE_BOUND('',#2757,.T.);
#3044=FACE_BOUND('',#2758,.T.);
#3045=FACE_BOUND('',#2759,.T.);
#3046=FACE_BOUND('',#2760,.T.);
#3047=FACE_BOUND('',#2761,.T.);
#3048=FACE_BOUND('',#2762,.T.);
#3049=FACE_BOUND('',#2763,.T.);
#3050=FACE_BOUND('',#2764,.T.);
#3051=FACE_BOUND('',#2765,.T.);
#3052=FACE_BOUND('',#2766,.T.);
#3053=FACE_BOUND('',#2767,.T.);
#3054=FACE_BOUND('',#2768,.T.);
#3055=FACE_BOUND('',#2769,.T.);
#3056=FACE_BOUND('',#2770,.T.);
#3057=FACE_BOUND('',#2771,.T.);
#3058=FACE_BOUND('',#2772,.T.);
#3059=FACE_BOUND('',#2773,.T.);
#3060=FACE_BOUND('',#2774,.T.);
#3061=FACE_BOUND('',#2775,.T.);
#3062=FACE_BOUND('',#2776,.T.);
#3063=FACE_BOUND('',#2777,.T.);
#3064=FACE_BOUND('',#2778,.T.);
#3065=FACE_BOUND('',#2779,.T.);
#3066=FACE_BOUND('',#2780,.T.);
#3067=FACE_BOUND('',#2781,.T.);
#3068=FACE_BOUND('',#2782,.T.);
#3069=FACE_BOUND('',#2783,.T.);
#3070=FACE_BOUND('',#2784,.T.);
#3071=FACE_BOUND('',#2785,.T.);
#3072=FACE_BOUND('',#2786,.T.);
#3073=FACE_BOUND('',#2787,.T.);
#3074=FACE_BOUND('',#2788,.T.);
#3075=FACE_BOUND('',#2789,.T.);
#3076=FACE_BOUND('',#2790,.T.);
#3077=FACE_BOUND('',#2791,.T.);
#3078=FACE_BOUND('',#2792,.T.);
#3079=FACE_BOUND('',#2793,.T.);
#3080=FACE_BOUND('',#2794,.T.);
#3081=FACE_BOUND('',#2795,.T.);
#3082=FACE_BOUND('',#2796,.T.);
#3083=FACE_BOUND('',#2797,.T.);
#3084=FACE_BOUND('',#2798,.T.);
#3085=FACE_BOUND('',#2799,.T.);
#3086=FACE_BOUND('',#2800,.T.);
#3087=FACE_BOUND('',#2801,.T.);
#3088=FACE_BOUND('',#2802,.T.);
#3089=FACE_BOUND('',#2803,.T.);
#3090=FACE_BOUND('',#2804,.T.);
#3091=FACE_BOUND('',#2805,.T.);
#3092=FACE_BOUND('',#2806,.T.);
#3093=FACE_BOUND('',#2807,.T.);
#3094=FACE_BOUND('',#2808,.T.);
#3095=FACE_BOUND('',#2809,.T.);
#3096=FACE_BOUND('',#2810,.T.);
#3097=FACE_BOUND('',#2811,.T.);
#3098=FACE_BOUND('',#2812,.T.);
#3099=FACE_BOUND('',#2813,.T.);
#3100=FACE_BOUND('',#2814,.T.);
#3101=FACE_BOUND('',#2815,.T.);
#3102=FACE_BOUND('',#2816,.T.);
#3103=FACE_BOUND('',#2817,.T.);
#3104=FACE_BOUND('',#2818,.T.);
#3105=FACE_BOUND('',#2819,.T.);
#3106=FACE_BOUND('',#2820,.T.);
#3107=FACE_BOUND('',#2821,.T.);
#3108=FACE_BOUND('',#2822,.T.);
#3109=FACE_BOUND('',#2823,.T.);
#3110=FACE_BOUND('',#2824,.T.);
#3111=FACE_BOUND('',#2825,.T.);
#3112=FACE_BOUND('',#2826,.T.);
#3113=FACE_BOUND('',#2827,.T.);
#3114=FACE_BOUND('',#2828,.T.);
#3115=FACE_BOUND('',#2829,.T.);
#3116=FACE_BOUND('',#2830,.T.);
#3117=FACE_BOUND('',#2831,.T.);
#3118=FACE_BOUND('',#2832,.T.);
#3119=FACE_BOUND('',#2833,.T.);
#3120=FACE_BOUND('',#2834,.T.);
#3121=FACE_BOUND('',#2835,.T.);
#3122=FACE_BOUND('',#2836,.T.);
#3123=FACE_BOUND('',#2837,.T.);
#3124=FACE_BOUND('',#2838,.T.);
#3125=FACE_BOUND('',#2839,.T.);
#3126=FACE_BOUND('',#2840,.T.);
#3127=FACE_BOUND('',#2841,.T.);
#3128=FACE_BOUND('',#2842,.T.);
#3129=FACE_BOUND('',#2843,.T.);
#3130=FACE_BOUND('',#2844,.T.);
#3131=FACE_BOUND('',#2845,.T.);
#3132=FACE_BOUND('',#2846,.T.);
#3133=FACE_BOUND('',#2847,.T.);
#3134=FACE_BOUND('',#2848,.T.);
#3135=FACE_BOUND('',#2849,.T.);
#3136=FACE_BOUND('',#2850,.T.);
#3137=FACE_BOUND('',#2851,.T.);
#3138=FACE_BOUND('',#2852,.T.);
#3139=FACE_BOUND('',#2853,.T.);
#3140=FACE_BOUND('',#2854,.T.);
#3141=FACE_BOUND('',#2855,.T.);
#3142=FACE_BOUND('',#2856,.T.);
#3143=FACE_BOUND('',#2857,.T.);
#3144=FACE_BOUND('',#2858,.T.);
#3145=FACE_BOUND('',#2859,.T.);
#3146=FACE_BOUND('',#2860,.T.);
#3147=FACE_BOUND('',#2861,.T.);
#3148=FACE_BOUND('',#2862,.T.);
#3149=FACE_BOUND('',#2863,.T.);
#3150=FACE_BOUND('',#2864,.T.);
#3151=FACE_BOUND('',#2865,.T.);
#3152=FACE_BOUND('',#2866,.T.);
#3153=FACE_BOUND('',#2867,.T.);
#3154=FACE_BOUND('',#2868,.T.);
#3155=FACE_BOUND('',#2869,.T.);
#3156=FACE_BOUND('',#2870,.T.);
#3157=FACE_BOUND('',#2871,.T.);
#3158=FACE_BOUND('',#2872,.T.);
#3159=FACE_BOUND('',#2873,.T.);
#3160=FACE_BOUND('',#2874,.T.);
#3161=FACE_BOUND('',#2875,.T.);
#3162=FACE_BOUND('',#2876,.T.);
#3163=FACE_BOUND('',#2877,.T.);
#3164=FACE_BOUND('',#2878,.T.);
#3165=FACE_BOUND('',#2879,.T.);
#3166=FACE_BOUND('',#2880,.T.);
#3167=FACE_BOUND('',#2881,.T.);
#3168=FACE_BOUND('',#2882,.T.);
#3169=FACE_BOUND('',#2883,.T.);
#3170=FACE_BOUND('',#2884,.T.);
#3171=FACE_BOUND('',#2885,.T.);
#3172=FACE_BOUND('',#2886,.T.);
#3173=FACE_BOUND('',#2887,.T.);
#3174=FACE_BOUND('',#2888,.T.);
#3175=FACE_BOUND('',#2889,.T.);
#3176=FACE_BOUND('',#2890,.T.);
#3177=FACE_BOUND('',#2891,.T.);
#3178=FACE_BOUND('',#2892,.T.);
#3179=FACE_BOUND('',#2893,.T.);
#3180=FACE_BOUND('',#2894,.T.);
#3181=FACE_BOUND('',#2895,.T.);
#3182=FACE_BOUND('',#2896,.T.);
#3183=FACE_BOUND('',#2897,.T.);
#3184=FACE_BOUND('',#2898,.T.);
#3185=FACE_BOUND('',#2899,.T.);
#3186=FACE_BOUND('',#2900,.T.);
#3187=FACE_BOUND('',#2901,.T.);
#3188=FACE_BOUND('',#2902,.T.);
#3189=FACE_BOUND('',#2903,.T.);
#3190=FACE_BOUND('',#2904,.T.);
#3191=FACE_BOUND('',#2905,.T.);
#3192=FACE_BOUND('',#2906,.T.);
#3193=FACE_BOUND('',#2907,.T.);
#3194=FACE_BOUND('',#2908,.T.);
#3195=FACE_BOUND('',#2909,.T.);
#3196=FACE_BOUND('',#2910,.T.);
#3197=FACE_BOUND('',#2911,.T.);
#3198=FACE_BOUND('',#2912,.T.);
#3199=FACE_BOUND('',#2913,.T.);
#3200=FACE_BOUND('',#2914,.T.);
#3201=FACE_BOUND('',#2915,.T.);
#3202=FACE_BOUND('',#2916,.T.);
#3203=FACE_BOUND('',#2917,.T.);
#3204=FACE_BOUND('',#2918,.T.);
#3205=FACE_BOUND('',#2919,.T.);
#3206=FACE_BOUND('',#2920,.T.);
#3207=FACE_BOUND('',#2921,.T.);
#3208=FACE_BOUND('',#2922,.T.);
#3209=FACE_BOUND('',#2923,.T.);
#3210=FACE_BOUND('',#2924,.T.);
#3211=FACE_BOUND('',#2925,.T.);
#3212=FACE_BOUND('',#2926,.T.);
#3213=FACE_BOUND('',#2927,.T.);
#3214=FACE_BOUND('',#2928,.T.);
#3215=FACE_BOUND('',#2929,.T.);
#3216=FACE_BOUND('',#2930,.T.);
#3217=FACE_BOUND('',#2931,.T.);
#3218=FACE_BOUND('',#2932,.T.);
#3219=FACE_BOUND('',#2933,.T.);
#3220=FACE_BOUND('',#2934,.T.);
#3221=FACE_BOUND('',#2935,.T.);
#3222=FACE_BOUND('',#2936,.T.);
#3223=FACE_BOUND('',#2937,.T.);
#3224=FACE_BOUND('',#2938,.T.);
#3225=FACE_BOUND('',#2939,.T.);
#3226=FACE_BOUND('',#2940,.T.);
#3227=FACE_BOUND('',#2941,.T.);
#3228=FACE_BOUND('',#2942,.T.);
#3229=FACE_BOUND('',#2943,.T.);
#3230=FACE_BOUND('',#2944,.T.);
#3231=FACE_BOUND('',#2945,.T.);
#3232=FACE_BOUND('',#2946,.T.);
#3233=FACE_BOUND('',#2947,.T.);
#3234=FACE_BOUND('',#2948,.T.);
#3235=FACE_BOUND('',#2949,.T.);
#3236=FACE_BOUND('',#2950,.T.);
#3237=FACE_BOUND('',#2951,.T.);
#3238=FACE_BOUND('',#2952,.T.);
#3239=FACE_BOUND('',#2953,.T.);
#3240=FACE_BOUND('',#2954,.T.);
#3241=FACE_BOUND('',#2955,.T.);
#3242=FACE_BOUND('',#2956,.T.);
#3243=FACE_BOUND('',#2957,.T.);
#3244=FACE_BOUND('',#2958,.T.);
#3245=FACE_BOUND('',#2959,.T.);
#3246=FACE_BOUND('',#2960,.T.);
#3247=FACE_BOUND('',#2961,.T.);
#3248=FACE_BOUND('',#2962,.T.);
#3249=FACE_BOUND('',#2963,.T.);
#3250=FACE_BOUND('',#2964,.T.);
#3251=FACE_BOUND('',#2965,.T.);
#3252=FACE_BOUND('',#2966,.T.);
#3253=FACE_BOUND('',#2967,.T.);
#3254=FACE_BOUND('',#2968,.T.);
#3255=FACE_BOUND('',#2969,.T.);
#3256=FACE_BOUND('',#2970,.T.);
#3257=FACE_BOUND('',#2971,.T.);
#3258=FACE_BOUND('',#2972,.T.);
#3259=FACE_BOUND('',#2973,.T.);
#3260=FACE_BOUND('',#2974,.T.);
#3261=FACE_BOUND('',#2975,.T.);
#3262=FACE_BOUND('',#2976,.T.);
#3263=FACE_BOUND('',#2977,.T.);
#3264=FACE_BOUND('',#2978,.T.);
#3265=FACE_BOUND('',#2979,.T.);
#3266=FACE_BOUND('',#2980,.T.);
#3267=FACE_BOUND('',#2981,.T.);
#3268=FACE_BOUND('',#2982,.T.);
#3269=FACE_BOUND('',#2983,.T.);
#3270=FACE_BOUND('',#2984,.T.);
#3271=FACE_BOUND('',#2985,.T.);
#3272=FACE_BOUND('',#2986,.T.);
#3273=FACE_BOUND('',#2987,.T.);
#3274=PLANE('',#3597);
#3275=PLANE('',#3604);
#3276=PLANE('',#3615);
#3277=PLANE('',#3617);
#3278=PLANE('',#3619);
#3279=PLANE('',#3621);
#3280=PLANE('',#3624);
#3281=PLANE('',#3627);
#3282=PLANE('',#3630);
#3283=PLANE('',#3632);
#3284=PLANE('',#3635);
#3285=PLANE('',#3642);
#3286=PLANE('',#3645);
#3287=PLANE('',#3646);
#3288=PLANE('',#3648);
#3289=PLANE('',#3649);
#3290=PLANE('',#3653);
#3291=PLANE('',#3663);
#3292=PLANE('',#3664);
#3293=PLANE('',#3665);
#3294=PLANE('',#3667);
#3295=PLANE('',#3670);
#3296=PLANE('',#3671);
#3297=PLANE('',#3678);
#3298=PLANE('',#3683);
#3299=PLANE('',#3692);
#3300=PLANE('',#3693);
#3301=PLANE('',#3702);
#3302=PLANE('',#3703);
#3303=PLANE('',#3704);
#3304=PLANE('',#3705);
#3305=PLANE('',#3714);
#3306=PLANE('',#3717);
#3307=PLANE('',#3718);
#3308=PLANE('',#3723);
#3309=PLANE('',#3726);
#3310=PLANE('',#3727);
#3311=PLANE('',#3732);
#3312=PLANE('',#3733);
#3313=PLANE('',#3734);
#3314=PLANE('',#3741);
#3315=PLANE('',#3744);
#3316=PLANE('',#3745);
#3317=PLANE('',#3750);
#3318=PLANE('',#3751);
#3319=PLANE('',#3754);
#3320=PLANE('',#3757);
#3321=PLANE('',#3758);
#3322=PLANE('',#3759);
#3323=PLANE('',#3760);
#3324=PLANE('',#3761);
#3325=PLANE('',#3762);
#3326=PLANE('',#3765);
#3327=PLANE('',#3768);
#3328=PLANE('',#3769);
#3329=PLANE('',#3774);
#3330=PLANE('',#3775);
#3331=PLANE('',#3776);
#3332=PLANE('',#3777);
#3333=PLANE('',#3778);
#3334=PLANE('',#3779);
#3335=PLANE('',#3795);
#3336=PLANE('',#3796);
#3337=PLANE('',#3797);
#3338=PLANE('',#3801);
#3339=PLANE('',#3802);
#3340=PLANE('',#3806);
#3341=PLANE('',#3807);
#3342=PLANE('',#3811);
#3343=PLANE('',#3827);
#3344=PLANE('',#3828);
#3345=PLANE('',#3829);
#3346=PLANE('',#3833);
#3347=PLANE('',#3834);
#3348=PLANE('',#3835);
#3349=PLANE('',#3839);
#3350=PLANE('',#3843);
#3351=PLANE('',#3844);
#3352=PLANE('',#3856);
#3353=PLANE('',#3857);
#3354=PLANE('',#3860);
#3355=PLANE('',#3861);
#3356=PLANE('',#3867);
#3357=PLANE('',#3868);
#3358=PLANE('',#3880);
#3359=PLANE('',#3881);
#3360=PLANE('',#3882);
#3361=PLANE('',#3885);
#3362=PLANE('',#3891);
#3363=PLANE('',#3892);
#3364=PLANE('',#3893);
#3365=PLANE('',#3894);
#3366=PLANE('',#3895);
#3367=PLANE('',#3896);
#3368=PLANE('',#3897);
#3369=PLANE('',#3898);
#3370=PLANE('',#3899);
#3371=PLANE('',#3968);
#3372=PLANE('',#3973);
#3373=PLANE('',#3978);
#3374=PLANE('',#3979);
#3375=PLANE('',#3980);
#3376=PLANE('',#3983);
#3377=PLANE('',#3984);
#3378=ADVANCED_FACE('',(#2988,#2989,#2990,#2991,#2992),#3274,.F.);
#3379=ADVANCED_FACE('',(#2993),#3275,.F.);
#3380=ADVANCED_FACE('',(#2994),#60,.F.);
#3381=ADVANCED_FACE('',(#2995),#61,.F.);
#3382=ADVANCED_FACE('',(#2996),#3276,.F.);
#3383=ADVANCED_FACE('',(#2997),#3277,.F.);
#3384=ADVANCED_FACE('',(#2998),#3278,.T.);
#3385=ADVANCED_FACE('',(#2999),#3279,.T.);
#3386=ADVANCED_FACE('',(#3000),#3280,.T.);
#3387=ADVANCED_FACE('',(#3001),#3281,.T.);
#3388=ADVANCED_FACE('',(#3002),#3282,.T.);
#3389=ADVANCED_FACE('',(#3003),#3283,.T.);
#3390=ADVANCED_FACE('',(#3004,#3005),#3284,.F.);
#3391=ADVANCED_FACE('',(#3006),#3285,.T.);
#3392=ADVANCED_FACE('',(#3007,#3008),#62,.T.);
#3393=ADVANCED_FACE('',(#3009),#3286,.T.);
#3394=ADVANCED_FACE('',(#3010),#3287,.T.);
#3395=ADVANCED_FACE('',(#3011),#63,.F.);
#3396=ADVANCED_FACE('',(#3012),#3288,.T.);
#3397=ADVANCED_FACE('',(#3013),#3289,.T.);
#3398=ADVANCED_FACE('',(#3014),#64,.F.);
#3399=ADVANCED_FACE('',(#3015,#3016),#65,.F.);
#3400=ADVANCED_FACE('',(#3017,#3018),#3290,.F.);
#3401=ADVANCED_FACE('',(#3019,#3020),#66,.F.);
#3402=ADVANCED_FACE('',(#3021),#67,.F.);
#3403=ADVANCED_FACE('',(#3022),#3291,.T.);
#3404=ADVANCED_FACE('',(#3023),#3292,.T.);
#3405=ADVANCED_FACE('',(#3024),#3293,.T.);
#3406=ADVANCED_FACE('',(#3025),#68,.F.);
#3407=ADVANCED_FACE('',(#3026),#3294,.T.);
#3408=ADVANCED_FACE('',(#3027,#3028),#69,.T.);
#3409=ADVANCED_FACE('',(#3029),#3295,.T.);
#3410=ADVANCED_FACE('',(#3030,#3031,#3032,#3033,#3034),#3296,.F.);
#3411=ADVANCED_FACE('',(#3035),#3297,.F.);
#3412=ADVANCED_FACE('',(#3036,#3037,#3038),#3298,.F.);
#3413=ADVANCED_FACE('',(#3039),#3299,.T.);
#3414=ADVANCED_FACE('',(#3040,#3041,#3042),#3300,.F.);
#3415=ADVANCED_FACE('',(#3043),#3301,.F.);
#3416=ADVANCED_FACE('',(#3044),#3302,.F.);
#3417=ADVANCED_FACE('',(#3045),#3303,.F.);
#3418=ADVANCED_FACE('',(#3046,#3047,#3048,#3049,#3050,#3051,#3052,#3053,
#3054),#3304,.T.);
#3419=ADVANCED_FACE('',(#3055),#3305,.T.);
#3420=ADVANCED_FACE('',(#3056),#3306,.T.);
#3421=ADVANCED_FACE('',(#3057),#3307,.F.);
#3422=ADVANCED_FACE('',(#3058),#70,.T.);
#3423=ADVANCED_FACE('',(#3059,#3060),#71,.F.);
#3424=ADVANCED_FACE('',(#3061),#3308,.T.);
#3425=ADVANCED_FACE('',(#3062),#3309,.T.);
#3426=ADVANCED_FACE('',(#3063),#3310,.F.);
#3427=ADVANCED_FACE('',(#3064),#72,.T.);
#3428=ADVANCED_FACE('',(#3065,#3066),#73,.F.);
#3429=ADVANCED_FACE('',(#3067),#3311,.T.);
#3430=ADVANCED_FACE('',(#3068),#3312,.F.);
#3431=ADVANCED_FACE('',(#3069),#3313,.T.);
#3432=ADVANCED_FACE('',(#3070),#74,.T.);
#3433=ADVANCED_FACE('',(#3071,#3072),#75,.F.);
#3434=ADVANCED_FACE('',(#3073),#3314,.T.);
#3435=ADVANCED_FACE('',(#3074),#3315,.T.);
#3436=ADVANCED_FACE('',(#3075),#3316,.F.);
#3437=ADVANCED_FACE('',(#3076),#76,.T.);
#3438=ADVANCED_FACE('',(#3077,#3078),#77,.F.);
#3439=ADVANCED_FACE('',(#3079),#3317,.T.);
#3440=ADVANCED_FACE('',(#3080),#3318,.T.);
#3441=ADVANCED_FACE('',(#3081),#78,.F.);
#3442=ADVANCED_FACE('',(#3082),#3319,.F.);
#3443=ADVANCED_FACE('',(#3083),#79,.F.);
#3444=ADVANCED_FACE('',(#3084),#3320,.T.);
#3445=ADVANCED_FACE('',(#3085),#3321,.T.);
#3446=ADVANCED_FACE('',(#3086),#3322,.T.);
#3447=ADVANCED_FACE('',(#3087),#3323,.F.);
#3448=ADVANCED_FACE('',(#3088),#3324,.F.);
#3449=ADVANCED_FACE('',(#3089),#3325,.F.);
#3450=ADVANCED_FACE('',(#3090),#80,.F.);
#3451=ADVANCED_FACE('',(#3091),#3326,.T.);
#3452=ADVANCED_FACE('',(#3092),#81,.F.);
#3453=ADVANCED_FACE('',(#3093),#3327,.F.);
#3454=ADVANCED_FACE('',(#3094),#3328,.T.);
#3455=ADVANCED_FACE('',(#3095),#82,.T.);
#3456=ADVANCED_FACE('',(#3096),#83,.T.);
#3457=ADVANCED_FACE('',(#3097),#84,.T.);
#3458=ADVANCED_FACE('',(#3098),#85,.T.);
#3459=ADVANCED_FACE('',(#3099),#3329,.T.);
#3460=ADVANCED_FACE('',(#3100),#3330,.F.);
#3461=ADVANCED_FACE('',(#3101),#3331,.T.);
#3462=ADVANCED_FACE('',(#3102),#3332,.F.);
#3463=ADVANCED_FACE('',(#3103),#3333,.T.);
#3464=ADVANCED_FACE('',(#3104),#3334,.T.);
#3465=ADVANCED_FACE('',(#3105,#3106),#86,.F.);
#3466=ADVANCED_FACE('',(#3107,#3108),#87,.F.);
#3467=ADVANCED_FACE('',(#3109,#3110),#88,.F.);
#3468=ADVANCED_FACE('',(#3111,#3112),#89,.F.);
#3469=ADVANCED_FACE('',(#3113),#90,.T.);
#3470=ADVANCED_FACE('',(#3114),#3335,.F.);
#3471=ADVANCED_FACE('',(#3115),#3336,.T.);
#3472=ADVANCED_FACE('',(#3116,#3117),#3337,.T.);
#3473=ADVANCED_FACE('',(#3118,#3119),#91,.T.);
#3474=ADVANCED_FACE('',(#3120,#3121),#3338,.T.);
#3475=ADVANCED_FACE('',(#3122),#3339,.T.);
#3476=ADVANCED_FACE('',(#3123),#92,.T.);
#3477=ADVANCED_FACE('',(#3124),#3340,.F.);
#3478=ADVANCED_FACE('',(#3125,#3126),#3341,.T.);
#3479=ADVANCED_FACE('',(#3127,#3128),#93,.T.);
#3480=ADVANCED_FACE('',(#3129,#3130),#3342,.T.);
#3481=ADVANCED_FACE('',(#3131,#3132),#94,.F.);
#3482=ADVANCED_FACE('',(#3133,#3134),#95,.F.);
#3483=ADVANCED_FACE('',(#3135,#3136),#96,.F.);
#3484=ADVANCED_FACE('',(#3137,#3138),#97,.F.);
#3485=ADVANCED_FACE('',(#3139),#98,.T.);
#3486=ADVANCED_FACE('',(#3140),#3343,.F.);
#3487=ADVANCED_FACE('',(#3141),#3344,.T.);
#3488=ADVANCED_FACE('',(#3142,#3143),#3345,.T.);
#3489=ADVANCED_FACE('',(#3144,#3145),#99,.T.);
#3490=ADVANCED_FACE('',(#3146,#3147),#3346,.T.);
#3491=ADVANCED_FACE('',(#3148),#3347,.F.);
#3492=ADVANCED_FACE('',(#3149),#3348,.T.);
#3493=ADVANCED_FACE('',(#3150),#100,.T.);
#3494=ADVANCED_FACE('',(#3151,#3152),#3349,.T.);
#3495=ADVANCED_FACE('',(#3153,#3154),#101,.T.);
#3496=ADVANCED_FACE('',(#3155,#3156),#3350,.T.);
#3497=ADVANCED_FACE('',(#3157,#3158),#3351,.F.);
#3498=ADVANCED_FACE('',(#3159,#3160),#102,.F.);
#3499=ADVANCED_FACE('',(#3161),#103,.F.);
#3500=ADVANCED_FACE('',(#3162),#3352,.T.);
#3501=ADVANCED_FACE('',(#3163),#3353,.T.);
#3502=ADVANCED_FACE('',(#3164),#104,.F.);
#3503=ADVANCED_FACE('',(#3165),#3354,.T.);
#3504=ADVANCED_FACE('',(#3166),#3355,.T.);
#3505=ADVANCED_FACE('',(#3167,#3168),#105,.T.);
#3506=ADVANCED_FACE('',(#3169),#3356,.T.);
#3507=ADVANCED_FACE('',(#3170,#3171),#3357,.F.);
#3508=ADVANCED_FACE('',(#3172,#3173),#106,.F.);
#3509=ADVANCED_FACE('',(#3174),#107,.F.);
#3510=ADVANCED_FACE('',(#3175),#3358,.T.);
#3511=ADVANCED_FACE('',(#3176),#3359,.T.);
#3512=ADVANCED_FACE('',(#3177),#3360,.T.);
#3513=ADVANCED_FACE('',(#3178),#108,.F.);
#3514=ADVANCED_FACE('',(#3179),#3361,.T.);
#3515=ADVANCED_FACE('',(#3180,#3181),#109,.T.);
#3516=ADVANCED_FACE('',(#3182),#3362,.T.);
#3517=ADVANCED_FACE('',(#3183),#3363,.F.);
#3518=ADVANCED_FACE('',(#3184),#3364,.F.);
#3519=ADVANCED_FACE('',(#3185),#3365,.T.);
#3520=ADVANCED_FACE('',(#3186),#3366,.T.);
#3521=ADVANCED_FACE('',(#3187),#3367,.T.);
#3522=ADVANCED_FACE('',(#3188),#3368,.T.);
#3523=ADVANCED_FACE('',(#3189),#3369,.T.);
#3524=ADVANCED_FACE('',(#3190),#3370,.T.);
#3525=ADVANCED_FACE('',(#3191,#3192),#28,.F.);
#3526=ADVANCED_FACE('',(#3193,#3194),#29,.F.);
#3527=ADVANCED_FACE('',(#3195,#3196),#30,.F.);
#3528=ADVANCED_FACE('',(#3197,#3198),#31,.F.);
#3529=ADVANCED_FACE('',(#3199),#110,.F.);
#3530=ADVANCED_FACE('',(#3200),#111,.F.);
#3531=ADVANCED_FACE('',(#3201),#112,.F.);
#3532=ADVANCED_FACE('',(#3202),#32,.F.);
#3533=ADVANCED_FACE('',(#3203),#113,.F.);
#3534=ADVANCED_FACE('',(#3204),#114,.F.);
#3535=ADVANCED_FACE('',(#3205),#33,.F.);
#3536=ADVANCED_FACE('',(#3206),#115,.F.);
#3537=ADVANCED_FACE('',(#3207),#116,.F.);
#3538=ADVANCED_FACE('',(#3208),#117,.F.);
#3539=ADVANCED_FACE('',(#3209),#118,.F.);
#3540=ADVANCED_FACE('',(#3210),#119,.F.);
#3541=ADVANCED_FACE('',(#3211),#120,.F.);
#3542=ADVANCED_FACE('',(#3212),#121,.F.);
#3543=ADVANCED_FACE('',(#3213),#122,.F.);
#3544=ADVANCED_FACE('',(#3214),#123,.F.);
#3545=ADVANCED_FACE('',(#3215),#124,.F.);
#3546=ADVANCED_FACE('',(#3216),#125,.F.);
#3547=ADVANCED_FACE('',(#3217),#126,.F.);
#3548=ADVANCED_FACE('',(#3218),#34,.F.);
#3549=ADVANCED_FACE('',(#3219),#35,.F.);
#3550=ADVANCED_FACE('',(#3220),#127,.F.);
#3551=ADVANCED_FACE('',(#3221),#128,.F.);
#3552=ADVANCED_FACE('',(#3222),#129,.F.);
#3553=ADVANCED_FACE('',(#3223,#3224),#36,.F.);
#3554=ADVANCED_FACE('',(#3225,#3226),#37,.F.);
#3555=ADVANCED_FACE('',(#3227,#3228),#38,.F.);
#3556=ADVANCED_FACE('',(#3229,#3230),#39,.F.);
#3557=ADVANCED_FACE('',(#3231,#3232),#12,.F.);
#3558=ADVANCED_FACE('',(#3233,#3234),#13,.F.);
#3559=ADVANCED_FACE('',(#3235,#3236),#14,.F.);
#3560=ADVANCED_FACE('',(#3237,#3238),#15,.F.);
#3561=ADVANCED_FACE('',(#3239,#3240),#16,.F.);
#3562=ADVANCED_FACE('',(#3241,#3242),#17,.F.);
#3563=ADVANCED_FACE('',(#3243,#3244),#18,.F.);
#3564=ADVANCED_FACE('',(#3245,#3246),#19,.F.);
#3565=ADVANCED_FACE('',(#3247,#3248),#20,.F.);
#3566=ADVANCED_FACE('',(#3249,#3250),#21,.F.);
#3567=ADVANCED_FACE('',(#3251,#3252),#22,.F.);
#3568=ADVANCED_FACE('',(#3253,#3254),#23,.F.);
#3569=ADVANCED_FACE('',(#3255,#3256),#24,.F.);
#3570=ADVANCED_FACE('',(#3257,#3258),#25,.F.);
#3571=ADVANCED_FACE('',(#3259,#3260),#26,.F.);
#3572=ADVANCED_FACE('',(#3261,#3262),#27,.F.);
#3573=ADVANCED_FACE('',(#3263),#3371,.T.);
#3574=ADVANCED_FACE('',(#3264),#3372,.F.);
#3575=ADVANCED_FACE('',(#3265),#3373,.T.);
#3576=ADVANCED_FACE('',(#3266),#3374,.T.);
#3577=ADVANCED_FACE('',(#3267),#3375,.T.);
#3578=ADVANCED_FACE('',(#3268),#130,.T.);
#3579=ADVANCED_FACE('',(#3269),#131,.F.);
#3580=ADVANCED_FACE('',(#3270),#3376,.F.);
#3581=ADVANCED_FACE('',(#3271),#3377,.F.);
#3582=ADVANCED_FACE('',(#3272),#132,.T.);
#3583=ADVANCED_FACE('',(#3273),#133,.F.);
#3584=CLOSED_SHELL('',(#3378,#3379,#3380,#3381,#3382,#3383,#3384,#3385,
#3386,#3387,#3388,#3389,#3390,#3391,#3392,#3393,#3394,#3395,#3396,#3397,
#3398,#3399,#3400,#3401,#3402,#3403,#3404,#3405,#3406,#3407,#3408,#3409,
#3410,#3411,#3412,#3413,#3414,#3415,#3416,#3417,#3418,#3419,#3420,#3421,
#3422,#3423,#3424,#3425,#3426,#3427,#3428,#3429,#3430,#3431,#3432,#3433,
#3434,#3435,#3436,#3437,#3438,#3439,#3440,#3441,#3442,#3443,#3444,#3445,
#3446,#3447,#3448,#3449,#3450,#3451,#3452,#3453,#3454,#3455,#3456,#3457,
#3458,#3459,#3460,#3461,#3462,#3463,#3464,#3465,#3466,#3467,#3468,#3469,
#3470,#3471,#3472,#3473,#3474,#3475,#3476,#3477,#3478,#3479,#3480,#3481,
#3482,#3483,#3484,#3485,#3486,#3487,#3488,#3489,#3490,#3491,#3492,#3493,
#3494,#3495,#3496,#3497,#3498,#3499,#3500,#3501,#3502,#3503,#3504,#3505,
#3506,#3507,#3508,#3509,#3510,#3511,#3512,#3513,#3514,#3515,#3516,#3517,
#3518,#3519,#3520,#3521,#3522,#3523,#3524,#3525,#3526,#3527,#3528,#3529,
#3530,#3531,#3532,#3533,#3534,#3535,#3536,#3537,#3538,#3539,#3540,#3541,
#3542,#3543,#3544,#3545,#3546,#3547,#3548,#3549,#3550,#3551,#3552,#3553,
#3554,#3555,#3556,#3557,#3558,#3559,#3560,#3561,#3562,#3563,#3564,#3565,
#3566,#3567,#3568,#3569,#3570,#3571,#3572,#3573,#3574,#3575,#3576,#3577,
#3578,#3579,#3580,#3581,#3582,#3583));
#3585=STYLED_ITEM('',(#3586),#3593);
#3586=PRESENTATION_STYLE_ASSIGNMENT((#3587));
#3587=SURFACE_STYLE_USAGE(.BOTH.,#3588);
#3588=SURFACE_SIDE_STYLE('',(#3589));
#3589=SURFACE_STYLE_FILL_AREA(#3590);
#3590=FILL_AREA_STYLE('',(#3591));
#3591=FILL_AREA_STYLE_COLOUR('',#3592);
#3592=COLOUR_RGB('',0.972549019607843,0.529411764705882,0.00392156862745098);
#3593=MANIFOLD_SOLID_BREP('case',#3584);
#3594=SHAPE_DEFINITION_REPRESENTATION(#6134,#3595);
#3595=SHAPE_REPRESENTATION('case',(#3596),#6129);
#3596=AXIS2_PLACEMENT_3D('',#5065,#3987,#3988);
#3597=AXIS2_PLACEMENT_3D('',#5066,#3989,#3990);
#3598=AXIS2_PLACEMENT_3D('',#5067,#3991,#3992);
#3599=AXIS2_PLACEMENT_3D('',#5069,#3993,#3994);
#3600=AXIS2_PLACEMENT_3D('',#5071,#3995,#3996);
#3601=AXIS2_PLACEMENT_3D('',#5073,#3997,#3998);
#3602=AXIS2_PLACEMENT_3D('',#5082,#4002,#4003);
#3603=AXIS2_PLACEMENT_3D('',#5094,#4009,#4010);
#3604=AXIS2_PLACEMENT_3D('',#5099,#4013,#4014);
#3605=AXIS2_PLACEMENT_3D('',#5115,#4022,#4023);
#3606=AXIS2_PLACEMENT_3D('',#5117,#4024,#4025);
#3607=AXIS2_PLACEMENT_3D('',#5141,#4037,#4038);
#3608=AXIS2_PLACEMENT_3D('',#5143,#4039,#4040);
#3609=AXIS2_PLACEMENT_3D('',#5152,#4045,#4046);
#3610=AXIS2_PLACEMENT_3D('',#5153,#4047,#4048);
#3611=AXIS2_PLACEMENT_3D('',#5154,#4049,#4050);
#3612=AXIS2_PLACEMENT_3D('',#5155,#4051,#4052);
#3613=AXIS2_PLACEMENT_3D('',#5156,#4053,#4054);
#3614=AXIS2_PLACEMENT_3D('',#5158,#4055,#4056);
#3615=AXIS2_PLACEMENT_3D('',#5161,#4058,#4059);
#3616=AXIS2_PLACEMENT_3D('',#5162,#4060,#4061);
#3617=AXIS2_PLACEMENT_3D('',#5164,#4062,#4063);
#3618=AXIS2_PLACEMENT_3D('',#5165,#4064,#4065);
#3619=AXIS2_PLACEMENT_3D('',#5167,#4066,#4067);
#3620=AXIS2_PLACEMENT_3D('',#5171,#4069,#4070);
#3621=AXIS2_PLACEMENT_3D('',#5172,#4071,#4072);
#3622=AXIS2_PLACEMENT_3D('',#5176,#4074,#4075);
#3623=AXIS2_PLACEMENT_3D('',#5180,#4077,#4078);
#3624=AXIS2_PLACEMENT_3D('',#5181,#4079,#4080);
#3625=AXIS2_PLACEMENT_3D('',#5185,#4082,#4083);
#3626=AXIS2_PLACEMENT_3D('',#5189,#4085,#4086);
#3627=AXIS2_PLACEMENT_3D('',#5190,#4087,#4088);
#3628=AXIS2_PLACEMENT_3D('',#5194,#4090,#4091);
#3629=AXIS2_PLACEMENT_3D('',#5198,#4093,#4094);
#3630=AXIS2_PLACEMENT_3D('',#5199,#4095,#4096);
#3631=AXIS2_PLACEMENT_3D('',#5203,#4098,#4099);
#3632=AXIS2_PLACEMENT_3D('',#5204,#4100,#4101);
#3633=AXIS2_PLACEMENT_3D('',#5208,#4103,#4104);
#3634=AXIS2_PLACEMENT_3D('',#5212,#4106,#4107);
#3635=AXIS2_PLACEMENT_3D('',#5213,#4108,#4109);
#3636=AXIS2_PLACEMENT_3D('',#5214,#4110,#4111);
#3637=AXIS2_PLACEMENT_3D('',#5219,#4113,#4114);
#3638=AXIS2_PLACEMENT_3D('',#5223,#4116,#4117);
#3639=AXIS2_PLACEMENT_3D('',#5227,#4119,#4120);
#3640=AXIS2_PLACEMENT_3D('',#5231,#4122,#4123);
#3641=AXIS2_PLACEMENT_3D('',#5235,#4125,#4126);
#3642=AXIS2_PLACEMENT_3D('',#5236,#4127,#4128);
#3643=AXIS2_PLACEMENT_3D('',#5239,#4131,#4132);
#3644=AXIS2_PLACEMENT_3D('',#5240,#4133,#4134);
#3645=AXIS2_PLACEMENT_3D('',#5247,#4140,#4141);
#3646=AXIS2_PLACEMENT_3D('',#5248,#4142,#4143);
#3647=AXIS2_PLACEMENT_3D('',#5250,#4145,#4146);
#3648=AXIS2_PLACEMENT_3D('',#5252,#4148,#4149);
#3649=AXIS2_PLACEMENT_3D('',#5253,#4150,#4151);
#3650=AXIS2_PLACEMENT_3D('',#5255,#4153,#4154);
#3651=AXIS2_PLACEMENT_3D('',#5256,#4155,#4156);
#3652=AXIS2_PLACEMENT_3D('',#5257,#4157,#4158);
#3653=AXIS2_PLACEMENT_3D('',#5259,#4159,#4160);
#3654=AXIS2_PLACEMENT_3D('',#5260,#4161,#4162);
#3655=AXIS2_PLACEMENT_3D('',#5265,#4164,#4165);
#3656=AXIS2_PLACEMENT_3D('',#5269,#4167,#4168);
#3657=AXIS2_PLACEMENT_3D('',#5273,#4170,#4171);
#3658=AXIS2_PLACEMENT_3D('',#5277,#4173,#4174);
#3659=AXIS2_PLACEMENT_3D('',#5281,#4176,#4177);
#3660=AXIS2_PLACEMENT_3D('',#5282,#4178,#4179);
#3661=AXIS2_PLACEMENT_3D('',#5283,#4180,#4181);
#3662=AXIS2_PLACEMENT_3D('',#5285,#4182,#4183);
#3663=AXIS2_PLACEMENT_3D('',#5288,#4186,#4187);
#3664=AXIS2_PLACEMENT_3D('',#5290,#4189,#4190);
#3665=AXIS2_PLACEMENT_3D('',#5293,#4193,#4194);
#3666=AXIS2_PLACEMENT_3D('',#5296,#4197,#4198);
#3667=AXIS2_PLACEMENT_3D('',#5298,#4200,#4201);
#3668=AXIS2_PLACEMENT_3D('',#5300,#4203,#4204);
#3669=AXIS2_PLACEMENT_3D('',#5301,#4205,#4206);
#3670=AXIS2_PLACEMENT_3D('',#5304,#4208,#4209);
#3671=AXIS2_PLACEMENT_3D('',#5305,#4210,#4211);
#3672=AXIS2_PLACEMENT_3D('',#5306,#4212,#4213);
#3673=AXIS2_PLACEMENT_3D('',#5308,#4214,#4215);
#3674=AXIS2_PLACEMENT_3D('',#5310,#4216,#4217);
#3675=AXIS2_PLACEMENT_3D('',#5312,#4218,#4219);
#3676=AXIS2_PLACEMENT_3D('',#5323,#4224,#4225);
#3677=AXIS2_PLACEMENT_3D('',#5335,#4231,#4232);
#3678=AXIS2_PLACEMENT_3D('',#5338,#4234,#4235);
#3679=AXIS2_PLACEMENT_3D('',#5349,#4241,#4242);
#3680=AXIS2_PLACEMENT_3D('',#5351,#4243,#4244);
#3681=AXIS2_PLACEMENT_3D('',#5375,#4256,#4257);
#3682=AXIS2_PLACEMENT_3D('',#5377,#4258,#4259);
#3683=AXIS2_PLACEMENT_3D('',#5388,#4265,#4266);
#3684=AXIS2_PLACEMENT_3D('',#5389,#4267,#4268);
#3685=AXIS2_PLACEMENT_3D('',#5391,#4269,#4270);
#3686=AXIS2_PLACEMENT_3D('',#5400,#4274,#4275);
#3687=AXIS2_PLACEMENT_3D('',#5407,#4279,#4280);
#3688=AXIS2_PLACEMENT_3D('',#5411,#4282,#4283);
#3689=AXIS2_PLACEMENT_3D('',#5418,#4287,#4288);
#3690=AXIS2_PLACEMENT_3D('',#5422,#4290,#4291);
#3691=AXIS2_PLACEMENT_3D('',#5426,#4293,#4294);
#3692=AXIS2_PLACEMENT_3D('',#5429,#4296,#4297);
#3693=AXIS2_PLACEMENT_3D('',#5448,#4308,#4309);
#3694=AXIS2_PLACEMENT_3D('',#5449,#4310,#4311);
#3695=AXIS2_PLACEMENT_3D('',#5451,#4312,#4313);
#3696=AXIS2_PLACEMENT_3D('',#5456,#4316,#4317);
#3697=AXIS2_PLACEMENT_3D('',#5460,#4319,#4320);
#3698=AXIS2_PLACEMENT_3D('',#5464,#4322,#4323);
#3699=AXIS2_PLACEMENT_3D('',#5471,#4327,#4328);
#3700=AXIS2_PLACEMENT_3D('',#5475,#4330,#4331);
#3701=AXIS2_PLACEMENT_3D('',#5482,#4335,#4336);
#3702=AXIS2_PLACEMENT_3D('',#5483,#4337,#4338);
#3703=AXIS2_PLACEMENT_3D('',#5485,#4340,#4341);
#3704=AXIS2_PLACEMENT_3D('',#5487,#4343,#4344);
#3705=AXIS2_PLACEMENT_3D('',#5490,#4347,#4348);
#3706=AXIS2_PLACEMENT_3D('',#5491,#4349,#4350);
#3707=AXIS2_PLACEMENT_3D('',#5493,#4351,#4352);
#3708=AXIS2_PLACEMENT_3D('',#5495,#4353,#4354);
#3709=AXIS2_PLACEMENT_3D('',#5497,#4355,#4356);
#3710=AXIS2_PLACEMENT_3D('',#5499,#4357,#4358);
#3711=AXIS2_PLACEMENT_3D('',#5501,#4359,#4360);
#3712=AXIS2_PLACEMENT_3D('',#5503,#4361,#4362);
#3713=AXIS2_PLACEMENT_3D('',#5505,#4363,#4364);
#3714=AXIS2_PLACEMENT_3D('',#5509,#4367,#4368);
#3715=AXIS2_PLACEMENT_3D('',#5515,#4371,#4372);
#3716=AXIS2_PLACEMENT_3D('',#5520,#4375,#4376);
#3717=AXIS2_PLACEMENT_3D('',#5521,#4377,#4378);
#3718=AXIS2_PLACEMENT_3D('',#5525,#4381,#4382);
#3719=AXIS2_PLACEMENT_3D('',#5531,#4386,#4387);
#3720=AXIS2_PLACEMENT_3D('',#5532,#4388,#4389);
#3721=AXIS2_PLACEMENT_3D('',#5533,#4390,#4391);
#3722=AXIS2_PLACEMENT_3D('',#5534,#4392,#4393);
#3723=AXIS2_PLACEMENT_3D('',#5541,#4394,#4395);
#3724=AXIS2_PLACEMENT_3D('',#5544,#4397,#4398);
#3725=AXIS2_PLACEMENT_3D('',#5550,#4401,#4402);
#3726=AXIS2_PLACEMENT_3D('',#5553,#4404,#4405);
#3727=AXIS2_PLACEMENT_3D('',#5559,#4409,#4410);
#3728=AXIS2_PLACEMENT_3D('',#5563,#4413,#4414);
#3729=AXIS2_PLACEMENT_3D('',#5564,#4415,#4416);
#3730=AXIS2_PLACEMENT_3D('',#5565,#4417,#4418);
#3731=AXIS2_PLACEMENT_3D('',#5566,#4419,#4420);
#3732=AXIS2_PLACEMENT_3D('',#5573,#4421,#4422);
#3733=AXIS2_PLACEMENT_3D('',#5582,#4427,#4428);
#3734=AXIS2_PLACEMENT_3D('',#5588,#4432,#4433);
#3735=AXIS2_PLACEMENT_3D('',#5591,#4435,#4436);
#3736=AXIS2_PLACEMENT_3D('',#5594,#4438,#4439);
#3737=AXIS2_PLACEMENT_3D('',#5595,#4440,#4441);
#3738=AXIS2_PLACEMENT_3D('',#5596,#4442,#4443);
#3739=AXIS2_PLACEMENT_3D('',#5597,#4444,#4445);
#3740=AXIS2_PLACEMENT_3D('',#5598,#4446,#4447);
#3741=AXIS2_PLACEMENT_3D('',#5605,#4448,#4449);
#3742=AXIS2_PLACEMENT_3D('',#5611,#4452,#4453);
#3743=AXIS2_PLACEMENT_3D('',#5616,#4456,#4457);
#3744=AXIS2_PLACEMENT_3D('',#5617,#4458,#4459);
#3745=AXIS2_PLACEMENT_3D('',#5621,#4462,#4463);
#3746=AXIS2_PLACEMENT_3D('',#5627,#4467,#4468);
#3747=AXIS2_PLACEMENT_3D('',#5628,#4469,#4470);
#3748=AXIS2_PLACEMENT_3D('',#5629,#4471,#4472);
#3749=AXIS2_PLACEMENT_3D('',#5630,#4473,#4474);
#3750=AXIS2_PLACEMENT_3D('',#5637,#4475,#4476);
#3751=AXIS2_PLACEMENT_3D('',#5641,#4479,#4480);
#3752=AXIS2_PLACEMENT_3D('',#5645,#4483,#4484);
#3753=AXIS2_PLACEMENT_3D('',#5648,#4486,#4487);
#3754=AXIS2_PLACEMENT_3D('',#5649,#4488,#4489);
#3755=AXIS2_PLACEMENT_3D('',#5653,#4492,#4493);
#3756=AXIS2_PLACEMENT_3D('',#5656,#4495,#4496);
#3757=AXIS2_PLACEMENT_3D('',#5657,#4497,#4498);
#3758=AXIS2_PLACEMENT_3D('',#5661,#4501,#4502);
#3759=AXIS2_PLACEMENT_3D('',#5663,#4504,#4505);
#3760=AXIS2_PLACEMENT_3D('',#5665,#4507,#4508);
#3761=AXIS2_PLACEMENT_3D('',#5669,#4511,#4512);
#3762=AXIS2_PLACEMENT_3D('',#5673,#4515,#4516);
#3763=AXIS2_PLACEMENT_3D('',#5677,#4519,#4520);
#3764=AXIS2_PLACEMENT_3D('',#5680,#4522,#4523);
#3765=AXIS2_PLACEMENT_3D('',#5681,#4524,#4525);
#3766=AXIS2_PLACEMENT_3D('',#5685,#4528,#4529);
#3767=AXIS2_PLACEMENT_3D('',#5688,#4531,#4532);
#3768=AXIS2_PLACEMENT_3D('',#5689,#4533,#4534);
#3769=AXIS2_PLACEMENT_3D('',#5691,#4536,#4537);
#3770=AXIS2_PLACEMENT_3D('',#5693,#4539,#4540);
#3771=AXIS2_PLACEMENT_3D('',#5694,#4541,#4542);
#3772=AXIS2_PLACEMENT_3D('',#5695,#4543,#4544);
#3773=AXIS2_PLACEMENT_3D('',#5696,#4545,#4546);
#3774=AXIS2_PLACEMENT_3D('',#5697,#4547,#4548);
#3775=AXIS2_PLACEMENT_3D('',#5701,#4551,#4552);
#3776=AXIS2_PLACEMENT_3D('',#5703,#4554,#4555);
#3777=AXIS2_PLACEMENT_3D('',#5704,#4556,#4557);
#3778=AXIS2_PLACEMENT_3D('',#5708,#4560,#4561);
#3779=AXIS2_PLACEMENT_3D('',#5710,#4563,#4564);
#3780=AXIS2_PLACEMENT_3D('',#5711,#4565,#4566);
#3781=AXIS2_PLACEMENT_3D('',#5712,#4567,#4568);
#3782=AXIS2_PLACEMENT_3D('',#5714,#4569,#4570);
#3783=AXIS2_PLACEMENT_3D('',#5716,#4571,#4572);
#3784=AXIS2_PLACEMENT_3D('',#5717,#4573,#4574);
#3785=AXIS2_PLACEMENT_3D('',#5719,#4575,#4576);
#3786=AXIS2_PLACEMENT_3D('',#5721,#4577,#4578);
#3787=AXIS2_PLACEMENT_3D('',#5722,#4579,#4580);
#3788=AXIS2_PLACEMENT_3D('',#5724,#4581,#4582);
#3789=AXIS2_PLACEMENT_3D('',#5726,#4583,#4584);
#3790=AXIS2_PLACEMENT_3D('',#5727,#4585,#4586);
#3791=AXIS2_PLACEMENT_3D('',#5729,#4587,#4588);
#3792=AXIS2_PLACEMENT_3D('',#5731,#4589,#4590);
#3793=AXIS2_PLACEMENT_3D('',#5735,#4592,#4593);
#3794=AXIS2_PLACEMENT_3D('',#5739,#4595,#4596);
#3795=AXIS2_PLACEMENT_3D('',#5740,#4597,#4598);
#3796=AXIS2_PLACEMENT_3D('',#5743,#4601,#4602);
#3797=AXIS2_PLACEMENT_3D('',#5746,#4605,#4606);
#3798=AXIS2_PLACEMENT_3D('',#5747,#4607,#4608);
#3799=AXIS2_PLACEMENT_3D('',#5748,#4609,#4610);
#3800=AXIS2_PLACEMENT_3D('',#5750,#4611,#4612);
#3801=AXIS2_PLACEMENT_3D('',#5752,#4613,#4614);
#3802=AXIS2_PLACEMENT_3D('',#5753,#4615,#4616);
#3803=AXIS2_PLACEMENT_3D('',#5759,#4620,#4621);
#3804=AXIS2_PLACEMENT_3D('',#5760,#4622,#4623);
#3805=AXIS2_PLACEMENT_3D('',#5764,#4625,#4626);
#3806=AXIS2_PLACEMENT_3D('',#5765,#4627,#4628);
#3807=AXIS2_PLACEMENT_3D('',#5768,#4631,#4632);
#3808=AXIS2_PLACEMENT_3D('',#5769,#4633,#4634);
#3809=AXIS2_PLACEMENT_3D('',#5770,#4635,#4636);
#3810=AXIS2_PLACEMENT_3D('',#5772,#4637,#4638);
#3811=AXIS2_PLACEMENT_3D('',#5774,#4639,#4640);
#3812=AXIS2_PLACEMENT_3D('',#5775,#4641,#4642);
#3813=AXIS2_PLACEMENT_3D('',#5776,#4643,#4644);
#3814=AXIS2_PLACEMENT_3D('',#5778,#4645,#4646);
#3815=AXIS2_PLACEMENT_3D('',#5780,#4647,#4648);
#3816=AXIS2_PLACEMENT_3D('',#5781,#4649,#4650);
#3817=AXIS2_PLACEMENT_3D('',#5783,#4651,#4652);
#3818=AXIS2_PLACEMENT_3D('',#5785,#4653,#4654);
#3819=AXIS2_PLACEMENT_3D('',#5786,#4655,#4656);
#3820=AXIS2_PLACEMENT_3D('',#5788,#4657,#4658);
#3821=AXIS2_PLACEMENT_3D('',#5790,#4659,#4660);
#3822=AXIS2_PLACEMENT_3D('',#5791,#4661,#4662);
#3823=AXIS2_PLACEMENT_3D('',#5793,#4663,#4664);
#3824=AXIS2_PLACEMENT_3D('',#5795,#4665,#4666);
#3825=AXIS2_PLACEMENT_3D('',#5799,#4668,#4669);
#3826=AXIS2_PLACEMENT_3D('',#5803,#4671,#4672);
#3827=AXIS2_PLACEMENT_3D('',#5804,#4673,#4674);
#3828=AXIS2_PLACEMENT_3D('',#5807,#4677,#4678);
#3829=AXIS2_PLACEMENT_3D('',#5810,#4681,#4682);
#3830=AXIS2_PLACEMENT_3D('',#5811,#4683,#4684);
#3831=AXIS2_PLACEMENT_3D('',#5812,#4685,#4686);
#3832=AXIS2_PLACEMENT_3D('',#5814,#4687,#4688);
#3833=AXIS2_PLACEMENT_3D('',#5816,#4689,#4690);
#3834=AXIS2_PLACEMENT_3D('',#5817,#4691,#4692);
#3835=AXIS2_PLACEMENT_3D('',#5823,#4696,#4697);
#3836=AXIS2_PLACEMENT_3D('',#5829,#4701,#4702);
#3837=AXIS2_PLACEMENT_3D('',#5830,#4703,#4704);
#3838=AXIS2_PLACEMENT_3D('',#5831,#4705,#4706);
#3839=AXIS2_PLACEMENT_3D('',#5832,#4707,#4708);
#3840=AXIS2_PLACEMENT_3D('',#5833,#4709,#4710);
#3841=AXIS2_PLACEMENT_3D('',#5834,#4711,#4712);
#3842=AXIS2_PLACEMENT_3D('',#5836,#4713,#4714);
#3843=AXIS2_PLACEMENT_3D('',#5838,#4715,#4716);
#3844=AXIS2_PLACEMENT_3D('',#5839,#4717,#4718);
#3845=AXIS2_PLACEMENT_3D('',#5840,#4719,#4720);
#3846=AXIS2_PLACEMENT_3D('',#5845,#4722,#4723);
#3847=AXIS2_PLACEMENT_3D('',#5849,#4725,#4726);
#3848=AXIS2_PLACEMENT_3D('',#5853,#4728,#4729);
#3849=AXIS2_PLACEMENT_3D('',#5857,#4731,#4732);
#3850=AXIS2_PLACEMENT_3D('',#5861,#4734,#4735);
#3851=AXIS2_PLACEMENT_3D('',#5862,#4736,#4737);
#3852=AXIS2_PLACEMENT_3D('',#5863,#4738,#4739);
#3853=AXIS2_PLACEMENT_3D('',#5865,#4740,#4741);
#3854=AXIS2_PLACEMENT_3D('',#5867,#4742,#4743);
#3855=AXIS2_PLACEMENT_3D('',#5868,#4744,#4745);
#3856=AXIS2_PLACEMENT_3D('',#5873,#4748,#4749);
#3857=AXIS2_PLACEMENT_3D('',#5877,#4752,#4753);
#3858=AXIS2_PLACEMENT_3D('',#5883,#4757,#4758);
#3859=AXIS2_PLACEMENT_3D('',#5884,#4759,#4760);
#3860=AXIS2_PLACEMENT_3D('',#5887,#4762,#4763);
#3861=AXIS2_PLACEMENT_3D('',#5891,#4766,#4767);
#3862=AXIS2_PLACEMENT_3D('',#5897,#4771,#4772);
#3863=AXIS2_PLACEMENT_3D('',#5898,#4773,#4774);
#3864=AXIS2_PLACEMENT_3D('',#5902,#4776,#4777);
#3865=AXIS2_PLACEMENT_3D('',#5903,#4778,#4779);
#3866=AXIS2_PLACEMENT_3D('',#5904,#4780,#4781);
#3867=AXIS2_PLACEMENT_3D('',#5905,#4782,#4783);
#3868=AXIS2_PLACEMENT_3D('',#5907,#4785,#4786);
#3869=AXIS2_PLACEMENT_3D('',#5908,#4787,#4788);
#3870=AXIS2_PLACEMENT_3D('',#5913,#4790,#4791);
#3871=AXIS2_PLACEMENT_3D('',#5917,#4793,#4794);
#3872=AXIS2_PLACEMENT_3D('',#5921,#4796,#4797);
#3873=AXIS2_PLACEMENT_3D('',#5925,#4799,#4800);
#3874=AXIS2_PLACEMENT_3D('',#5929,#4802,#4803);
#3875=AXIS2_PLACEMENT_3D('',#5930,#4804,#4805);
#3876=AXIS2_PLACEMENT_3D('',#5931,#4806,#4807);
#3877=AXIS2_PLACEMENT_3D('',#5933,#4808,#4809);
#3878=AXIS2_PLACEMENT_3D('',#5935,#4810,#4811);
#3879=AXIS2_PLACEMENT_3D('',#5936,#4812,#4813);
#3880=AXIS2_PLACEMENT_3D('',#5941,#4816,#4817);
#3881=AXIS2_PLACEMENT_3D('',#5945,#4820,#4821);
#3882=AXIS2_PLACEMENT_3D('',#5951,#4825,#4826);
#3883=AXIS2_PLACEMENT_3D('',#5957,#4830,#4831);
#3884=AXIS2_PLACEMENT_3D('',#5958,#4832,#4833);
#3885=AXIS2_PLACEMENT_3D('',#5961,#4835,#4836);
#3886=AXIS2_PLACEMENT_3D('',#5965,#4839,#4840);
#3887=AXIS2_PLACEMENT_3D('',#5966,#4841,#4842);
#3888=AXIS2_PLACEMENT_3D('',#5970,#4844,#4845);
#3889=AXIS2_PLACEMENT_3D('',#5971,#4846,#4847);
#3890=AXIS2_PLACEMENT_3D('',#5972,#4848,#4849);
#3891=AXIS2_PLACEMENT_3D('',#5973,#4850,#4851);
#3892=AXIS2_PLACEMENT_3D('',#5975,#4853,#4854);
#3893=AXIS2_PLACEMENT_3D('',#5976,#4855,#4856);
#3894=AXIS2_PLACEMENT_3D('',#5977,#4857,#4858);
#3895=AXIS2_PLACEMENT_3D('',#5978,#4859,#4860);
#3896=AXIS2_PLACEMENT_3D('',#5979,#4861,#4862);
#3897=AXIS2_PLACEMENT_3D('',#5980,#4863,#4864);
#3898=AXIS2_PLACEMENT_3D('',#5981,#4865,#4866);
#3899=AXIS2_PLACEMENT_3D('',#5982,#4867,#4868);
#3900=AXIS2_PLACEMENT_3D('',#5983,#4869,#4870);
#3901=AXIS2_PLACEMENT_3D('',#5984,#4871,#4872);
#3902=AXIS2_PLACEMENT_3D('',#5985,#4873,#4874);
#3903=AXIS2_PLACEMENT_3D('',#5986,#4875,#4876);
#3904=AXIS2_PLACEMENT_3D('',#5987,#4877,#4878);
#3905=AXIS2_PLACEMENT_3D('',#5988,#4879,#4880);
#3906=AXIS2_PLACEMENT_3D('',#5989,#4881,#4882);
#3907=AXIS2_PLACEMENT_3D('',#5990,#4883,#4884);
#3908=AXIS2_PLACEMENT_3D('',#5991,#4885,#4886);
#3909=AXIS2_PLACEMENT_3D('',#5992,#4887,#4888);
#3910=AXIS2_PLACEMENT_3D('',#5993,#4889,#4890);
#3911=AXIS2_PLACEMENT_3D('',#5994,#4891,#4892);
#3912=AXIS2_PLACEMENT_3D('',#5995,#4893,#4894);
#3913=AXIS2_PLACEMENT_3D('',#6001,#4895,#4896);
#3914=AXIS2_PLACEMENT_3D('',#6003,#4898,#4899);
#3915=AXIS2_PLACEMENT_3D('',#6004,#4900,#4901);
#3916=AXIS2_PLACEMENT_3D('',#6007,#4903,#4904);
#3917=AXIS2_PLACEMENT_3D('',#6012,#4905,#4906);
#3918=AXIS2_PLACEMENT_3D('',#6013,#4907,#4908);
#3919=AXIS2_PLACEMENT_3D('',#6014,#4909,#4910);
#3920=AXIS2_PLACEMENT_3D('',#6015,#4911,#4912);
#3921=AXIS2_PLACEMENT_3D('',#6016,#4913,#4914);
#3922=AXIS2_PLACEMENT_3D('',#6017,#4915,#4916);
#3923=AXIS2_PLACEMENT_3D('',#6018,#4917,#4918);
#3924=AXIS2_PLACEMENT_3D('',#6019,#4919,#4920);
#3925=AXIS2_PLACEMENT_3D('',#6020,#4921,#4922);
#3926=AXIS2_PLACEMENT_3D('',#6021,#4923,#4924);
#3927=AXIS2_PLACEMENT_3D('',#6022,#4925,#4926);
#3928=AXIS2_PLACEMENT_3D('',#6023,#4927,#4928);
#3929=AXIS2_PLACEMENT_3D('',#6024,#4929,#4930);
#3930=AXIS2_PLACEMENT_3D('',#6025,#4931,#4932);
#3931=AXIS2_PLACEMENT_3D('',#6026,#4933,#4934);
#3932=AXIS2_PLACEMENT_3D('',#6027,#4935,#4936);
#3933=AXIS2_PLACEMENT_3D('',#6028,#4937,#4938);
#3934=AXIS2_PLACEMENT_3D('',#6035,#4940,#4941);
#3935=AXIS2_PLACEMENT_3D('',#6036,#4942,#4943);
#3936=AXIS2_PLACEMENT_3D('',#6037,#4944,#4945);
#3937=AXIS2_PLACEMENT_3D('',#6040,#4947,#4948);
#3938=AXIS2_PLACEMENT_3D('',#6041,#4949,#4950);
#3939=AXIS2_PLACEMENT_3D('',#6046,#4951,#4952);
#3940=AXIS2_PLACEMENT_3D('',#6047,#4953,#4954);
#3941=AXIS2_PLACEMENT_3D('',#6048,#4955,#4956);
#3942=AXIS2_PLACEMENT_3D('',#6049,#4957,#4958);
#3943=AXIS2_PLACEMENT_3D('',#6050,#4959,#4960);
#3944=AXIS2_PLACEMENT_3D('',#6051,#4961,#4962);
#3945=AXIS2_PLACEMENT_3D('',#6052,#4963,#4964);
#3946=AXIS2_PLACEMENT_3D('',#6053,#4965,#4966);
#3947=AXIS2_PLACEMENT_3D('',#6054,#4967,#4968);
#3948=AXIS2_PLACEMENT_3D('',#6055,#4969,#4970);
#3949=AXIS2_PLACEMENT_3D('',#6056,#4971,#4972);
#3950=AXIS2_PLACEMENT_3D('',#6057,#4973,#4974);
#3951=AXIS2_PLACEMENT_3D('',#6058,#4975,#4976);
#3952=AXIS2_PLACEMENT_3D('',#6059,#4977,#4978);
#3953=AXIS2_PLACEMENT_3D('',#6060,#4979,#4980);
#3954=AXIS2_PLACEMENT_3D('',#6061,#4981,#4982);
#3955=AXIS2_PLACEMENT_3D('',#6062,#4983,#4984);
#3956=AXIS2_PLACEMENT_3D('',#6063,#4985,#4986);
#3957=AXIS2_PLACEMENT_3D('',#6064,#4987,#4988);
#3958=AXIS2_PLACEMENT_3D('',#6065,#4989,#4990);
#3959=AXIS2_PLACEMENT_3D('',#6066,#4991,#4992);
#3960=AXIS2_PLACEMENT_3D('',#6067,#4993,#4994);
#3961=AXIS2_PLACEMENT_3D('',#6068,#4995,#4996);
#3962=AXIS2_PLACEMENT_3D('',#6069,#4997,#4998);
#3963=AXIS2_PLACEMENT_3D('',#6070,#4999,#5000);
#3964=AXIS2_PLACEMENT_3D('',#6071,#5001,#5002);
#3965=AXIS2_PLACEMENT_3D('',#6072,#5003,#5004);
#3966=AXIS2_PLACEMENT_3D('',#6073,#5005,#5006);
#3967=AXIS2_PLACEMENT_3D('',#6074,#5007,#5008);
#3968=AXIS2_PLACEMENT_3D('',#6075,#5009,#5010);
#3969=AXIS2_PLACEMENT_3D('',#6078,#5012,#5013);
#3970=AXIS2_PLACEMENT_3D('',#6082,#5015,#5016);
#3971=AXIS2_PLACEMENT_3D('',#6086,#5018,#5019);
#3972=AXIS2_PLACEMENT_3D('',#6090,#5021,#5022);
#3973=AXIS2_PLACEMENT_3D('',#6093,#5024,#5025);
#3974=AXIS2_PLACEMENT_3D('',#6097,#5027,#5028);
#3975=AXIS2_PLACEMENT_3D('',#6102,#5031,#5032);
#3976=AXIS2_PLACEMENT_3D('',#6106,#5034,#5035);
#3977=AXIS2_PLACEMENT_3D('',#6110,#5037,#5038);
#3978=AXIS2_PLACEMENT_3D('',#6111,#5039,#5040);
#3979=AXIS2_PLACEMENT_3D('',#6113,#5042,#5043);
#3980=AXIS2_PLACEMENT_3D('',#6116,#5046,#5047);
#3981=AXIS2_PLACEMENT_3D('',#6119,#5050,#5051);
#3982=AXIS2_PLACEMENT_3D('',#6120,#5052,#5053);
#3983=AXIS2_PLACEMENT_3D('',#6121,#5054,#5055);
#3984=AXIS2_PLACEMENT_3D('',#6123,#5057,#5058);
#3985=AXIS2_PLACEMENT_3D('',#6126,#5061,#5062);
#3986=AXIS2_PLACEMENT_3D('',#6127,#5063,#5064);
#3987=DIRECTION('',(0.,0.,1.));
#3988=DIRECTION('',(1.,0.,0.));
#3989=DIRECTION('',(0.,-1.19471313772619E-16,-1.));
#3990=DIRECTION('',(0.,1.,-1.19471313772619E-16));
#3991=DIRECTION('',(0.,-1.19471313772619E-16,-1.));
#3992=DIRECTION('',(0.,1.,-1.19471313772619E-16));
#3993=DIRECTION('',(0.,-1.19471313772619E-16,-1.));
#3994=DIRECTION('',(0.,1.,-1.19471313772619E-16));
#3995=DIRECTION('',(0.,-1.19471313772619E-16,-1.));
#3996=DIRECTION('',(0.,1.,-1.19471313772619E-16));
#3997=DIRECTION('',(0.,-1.19471313772619E-16,-1.));
#3998=DIRECTION('',(0.,1.,-1.19471313772619E-16));
#3999=DIRECTION('',(0.,1.,-1.19471313772619E-16));
#4000=DIRECTION('',(1.,0.,0.));
#4001=DIRECTION('',(0.,-1.,1.19471313772619E-16));
#4002=DIRECTION('',(0.,-1.19471313772619E-16,-1.));
#4003=DIRECTION('',(0.,1.,-1.19471313772619E-16));
#4004=DIRECTION('',(0.,1.,-1.19471313772619E-16));
#4005=DIRECTION('',(-1.,0.,0.));
#4006=DIRECTION('',(0.,-1.,1.19471313772619E-16));
#4007=DIRECTION('',(-1.,0.,0.));
#4008=DIRECTION('',(0.,1.,-1.19471313772619E-16));
#4009=DIRECTION('',(0.,-1.19471313772619E-16,-1.));
#4010=DIRECTION('',(0.,1.,-1.19471313772619E-16));
#4011=DIRECTION('',(0.,1.,-1.19471313772619E-16));
#4012=DIRECTION('',(1.,0.,0.));
#4013=DIRECTION('',(0.,-1.,0.));
#4014=DIRECTION('',(0.,0.,-1.));
#4015=DIRECTION('',(0.,0.,-1.));
#4016=DIRECTION('',(1.,0.,0.));
#4017=DIRECTION('',(0.,0.,-1.));
#4018=DIRECTION('',(1.,0.,0.));
#4019=DIRECTION('',(0.,-1.19471313772619E-16,-1.));
#4020=DIRECTION('',(1.,0.,0.));
#4021=DIRECTION('',(0.,-1.19471313772619E-16,-1.));
#4022=DIRECTION('',(0.,-1.,0.));
#4023=DIRECTION('',(0.,0.,-1.));
#4024=DIRECTION('',(0.,-1.,0.));
#4025=DIRECTION('',(0.,0.,-1.));
#4026=DIRECTION('',(0.,0.,1.));
#4027=DIRECTION('',(1.,0.,0.));
#4028=DIRECTION('',(0.,0.,-1.));
#4029=DIRECTION('',(-1.,0.,0.));
#4030=DIRECTION('',(0.,0.,1.));
#4031=DIRECTION('',(1.,0.,0.));
#4032=DIRECTION('',(0.,0.,-1.));
#4033=DIRECTION('',(1.,0.,0.));
#4034=DIRECTION('',(0.,0.,-1.));
#4035=DIRECTION('',(-1.,0.,0.));
#4036=DIRECTION('',(0.,0.,-1.));
#4037=DIRECTION('',(0.,-1.,0.));
#4038=DIRECTION('',(0.,0.,-1.));
#4039=DIRECTION('',(0.,-1.,0.));
#4040=DIRECTION('',(0.,0.,-1.));
#4041=DIRECTION('',(0.,-1.19471313772619E-16,-1.));
#4042=DIRECTION('',(-1.,0.,0.));
#4043=DIRECTION('',(0.,-1.19471313772619E-16,-1.));
#4044=DIRECTION('',(1.,0.,0.));
#4045=DIRECTION('',(-1.,0.,0.));
#4046=DIRECTION('',(0.,0.,1.));
#4047=DIRECTION('',(-1.,0.,0.));
#4048=DIRECTION('',(0.,0.,1.));
#4049=DIRECTION('',(-0.707106781186548,-0.707106781186548,8.44789761258848E-17));
#4050=DIRECTION('',(-0.707106781186548,0.707106781186548,-8.44789761258848E-17));
#4051=DIRECTION('',(-1.,0.,0.));
#4052=DIRECTION('',(0.,0.,1.));
#4053=DIRECTION('',(-1.,0.,0.));
#4054=DIRECTION('',(0.,0.,1.));
#4055=DIRECTION('',(-0.707106781186548,0.707106781186548,-8.44789761258848E-17));
#4056=DIRECTION('',(-0.707106781186548,-0.707106781186548,8.44789761258848E-17));
#4057=DIRECTION('',(1.,0.,0.));
#4058=DIRECTION('',(0.,-1.19471313772619E-16,-1.));
#4059=DIRECTION('',(0.,1.,-1.19471313772619E-16));
#4060=DIRECTION('',(0.,-1.19471313772619E-16,-1.));
#4061=DIRECTION('',(0.,-1.,1.19471313772619E-16));
#4062=DIRECTION('',(0.,-1.19471313772619E-16,-1.));
#4063=DIRECTION('',(0.,1.,-1.19471313772619E-16));
#4064=DIRECTION('',(0.,-1.19471313772619E-16,-1.));
#4065=DIRECTION('',(0.,-1.,1.19471313772619E-16));
#4066=DIRECTION('',(0.,1.19471313772619E-16,1.));
#4067=DIRECTION('',(-1.,0.,0.));
#4068=DIRECTION('',(1.,0.,0.));
#4069=DIRECTION('',(0.,-1.19471313772619E-16,-1.));
#4070=DIRECTION('',(0.,-1.,1.19471313772619E-16));
#4071=DIRECTION('',(0.,1.19471313772619E-16,1.));
#4072=DIRECTION('',(-1.,0.,0.));
#4073=DIRECTION('',(0.,1.,-1.19471313772619E-16));
#4074=DIRECTION('',(0.,-1.19471313772619E-16,-1.));
#4075=DIRECTION('',(0.,-1.,1.19471313772619E-16));
#4076=DIRECTION('',(-1.,0.,0.));
#4077=DIRECTION('',(0.,-1.19471313772619E-16,-1.));
#4078=DIRECTION('',(0.,-1.,1.19471313772619E-16));
#4079=DIRECTION('',(0.,1.19471313772619E-16,1.));
#4080=DIRECTION('',(-1.,0.,0.));
#4081=DIRECTION('',(-1.,0.,0.));
#4082=DIRECTION('',(0.,-1.19471313772619E-16,-1.));
#4083=DIRECTION('',(0.,-1.,1.19471313772619E-16));
#4084=DIRECTION('',(0.,-1.,1.19471313772619E-16));
#4085=DIRECTION('',(0.,-1.19471313772619E-16,-1.));
#4086=DIRECTION('',(0.,-1.,1.19471313772619E-16));
#4087=DIRECTION('',(0.,1.19471313772619E-16,1.));
#4088=DIRECTION('',(-1.,0.,0.));
#4089=DIRECTION('',(-1.,0.,0.));
#4090=DIRECTION('',(0.,-1.19471313772619E-16,-1.));
#4091=DIRECTION('',(0.,-1.,1.19471313772619E-16));
#4092=DIRECTION('',(0.,-1.,1.19471313772619E-16));
#4093=DIRECTION('',(0.,-1.19471313772619E-16,-1.));
#4094=DIRECTION('',(0.,-1.,1.19471313772619E-16));
#4095=DIRECTION('',(0.,1.19471313772619E-16,1.));
#4096=DIRECTION('',(-1.,0.,0.));
#4097=DIRECTION('',(1.,0.,0.));
#4098=DIRECTION('',(0.,-1.19471313772619E-16,-1.));
#4099=DIRECTION('',(0.,-1.,1.19471313772619E-16));
#4100=DIRECTION('',(0.,1.19471313772619E-16,1.));
#4101=DIRECTION('',(-1.,0.,0.));
#4102=DIRECTION('',(0.,1.,-1.19471313772619E-16));
#4103=DIRECTION('',(0.,-1.19471313772619E-16,-1.));
#4104=DIRECTION('',(0.,-1.,1.19471313772619E-16));
#4105=DIRECTION('',(-1.,0.,0.));
#4106=DIRECTION('',(0.,-1.19471313772619E-16,-1.));
#4107=DIRECTION('',(0.,-1.,1.19471313772619E-16));
#4108=DIRECTION('',(0.,0.,-1.));
#4109=DIRECTION('',(1.,0.,0.));
#4110=DIRECTION('',(0.,0.,-1.));
#4111=DIRECTION('',(-1.,0.,0.));
#4112=DIRECTION('',(1.,0.,0.));
#4113=DIRECTION('',(0.,0.,1.));
#4114=DIRECTION('',(1.,0.,0.));
#4115=DIRECTION('',(0.,-1.,0.));
#4116=DIRECTION('',(0.,0.,1.));
#4117=DIRECTION('',(1.,0.,0.));
#4118=DIRECTION('',(0.,1.,0.));
#4119=DIRECTION('',(0.,0.,1.));
#4120=DIRECTION('',(1.,0.,0.));
#4121=DIRECTION('',(1.,0.,0.));
#4122=DIRECTION('',(0.,0.,1.));
#4123=DIRECTION('',(1.,0.,0.));
#4124=DIRECTION('',(-1.,0.,0.));
#4125=DIRECTION('',(0.,0.,1.));
#4126=DIRECTION('',(1.,0.,0.));
#4127=DIRECTION('',(0.,1.,-1.19471313772619E-16));
#4128=DIRECTION('',(0.,1.19471313772619E-16,1.));
#4129=DIRECTION('',(0.,-1.19471313772619E-16,-1.));
#4130=DIRECTION('',(0.,-1.19471313772619E-16,-1.));
#4131=DIRECTION('',(0.,-1.19471313772619E-16,-1.));
#4132=DIRECTION('',(0.,1.,-1.19471313772619E-16));
#4133=DIRECTION('',(0.,-1.19471313772619E-16,-1.));
#4134=DIRECTION('',(0.,1.,-1.19471313772619E-16));
#4135=DIRECTION('',(0.,-1.19471313772619E-16,-1.));
#4136=DIRECTION('',(0.,-1.19471313772619E-16,-1.));
#4137=DIRECTION('',(0.,-1.19471313772619E-16,-1.));
#4138=DIRECTION('',(0.,-1.19471313772619E-16,-1.));
#4139=DIRECTION('',(0.,-1.19471313772619E-16,-1.));
#4140=DIRECTION('',(0.,-1.,1.19471313772619E-16));
#4141=DIRECTION('',(0.,-1.19471313772619E-16,-1.));
#4142=DIRECTION('',(0.,1.,-1.19471313772619E-16));
#4143=DIRECTION('',(0.,1.19471313772619E-16,1.));
#4144=DIRECTION('',(0.,-1.19471313772619E-16,-1.));
#4145=DIRECTION('',(0.,-1.19471313772619E-16,-1.));
#4146=DIRECTION('',(0.,1.,-1.19471313772619E-16));
#4147=DIRECTION('',(0.,-1.19471313772619E-16,-1.));
#4148=DIRECTION('',(-1.,0.,0.));
#4149=DIRECTION('',(0.,0.,-1.));
#4150=DIRECTION('',(1.,0.,0.));
#4151=DIRECTION('',(0.,0.,1.));
#4152=DIRECTION('',(0.,-1.19471313772619E-16,-1.));
#4153=DIRECTION('',(0.,-1.19471313772619E-16,-1.));
#4154=DIRECTION('',(0.,1.,-1.19471313772619E-16));
#4155=DIRECTION('',(0.,-1.19471313772619E-16,-1.));
#4156=DIRECTION('',(0.,1.,-1.19471313772619E-16));
#4157=DIRECTION('',(0.,0.,-1.));
#4158=DIRECTION('',(-1.,0.,0.));
#4159=DIRECTION('',(0.,0.,-1.));
#4160=DIRECTION('',(1.,0.,0.));
#4161=DIRECTION('',(0.,0.,-1.));
#4162=DIRECTION('',(-1.,0.,0.));
#4163=DIRECTION('',(0.,1.,0.));
#4164=DIRECTION('',(0.,0.,1.));
#4165=DIRECTION('',(1.,0.,0.));
#4166=DIRECTION('',(1.,0.,0.));
#4167=DIRECTION('',(0.,0.,1.));
#4168=DIRECTION('',(1.,0.,0.));
#4169=DIRECTION('',(-1.,0.,0.));
#4170=DIRECTION('',(0.,0.,1.));
#4171=DIRECTION('',(1.,0.,0.));
#4172=DIRECTION('',(1.,0.,0.));
#4173=DIRECTION('',(0.,0.,1.));
#4174=DIRECTION('',(1.,0.,0.));
#4175=DIRECTION('',(0.,-1.,0.));
#4176=DIRECTION('',(0.,0.,1.));
#4177=DIRECTION('',(1.,0.,0.));
#4178=DIRECTION('',(0.,-1.19471313772619E-16,-1.));
#4179=DIRECTION('',(0.,1.,-1.19471313772619E-16));
#4180=DIRECTION('',(0.,0.,-1.));
#4181=DIRECTION('',(-1.,0.,0.));
#4182=DIRECTION('',(0.,-1.19471313772619E-16,-1.));
#4183=DIRECTION('',(0.,1.,-1.19471313772619E-16));
#4184=DIRECTION('',(0.,-1.19471313772619E-16,-1.));
#4185=DIRECTION('',(0.,-1.19471313772619E-16,-1.));
#4186=DIRECTION('',(0.,1.,-1.19471313772619E-16));
#4187=DIRECTION('',(0.,1.19471313772619E-16,1.));
#4188=DIRECTION('',(0.,-1.19471313772619E-16,-1.));
#4189=DIRECTION('',(0.,-1.,1.19471313772619E-16));
#4190=DIRECTION('',(0.,-1.19471313772619E-16,-1.));
#4191=DIRECTION('',(0.,-1.19471313772619E-16,-1.));
#4192=DIRECTION('',(0.,-1.19471313772619E-16,-1.));
#4193=DIRECTION('',(0.,1.,-1.19471313772619E-16));
#4194=DIRECTION('',(0.,1.19471313772619E-16,1.));
#4195=DIRECTION('',(0.,-1.19471313772619E-16,-1.));
#4196=DIRECTION('',(0.,-1.19471313772619E-16,-1.));
#4197=DIRECTION('',(0.,-1.19471313772619E-16,-1.));
#4198=DIRECTION('',(0.,1.,-1.19471313772619E-16));
#4199=DIRECTION('',(0.,-1.19471313772619E-16,-1.));
#4200=DIRECTION('',(1.,0.,0.));
#4201=DIRECTION('',(0.,0.,1.));
#4202=DIRECTION('',(0.,-1.19471313772619E-16,-1.));
#4203=DIRECTION('',(0.,-1.19471313772619E-16,-1.));
#4204=DIRECTION('',(0.,1.,-1.19471313772619E-16));
#4205=DIRECTION('',(0.,-1.19471313772619E-16,-1.));
#4206=DIRECTION('',(0.,1.,-1.19471313772619E-16));
#4207=DIRECTION('',(0.,-1.19471313772619E-16,-1.));
#4208=DIRECTION('',(-1.,0.,0.));
#4209=DIRECTION('',(0.,0.,-1.));
#4210=DIRECTION('',(0.,-1.19471313772619E-16,-1.));
#4211=DIRECTION('',(0.,1.,-1.19471313772619E-16));
#4212=DIRECTION('',(0.,-1.19471313772619E-16,-1.));
#4213=DIRECTION('',(0.,1.,-1.19471313772619E-16));
#4214=DIRECTION('',(0.,-1.19471313772619E-16,-1.));
#4215=DIRECTION('',(0.,1.,-1.19471313772619E-16));
#4216=DIRECTION('',(0.,-1.19471313772619E-16,-1.));
#4217=DIRECTION('',(0.,1.,-1.19471313772619E-16));
#4218=DIRECTION('',(0.,-1.19471313772619E-16,-1.));
#4219=DIRECTION('',(0.,1.,-1.19471313772619E-16));
#4220=DIRECTION('',(1.,0.,0.));
#4221=DIRECTION('',(0.,1.,-1.19471313772619E-16));
#4222=DIRECTION('',(1.,0.,0.));
#4223=DIRECTION('',(0.,1.,-1.19471313772619E-16));
#4224=DIRECTION('',(0.,-1.19471313772619E-16,-1.));
#4225=DIRECTION('',(0.,1.,-1.19471313772619E-16));
#4226=DIRECTION('',(0.,-1.,1.19471313772619E-16));
#4227=DIRECTION('',(1.,0.,0.));
#4228=DIRECTION('',(0.,-1.,1.19471313772619E-16));
#4229=DIRECTION('',(1.,0.,0.));
#4230=DIRECTION('',(0.,-1.,1.19471313772619E-16));
#4231=DIRECTION('',(0.,-1.19471313772619E-16,-1.));
#4232=DIRECTION('',(0.,1.,-1.19471313772619E-16));
#4233=DIRECTION('',(0.,-1.,1.19471313772619E-16));
#4234=DIRECTION('',(0.,1.,0.));
#4235=DIRECTION('',(0.,0.,1.));
#4236=DIRECTION('',(1.,0.,0.));
#4237=DIRECTION('',(0.,0.,-1.));
#4238=DIRECTION('',(0.,-1.19471313772619E-16,-1.));
#4239=DIRECTION('',(-1.,0.,0.));
#4240=DIRECTION('',(0.,-1.19471313772619E-16,-1.));
#4241=DIRECTION('',(0.,1.,0.));
#4242=DIRECTION('',(0.,0.,1.));
#4243=DIRECTION('',(0.,1.,0.));
#4244=DIRECTION('',(0.,0.,1.));
#4245=DIRECTION('',(0.,0.,1.));
#4246=DIRECTION('',(-1.,0.,0.));
#4247=DIRECTION('',(0.,0.,1.));
#4248=DIRECTION('',(1.,0.,0.));
#4249=DIRECTION('',(0.,0.,1.));
#4250=DIRECTION('',(1.,0.,0.));
#4251=DIRECTION('',(0.,0.,-1.));
#4252=DIRECTION('',(-1.,0.,0.));
#4253=DIRECTION('',(0.,0.,1.));
#4254=DIRECTION('',(1.,0.,0.));
#4255=DIRECTION('',(0.,0.,-1.));
#4256=DIRECTION('',(0.,1.,0.));
#4257=DIRECTION('',(0.,0.,1.));
#4258=DIRECTION('',(0.,1.,0.));
#4259=DIRECTION('',(0.,0.,1.));
#4260=DIRECTION('',(0.,-1.19471313772619E-16,-1.));
#4261=DIRECTION('',(1.,0.,0.));
#4262=DIRECTION('',(0.,-1.19471313772619E-16,-1.));
#4263=DIRECTION('',(1.,0.,0.));
#4264=DIRECTION('',(0.,0.,-1.));
#4265=DIRECTION('',(-1.,0.,0.));
#4266=DIRECTION('',(0.,-1.,0.));
#4267=DIRECTION('',(-1.,0.,0.));
#4268=DIRECTION('',(0.,0.,1.));
#4269=DIRECTION('',(-1.,0.,0.));
#4270=DIRECTION('',(0.,0.,1.));
#4271=DIRECTION('',(0.,0.707106781186548,-0.707106781186548));
#4272=DIRECTION('',(0.,0.707106781186548,0.707106781186548));
#4273=DIRECTION('',(0.,0.,1.));
#4274=DIRECTION('',(-1.,0.,0.));
#4275=DIRECTION('',(0.,0.,1.));
#4276=DIRECTION('',(0.,1.,0.));
#4277=DIRECTION('',(0.,1.,0.));
#4278=DIRECTION('',(0.,0.,1.));
#4279=DIRECTION('',(-1.,0.,0.));
#4280=DIRECTION('',(0.,0.,1.));
#4281=DIRECTION('',(0.,-1.,0.));
#4282=DIRECTION('',(-1.,0.,0.));
#4283=DIRECTION('',(0.,0.,1.));
#4284=DIRECTION('',(0.,0.,-1.));
#4285=DIRECTION('',(0.,1.,0.));
#4286=DIRECTION('',(0.,1.,0.));
#4287=DIRECTION('',(-1.,0.,0.));
#4288=DIRECTION('',(0.,0.,1.));
#4289=DIRECTION('',(0.,0.,1.));
#4290=DIRECTION('',(-1.,0.,0.));
#4291=DIRECTION('',(0.,0.,1.));
#4292=DIRECTION('',(0.,1.,0.));
#4293=DIRECTION('',(-1.,0.,0.));
#4294=DIRECTION('',(0.,0.,1.));
#4295=DIRECTION('',(0.,0.,1.));
#4296=DIRECTION('',(0.,1.,0.));
#4297=DIRECTION('',(0.,0.,1.));
#4298=DIRECTION('',(0.,0.,-1.));
#4299=DIRECTION('',(1.,0.,0.));
#4300=DIRECTION('',(1.,0.,0.));
#4301=DIRECTION('',(0.,0.,-1.));
#4302=DIRECTION('',(-1.,0.,0.));
#4303=DIRECTION('',(0.,0.,-1.));
#4304=DIRECTION('',(-1.,0.,0.));
#4305=DIRECTION('',(0.,0.,-1.));
#4306=DIRECTION('',(1.,0.,0.));
#4307=DIRECTION('',(1.,0.,0.));
#4308=DIRECTION('',(1.,0.,0.));
#4309=DIRECTION('',(0.,-1.,0.));
#4310=DIRECTION('',(1.,0.,0.));
#4311=DIRECTION('',(0.,0.,-1.));
#4312=DIRECTION('',(1.,0.,0.));
#4313=DIRECTION('',(0.,0.,-1.));
#4314=DIRECTION('',(0.,0.707106781186548,0.707106781186548));
#4315=DIRECTION('',(0.,0.707106781186548,-0.707106781186548));
#4316=DIRECTION('',(1.,0.,0.));
#4317=DIRECTION('',(0.,0.,-1.));
#4318=DIRECTION('',(0.,-1.,0.));
#4319=DIRECTION('',(1.,0.,0.));
#4320=DIRECTION('',(0.,0.,-1.));
#4321=DIRECTION('',(0.,0.,-1.));
#4322=DIRECTION('',(1.,0.,0.));
#4323=DIRECTION('',(0.,0.,-1.));
#4324=DIRECTION('',(0.,-1.,0.));
#4325=DIRECTION('',(0.,1.,0.));
#4326=DIRECTION('',(0.,0.,-1.));
#4327=DIRECTION('',(-1.,0.,0.));
#4328=DIRECTION('',(0.,0.,1.));
#4329=DIRECTION('',(0.,-1.,0.));
#4330=DIRECTION('',(-1.,0.,0.));
#4331=DIRECTION('',(0.,0.,1.));
#4332=DIRECTION('',(0.,0.,1.));
#4333=DIRECTION('',(0.,1.,0.));
#4334=DIRECTION('',(0.,-1.,0.));
#4335=DIRECTION('',(1.,0.,0.));
#4336=DIRECTION('',(0.,0.,-1.));
#4337=DIRECTION('',(0.,0.,-1.));
#4338=DIRECTION('',(-1.,0.,0.));
#4339=DIRECTION('',(1.,0.,0.));
#4340=DIRECTION('',(0.,0.,-1.));
#4341=DIRECTION('',(-1.,0.,0.));
#4342=DIRECTION('',(1.,0.,0.));
#4343=DIRECTION('',(0.,1.,0.));
#4344=DIRECTION('',(0.,0.,1.));
#4345=DIRECTION('',(1.,0.,0.));
#4346=DIRECTION('',(1.,0.,0.));
#4347=DIRECTION('',(0.,0.,-1.));
#4348=DIRECTION('',(-1.,0.,0.));
#4349=DIRECTION('',(0.,0.,-1.));
#4350=DIRECTION('',(-1.,0.,0.));
#4351=DIRECTION('',(0.,0.,-1.));
#4352=DIRECTION('',(-1.,0.,0.));
#4353=DIRECTION('',(0.,0.,-1.));
#4354=DIRECTION('',(-1.,0.,0.));
#4355=DIRECTION('',(0.,0.,-1.));
#4356=DIRECTION('',(-1.,0.,0.));
#4357=DIRECTION('',(0.,0.,-1.));
#4358=DIRECTION('',(-1.,0.,0.));
#4359=DIRECTION('',(0.,0.,-1.));
#4360=DIRECTION('',(-1.,0.,0.));
#4361=DIRECTION('',(0.,0.,-1.));
#4362=DIRECTION('',(-1.,0.,0.));
#4363=DIRECTION('',(0.,0.,-1.));
#4364=DIRECTION('',(-1.,0.,0.));
#4365=DIRECTION('',(1.,0.,0.));
#4366=DIRECTION('',(1.,0.,0.));
#4367=DIRECTION('',(-1.,0.,0.));
#4368=DIRECTION('',(0.,-1.,0.));
#4369=DIRECTION('',(0.,0.,-1.));
#4370=DIRECTION('',(0.,1.,-1.19471313772619E-16));
#4371=DIRECTION('',(-1.,0.,0.));
#4372=DIRECTION('',(0.,0.,1.));
#4373=DIRECTION('',(0.,1.,-1.19471313772619E-16));
#4374=DIRECTION('',(0.,-1.,0.));
#4375=DIRECTION('',(-1.,0.,0.));
#4376=DIRECTION('',(0.,0.,1.));
#4377=DIRECTION('',(0.,0.,1.));
#4378=DIRECTION('',(1.,0.,0.));
#4379=DIRECTION('',(0.,-1.,0.));
#4380=DIRECTION('',(1.,0.,0.));
#4381=DIRECTION('',(0.,-1.,0.));
#4382=DIRECTION('',(0.,0.,-1.));
#4383=DIRECTION('',(0.,0.,-1.));
#4384=DIRECTION('',(-1.,0.,0.));
#4385=DIRECTION('',(1.,0.,0.));
#4386=DIRECTION('',(1.,0.,0.));
#4387=DIRECTION('',(0.,0.,-1.));
#4388=DIRECTION('',(1.,0.,0.));
#4389=DIRECTION('',(0.,0.,-1.));
#4390=DIRECTION('',(1.,0.,0.));
#4391=DIRECTION('',(0.,0.,-1.));
#4392=DIRECTION('',(-1.,0.,0.));
#4393=DIRECTION('',(0.,0.,1.));
#4394=DIRECTION('',(-1.,0.,0.));
#4395=DIRECTION('',(0.,1.,0.));
#4396=DIRECTION('',(0.,1.,-1.19471313772619E-16));
#4397=DIRECTION('',(1.,0.,0.));
#4398=DIRECTION('',(0.,0.,1.));
#4399=DIRECTION('',(0.,1.,-1.19471313772619E-16));
#4400=DIRECTION('',(0.,0.,-1.));
#4401=DIRECTION('',(1.,0.,0.));
#4402=DIRECTION('',(0.,0.,1.));
#4403=DIRECTION('',(0.,1.,0.));
#4404=DIRECTION('',(0.,-1.,0.));
#4405=DIRECTION('',(0.,0.,-1.));
#4406=DIRECTION('',(-1.,0.,0.));
#4407=DIRECTION('',(0.,0.,-1.));
#4408=DIRECTION('',(1.,0.,0.));
#4409=DIRECTION('',(0.,0.,-1.));
#4410=DIRECTION('',(-1.,0.,0.));
#4411=DIRECTION('',(1.,0.,0.));
#4412=DIRECTION('',(0.,1.,0.));
#4413=DIRECTION('',(1.,0.,0.));
#4414=DIRECTION('',(0.,0.,-1.));
#4415=DIRECTION('',(1.,0.,0.));
#4416=DIRECTION('',(0.,0.,-1.));
#4417=DIRECTION('',(1.,0.,0.));
#4418=DIRECTION('',(0.,0.,-1.));
#4419=DIRECTION('',(-1.,0.,0.));
#4420=DIRECTION('',(0.,0.,1.));
#4421=DIRECTION('',(0.,1.,0.));
#4422=DIRECTION('',(0.,0.,1.));
#4423=DIRECTION('',(0.,0.,-1.));
#4424=DIRECTION('',(1.,0.,0.));
#4425=DIRECTION('',(0.,0.,-1.));
#4426=DIRECTION('',(-1.,0.,0.));
#4427=DIRECTION('',(0.,0.,-1.));
#4428=DIRECTION('',(-1.,0.,0.));
#4429=DIRECTION('',(-1.,0.,0.));
#4430=DIRECTION('',(0.,-1.,0.));
#4431=DIRECTION('',(0.,-1.,0.));
#4432=DIRECTION('',(1.,0.,0.));
#4433=DIRECTION('',(0.,-1.,0.));
#4434=DIRECTION('',(0.,-1.,1.19471313772619E-16));
#4435=DIRECTION('',(-1.,0.,0.));
#4436=DIRECTION('',(0.,0.,1.));
#4437=DIRECTION('',(0.,-1.,1.19471313772619E-16));
#4438=DIRECTION('',(-1.,0.,0.));
#4439=DIRECTION('',(0.,0.,1.));
#4440=DIRECTION('',(-1.,0.,0.));
#4441=DIRECTION('',(0.,0.,1.));
#4442=DIRECTION('',(1.,0.,0.));
#4443=DIRECTION('',(0.,0.,-1.));
#4444=DIRECTION('',(-1.,0.,0.));
#4445=DIRECTION('',(0.,0.,1.));
#4446=DIRECTION('',(1.,0.,0.));
#4447=DIRECTION('',(0.,0.,-1.));
#4448=DIRECTION('',(1.,0.,0.));
#4449=DIRECTION('',(0.,1.,0.));
#4450=DIRECTION('',(0.,0.,-1.));
#4451=DIRECTION('',(0.,-1.,1.19471313772619E-16));
#4452=DIRECTION('',(1.,0.,0.));
#4453=DIRECTION('',(0.,0.,1.));
#4454=DIRECTION('',(0.,-1.,1.19471313772619E-16));
#4455=DIRECTION('',(0.,1.,0.));
#4456=DIRECTION('',(1.,0.,0.));
#4457=DIRECTION('',(0.,0.,1.));
#4458=DIRECTION('',(0.,0.,1.));
#4459=DIRECTION('',(1.,0.,0.));
#4460=DIRECTION('',(0.,1.,0.));
#4461=DIRECTION('',(-1.,0.,0.));
#4462=DIRECTION('',(0.,1.,0.));
#4463=DIRECTION('',(0.,0.,1.));
#4464=DIRECTION('',(0.,0.,-1.));
#4465=DIRECTION('',(1.,0.,0.));
#4466=DIRECTION('',(-1.,0.,0.));
#4467=DIRECTION('',(-1.,0.,0.));
#4468=DIRECTION('',(0.,0.,1.));
#4469=DIRECTION('',(1.,0.,0.));
#4470=DIRECTION('',(0.,0.,-1.));
#4471=DIRECTION('',(-1.,0.,0.));
#4472=DIRECTION('',(0.,0.,1.));
#4473=DIRECTION('',(1.,0.,0.));
#4474=DIRECTION('',(0.,0.,-1.));
#4475=DIRECTION('',(0.,0.,1.));
#4476=DIRECTION('',(1.,0.,0.));
#4477=DIRECTION('',(-1.,0.,0.));
#4478=DIRECTION('',(0.,1.,0.));
#4479=DIRECTION('',(0.,-1.,0.));
#4480=DIRECTION('',(0.,0.,-1.));
#4481=DIRECTION('',(-1.,0.,0.));
#4482=DIRECTION('',(0.,0.,1.));
#4483=DIRECTION('',(-1.,0.,0.));
#4484=DIRECTION('',(0.,0.,1.));
#4485=DIRECTION('',(-1.,0.,0.));
#4486=DIRECTION('',(-1.,0.,0.));
#4487=DIRECTION('',(0.,0.,1.));
#4488=DIRECTION('',(0.,0.,-1.));
#4489=DIRECTION('',(-1.,0.,0.));
#4490=DIRECTION('',(-1.,0.,0.));
#4491=DIRECTION('',(0.,-1.,0.));
#4492=DIRECTION('',(-1.,0.,0.));
#4493=DIRECTION('',(0.,0.,1.));
#4494=DIRECTION('',(-1.,0.,0.));
#4495=DIRECTION('',(-1.,0.,0.));
#4496=DIRECTION('',(0.,0.,1.));
#4497=DIRECTION('',(0.,1.,0.));
#4498=DIRECTION('',(0.,0.,1.));
#4499=DIRECTION('',(-1.,0.,0.));
#4500=DIRECTION('',(0.,0.,-1.));
#4501=DIRECTION('',(0.,0.,1.));
#4502=DIRECTION('',(1.,0.,0.));
#4503=DIRECTION('',(0.,1.,0.));
#4504=DIRECTION('',(1.,0.,0.));
#4505=DIRECTION('',(0.,1.,0.));
#4506=DIRECTION('',(0.,-1.,1.19471313772619E-16));
#4507=DIRECTION('',(0.,0.,-1.));
#4508=DIRECTION('',(-1.,0.,0.));
#4509=DIRECTION('',(0.,1.,0.));
#4510=DIRECTION('',(1.,0.,0.));
#4511=DIRECTION('',(0.,0.,-1.));
#4512=DIRECTION('',(-1.,0.,0.));
#4513=DIRECTION('',(1.,0.,0.));
#4514=DIRECTION('',(0.,1.,0.));
#4515=DIRECTION('',(0.,-1.,0.));
#4516=DIRECTION('',(0.,0.,-1.));
#4517=DIRECTION('',(1.,0.,0.));
#4518=DIRECTION('',(0.,0.,-1.));
#4519=DIRECTION('',(1.,0.,0.));
#4520=DIRECTION('',(0.,0.,-1.));
#4521=DIRECTION('',(1.,0.,0.));
#4522=DIRECTION('',(-1.,0.,0.));
#4523=DIRECTION('',(0.,0.,1.));
#4524=DIRECTION('',(0.,0.,1.));
#4525=DIRECTION('',(1.,0.,0.));
#4526=DIRECTION('',(1.,0.,0.));
#4527=DIRECTION('',(0.,-1.,0.));
#4528=DIRECTION('',(1.,0.,0.));
#4529=DIRECTION('',(0.,0.,-1.));
#4530=DIRECTION('',(1.,0.,0.));
#4531=DIRECTION('',(-1.,0.,0.));
#4532=DIRECTION('',(0.,0.,1.));
#4533=DIRECTION('',(0.,1.,0.));
#4534=DIRECTION('',(0.,0.,1.));
#4535=DIRECTION('',(0.,0.,1.));
#4536=DIRECTION('',(-1.,0.,0.));
#4537=DIRECTION('',(0.,1.,0.));
#4538=DIRECTION('',(0.,-1.,1.19471313772619E-16));
#4539=DIRECTION('',(1.,0.,0.));
#4540=DIRECTION('',(0.,0.,-1.));
#4541=DIRECTION('',(-1.,0.,0.));
#4542=DIRECTION('',(0.,0.,1.));
#4543=DIRECTION('',(1.,0.,0.));
#4544=DIRECTION('',(0.,0.,-1.));
#4545=DIRECTION('',(-1.,0.,0.));
#4546=DIRECTION('',(0.,0.,1.));
#4547=DIRECTION('',(0.,0.707106781186548,0.707106781186548));
#4548=DIRECTION('',(0.,-0.707106781186548,0.707106781186548));
#4549=DIRECTION('',(-1.,0.,0.));
#4550=DIRECTION('',(0.,0.707106781186548,-0.707106781186548));
#4551=DIRECTION('',(0.,-0.707106781186548,0.707106781186548));
#4552=DIRECTION('',(0.,-0.707106781186548,-0.707106781186548));
#4553=DIRECTION('',(0.,0.707106781186548,0.707106781186548));
#4554=DIRECTION('',(-1.,0.,0.));
#4555=DIRECTION('',(0.,-1.,0.));
#4556=DIRECTION('',(0.,-0.707106781186548,-0.707106781186548));
#4557=DIRECTION('',(0.,0.707106781186548,-0.707106781186548));
#4558=DIRECTION('',(0.,0.707106781186548,-0.707106781186548));
#4559=DIRECTION('',(1.,0.,0.));
#4560=DIRECTION('',(0.,0.707106781186548,-0.707106781186548));
#4561=DIRECTION('',(0.,0.707106781186548,0.707106781186548));
#4562=DIRECTION('',(0.,0.707106781186548,0.707106781186548));
#4563=DIRECTION('',(1.,0.,0.));
#4564=DIRECTION('',(0.,-1.,0.));
#4565=DIRECTION('',(0.,0.,-1.));
#4566=DIRECTION('',(-1.,0.,0.));
#4567=DIRECTION('',(0.,0.,-1.));
#4568=DIRECTION('',(-1.,0.,0.));
#4569=DIRECTION('',(0.,-1.19471313772619E-16,-1.));
#4570=DIRECTION('',(0.,1.,-1.19471313772619E-16));
#4571=DIRECTION('',(0.,0.,-1.));
#4572=DIRECTION('',(-1.,0.,0.));
#4573=DIRECTION('',(0.,0.,-1.));
#4574=DIRECTION('',(-1.,0.,0.));
#4575=DIRECTION('',(0.,-1.19471313772619E-16,-1.));
#4576=DIRECTION('',(0.,1.,-1.19471313772619E-16));
#4577=DIRECTION('',(0.,0.,-1.));
#4578=DIRECTION('',(-1.,0.,0.));
#4579=DIRECTION('',(0.,0.,-1.));
#4580=DIRECTION('',(-1.,0.,0.));
#4581=DIRECTION('',(0.,-1.19471313772619E-16,-1.));
#4582=DIRECTION('',(0.,1.,-1.19471313772619E-16));
#4583=DIRECTION('',(0.,0.,-1.));
#4584=DIRECTION('',(-1.,0.,0.));
#4585=DIRECTION('',(0.,0.,-1.));
#4586=DIRECTION('',(-1.,0.,0.));
#4587=DIRECTION('',(0.,-1.19471313772619E-16,-1.));
#4588=DIRECTION('',(0.,1.,-1.19471313772619E-16));
#4589=DIRECTION('',(0.,-1.19471313772619E-16,-1.));
#4590=DIRECTION('',(0.,1.,-1.19471313772619E-16));
#4591=DIRECTION('',(0.,-1.19471313772619E-16,-1.));
#4592=DIRECTION('',(0.,-1.19471313772619E-16,-1.));
#4593=DIRECTION('',(0.,1.,-1.19471313772619E-16));
#4594=DIRECTION('',(0.,-1.19471313772619E-16,-1.));
#4595=DIRECTION('',(0.,1.19471313772619E-16,1.));
#4596=DIRECTION('',(0.,-1.,1.19471313772619E-16));
#4597=DIRECTION('',(1.,0.,0.));
#4598=DIRECTION('',(0.,0.,-1.));
#4599=DIRECTION('',(0.,-1.,1.19471313772619E-16));
#4600=DIRECTION('',(0.,-1.,1.19471313772619E-16));
#4601=DIRECTION('',(1.,0.,0.));
#4602=DIRECTION('',(0.,0.,-1.));
#4603=DIRECTION('',(0.,-1.,1.19471313772619E-16));
#4604=DIRECTION('',(0.,-1.,1.19471313772619E-16));
#4605=DIRECTION('',(0.,1.19471313772619E-16,1.));
#4606=DIRECTION('',(1.,0.,0.));
#4607=DIRECTION('',(0.,-1.19471313772619E-16,-1.));
#4608=DIRECTION('',(0.,1.,-1.19471313772619E-16));
#4609=DIRECTION('',(0.,-1.19471313772619E-16,-1.));
#4610=DIRECTION('',(0.,1.,-1.19471313772619E-16));
#4611=DIRECTION('',(0.,1.19471313772619E-16,1.));
#4612=DIRECTION('',(0.,-1.,1.19471313772619E-16));
#4613=DIRECTION('',(0.,1.19471313772619E-16,1.));
#4614=DIRECTION('',(1.,0.,0.));
#4615=DIRECTION('',(-1.,0.,0.));
#4616=DIRECTION('',(0.,0.,1.));
#4617=DIRECTION('',(0.,-1.,1.19471313772619E-16));
#4618=DIRECTION('',(0.,-1.19471313772619E-16,-1.));
#4619=DIRECTION('',(0.,1.,-1.19471313772619E-16));
#4620=DIRECTION('',(0.,-1.19471313772619E-16,-1.));
#4621=DIRECTION('',(0.,1.,-1.19471313772619E-16));
#4622=DIRECTION('',(0.,-1.19471313772619E-16,-1.));
#4623=DIRECTION('',(0.,1.,-1.19471313772619E-16));
#4624=DIRECTION('',(0.,-1.19471313772619E-16,-1.));
#4625=DIRECTION('',(0.,1.19471313772619E-16,1.));
#4626=DIRECTION('',(0.,-1.,1.19471313772619E-16));
#4627=DIRECTION('',(-1.,0.,0.));
#4628=DIRECTION('',(0.,0.,1.));
#4629=DIRECTION('',(0.,1.,-1.19471313772619E-16));
#4630=DIRECTION('',(0.,1.,-1.19471313772619E-16));
#4631=DIRECTION('',(0.,1.19471313772619E-16,1.));
#4632=DIRECTION('',(1.,0.,0.));
#4633=DIRECTION('',(0.,-1.19471313772619E-16,-1.));
#4634=DIRECTION('',(0.,1.,-1.19471313772619E-16));
#4635=DIRECTION('',(0.,-1.19471313772619E-16,-1.));
#4636=DIRECTION('',(0.,1.,-1.19471313772619E-16));
#4637=DIRECTION('',(0.,1.19471313772619E-16,1.));
#4638=DIRECTION('',(0.,-1.,1.19471313772619E-16));
#4639=DIRECTION('',(0.,1.19471313772619E-16,1.));
#4640=DIRECTION('',(1.,0.,0.));
#4641=DIRECTION('',(0.,0.,-1.));
#4642=DIRECTION('',(-1.,0.,0.));
#4643=DIRECTION('',(0.,0.,-1.));
#4644=DIRECTION('',(-1.,0.,0.));
#4645=DIRECTION('',(0.,1.19471313772619E-16,1.));
#4646=DIRECTION('',(0.,1.,-1.19471313772619E-16));
#4647=DIRECTION('',(0.,0.,-1.));
#4648=DIRECTION('',(-1.,0.,0.));
#4649=DIRECTION('',(0.,0.,-1.));
#4650=DIRECTION('',(-1.,0.,0.));
#4651=DIRECTION('',(0.,1.19471313772619E-16,1.));
#4652=DIRECTION('',(0.,1.,-1.19471313772619E-16));
#4653=DIRECTION('',(0.,0.,-1.));
#4654=DIRECTION('',(-1.,0.,0.));
#4655=DIRECTION('',(0.,0.,-1.));
#4656=DIRECTION('',(-1.,0.,0.));
#4657=DIRECTION('',(0.,1.19471313772619E-16,1.));
#4658=DIRECTION('',(0.,1.,-1.19471313772619E-16));
#4659=DIRECTION('',(0.,0.,-1.));
#4660=DIRECTION('',(-1.,0.,0.));
#4661=DIRECTION('',(0.,0.,-1.));
#4662=DIRECTION('',(-1.,0.,0.));
#4663=DIRECTION('',(0.,1.19471313772619E-16,1.));
#4664=DIRECTION('',(0.,1.,-1.19471313772619E-16));
#4665=DIRECTION('',(0.,-1.19471313772619E-16,-1.));
#4666=DIRECTION('',(0.,1.,-1.19471313772619E-16));
#4667=DIRECTION('',(0.,-1.19471313772619E-16,-1.));
#4668=DIRECTION('',(0.,-1.19471313772619E-16,-1.));
#4669=DIRECTION('',(0.,1.,-1.19471313772619E-16));
#4670=DIRECTION('',(0.,-1.19471313772619E-16,-1.));
#4671=DIRECTION('',(0.,-1.19471313772619E-16,-1.));
#4672=DIRECTION('',(0.,-1.,1.19471313772619E-16));
#4673=DIRECTION('',(1.,0.,0.));
#4674=DIRECTION('',(0.,0.,-1.));
#4675=DIRECTION('',(0.,-1.,1.19471313772619E-16));
#4676=DIRECTION('',(0.,-1.,1.19471313772619E-16));
#4677=DIRECTION('',(1.,0.,0.));
#4678=DIRECTION('',(0.,0.,-1.));
#4679=DIRECTION('',(0.,-1.,1.19471313772619E-16));
#4680=DIRECTION('',(0.,-1.,1.19471313772619E-16));
#4681=DIRECTION('',(0.,1.19471313772619E-16,1.));
#4682=DIRECTION('',(-1.,0.,0.));
#4683=DIRECTION('',(0.,-1.19471313772619E-16,-1.));
#4684=DIRECTION('',(0.,1.,-1.19471313772619E-16));
#4685=DIRECTION('',(0.,-1.19471313772619E-16,-1.));
#4686=DIRECTION('',(0.,1.,-1.19471313772619E-16));
#4687=DIRECTION('',(0.,-1.19471313772619E-16,-1.));
#4688=DIRECTION('',(0.,-1.,1.19471313772619E-16));
#4689=DIRECTION('',(0.,1.19471313772619E-16,1.));
#4690=DIRECTION('',(-1.,0.,0.));
#4691=DIRECTION('',(-1.,0.,0.));
#4692=DIRECTION('',(0.,0.,1.));
#4693=DIRECTION('',(0.,-1.19471313772619E-16,-1.));
#4694=DIRECTION('',(0.,-1.,1.19471313772619E-16));
#4695=DIRECTION('',(0.,1.,-1.19471313772619E-16));
#4696=DIRECTION('',(-1.,0.,0.));
#4697=DIRECTION('',(0.,0.,1.));
#4698=DIRECTION('',(0.,1.,-1.19471313772619E-16));
#4699=DIRECTION('',(0.,-1.19471313772619E-16,-1.));
#4700=DIRECTION('',(0.,1.,-1.19471313772619E-16));
#4701=DIRECTION('',(0.,-1.19471313772619E-16,-1.));
#4702=DIRECTION('',(0.,1.,-1.19471313772619E-16));
#4703=DIRECTION('',(0.,-1.19471313772619E-16,-1.));
#4704=DIRECTION('',(0.,1.,-1.19471313772619E-16));
#4705=DIRECTION('',(0.,-1.19471313772619E-16,-1.));
#4706=DIRECTION('',(0.,-1.,1.19471313772619E-16));
#4707=DIRECTION('',(0.,1.19471313772619E-16,1.));
#4708=DIRECTION('',(-1.,0.,0.));
#4709=DIRECTION('',(0.,-1.19471313772619E-16,-1.));
#4710=DIRECTION('',(0.,1.,-1.19471313772619E-16));
#4711=DIRECTION('',(0.,-1.19471313772619E-16,-1.));
#4712=DIRECTION('',(0.,1.,-1.19471313772619E-16));
#4713=DIRECTION('',(0.,-1.19471313772619E-16,-1.));
#4714=DIRECTION('',(0.,-1.,1.19471313772619E-16));
#4715=DIRECTION('',(0.,1.19471313772619E-16,1.));
#4716=DIRECTION('',(-1.,0.,0.));
#4717=DIRECTION('',(0.,0.,-1.));
#4718=DIRECTION('',(-1.,0.,0.));
#4719=DIRECTION('',(0.,0.,-1.));
#4720=DIRECTION('',(-1.,0.,0.));
#4721=DIRECTION('',(-1.,0.,0.));
#4722=DIRECTION('',(0.,0.,-1.));
#4723=DIRECTION('',(-1.,0.,0.));
#4724=DIRECTION('',(1.,0.,0.));
#4725=DIRECTION('',(0.,0.,-1.));
#4726=DIRECTION('',(-1.,0.,0.));
#4727=DIRECTION('',(-1.,0.,0.));
#4728=DIRECTION('',(0.,0.,-1.));
#4729=DIRECTION('',(-1.,0.,0.));
#4730=DIRECTION('',(0.,1.,0.));
#4731=DIRECTION('',(0.,0.,-1.));
#4732=DIRECTION('',(-1.,0.,0.));
#4733=DIRECTION('',(0.,-1.,0.));
#4734=DIRECTION('',(0.,0.,-1.));
#4735=DIRECTION('',(-1.,0.,0.));
#4736=DIRECTION('',(0.,-1.19471313772619E-16,-1.));
#4737=DIRECTION('',(0.,1.,-1.19471313772619E-16));
#4738=DIRECTION('',(0.,0.,-1.));
#4739=DIRECTION('',(-1.,0.,0.));
#4740=DIRECTION('',(0.,1.19471313772619E-16,1.));
#4741=DIRECTION('',(0.,-1.,1.19471313772619E-16));
#4742=DIRECTION('',(0.,-1.19471313772619E-16,-1.));
#4743=DIRECTION('',(0.,1.,-1.19471313772619E-16));
#4744=DIRECTION('',(0.,1.19471313772619E-16,1.));
#4745=DIRECTION('',(0.,-1.,1.19471313772619E-16));
#4746=DIRECTION('',(0.,-1.19471313772619E-16,-1.));
#4747=DIRECTION('',(0.,-1.19471313772619E-16,-1.));
#4748=DIRECTION('',(-1.,0.,0.));
#4749=DIRECTION('',(0.,0.,1.));
#4750=DIRECTION('',(0.,1.,-1.19471313772619E-16));
#4751=DIRECTION('',(0.,-1.19471313772619E-16,-1.));
#4752=DIRECTION('',(1.,0.,0.));
#4753=DIRECTION('',(0.,0.,-1.));
#4754=DIRECTION('',(0.,-1.,1.19471313772619E-16));
#4755=DIRECTION('',(0.,-1.19471313772619E-16,-1.));
#4756=DIRECTION('',(0.,-1.19471313772619E-16,-1.));
#4757=DIRECTION('',(0.,-1.19471313772619E-16,-1.));
#4758=DIRECTION('',(0.,1.,-1.19471313772619E-16));
#4759=DIRECTION('',(0.,1.19471313772619E-16,1.));
#4760=DIRECTION('',(0.,-1.,1.19471313772619E-16));
#4761=DIRECTION('',(0.,-1.19471313772619E-16,-1.));
#4762=DIRECTION('',(0.,1.,-1.19471313772619E-16));
#4763=DIRECTION('',(0.,1.19471313772619E-16,1.));
#4764=DIRECTION('',(1.,0.,0.));
#4765=DIRECTION('',(0.,-1.19471313772619E-16,-1.));
#4766=DIRECTION('',(0.,-1.,1.19471313772619E-16));
#4767=DIRECTION('',(0.,-1.19471313772619E-16,-1.));
#4768=DIRECTION('',(-1.,0.,0.));
#4769=DIRECTION('',(0.,-1.19471313772619E-16,-1.));
#4770=DIRECTION('',(0.,-1.19471313772619E-16,-1.));
#4771=DIRECTION('',(0.,-1.19471313772619E-16,-1.));
#4772=DIRECTION('',(0.,1.,-1.19471313772619E-16));
#4773=DIRECTION('',(0.,-1.19471313772619E-16,-1.));
#4774=DIRECTION('',(0.,1.,-1.19471313772619E-16));
#4775=DIRECTION('',(0.,-1.19471313772619E-16,-1.));
#4776=DIRECTION('',(0.,1.19471313772619E-16,1.));
#4777=DIRECTION('',(0.,-1.,1.19471313772619E-16));
#4778=DIRECTION('',(0.,1.19471313772619E-16,1.));
#4779=DIRECTION('',(0.,-1.,1.19471313772619E-16));
#4780=DIRECTION('',(0.,1.19471313772619E-16,1.));
#4781=DIRECTION('',(0.,-1.,1.19471313772619E-16));
#4782=DIRECTION('',(0.,1.,-1.19471313772619E-16));
#4783=DIRECTION('',(0.,1.19471313772619E-16,1.));
#4784=DIRECTION('',(1.,0.,0.));
#4785=DIRECTION('',(0.,0.,-1.));
#4786=DIRECTION('',(-1.,0.,0.));
#4787=DIRECTION('',(0.,0.,-1.));
#4788=DIRECTION('',(-1.,0.,0.));
#4789=DIRECTION('',(0.,1.,0.));
#4790=DIRECTION('',(0.,0.,-1.));
#4791=DIRECTION('',(-1.,0.,0.));
#4792=DIRECTION('',(0.,-1.,0.));
#4793=DIRECTION('',(0.,0.,-1.));
#4794=DIRECTION('',(-1.,0.,0.));
#4795=DIRECTION('',(-1.,0.,0.));
#4796=DIRECTION('',(0.,0.,-1.));
#4797=DIRECTION('',(-1.,0.,0.));
#4798=DIRECTION('',(1.,0.,0.));
#4799=DIRECTION('',(0.,0.,-1.));
#4800=DIRECTION('',(-1.,0.,0.));
#4801=DIRECTION('',(-1.,0.,0.));
#4802=DIRECTION('',(0.,0.,-1.));
#4803=DIRECTION('',(-1.,0.,0.));
#4804=DIRECTION('',(0.,-1.19471313772619E-16,-1.));
#4805=DIRECTION('',(0.,1.,-1.19471313772619E-16));
#4806=DIRECTION('',(0.,0.,-1.));
#4807=DIRECTION('',(-1.,0.,0.));
#4808=DIRECTION('',(0.,1.19471313772619E-16,1.));
#4809=DIRECTION('',(0.,-1.,1.19471313772619E-16));
#4810=DIRECTION('',(0.,-1.19471313772619E-16,-1.));
#4811=DIRECTION('',(0.,1.,-1.19471313772619E-16));
#4812=DIRECTION('',(0.,1.19471313772619E-16,1.));
#4813=DIRECTION('',(0.,-1.,1.19471313772619E-16));
#4814=DIRECTION('',(0.,-1.19471313772619E-16,-1.));
#4815=DIRECTION('',(0.,-1.19471313772619E-16,-1.));
#4816=DIRECTION('',(0.,1.,-1.19471313772619E-16));
#4817=DIRECTION('',(0.,1.19471313772619E-16,1.));
#4818=DIRECTION('',(1.,0.,0.));
#4819=DIRECTION('',(0.,-1.19471313772619E-16,-1.));
#4820=DIRECTION('',(0.,-1.,1.19471313772619E-16));
#4821=DIRECTION('',(0.,-1.19471313772619E-16,-1.));
#4822=DIRECTION('',(-1.,0.,0.));
#4823=DIRECTION('',(0.,-1.19471313772619E-16,-1.));
#4824=DIRECTION('',(0.,-1.19471313772619E-16,-1.));
#4825=DIRECTION('',(0.,1.,-1.19471313772619E-16));
#4826=DIRECTION('',(0.,1.19471313772619E-16,1.));
#4827=DIRECTION('',(1.,0.,0.));
#4828=DIRECTION('',(0.,-1.19471313772619E-16,-1.));
#4829=DIRECTION('',(0.,-1.19471313772619E-16,-1.));
#4830=DIRECTION('',(0.,-1.19471313772619E-16,-1.));
#4831=DIRECTION('',(0.,1.,-1.19471313772619E-16));
#4832=DIRECTION('',(0.,1.19471313772619E-16,1.));
#4833=DIRECTION('',(0.,-1.,1.19471313772619E-16));
#4834=DIRECTION('',(0.,-1.19471313772619E-16,-1.));
#4835=DIRECTION('',(-1.,0.,0.));
#4836=DIRECTION('',(0.,0.,1.));
#4837=DIRECTION('',(0.,1.,-1.19471313772619E-16));
#4838=DIRECTION('',(0.,-1.19471313772619E-16,-1.));
#4839=DIRECTION('',(0.,-1.19471313772619E-16,-1.));
#4840=DIRECTION('',(0.,1.,-1.19471313772619E-16));
#4841=DIRECTION('',(0.,-1.19471313772619E-16,-1.));
#4842=DIRECTION('',(0.,1.,-1.19471313772619E-16));
#4843=DIRECTION('',(0.,-1.19471313772619E-16,-1.));
#4844=DIRECTION('',(0.,1.19471313772619E-16,1.));
#4845=DIRECTION('',(0.,-1.,1.19471313772619E-16));
#4846=DIRECTION('',(0.,1.19471313772619E-16,1.));
#4847=DIRECTION('',(0.,-1.,1.19471313772619E-16));
#4848=DIRECTION('',(0.,1.19471313772619E-16,1.));
#4849=DIRECTION('',(0.,-1.,1.19471313772619E-16));
#4850=DIRECTION('',(1.,0.,0.));
#4851=DIRECTION('',(0.,0.,-1.));
#4852=DIRECTION('',(0.,-1.,1.19471313772619E-16));
#4853=DIRECTION('',(0.,-1.19471313772619E-16,-1.));
#4854=DIRECTION('',(0.,1.,-1.19471313772619E-16));
#4855=DIRECTION('',(0.,-1.19471313772619E-16,-1.));
#4856=DIRECTION('',(0.,1.,-1.19471313772619E-16));
#4857=DIRECTION('',(0.,1.19471313772619E-16,1.));
#4858=DIRECTION('',(1.,0.,0.));
#4859=DIRECTION('',(0.,1.19471313772619E-16,1.));
#4860=DIRECTION('',(1.,0.,0.));
#4861=DIRECTION('',(0.,1.19471313772619E-16,1.));
#4862=DIRECTION('',(1.,0.,0.));
#4863=DIRECTION('',(0.,1.19471313772619E-16,1.));
#4864=DIRECTION('',(1.,0.,0.));
#4865=DIRECTION('',(0.,1.19471313772619E-16,1.));
#4866=DIRECTION('',(1.,0.,0.));
#4867=DIRECTION('',(0.,1.19471313772619E-16,1.));
#4868=DIRECTION('',(1.,0.,0.));
#4869=DIRECTION('',(0.,-1.19471313772619E-16,-1.));
#4870=DIRECTION('',(0.,1.,-1.19471313772619E-16));
#4871=DIRECTION('',(0.,-1.19471313772619E-16,-1.));
#4872=DIRECTION('',(0.,1.,-1.19471313772619E-16));
#4873=DIRECTION('',(0.,-1.19471313772619E-16,-1.));
#4874=DIRECTION('',(0.,1.,-1.19471313772619E-16));
#4875=DIRECTION('',(0.,-1.19471313772619E-16,-1.));
#4876=DIRECTION('',(0.,1.,-1.19471313772619E-16));
#4877=DIRECTION('',(-1.,0.,0.));
#4878=DIRECTION('',(0.,0.,1.));
#4879=DIRECTION('',(-1.,0.,0.));
#4880=DIRECTION('',(0.,0.,1.));
#4881=DIRECTION('',(-0.707106781186548,0.707106781186548,-8.44789761258848E-17));
#4882=DIRECTION('',(-0.707106781186548,-0.707106781186548,8.44789761258848E-17));
#4883=DIRECTION('',(0.,-1.,1.19471313772619E-16));
#4884=DIRECTION('',(0.,-1.19471313772619E-16,-1.));
#4885=DIRECTION('',(0.,-1.,0.));
#4886=DIRECTION('',(0.,0.,-1.));
#4887=DIRECTION('',(0.,1.,-1.19471313772619E-16));
#4888=DIRECTION('',(0.,1.19471313772619E-16,1.));
#4889=DIRECTION('',(0.,-1.,0.));
#4890=DIRECTION('',(0.,0.,-1.));
#4891=DIRECTION('',(0.,-1.19471313772619E-16,-1.));
#4892=DIRECTION('',(0.,1.,-1.19471313772619E-16));
#4893=DIRECTION('',(0.,1.,0.));
#4894=DIRECTION('',(0.,0.,1.));
#4895=DIRECTION('',(0.,1.,-1.19471313772619E-16));
#4896=DIRECTION('',(0.,1.19471313772619E-16,1.));
#4897=DIRECTION('',(0.,1.,-1.19471313772619E-16));
#4898=DIRECTION('',(0.,-1.,1.19471313772619E-16));
#4899=DIRECTION('',(0.,-1.19471313772619E-16,-1.));
#4900=DIRECTION('',(0.,-1.,0.));
#4901=DIRECTION('',(0.,0.,-1.));
#4902=DIRECTION('',(0.,-1.,1.19471313772619E-16));
#4903=DIRECTION('',(0.,-1.19471313772619E-16,-1.));
#4904=DIRECTION('',(0.,1.,-1.19471313772619E-16));
#4905=DIRECTION('',(0.,-1.,1.19471313772619E-16));
#4906=DIRECTION('',(0.,-1.19471313772619E-16,-1.));
#4907=DIRECTION('',(0.707106781186548,-0.707106781186548,8.44789761258848E-17));
#4908=DIRECTION('',(-0.707106781186548,-0.707106781186548,8.44789761258848E-17));
#4909=DIRECTION('',(0.,1.,-1.19471313772619E-16));
#4910=DIRECTION('',(0.,1.19471313772619E-16,1.));
#4911=DIRECTION('',(0.707106781186548,0.707106781186548,-8.44789761258848E-17));
#4912=DIRECTION('',(-0.707106781186548,0.707106781186548,-8.44789761258848E-17));
#4913=DIRECTION('',(1.,0.,0.));
#4914=DIRECTION('',(0.,0.,-1.));
#4915=DIRECTION('',(0.707106781186548,-0.707106781186548,8.44789761258848E-17));
#4916=DIRECTION('',(0.707106781186548,0.707106781186548,-8.44789761258848E-17));
#4917=DIRECTION('',(1.,0.,0.));
#4918=DIRECTION('',(0.,0.,-1.));
#4919=DIRECTION('',(0.707106781186548,0.707106781186548,-8.44789761258848E-17));
#4920=DIRECTION('',(0.707106781186548,-0.707106781186548,8.44789761258848E-17));
#4921=DIRECTION('',(0.,-1.,1.19471313772619E-16));
#4922=DIRECTION('',(0.,-1.19471313772619E-16,-1.));
#4923=DIRECTION('',(-0.707106781186548,-0.707106781186548,8.44789761258848E-17));
#4924=DIRECTION('',(-0.707106781186548,0.707106781186548,-8.44789761258848E-17));
#4925=DIRECTION('',(0.,-1.,1.19471313772619E-16));
#4926=DIRECTION('',(0.,-1.19471313772619E-16,-1.));
#4927=DIRECTION('',(-0.707106781186548,0.707106781186548,-8.44789761258848E-17));
#4928=DIRECTION('',(-0.707106781186548,-0.707106781186548,8.44789761258848E-17));
#4929=DIRECTION('',(-1.,0.,0.));
#4930=DIRECTION('',(0.,0.,1.));
#4931=DIRECTION('',(-0.707106781186548,-0.707106781186548,8.44789761258848E-17));
#4932=DIRECTION('',(0.707106781186548,-0.707106781186548,8.44789761258848E-17));
#4933=DIRECTION('',(-1.,0.,0.));
#4934=DIRECTION('',(0.,0.,1.));
#4935=DIRECTION('',(-0.707106781186548,0.707106781186548,-8.44789761258848E-17));
#4936=DIRECTION('',(0.707106781186548,0.707106781186548,-8.44789761258848E-17));
#4937=DIRECTION('',(0.,-1.,1.19471313772619E-16));
#4938=DIRECTION('',(0.,-1.19471313772619E-16,-1.));
#4939=DIRECTION('',(0.,1.,-1.19471313772619E-16));
#4940=DIRECTION('',(0.,-1.,1.19471313772619E-16));
#4941=DIRECTION('',(0.,-1.19471313772619E-16,-1.));
#4942=DIRECTION('',(0.,1.,0.));
#4943=DIRECTION('',(0.,0.,1.));
#4944=DIRECTION('',(0.,1.,-1.19471313772619E-16));
#4945=DIRECTION('',(0.,1.19471313772619E-16,1.));
#4946=DIRECTION('',(0.,-1.,1.19471313772619E-16));
#4947=DIRECTION('',(0.,1.,0.));
#4948=DIRECTION('',(0.,0.,1.));
#4949=DIRECTION('',(0.,1.,-1.19471313772619E-16));
#4950=DIRECTION('',(0.,1.19471313772619E-16,1.));
#4951=DIRECTION('',(0.,-1.19471313772619E-16,-1.));
#4952=DIRECTION('',(0.,1.,-1.19471313772619E-16));
#4953=DIRECTION('',(0.,-1.,0.));
#4954=DIRECTION('',(0.,0.,-1.));
#4955=DIRECTION('',(0.,-1.19471313772619E-16,-1.));
#4956=DIRECTION('',(0.,1.,-1.19471313772619E-16));
#4957=DIRECTION('',(0.,-1.,0.));
#4958=DIRECTION('',(0.,0.,-1.));
#4959=DIRECTION('',(0.,-1.,1.19471313772619E-16));
#4960=DIRECTION('',(0.,-1.19471313772619E-16,-1.));
#4961=DIRECTION('',(-0.707106781186548,-0.707106781186548,8.44789761258848E-17));
#4962=DIRECTION('',(-0.707106781186548,0.707106781186548,-8.44789761258848E-17));
#4963=DIRECTION('',(0.,1.,-1.19471313772619E-16));
#4964=DIRECTION('',(0.,1.19471313772619E-16,1.));
#4965=DIRECTION('',(-1.,0.,0.));
#4966=DIRECTION('',(0.,0.,1.));
#4967=DIRECTION('',(-1.,0.,0.));
#4968=DIRECTION('',(0.,0.,1.));
#4969=DIRECTION('',(0.,-1.19471313772619E-16,-1.));
#4970=DIRECTION('',(0.,1.,-1.19471313772619E-16));
#4971=DIRECTION('',(0.,-1.19471313772619E-16,-1.));
#4972=DIRECTION('',(0.,1.,-1.19471313772619E-16));
#4973=DIRECTION('',(0.,-1.19471313772619E-16,-1.));
#4974=DIRECTION('',(0.,1.,-1.19471313772619E-16));
#4975=DIRECTION('',(0.,-1.19471313772619E-16,-1.));
#4976=DIRECTION('',(0.,1.,-1.19471313772619E-16));
#4977=DIRECTION('',(0.,0.,1.));
#4978=DIRECTION('',(1.,0.,0.));
#4979=DIRECTION('',(0.,0.,1.));
#4980=DIRECTION('',(1.,0.,0.));
#4981=DIRECTION('',(0.,0.,1.));
#4982=DIRECTION('',(1.,0.,0.));
#4983=DIRECTION('',(0.,0.,1.));
#4984=DIRECTION('',(1.,0.,0.));
#4985=DIRECTION('',(0.,0.,-1.));
#4986=DIRECTION('',(-1.,0.,0.));
#4987=DIRECTION('',(0.,0.,-1.));
#4988=DIRECTION('',(-1.,0.,0.));
#4989=DIRECTION('',(0.,0.,-1.));
#4990=DIRECTION('',(-1.,0.,0.));
#4991=DIRECTION('',(0.,0.,-1.));
#4992=DIRECTION('',(-1.,0.,0.));
#4993=DIRECTION('',(0.,0.,-1.));
#4994=DIRECTION('',(-1.,0.,0.));
#4995=DIRECTION('',(0.,0.,-1.));
#4996=DIRECTION('',(-1.,0.,0.));
#4997=DIRECTION('',(0.,0.,-1.));
#4998=DIRECTION('',(-1.,0.,0.));
#4999=DIRECTION('',(0.,0.,-1.));
#5000=DIRECTION('',(-1.,0.,0.));
#5001=DIRECTION('',(-1.,0.,0.));
#5002=DIRECTION('',(0.,0.,1.));
#5003=DIRECTION('',(-1.,0.,0.));
#5004=DIRECTION('',(0.,0.,1.));
#5005=DIRECTION('',(1.,0.,0.));
#5006=DIRECTION('',(0.,0.,-1.));
#5007=DIRECTION('',(1.,0.,0.));
#5008=DIRECTION('',(0.,0.,-1.));
#5009=DIRECTION('',(-1.,0.,0.));
#5010=DIRECTION('',(0.,-1.,0.));
#5011=DIRECTION('',(0.,0.707106781186548,-0.707106781186547));
#5012=DIRECTION('',(-1.,0.,0.));
#5013=DIRECTION('',(0.,0.,1.));
#5014=DIRECTION('',(0.,0.,-1.));
#5015=DIRECTION('',(-1.,0.,0.));
#5016=DIRECTION('',(0.,0.,1.));
#5017=DIRECTION('',(0.,-1.,1.01150056908369E-16));
#5018=DIRECTION('',(-1.,0.,0.));
#5019=DIRECTION('',(0.,0.,1.));
#5020=DIRECTION('',(0.,0.,-1.));
#5021=DIRECTION('',(-1.,0.,0.));
#5022=DIRECTION('',(0.,0.,1.));
#5023=DIRECTION('',(0.,-0.707106781186548,-0.707106781186547));
#5024=DIRECTION('',(-1.,0.,0.));
#5025=DIRECTION('',(0.,-1.,0.));
#5026=DIRECTION('',(0.,0.,-1.));
#5027=DIRECTION('',(-1.,0.,0.));
#5028=DIRECTION('',(0.,0.,1.));
#5029=DIRECTION('',(0.,0.707106781186548,-0.707106781186547));
#5030=DIRECTION('',(0.,-0.707106781186548,-0.707106781186547));
#5031=DIRECTION('',(-1.,0.,0.));
#5032=DIRECTION('',(0.,0.,1.));
#5033=DIRECTION('',(0.,0.,-1.));
#5034=DIRECTION('',(-1.,0.,0.));
#5035=DIRECTION('',(0.,0.,1.));
#5036=DIRECTION('',(0.,-1.,1.01150056908369E-16));
#5037=DIRECTION('',(-1.,0.,0.));
#5038=DIRECTION('',(0.,0.,1.));
#5039=DIRECTION('',(0.,-0.707106781186547,0.707106781186548));
#5040=DIRECTION('',(0.,-0.707106781186548,-0.707106781186547));
#5041=DIRECTION('',(1.,0.,0.));
#5042=DIRECTION('',(0.,1.01150056908369E-16,1.));
#5043=DIRECTION('',(0.,-1.,1.01150056908369E-16));
#5044=DIRECTION('',(1.,0.,0.));
#5045=DIRECTION('',(1.,0.,0.));
#5046=DIRECTION('',(0.,-1.,0.));
#5047=DIRECTION('',(0.,0.,-1.));
#5048=DIRECTION('',(1.,0.,0.));
#5049=DIRECTION('',(1.,0.,0.));
#5050=DIRECTION('',(1.,0.,0.));
#5051=DIRECTION('',(0.,0.,-1.));
#5052=DIRECTION('',(-1.,0.,0.));
#5053=DIRECTION('',(0.,0.,1.));
#5054=DIRECTION('',(0.,-0.707106781186547,-0.707106781186548));
#5055=DIRECTION('',(0.,0.707106781186548,-0.707106781186547));
#5056=DIRECTION('',(1.,0.,0.));
#5057=DIRECTION('',(0.,-1.,0.));
#5058=DIRECTION('',(0.,0.,-1.));
#5059=DIRECTION('',(1.,0.,0.));
#5060=DIRECTION('',(1.,0.,0.));
#5061=DIRECTION('',(1.,0.,0.));
#5062=DIRECTION('',(0.,0.,-1.));
#5063=DIRECTION('',(1.,0.,0.));
#5064=DIRECTION('',(0.,0.,-1.));
#5065=CARTESIAN_POINT('',(0.,0.,0.));
#5066=CARTESIAN_POINT('',(0.021598,-0.063150002999965,-0.006889802));
#5067=CARTESIAN_POINT('',(0.1343,-0.063150002999965,-0.006889802));
#5068=CARTESIAN_POINT('',(0.1343,-0.057550002999965,-0.006889802));
#5069=CARTESIAN_POINT('',(0.1089,-0.063150002999965,-0.006889802));
#5070=CARTESIAN_POINT('',(0.1089,-0.057550002999965,-0.006889802));
#5071=CARTESIAN_POINT('',(0.124775,-0.0814659079999999,-0.006889802));
#5072=CARTESIAN_POINT('',(0.124775,-0.0758659079999999,-0.006889802));
#5073=CARTESIAN_POINT('',(0.124775,-0.043365908,-0.006889802));
#5074=CARTESIAN_POINT('',(0.124775,-0.037765908,-0.006889802));
#5075=CARTESIAN_POINT('',(0.089675,-0.063150002999965,-0.006889802));
#5076=CARTESIAN_POINT('',(0.089675,-0.097650002999931,-0.006889802));
#5077=CARTESIAN_POINT('',(0.089675,-0.028650002999999,-0.006889802));
#5078=CARTESIAN_POINT('',(0.13685,-0.097650002999931,-0.006889802));
#5079=CARTESIAN_POINT('',(0.13505,-0.097650002999931,-0.006889802));
#5080=CARTESIAN_POINT('',(0.13505,-0.094900002999965,-0.006889802));
#5081=CARTESIAN_POINT('',(0.13505,-0.094900002999965,-0.006889802));
#5082=CARTESIAN_POINT('',(0.14065,-0.094900002999965,-0.006889802));
#5083=CARTESIAN_POINT('',(0.14495,-0.0913125247770346,-0.006889802));
#5084=CARTESIAN_POINT('',(0.14495,-0.063150002999965,-0.006889802));
#5085=CARTESIAN_POINT('',(0.14495,-0.091150002999931,-0.006889802));
#5086=CARTESIAN_POINT('',(0.14995,-0.091150002999931,-0.006889802));
#5087=CARTESIAN_POINT('',(0.14815,-0.091150002999931,-0.006889802));
#5088=CARTESIAN_POINT('',(0.14815,-0.063150002999965,-0.006889802));
#5089=CARTESIAN_POINT('',(0.14815,-0.035150002999999,-0.006889802));
#5090=CARTESIAN_POINT('',(0.021598,-0.035150002999999,-0.006889802));
#5091=CARTESIAN_POINT('',(0.14495,-0.035150002999999,-0.006889802));
#5092=CARTESIAN_POINT('',(0.14495,-0.063150002999965,-0.006889802));
#5093=CARTESIAN_POINT('',(0.14495,-0.0349874812228954,-0.006889802));
#5094=CARTESIAN_POINT('',(0.14065,-0.031400002999965,-0.006889802));
#5095=CARTESIAN_POINT('',(0.13505,-0.031400002999965,-0.006889802));
#5096=CARTESIAN_POINT('',(0.13505,-0.063150002999965,-0.006889802));
#5097=CARTESIAN_POINT('',(0.13505,-0.028650002999999,-0.006889802));
#5098=CARTESIAN_POINT('',(0.0365,-0.028650002999999,-0.006889802));
#5099=CARTESIAN_POINT('',(0.021598,-0.099450002999931,-0.000689802));
#5100=CARTESIAN_POINT('',(0.089675,-0.099450002999931,-0.003844901));
#5101=CARTESIAN_POINT('',(0.089675,-0.099450002999931,-2.60208521396521E-17));
#5102=CARTESIAN_POINT('',(0.089675,-0.099450002999931,-0.005089802));
#5103=CARTESIAN_POINT('',(0.083675,-0.099450002999931,0.));
#5104=CARTESIAN_POINT('',(0.083675,-0.099450002999931,-2.60208521396521E-17));
#5105=CARTESIAN_POINT('',(0.083675,-0.099450002999931,-0.003844901));
#5106=CARTESIAN_POINT('',(0.083675,-0.099450002999931,-0.005089802));
#5107=CARTESIAN_POINT('',(0.0365,-0.099450002999931,-0.005089802));
#5108=CARTESIAN_POINT('',(0.0365,-0.099450002999931,-0.005089802));
#5109=CARTESIAN_POINT('',(0.0365,-0.099450002999931,-0.002689802));
#5110=CARTESIAN_POINT('',(0.0365,-0.099450002999931,-0.002689802));
#5111=CARTESIAN_POINT('',(0.021598,-0.099450002999931,-0.002689802));
#5112=CARTESIAN_POINT('',(0.0289,-0.099450002999931,-0.002689802));
#5113=CARTESIAN_POINT('',(0.0289,-0.099450002999931,-0.002689802));
#5114=CARTESIAN_POINT('',(0.0289,-0.099450002999931,-0.005089802));
#5115=CARTESIAN_POINT('',(0.0271,-0.099450002999931,-0.005089802));
#5116=CARTESIAN_POINT('',(0.02775,-0.099450002999931,-0.00676834303315946));
#5117=CARTESIAN_POINT('',(0.0284,-0.099450002999931,-0.005089802));
#5118=CARTESIAN_POINT('',(0.0266,-0.099450002999931,-0.005089802));
#5119=CARTESIAN_POINT('',(0.0266,-0.099450002999931,-0.000689802));
#5120=CARTESIAN_POINT('',(0.0266,-0.099450002999931,-0.000289801999999991));
#5121=CARTESIAN_POINT('',(0.021598,-0.099450002999931,-0.000289802));
#5122=CARTESIAN_POINT('',(0.0234,-0.099450002999931,-0.000289802));
#5123=CARTESIAN_POINT('',(0.0234,-0.099450002999931,-0.000144901));
#5124=CARTESIAN_POINT('',(0.0234,-0.099450002999931,0.));
#5125=CARTESIAN_POINT('',(0.0234,-0.099450002999931,0.));
#5126=CARTESIAN_POINT('',(0.0216,-0.099450002999931,0.));
#5127=CARTESIAN_POINT('',(0.0216,-0.099450002999931,-0.000689802));
#5128=CARTESIAN_POINT('',(0.0216,-0.099450002999931,0.005510198));
#5129=CARTESIAN_POINT('',(0.021598,-0.099450002999931,0.005510198));
#5130=CARTESIAN_POINT('',(0.15175,-0.099450002999931,0.005510198));
#5131=CARTESIAN_POINT('',(0.15175,-0.099450002999931,-0.000689802));
#5132=CARTESIAN_POINT('',(0.15175,-0.099450002999931,0.));
#5133=CARTESIAN_POINT('',(0.14995,-0.099450002999931,0.));
#5134=CARTESIAN_POINT('',(0.14995,-0.099450002999931,0.));
#5135=CARTESIAN_POINT('',(0.14995,-0.099450002999931,-0.000144901));
#5136=CARTESIAN_POINT('',(0.14995,-0.099450002999931,-0.000289802));
#5137=CARTESIAN_POINT('',(0.021598,-0.099450002999931,-0.000289802));
#5138=CARTESIAN_POINT('',(0.14675,-0.099450002999931,-0.000289802));
#5139=CARTESIAN_POINT('',(0.14675,-0.099450002999931,-0.000689802));
#5140=CARTESIAN_POINT('',(0.14675,-0.099450002999931,-0.005089802));
#5141=CARTESIAN_POINT('',(0.14495,-0.099450002999931,-0.005089802));
#5142=CARTESIAN_POINT('',(0.1456,-0.099450002999931,-0.00676834303315946));
#5143=CARTESIAN_POINT('',(0.14625,-0.099450002999931,-0.005089802));
#5144=CARTESIAN_POINT('',(0.14445,-0.099450002999931,-0.005089802));
#5145=CARTESIAN_POINT('',(0.14445,-0.099450002999931,-0.002689802));
#5146=CARTESIAN_POINT('',(0.14445,-0.099450002999931,-0.002689802));
#5147=CARTESIAN_POINT('',(0.151752,-0.099450002999931,-0.002689802));
#5148=CARTESIAN_POINT('',(0.13685,-0.099450002999931,-0.002689802));
#5149=CARTESIAN_POINT('',(0.13685,-0.099450002999931,-0.002689802));
#5150=CARTESIAN_POINT('',(0.13685,-0.099450002999931,-0.005089802));
#5151=CARTESIAN_POINT('',(0.0365,-0.099450002999931,-0.005089802));
#5152=CARTESIAN_POINT('',(0.021598,-0.097650002999931,-0.005089802));
#5153=CARTESIAN_POINT('',(0.089675,-0.097650002999931,-0.005089802));
#5154=CARTESIAN_POINT('',(0.13505,-0.097650002999931,-0.005089802));
#5155=CARTESIAN_POINT('',(0.021598,-0.028650002999999,-0.005089802));
#5156=CARTESIAN_POINT('',(0.089675,-0.028650002999999,-0.005089802));
#5157=CARTESIAN_POINT('',(0.089675,-0.026850002999999,-0.005089802));
#5158=CARTESIAN_POINT('',(0.13505,-0.028650002999999,-0.005089802));
#5159=CARTESIAN_POINT('',(0.13685,-0.026850002999999,-0.005089802));
#5160=CARTESIAN_POINT('',(0.13685,-0.026850002999999,-0.005089802));
#5161=CARTESIAN_POINT('',(0.021598,-0.063150002999965,-0.006889802));
#5162=CARTESIAN_POINT('',(0.048575,-0.043365908,-0.006889802));
#5163=CARTESIAN_POINT('',(0.048575,-0.044990908,-0.006889802));
#5164=CARTESIAN_POINT('',(0.021598,-0.063150002999965,-0.006889802));
#5165=CARTESIAN_POINT('',(0.048575,-0.081465908,-0.006889802));
#5166=CARTESIAN_POINT('',(0.048575,-0.083090908,-0.006889802));
#5167=CARTESIAN_POINT('',(0.086675,-0.063150002999965,0.003110198));
#5168=CARTESIAN_POINT('',(0.048575,-0.046125003,0.003110198));
#5169=CARTESIAN_POINT('',(0.0459620716081425,-0.046125003,0.003110198));
#5170=CARTESIAN_POINT('',(0.0511879283918575,-0.046125003,0.003110198));
#5171=CARTESIAN_POINT('',(0.048575,-0.043365908,0.003110198));
#5172=CARTESIAN_POINT('',(0.086675,-0.063150002999965,0.003110198));
#5173=CARTESIAN_POINT('',(0.0506,-0.0406627110639265,0.003110198));
#5174=CARTESIAN_POINT('',(0.050599999999999,-0.04117500398167,0.003110198));
#5175=CARTESIAN_POINT('',(0.0506,-0.040150418146183,0.003110198));
#5176=CARTESIAN_POINT('',(0.05149999901833,-0.04117500398167,0.003110198));
#5177=CARTESIAN_POINT('',(0.05149999901833,-0.042075003000001,0.003110198));
#5178=CARTESIAN_POINT('',(0.0518245056843764,-0.042075003,0.003110198));
#5179=CARTESIAN_POINT('',(0.0521490123504228,-0.042075003,0.003110198));
#5180=CARTESIAN_POINT('',(0.048575,-0.043365908,0.003110198));
#5181=CARTESIAN_POINT('',(0.086675,-0.063150002999965,0.003110198));
#5182=CARTESIAN_POINT('',(0.0453254943156236,-0.042075003,0.003110198));
#5183=CARTESIAN_POINT('',(0.04565000098167,-0.042075003,0.003110198));
#5184=CARTESIAN_POINT('',(0.0450009876495772,-0.042075003,0.003110198));
#5185=CARTESIAN_POINT('',(0.04565000098167,-0.04117500398167,0.003110198));
#5186=CARTESIAN_POINT('',(0.046550000000001,-0.04117500398167,0.003110198));
#5187=CARTESIAN_POINT('',(0.04655,-0.0406627110639265,0.003110198));
#5188=CARTESIAN_POINT('',(0.04655,-0.040150418146183,0.003110198));
#5189=CARTESIAN_POINT('',(0.048575,-0.043365908,0.003110198));
#5190=CARTESIAN_POINT('',(0.086675,-0.063150002999965,0.003110198));
#5191=CARTESIAN_POINT('',(0.0453254943156236,-0.080175003,0.003110198));
#5192=CARTESIAN_POINT('',(0.04565000098167,-0.080175003000001,0.003110198));
#5193=CARTESIAN_POINT('',(0.0450009876495772,-0.080175003,0.003110198));
#5194=CARTESIAN_POINT('',(0.04565000098167,-0.07927500398167,0.003110198));
#5195=CARTESIAN_POINT('',(0.046550000000001,-0.07927500398167,0.003110198));
#5196=CARTESIAN_POINT('',(0.04655,-0.0787627110639265,0.003110198));
#5197=CARTESIAN_POINT('',(0.04655,-0.078250418146183,0.003110198));
#5198=CARTESIAN_POINT('',(0.048575,-0.081465908,0.003110198));
#5199=CARTESIAN_POINT('',(0.086675,-0.063150002999965,0.003110198));
#5200=CARTESIAN_POINT('',(0.048575,-0.084225003,0.003110198));
#5201=CARTESIAN_POINT('',(0.0459620716081425,-0.084225003,0.003110198));
#5202=CARTESIAN_POINT('',(0.0511879283918575,-0.084225003,0.003110198));
#5203=CARTESIAN_POINT('',(0.048575,-0.081465908,0.003110198));
#5204=CARTESIAN_POINT('',(0.086675,-0.063150002999965,0.003110198));
#5205=CARTESIAN_POINT('',(0.0506,-0.0787627110639265,0.003110198));
#5206=CARTESIAN_POINT('',(0.0506,-0.07927500398167,0.003110198));
#5207=CARTESIAN_POINT('',(0.0506,-0.078250418146183,0.003110198));
#5208=CARTESIAN_POINT('',(0.05149999901833,-0.07927500398167,0.003110198));
#5209=CARTESIAN_POINT('',(0.05149999901833,-0.080175003000001,0.003110198));
#5210=CARTESIAN_POINT('',(0.0518245056843764,-0.080175003,0.003110198));
#5211=CARTESIAN_POINT('',(0.0521490123504228,-0.080175003,0.003110198));
#5212=CARTESIAN_POINT('',(0.048575,-0.081465908,0.003110198));
#5213=CARTESIAN_POINT('',(0.151752,-0.100350002999931,0.005510198));
#5214=CARTESIAN_POINT('',(0.048575,-0.043365908,0.005510198));
#5215=CARTESIAN_POINT('',(0.04635,-0.043365908,0.005510198));
#5216=CARTESIAN_POINT('',(0.0518245056843764,-0.042075003,0.005510198));
#5217=CARTESIAN_POINT('',(0.05149999901833,-0.042075003000001,0.005510198));
#5218=CARTESIAN_POINT('',(0.0521490123504228,-0.042075003,0.005510198));
#5219=CARTESIAN_POINT('',(0.05149999901833,-0.04117500398167,0.005510198));
#5220=CARTESIAN_POINT('',(0.0506,-0.04117500398167,0.005510198));
#5221=CARTESIAN_POINT('',(0.0506,-0.0406627110639265,0.005510198));
#5222=CARTESIAN_POINT('',(0.0506,-0.040150418146183,0.005510198));
#5223=CARTESIAN_POINT('',(0.048575,-0.043365908,0.005510198));
#5224=CARTESIAN_POINT('',(0.04655,-0.040150418146183,0.005510198));
#5225=CARTESIAN_POINT('',(0.04655,-0.0406627110639265,0.005510198));
#5226=CARTESIAN_POINT('',(0.046550000000001,-0.04117500398167,0.005510198));
#5227=CARTESIAN_POINT('',(0.04565000098167,-0.04117500398167,0.005510198));
#5228=CARTESIAN_POINT('',(0.04565000098167,-0.042075003,0.005510198));
#5229=CARTESIAN_POINT('',(0.0453254943156236,-0.042075003,0.005510198));
#5230=CARTESIAN_POINT('',(0.0450009876495772,-0.042075003,0.005510198));
#5231=CARTESIAN_POINT('',(0.048575,-0.043365908,0.005510198));
#5232=CARTESIAN_POINT('',(0.0459620716081425,-0.046125003,0.005510198));
#5233=CARTESIAN_POINT('',(0.048575,-0.046125003,0.005510198));
#5234=CARTESIAN_POINT('',(0.0511879283918575,-0.046125003,0.005510198));
#5235=CARTESIAN_POINT('',(0.048575,-0.043365908,0.005510198));
#5236=CARTESIAN_POINT('',(0.0518245056843764,-0.042075003,0.005512198));
#5237=CARTESIAN_POINT('',(0.05149999901833,-0.042075003000001,0.005512198));
#5238=CARTESIAN_POINT('',(0.0521490123504228,-0.042075003,0.005512198));
#5239=CARTESIAN_POINT('',(0.048575,-0.043365908,0.005512198));
#5240=CARTESIAN_POINT('',(0.048575,-0.043365908,-0.005089802));
#5241=CARTESIAN_POINT('',(0.048575,-0.039565908,-0.005089802));
#5242=CARTESIAN_POINT('',(0.0511879283918575,-0.046125003,0.005512198));
#5243=CARTESIAN_POINT('',(0.0459620716081425,-0.046125003,0.005512198));
#5244=CARTESIAN_POINT('',(0.0450009876495772,-0.042075003,0.005512198));
#5245=CARTESIAN_POINT('',(0.04655,-0.040150418146183,0.005512198));
#5246=CARTESIAN_POINT('',(0.0506,-0.040150418146183,0.005512198));
#5247=CARTESIAN_POINT('',(0.048575,-0.046125003,0.005512198));
#5248=CARTESIAN_POINT('',(0.0453254943156236,-0.042075003,0.005512198));
#5249=CARTESIAN_POINT('',(0.04565000098167,-0.042075003,0.005512198));
#5250=CARTESIAN_POINT('',(0.04565000098167,-0.04117500398167,0.005512198));
#5251=CARTESIAN_POINT('',(0.046550000000001,-0.04117500398167,0.005512198));
#5252=CARTESIAN_POINT('',(0.04655,-0.0406627110639265,0.005512198));
#5253=CARTESIAN_POINT('',(0.0506,-0.0406627110639265,0.005512198));
#5254=CARTESIAN_POINT('',(0.0506,-0.04117500398167,0.005512198));
#5255=CARTESIAN_POINT('',(0.05149999901833,-0.04117500398167,0.005512198));
#5256=CARTESIAN_POINT('',(0.048575,-0.043365908,0.005512198));
#5257=CARTESIAN_POINT('',(0.048575,-0.043365908,0.004910198));
#5258=CARTESIAN_POINT('',(0.04695,-0.043365908,0.004910198));
#5259=CARTESIAN_POINT('',(0.151752,-0.100350002999931,0.005510198));
#5260=CARTESIAN_POINT('',(0.048575,-0.081465908,0.005510198));
#5261=CARTESIAN_POINT('',(0.04635,-0.081465908,0.005510198));
#5262=CARTESIAN_POINT('',(0.04655,-0.0787627110639265,0.005510198));
#5263=CARTESIAN_POINT('',(0.046550000000001,-0.07927500398167,0.005510198));
#5264=CARTESIAN_POINT('',(0.04655,-0.078250418146183,0.005510198));
#5265=CARTESIAN_POINT('',(0.04565000098167,-0.07927500398167,0.005510198));
#5266=CARTESIAN_POINT('',(0.04565000098167,-0.080175003,0.005510198));
#5267=CARTESIAN_POINT('',(0.0453254943156236,-0.080175003,0.005510198));
#5268=CARTESIAN_POINT('',(0.0450009876495772,-0.080175003,0.005510198));
#5269=CARTESIAN_POINT('',(0.048575,-0.081465908,0.005510198));
#5270=CARTESIAN_POINT('',(0.0459620716081425,-0.084225003,0.005510198));
#5271=CARTESIAN_POINT('',(0.048575,-0.084225003,0.005510198));
#5272=CARTESIAN_POINT('',(0.0511879283918575,-0.084225003,0.005510198));
#5273=CARTESIAN_POINT('',(0.048575,-0.081465908,0.005510198));
#5274=CARTESIAN_POINT('',(0.0521490123504228,-0.080175003,0.005510198));
#5275=CARTESIAN_POINT('',(0.0518245056843764,-0.080175003,0.005510198));
#5276=CARTESIAN_POINT('',(0.05149999901833,-0.080175003000001,0.005510198));
#5277=CARTESIAN_POINT('',(0.05149999901833,-0.07927500398167,0.005510198));
#5278=CARTESIAN_POINT('',(0.0506,-0.07927500398167,0.005510198));
#5279=CARTESIAN_POINT('',(0.0506,-0.0787627110639265,0.005510198));
#5280=CARTESIAN_POINT('',(0.0506,-0.078250418146183,0.005510198));
#5281=CARTESIAN_POINT('',(0.048575,-0.0814659079999999,0.005510198));
#5282=CARTESIAN_POINT('',(0.048575,-0.081465908,0.005512198));
#5283=CARTESIAN_POINT('',(0.048575,-0.081465908,0.004910198));
#5284=CARTESIAN_POINT('',(0.04695,-0.081465908,0.004910198));
#5285=CARTESIAN_POINT('',(0.04565000098167,-0.07927500398167,0.005512198));
#5286=CARTESIAN_POINT('',(0.04565000098167,-0.080175003,0.005512198));
#5287=CARTESIAN_POINT('',(0.046550000000001,-0.07927500398167,0.005512198));
#5288=CARTESIAN_POINT('',(0.0453254943156236,-0.080175003,0.005512198));
#5289=CARTESIAN_POINT('',(0.0450009876495772,-0.080175003,0.005512198));
#5290=CARTESIAN_POINT('',(0.048575,-0.084225003,0.005512198));
#5291=CARTESIAN_POINT('',(0.0511879283918575,-0.084225003,0.005512198));
#5292=CARTESIAN_POINT('',(0.0459620716081425,-0.084225003,0.005512198));
#5293=CARTESIAN_POINT('',(0.0518245056843764,-0.080175003,0.005512198));
#5294=CARTESIAN_POINT('',(0.05149999901833,-0.080175003000001,0.005512198));
#5295=CARTESIAN_POINT('',(0.0521490123504228,-0.080175003,0.005512198));
#5296=CARTESIAN_POINT('',(0.05149999901833,-0.07927500398167,0.005512198));
#5297=CARTESIAN_POINT('',(0.0506,-0.07927500398167,0.005512198));
#5298=CARTESIAN_POINT('',(0.0506,-0.0787627110639265,0.005512198));
#5299=CARTESIAN_POINT('',(0.0506,-0.078250418146183,0.005512198));
#5300=CARTESIAN_POINT('',(0.048575,-0.0814659079999999,0.005512198));
#5301=CARTESIAN_POINT('',(0.048575,-0.0814659079999999,-0.005089802));
#5302=CARTESIAN_POINT('',(0.048575,-0.0776659079999999,-0.005089802));
#5303=CARTESIAN_POINT('',(0.04655,-0.078250418146183,0.005512198));
#5304=CARTESIAN_POINT('',(0.04655,-0.0787627110639265,0.005512198));
#5305=CARTESIAN_POINT('',(0.021598,-0.063150002999965,-0.006889802));
#5306=CARTESIAN_POINT('',(0.048575,-0.043365908,-0.006889802));
#5307=CARTESIAN_POINT('',(0.048575,-0.037765908,-0.006889802));
#5308=CARTESIAN_POINT('',(0.048575,-0.0814659079999999,-0.006889802));
#5309=CARTESIAN_POINT('',(0.048575,-0.0758659079999999,-0.006889802));
#5310=CARTESIAN_POINT('',(0.06445,-0.063150002999965,-0.006889802));
#5311=CARTESIAN_POINT('',(0.06445,-0.057550002999965,-0.006889802));
#5312=CARTESIAN_POINT('',(0.03905,-0.063150002999965,-0.006889802));
#5313=CARTESIAN_POINT('',(0.03905,-0.057550002999965,-0.006889802));
#5314=CARTESIAN_POINT('',(0.13685,-0.097650002999931,-0.006889802));
#5315=CARTESIAN_POINT('',(0.0383,-0.097650002999931,-0.006889802));
#5316=CARTESIAN_POINT('',(0.083675,-0.097650002999931,-0.006889802));
#5317=CARTESIAN_POINT('',(0.083675,-0.063150002999965,-0.006889802));
#5318=CARTESIAN_POINT('',(0.083675,-0.028650002999999,-0.006889802));
#5319=CARTESIAN_POINT('',(0.0365,-0.028650002999999,-0.006889802));
#5320=CARTESIAN_POINT('',(0.0383,-0.028650002999999,-0.006889802));
#5321=CARTESIAN_POINT('',(0.0383,-0.031400002999965,-0.006889802));
#5322=CARTESIAN_POINT('',(0.0383,-0.031400002999965,-0.006889802));
#5323=CARTESIAN_POINT('',(0.0327,-0.031400002999965,-0.006889802));
#5324=CARTESIAN_POINT('',(0.0284,-0.0349874812228954,-0.006889802));
#5325=CARTESIAN_POINT('',(0.0284,-0.063150002999965,-0.006889802));
#5326=CARTESIAN_POINT('',(0.0284,-0.035150002999999,-0.006889802));
#5327=CARTESIAN_POINT('',(0.0234,-0.035150002999999,-0.006889802));
#5328=CARTESIAN_POINT('',(0.0252,-0.035150002999999,-0.006889802));
#5329=CARTESIAN_POINT('',(0.0252,-0.063150002999965,-0.006889802));
#5330=CARTESIAN_POINT('',(0.0252,-0.091150002999931,-0.006889802));
#5331=CARTESIAN_POINT('',(0.021598,-0.091150002999931,-0.006889802));
#5332=CARTESIAN_POINT('',(0.0284,-0.091150002999931,-0.006889802));
#5333=CARTESIAN_POINT('',(0.0284,-0.063150002999965,-0.006889802));
#5334=CARTESIAN_POINT('',(0.0284,-0.0913125247770346,-0.006889802));
#5335=CARTESIAN_POINT('',(0.0327,-0.094900002999965,-0.006889802));
#5336=CARTESIAN_POINT('',(0.0383,-0.094900002999965,-0.006889802));
#5337=CARTESIAN_POINT('',(0.0383,-0.063150002999965,-0.006889802));
#5338=CARTESIAN_POINT('',(0.021598,-0.026850002999999,-0.000689802));
#5339=CARTESIAN_POINT('',(0.083675,-0.026850002999999,0.));
#5340=CARTESIAN_POINT('',(0.083675,-0.026850002999999,1.7347234759768E-18));
#5341=CARTESIAN_POINT('',(0.089675,-0.026850002999999,1.7347234759768E-18));
#5342=CARTESIAN_POINT('',(0.089675,-0.026850002999999,-0.003844901));
#5343=CARTESIAN_POINT('',(0.13685,-0.026850002999999,-0.002689802));
#5344=CARTESIAN_POINT('',(0.13685,-0.026850002999999,-0.002689802));
#5345=CARTESIAN_POINT('',(0.151752,-0.026850002999999,-0.002689802));
#5346=CARTESIAN_POINT('',(0.14445,-0.026850002999999,-0.002689802));
#5347=CARTESIAN_POINT('',(0.14445,-0.026850002999999,-0.002689802));
#5348=CARTESIAN_POINT('',(0.14445,-0.026850002999999,-0.005089802));
#5349=CARTESIAN_POINT('',(0.14625,-0.026850002999999,-0.005089802));
#5350=CARTESIAN_POINT('',(0.1456,-0.026850002999999,-0.00676834303315947));
#5351=CARTESIAN_POINT('',(0.14495,-0.026850002999999,-0.005089802));
#5352=CARTESIAN_POINT('',(0.14675,-0.026850002999999,-0.005089802));
#5353=CARTESIAN_POINT('',(0.14675,-0.026850002999999,-0.000689802));
#5354=CARTESIAN_POINT('',(0.14675,-0.026850002999999,-0.000289801999999991));
#5355=CARTESIAN_POINT('',(0.021598,-0.026850002999999,-0.000289802));
#5356=CARTESIAN_POINT('',(0.14995,-0.026850002999999,-0.000289802));
#5357=CARTESIAN_POINT('',(0.14995,-0.026850002999999,-0.000144901));
#5358=CARTESIAN_POINT('',(0.14995,-0.026850002999999,0.));
#5359=CARTESIAN_POINT('',(0.14995,-0.026850002999999,0.));
#5360=CARTESIAN_POINT('',(0.15175,-0.026850002999999,0.));
#5361=CARTESIAN_POINT('',(0.15175,-0.026850002999999,-0.000689802));
#5362=CARTESIAN_POINT('',(0.15175,-0.026850002999999,0.005510198));
#5363=CARTESIAN_POINT('',(0.021598,-0.026850002999999,0.005510198));
#5364=CARTESIAN_POINT('',(0.0216,-0.026850002999999,0.005510198));
#5365=CARTESIAN_POINT('',(0.0216,-0.026850002999999,-0.000689802));
#5366=CARTESIAN_POINT('',(0.0216,-0.026850002999999,0.));
#5367=CARTESIAN_POINT('',(0.0234,-0.026850002999999,0.));
#5368=CARTESIAN_POINT('',(0.0234,-0.026850002999999,0.));
#5369=CARTESIAN_POINT('',(0.0234,-0.026850002999999,-0.000144901));
#5370=CARTESIAN_POINT('',(0.0234,-0.026850002999999,-0.000289802));
#5371=CARTESIAN_POINT('',(0.021598,-0.026850002999999,-0.000289802));
#5372=CARTESIAN_POINT('',(0.0266,-0.026850002999999,-0.000289802));
#5373=CARTESIAN_POINT('',(0.0266,-0.026850002999999,-0.000689802));
#5374=CARTESIAN_POINT('',(0.0266,-0.026850002999999,-0.005089802));
#5375=CARTESIAN_POINT('',(0.0284,-0.026850002999999,-0.005089802));
#5376=CARTESIAN_POINT('',(0.02775,-0.026850002999999,-0.00676834303315947));
#5377=CARTESIAN_POINT('',(0.0271,-0.026850002999999,-0.005089802));
#5378=CARTESIAN_POINT('',(0.0289,-0.026850002999999,-0.005089802));
#5379=CARTESIAN_POINT('',(0.0289,-0.026850002999999,-0.002689802));
#5380=CARTESIAN_POINT('',(0.0289,-0.026850002999999,-0.002689802));
#5381=CARTESIAN_POINT('',(0.021598,-0.026850002999999,-0.002689802));
#5382=CARTESIAN_POINT('',(0.0365,-0.026850002999999,-0.002689802));
#5383=CARTESIAN_POINT('',(0.0365,-0.026850002999999,-0.002689802));
#5384=CARTESIAN_POINT('',(0.0365,-0.026850002999999,-0.005089802));
#5385=CARTESIAN_POINT('',(0.13685,-0.026850002999999,-0.005089802));
#5386=CARTESIAN_POINT('',(0.083675,-0.026850002999999,-0.005089802));
#5387=CARTESIAN_POINT('',(0.083675,-0.026850002999999,-0.003844901));
#5388=CARTESIAN_POINT('',(0.15175,-0.063150002999965,-0.001089802));
#5389=CARTESIAN_POINT('',(0.15175,-0.029550002999999,-0.004089802));
#5390=CARTESIAN_POINT('',(0.15175,-0.029550002999999,-0.001939802));
#5391=CARTESIAN_POINT('',(0.15175,-0.096750002999931,-0.004089802));
#5392=CARTESIAN_POINT('',(0.15175,-0.096750002999931,-0.001939802));
#5393=CARTESIAN_POINT('',(0.15175,-0.025550002999999,-0.001589802));
#5394=CARTESIAN_POINT('',(0.15175,-0.026050002999999,-0.001089802));
#5395=CARTESIAN_POINT('',(0.15175,-0.025050002999999,-0.002089802));
#5396=CARTESIAN_POINT('',(0.15175,-0.025550002999999,-0.000589802));
#5397=CARTESIAN_POINT('',(0.15175,-0.025050002999999,-8.9802E-5));
#5398=CARTESIAN_POINT('',(0.15175,-0.025050002999999,-0.001089802));
#5399=CARTESIAN_POINT('',(0.15175,-0.025050002999999,0.005110198));
#5400=CARTESIAN_POINT('',(0.15175,-0.025450002999999,0.005110198));
#5401=CARTESIAN_POINT('',(0.15175,-0.025450002999999,0.005510198));
#5402=CARTESIAN_POINT('',(0.15175,-0.025950002999999,0.005510198));
#5403=CARTESIAN_POINT('',(0.15175,-0.0420931913422714,0.));
#5404=CARTESIAN_POINT('',(0.15175,-0.0566181951738655,0.));
#5405=CARTESIAN_POINT('',(0.15175,-0.0566181951738655,-0.000787401));
#5406=CARTESIAN_POINT('',(0.15175,-0.0566181951738655,-0.003185));
#5407=CARTESIAN_POINT('',(0.15175,-0.0570181951738655,-0.003185));
#5408=CARTESIAN_POINT('',(0.15175,-0.0570181951738655,-0.003585));
#5409=CARTESIAN_POINT('',(0.15175,-0.0631181940869327,-0.003585));
#5410=CARTESIAN_POINT('',(0.15175,-0.069218193,-0.003585));
#5411=CARTESIAN_POINT('',(0.15175,-0.069218193,-0.003185));
#5412=CARTESIAN_POINT('',(0.15175,-0.069618193,-0.003185));
#5413=CARTESIAN_POINT('',(0.15175,-0.069618193,-0.000787401));
#5414=CARTESIAN_POINT('',(0.15175,-0.069618193,0.));
#5415=CARTESIAN_POINT('',(0.15175,-0.0841681934054234,0.));
#5416=CARTESIAN_POINT('',(0.15175,-0.100350002999931,0.005510198));
#5417=CARTESIAN_POINT('',(0.15175,-0.100850002999931,0.005510198));
#5418=CARTESIAN_POINT('',(0.15175,-0.100850002999931,0.005110198));
#5419=CARTESIAN_POINT('',(0.15175,-0.101250002999931,0.005110198));
#5420=CARTESIAN_POINT('',(0.15175,-0.101250002999931,-0.001089802));
#5421=CARTESIAN_POINT('',(0.15175,-0.101250002999931,-0.007289802));
#5422=CARTESIAN_POINT('',(0.15175,-0.100850002999931,-0.007289802));
#5423=CARTESIAN_POINT('',(0.15175,-0.100850002999931,-0.007689802));
#5424=CARTESIAN_POINT('',(0.15175,-0.063150002999965,-0.007689802));
#5425=CARTESIAN_POINT('',(0.15175,-0.025450002999999,-0.007689802));
#5426=CARTESIAN_POINT('',(0.15175,-0.025450002999999,-0.007289802));
#5427=CARTESIAN_POINT('',(0.15175,-0.025050002999999,-0.007289802));
#5428=CARTESIAN_POINT('',(0.15175,-0.025050002999999,-0.001089802));
#5429=CARTESIAN_POINT('',(0.021598,-0.025050002999999,-0.001089802));
#5430=CARTESIAN_POINT('',(0.14675,-0.025050002999999,-0.001089802));
#5431=CARTESIAN_POINT('',(0.14675,-0.025050002999999,-8.9802E-5));
#5432=CARTESIAN_POINT('',(0.14675,-0.025050002999999,-0.002089802));
#5433=CARTESIAN_POINT('',(0.14675,-0.025050002999999,-0.002089802));
#5434=CARTESIAN_POINT('',(0.021598,-0.025050002999999,-0.007289802));
#5435=CARTESIAN_POINT('',(0.0216,-0.025050002999999,-0.007289802));
#5436=CARTESIAN_POINT('',(0.0216,-0.025050002999999,-0.001089802));
#5437=CARTESIAN_POINT('',(0.0216,-0.025050002999999,-0.002089802));
#5438=CARTESIAN_POINT('',(0.0266,-0.025050002999999,-0.002089802));
#5439=CARTESIAN_POINT('',(0.0266,-0.025050002999999,-0.002089802));
#5440=CARTESIAN_POINT('',(0.0266,-0.025050002999999,-0.001089802));
#5441=CARTESIAN_POINT('',(0.0266,-0.025050002999999,-8.9802E-5));
#5442=CARTESIAN_POINT('',(0.0266,-0.025050002999999,-8.9802E-5));
#5443=CARTESIAN_POINT('',(0.0216,-0.025050002999999,-8.9802E-5));
#5444=CARTESIAN_POINT('',(0.0216,-0.025050002999999,-0.001089802));
#5445=CARTESIAN_POINT('',(0.0216,-0.025050002999999,0.005110198));
#5446=CARTESIAN_POINT('',(0.15175,-0.025050002999999,0.005110198));
#5447=CARTESIAN_POINT('',(0.14675,-0.025050002999999,-8.9802E-5));
#5448=CARTESIAN_POINT('',(0.0216,-0.063150002999965,-0.001089802));
#5449=CARTESIAN_POINT('',(0.0216,-0.029550002999999,-0.004089802));
#5450=CARTESIAN_POINT('',(0.0216,-0.029550002999999,-0.006239802));
#5451=CARTESIAN_POINT('',(0.0216,-0.096750002999931,-0.004089802));
#5452=CARTESIAN_POINT('',(0.0216,-0.096750002999931,-0.006239802));
#5453=CARTESIAN_POINT('',(0.0216,-0.025550002999999,-0.000589802));
#5454=CARTESIAN_POINT('',(0.0216,-0.026050002999999,-0.001089802));
#5455=CARTESIAN_POINT('',(0.0216,-0.025550002999999,-0.001589802));
#5456=CARTESIAN_POINT('',(0.0216,-0.025450002999999,-0.007289802));
#5457=CARTESIAN_POINT('',(0.0216,-0.025450002999999,-0.007689802));
#5458=CARTESIAN_POINT('',(0.0216,-0.063150002999965,-0.007689802));
#5459=CARTESIAN_POINT('',(0.0216,-0.100850002999931,-0.007689802));
#5460=CARTESIAN_POINT('',(0.0216,-0.100850002999931,-0.007289802));
#5461=CARTESIAN_POINT('',(0.0216,-0.101250002999931,-0.007289802));
#5462=CARTESIAN_POINT('',(0.0216,-0.101250002999931,-0.001089802));
#5463=CARTESIAN_POINT('',(0.0216,-0.101250002999931,0.005110198));
#5464=CARTESIAN_POINT('',(0.0216,-0.100850002999931,0.005110198));
#5465=CARTESIAN_POINT('',(0.0216,-0.100850002999931,0.005510198));
#5466=CARTESIAN_POINT('',(0.0216,-0.100350002999931,0.005510198));
#5467=CARTESIAN_POINT('',(0.0216,-0.0841681934054234,0.));
#5468=CARTESIAN_POINT('',(0.0216,-0.069618193,0.));
#5469=CARTESIAN_POINT('',(0.0216,-0.069618193,-0.000787401));
#5470=CARTESIAN_POINT('',(0.0216,-0.069618193,-0.003185));
#5471=CARTESIAN_POINT('',(0.0216,-0.069218193,-0.003185));
#5472=CARTESIAN_POINT('',(0.0216,-0.069218193,-0.003585));
#5473=CARTESIAN_POINT('',(0.0216,-0.0631181940869327,-0.003585));
#5474=CARTESIAN_POINT('',(0.0216,-0.0570181951738655,-0.003585));
#5475=CARTESIAN_POINT('',(0.0216,-0.0570181951738655,-0.003185));
#5476=CARTESIAN_POINT('',(0.0216,-0.0566181951738655,-0.003185));
#5477=CARTESIAN_POINT('',(0.0216,-0.0566181951738655,-0.000787401));
#5478=CARTESIAN_POINT('',(0.0216,-0.0566181951738655,0.));
#5479=CARTESIAN_POINT('',(0.0216,-0.0420931913422714,0.));
#5480=CARTESIAN_POINT('',(0.0216,-0.025950002999999,0.005510198));
#5481=CARTESIAN_POINT('',(0.0216,-0.025450002999999,0.005510198));
#5482=CARTESIAN_POINT('',(0.0216,-0.025450002999999,0.005110198));
#5483=CARTESIAN_POINT('',(0.021598,-0.025950002999999,0.005510198));
#5484=CARTESIAN_POINT('',(0.0216,-0.025450002999999,0.005510198));
#5485=CARTESIAN_POINT('',(0.021598,-0.100350002999931,0.005510198));
#5486=CARTESIAN_POINT('',(0.021598,-0.100850002999931,0.005510198));
#5487=CARTESIAN_POINT('',(0.021598,-0.101250002999931,-0.001089802));
#5488=CARTESIAN_POINT('',(0.021598,-0.101250002999931,0.005110198));
#5489=CARTESIAN_POINT('',(0.15175,-0.101250002999931,-0.007289802));
#5490=CARTESIAN_POINT('',(0.021598,-0.063150002999965,-0.007689802));
#5491=CARTESIAN_POINT('',(0.1343,-0.063150002999965,-0.007689802));
#5492=CARTESIAN_POINT('',(0.132075,-0.063150002999965,-0.007689802));
#5493=CARTESIAN_POINT('',(0.14065,-0.031400002999965,-0.007689802));
#5494=CARTESIAN_POINT('',(0.138425,-0.031400002999965,-0.007689802));
#5495=CARTESIAN_POINT('',(0.1089,-0.063150002999965,-0.007689802));
#5496=CARTESIAN_POINT('',(0.106675,-0.063150002999965,-0.007689802));
#5497=CARTESIAN_POINT('',(0.14065,-0.094900002999965,-0.007689802));
#5498=CARTESIAN_POINT('',(0.138425,-0.094900002999965,-0.007689802));
#5499=CARTESIAN_POINT('',(0.03905,-0.063150002999965,-0.007689802));
#5500=CARTESIAN_POINT('',(0.036825,-0.063150002999965,-0.007689802));
#5501=CARTESIAN_POINT('',(0.0327,-0.031400002999965,-0.007689802));
#5502=CARTESIAN_POINT('',(0.030475,-0.031400002999965,-0.007689802));
#5503=CARTESIAN_POINT('',(0.06445,-0.063150002999965,-0.007689802));
#5504=CARTESIAN_POINT('',(0.062225,-0.063150002999965,-0.007689802));
#5505=CARTESIAN_POINT('',(0.0327,-0.094900002999965,-0.007689802));
#5506=CARTESIAN_POINT('',(0.030475,-0.094900002999965,-0.007689802));
#5507=CARTESIAN_POINT('',(0.021598,-0.025450002999999,-0.007689802));
#5508=CARTESIAN_POINT('',(0.0216,-0.100850002999931,-0.007689802));
#5509=CARTESIAN_POINT('',(0.14675,-0.063150002999965,-0.001089802));
#5510=CARTESIAN_POINT('',(0.14675,-0.092950002999931,-0.005889802));
#5511=CARTESIAN_POINT('',(0.14675,-0.092950002999931,-0.004089802));
#5512=CARTESIAN_POINT('',(0.14675,-0.092950002999931,-0.005089802));
#5513=CARTESIAN_POINT('',(0.14675,-0.063150002999965,-0.005089802));
#5514=CARTESIAN_POINT('',(0.14675,-0.0955657310716983,-0.005089802));
#5515=CARTESIAN_POINT('',(0.14675,-0.096750002999931,-0.004089802));
#5516=CARTESIAN_POINT('',(0.14675,-0.0979342749281637,-0.005089802));
#5517=CARTESIAN_POINT('',(0.14675,-0.063150002999965,-0.005089802));
#5518=CARTESIAN_POINT('',(0.14675,-0.099000002999931,-0.000289802));
#5519=CARTESIAN_POINT('',(0.14675,-0.096750002999931,-0.000289802));
#5520=CARTESIAN_POINT('',(0.14675,-0.096750002999931,-0.004089802));
#5521=CARTESIAN_POINT('',(0.14675,-0.099000002999931,-0.000289802));
#5522=CARTESIAN_POINT('',(0.14995,-0.098100002999931,-0.000289802));
#5523=CARTESIAN_POINT('',(0.14995,-0.096750002999931,-0.000289802));
#5524=CARTESIAN_POINT('',(0.14675,-0.096750002999931,-0.000289802));
#5525=CARTESIAN_POINT('',(0.14675,-0.092950002999931,-0.005889802));
#5526=CARTESIAN_POINT('',(0.14995,-0.092950002999931,-0.005489802));
#5527=CARTESIAN_POINT('',(0.14995,-0.092950002999931,-0.004089802));
#5528=CARTESIAN_POINT('',(0.14995,-0.092950002999931,-0.005089802));
#5529=CARTESIAN_POINT('',(0.14675,-0.092950002999931,-0.005089802));
#5530=CARTESIAN_POINT('',(0.14675,-0.092950002999931,-0.004089802));
#5531=CARTESIAN_POINT('',(0.14675,-0.096750002999931,-0.004089802));
#5532=CARTESIAN_POINT('',(0.14995,-0.096750002999931,-0.004089802));
#5533=CARTESIAN_POINT('',(0.14675,-0.096750002999931,-0.004089802));
#5534=CARTESIAN_POINT('',(0.15115,-0.096750002999931,-0.004089802));
#5535=CARTESIAN_POINT('',(0.15115,-0.096750002999931,-0.002539802));
#5536=CARTESIAN_POINT('',(0.14675,-0.0955657310716983,-0.005089802));
#5537=CARTESIAN_POINT('',(0.14675,-0.0958592406868718,-0.00543739719791632));
#5538=CARTESIAN_POINT('',(0.146577827551165,-0.0967477409826512,-0.00584227711044916));
#5539=CARTESIAN_POINT('',(0.14675,-0.0976408853705899,-0.00543725501707121));
#5540=CARTESIAN_POINT('',(0.14675,-0.0979342749281637,-0.005089802));
#5541=CARTESIAN_POINT('',(0.14675,-0.063150002999965,-0.001089802));
#5542=CARTESIAN_POINT('',(0.14675,-0.063150002999965,-0.005089802));
#5543=CARTESIAN_POINT('',(0.14675,-0.0283657310717663,-0.005089802));
#5544=CARTESIAN_POINT('',(0.14675,-0.029550002999999,-0.004089802));
#5545=CARTESIAN_POINT('',(0.14675,-0.0307342749282317,-0.005089802));
#5546=CARTESIAN_POINT('',(0.14675,-0.063150002999965,-0.005089802));
#5547=CARTESIAN_POINT('',(0.14675,-0.033350002999999,-0.005089802));
#5548=CARTESIAN_POINT('',(0.14675,-0.033350002999999,-0.005889802));
#5549=CARTESIAN_POINT('',(0.14675,-0.033350002999999,-0.004089802));
#5550=CARTESIAN_POINT('',(0.14675,-0.029550002999999,-0.004089802));
#5551=CARTESIAN_POINT('',(0.14675,-0.029550002999999,-0.000289802));
#5552=CARTESIAN_POINT('',(0.14675,-0.027300002999999,-0.000289802));
#5553=CARTESIAN_POINT('',(0.14675,-0.033350002999999,-0.005889802));
#5554=CARTESIAN_POINT('',(0.14675,-0.033350002999999,-0.005089802));
#5555=CARTESIAN_POINT('',(0.14995,-0.033350002999999,-0.005089802));
#5556=CARTESIAN_POINT('',(0.14995,-0.033350002999999,-0.005489802));
#5557=CARTESIAN_POINT('',(0.14995,-0.033350002999999,-0.004089802));
#5558=CARTESIAN_POINT('',(0.14675,-0.033350002999999,-0.004089802));
#5559=CARTESIAN_POINT('',(0.14675,-0.027300002999999,-0.000289802));
#5560=CARTESIAN_POINT('',(0.14675,-0.029550002999999,-0.000289802));
#5561=CARTESIAN_POINT('',(0.14995,-0.029550002999999,-0.000289802));
#5562=CARTESIAN_POINT('',(0.14995,-0.028200002999999,-0.000289802));
#5563=CARTESIAN_POINT('',(0.14675,-0.029550002999999,-0.004089802));
#5564=CARTESIAN_POINT('',(0.14995,-0.029550002999999,-0.004089802));
#5565=CARTESIAN_POINT('',(0.14675,-0.029550002999999,-0.004089802));
#5566=CARTESIAN_POINT('',(0.15115,-0.029550002999999,-0.004089802));
#5567=CARTESIAN_POINT('',(0.15115,-0.029550002999999,-0.002539802));
#5568=CARTESIAN_POINT('',(0.14675,-0.0283657310717663,-0.005089802));
#5569=CARTESIAN_POINT('',(0.14675,-0.0286592406869398,-0.00543739719791632));
#5570=CARTESIAN_POINT('',(0.146577827551165,-0.0295477409827193,-0.00584227711044916));
#5571=CARTESIAN_POINT('',(0.14675,-0.0304408853706579,-0.00543725501707121));
#5572=CARTESIAN_POINT('',(0.14675,-0.0307342749282317,-0.005089802));
#5573=CARTESIAN_POINT('',(0.0266,-0.092950002999931,-0.005889802));
#5574=CARTESIAN_POINT('',(0.0266,-0.092950002999931,-0.005889802));
#5575=CARTESIAN_POINT('',(0.0266,-0.092950002999931,-0.004089802));
#5576=CARTESIAN_POINT('',(0.0266,-0.092950002999931,-0.005089802));
#5577=CARTESIAN_POINT('',(0.0266,-0.092950002999931,-0.005089802));
#5578=CARTESIAN_POINT('',(0.0234,-0.092950002999931,-0.005089802));
#5579=CARTESIAN_POINT('',(0.0234,-0.092950002999931,-0.005489802));
#5580=CARTESIAN_POINT('',(0.0234,-0.092950002999931,-0.004089802));
#5581=CARTESIAN_POINT('',(0.0266,-0.092950002999931,-0.004089802));
#5582=CARTESIAN_POINT('',(0.0266,-0.099000002999931,-0.000289802));
#5583=CARTESIAN_POINT('',(0.0266,-0.096750002999931,-0.000289802));
#5584=CARTESIAN_POINT('',(0.0266,-0.096750002999931,-0.000289802));
#5585=CARTESIAN_POINT('',(0.0234,-0.096750002999931,-0.000289802));
#5586=CARTESIAN_POINT('',(0.0234,-0.098100002999931,-0.000289802));
#5587=CARTESIAN_POINT('',(0.0266,-0.099000002999931,-0.000289802));
#5588=CARTESIAN_POINT('',(0.0266,-0.063150002999965,-0.001089802));
#5589=CARTESIAN_POINT('',(0.0266,-0.063150002999965,-0.005089802));
#5590=CARTESIAN_POINT('',(0.0266,-0.0979342749281637,-0.005089802));
#5591=CARTESIAN_POINT('',(0.0266,-0.096750002999931,-0.004089802));
#5592=CARTESIAN_POINT('',(0.0266,-0.0955657310716983,-0.005089802));
#5593=CARTESIAN_POINT('',(0.0266,-0.063150002999965,-0.005089802));
#5594=CARTESIAN_POINT('',(0.0266,-0.096750002999931,-0.004089802));
#5595=CARTESIAN_POINT('',(0.0266,-0.096750002999931,-0.004089802));
#5596=CARTESIAN_POINT('',(0.0234,-0.096750002999931,-0.004089802));
#5597=CARTESIAN_POINT('',(0.0266,-0.096750002999931,-0.004089802));
#5598=CARTESIAN_POINT('',(0.0222,-0.096750002999931,-0.004089802));
#5599=CARTESIAN_POINT('',(0.0222,-0.096750002999931,-0.005639802));
#5600=CARTESIAN_POINT('',(0.0266,-0.0979342749281637,-0.005089802));
#5601=CARTESIAN_POINT('',(0.0266,-0.0976407653129902,-0.00543739719791633));
#5602=CARTESIAN_POINT('',(0.0267721724488351,-0.0967522650172107,-0.00584227711044916));
#5603=CARTESIAN_POINT('',(0.0266,-0.0958591206292721,-0.0054372550170712));
#5604=CARTESIAN_POINT('',(0.0266,-0.0955657310716983,-0.005089802));
#5605=CARTESIAN_POINT('',(0.0266,-0.063150002999965,-0.001089802));
#5606=CARTESIAN_POINT('',(0.0266,-0.033350002999999,-0.005889802));
#5607=CARTESIAN_POINT('',(0.0266,-0.033350002999999,-0.004089802));
#5608=CARTESIAN_POINT('',(0.0266,-0.033350002999999,-0.005089802));
#5609=CARTESIAN_POINT('',(0.0266,-0.063150002999965,-0.005089802));
#5610=CARTESIAN_POINT('',(0.0266,-0.0307342749282317,-0.005089802));
#5611=CARTESIAN_POINT('',(0.0266,-0.029550002999999,-0.004089802));
#5612=CARTESIAN_POINT('',(0.0266,-0.0283657310717663,-0.005089802));
#5613=CARTESIAN_POINT('',(0.0266,-0.063150002999965,-0.005089802));
#5614=CARTESIAN_POINT('',(0.0266,-0.027300002999999,-0.000289802));
#5615=CARTESIAN_POINT('',(0.0266,-0.029550002999999,-0.000289802));
#5616=CARTESIAN_POINT('',(0.0266,-0.029550002999999,-0.004089802));
#5617=CARTESIAN_POINT('',(0.0266,-0.027300002999999,-0.000289802));
#5618=CARTESIAN_POINT('',(0.0234,-0.028200002999999,-0.000289802));
#5619=CARTESIAN_POINT('',(0.0234,-0.029550002999999,-0.000289801999999991));
#5620=CARTESIAN_POINT('',(0.0266,-0.029550002999999,-0.000289802));
#5621=CARTESIAN_POINT('',(0.0266,-0.033350002999999,-0.005889802));
#5622=CARTESIAN_POINT('',(0.0234,-0.033350002999999,-0.005489802));
#5623=CARTESIAN_POINT('',(0.0234,-0.033350002999999,-0.004089802));
#5624=CARTESIAN_POINT('',(0.0234,-0.033350002999999,-0.005089802));
#5625=CARTESIAN_POINT('',(0.0266,-0.033350002999999,-0.005089802));
#5626=CARTESIAN_POINT('',(0.0266,-0.033350002999999,-0.004089802));
#5627=CARTESIAN_POINT('',(0.0266,-0.029550002999999,-0.004089802));
#5628=CARTESIAN_POINT('',(0.0234,-0.029550002999999,-0.004089802));
#5629=CARTESIAN_POINT('',(0.0266,-0.029550002999999,-0.004089802));
#5630=CARTESIAN_POINT('',(0.0222,-0.029550002999999,-0.004089802));
#5631=CARTESIAN_POINT('',(0.0222,-0.029550002999999,-0.005639802));
#5632=CARTESIAN_POINT('',(0.0266,-0.0307342749282317,-0.005089802));
#5633=CARTESIAN_POINT('',(0.0266,-0.0304407653130582,-0.00543739719791633));
#5634=CARTESIAN_POINT('',(0.0267721724488351,-0.0295522650172787,-0.00584227711044916));
#5635=CARTESIAN_POINT('',(0.0266,-0.0286591206293401,-0.0054372550170712));
#5636=CARTESIAN_POINT('',(0.0266,-0.0283657310717663,-0.005089802));
#5637=CARTESIAN_POINT('',(0.0234,-0.0420931913422714,0.));
#5638=CARTESIAN_POINT('',(0.0234,-0.0566181951738655,0.));
#5639=CARTESIAN_POINT('',(0.0234,-0.0566181951738655,0.));
#5640=CARTESIAN_POINT('',(0.0234,-0.0420931913422714,0.));
#5641=CARTESIAN_POINT('',(0.0234,-0.0566181951738655,-0.000787401));
#5642=CARTESIAN_POINT('',(0.0234,-0.0566181951738655,-0.003185));
#5643=CARTESIAN_POINT('',(0.0234,-0.0566181951738655,-0.003185));
#5644=CARTESIAN_POINT('',(0.0234,-0.0566181951738655,-0.000787401));
#5645=CARTESIAN_POINT('',(0.0234,-0.0570181951738655,-0.003185));
#5646=CARTESIAN_POINT('',(0.0234,-0.0570181951738655,-0.003585));
#5647=CARTESIAN_POINT('',(0.0234,-0.0570181951738655,-0.003585));
#5648=CARTESIAN_POINT('',(0.0234,-0.0570181951738655,-0.003185));
#5649=CARTESIAN_POINT('',(0.0234,-0.0631181940869327,-0.003585));
#5650=CARTESIAN_POINT('',(0.0234,-0.069218193,-0.003585));
#5651=CARTESIAN_POINT('',(0.0234,-0.069218193,-0.003585));
#5652=CARTESIAN_POINT('',(0.0234,-0.0631181940869327,-0.003585));
#5653=CARTESIAN_POINT('',(0.0234,-0.069218193,-0.003185));
#5654=CARTESIAN_POINT('',(0.0234,-0.069618193,-0.003185));
#5655=CARTESIAN_POINT('',(0.0234,-0.069618193,-0.003185));
#5656=CARTESIAN_POINT('',(0.0234,-0.069218193,-0.003185));
#5657=CARTESIAN_POINT('',(0.0234,-0.069618193,-0.000787401));
#5658=CARTESIAN_POINT('',(0.0234,-0.069618193,0.));
#5659=CARTESIAN_POINT('',(0.0234,-0.069618193,0.));
#5660=CARTESIAN_POINT('',(0.0234,-0.069618193,-0.000787401));
#5661=CARTESIAN_POINT('',(0.0234,-0.0841681934054234,0.));
#5662=CARTESIAN_POINT('',(0.0234,-0.0841681934054234,0.));
#5663=CARTESIAN_POINT('',(0.0234,-0.063150002999965,-0.001089802));
#5664=CARTESIAN_POINT('',(0.0234,-0.063150002999965,-0.005089802));
#5665=CARTESIAN_POINT('',(0.14995,-0.0420931913422714,0.));
#5666=CARTESIAN_POINT('',(0.14995,-0.0420931913422714,0.));
#5667=CARTESIAN_POINT('',(0.14995,-0.0566181951738655,0.));
#5668=CARTESIAN_POINT('',(0.14995,-0.0566181951738655,0.));
#5669=CARTESIAN_POINT('',(0.14995,-0.0841681934054234,0.));
#5670=CARTESIAN_POINT('',(0.14995,-0.069618193,0.));
#5671=CARTESIAN_POINT('',(0.14995,-0.069618193,0.));
#5672=CARTESIAN_POINT('',(0.14995,-0.0841681934054234,0.));
#5673=CARTESIAN_POINT('',(0.14995,-0.069618193,-0.000787401));
#5674=CARTESIAN_POINT('',(0.14995,-0.069618193,-0.003185));
#5675=CARTESIAN_POINT('',(0.14995,-0.069618193,-0.003185));
#5676=CARTESIAN_POINT('',(0.14995,-0.069618193,-0.000787401));
#5677=CARTESIAN_POINT('',(0.14995,-0.069218193,-0.003185));
#5678=CARTESIAN_POINT('',(0.14995,-0.069218193,-0.003585));
#5679=CARTESIAN_POINT('',(0.14995,-0.069218193,-0.003585));
#5680=CARTESIAN_POINT('',(0.14995,-0.069218193,-0.003185));
#5681=CARTESIAN_POINT('',(0.14995,-0.0631181940869327,-0.003585));
#5682=CARTESIAN_POINT('',(0.14995,-0.0570181951738655,-0.003585));
#5683=CARTESIAN_POINT('',(0.14995,-0.0570181951738655,-0.003585));
#5684=CARTESIAN_POINT('',(0.14995,-0.0631181940869327,-0.003585));
#5685=CARTESIAN_POINT('',(0.14995,-0.0570181951738655,-0.003185));
#5686=CARTESIAN_POINT('',(0.14995,-0.0566181951738655,-0.003185));
#5687=CARTESIAN_POINT('',(0.14995,-0.0566181951738655,-0.003185));
#5688=CARTESIAN_POINT('',(0.14995,-0.0570181951738655,-0.003185));
#5689=CARTESIAN_POINT('',(0.14995,-0.0566181951738655,-0.000787401));
#5690=CARTESIAN_POINT('',(0.14995,-0.0566181951738655,-0.000787401));
#5691=CARTESIAN_POINT('',(0.14995,-0.063150002999965,-0.001089802));
#5692=CARTESIAN_POINT('',(0.14995,-0.063150002999965,-0.005089802));
#5693=CARTESIAN_POINT('',(0.021598,-0.100850002999931,0.005110198));
#5694=CARTESIAN_POINT('',(0.021598,-0.025450002999999,0.005110198));
#5695=CARTESIAN_POINT('',(0.021598,-0.025450002999999,-0.007289802));
#5696=CARTESIAN_POINT('',(0.021598,-0.100850002999931,-0.007289802));
#5697=CARTESIAN_POINT('',(0.0266,-0.025550002999999,-0.001589802));
#5698=CARTESIAN_POINT('',(0.0266,-0.026050002999999,-0.001089802));
#5699=CARTESIAN_POINT('',(0.0266,-0.026050002999999,-0.001089802));
#5700=CARTESIAN_POINT('',(0.0266,-0.025550002999999,-0.001589802));
#5701=CARTESIAN_POINT('',(0.0266,-0.025550002999999,-0.000589802));
#5702=CARTESIAN_POINT('',(0.0266,-0.025550002999999,-0.000589802));
#5703=CARTESIAN_POINT('',(0.0266,-0.063150002999965,-0.001089802));
#5704=CARTESIAN_POINT('',(0.14675,-0.025550002999999,-0.001589802));
#5705=CARTESIAN_POINT('',(0.14675,-0.025550002999999,-0.001589802));
#5706=CARTESIAN_POINT('',(0.14675,-0.026050002999999,-0.001089802));
#5707=CARTESIAN_POINT('',(0.14675,-0.026050002999999,-0.001089802));
#5708=CARTESIAN_POINT('',(0.14675,-0.025550002999999,-0.000589802));
#5709=CARTESIAN_POINT('',(0.14675,-0.025550002999999,-0.000589802));
#5710=CARTESIAN_POINT('',(0.14675,-0.063150002999965,-0.001089802));
#5711=CARTESIAN_POINT('',(0.06445,-0.063150002999965,-0.006887802));
#5712=CARTESIAN_POINT('',(0.06445,-0.063150002999965,-0.007089802));
#5713=CARTESIAN_POINT('',(0.062825,-0.063150002999965,-0.007089802));
#5714=CARTESIAN_POINT('',(0.06445,-0.063150002999965,-0.002689802));
#5715=CARTESIAN_POINT('',(0.06445,-0.061525002999965,-0.002689802));
#5716=CARTESIAN_POINT('',(0.0327,-0.031400002999965,-0.006887802));
#5717=CARTESIAN_POINT('',(0.0327,-0.031400002999965,-0.007089802));
#5718=CARTESIAN_POINT('',(0.031075,-0.031400002999965,-0.007089802));
#5719=CARTESIAN_POINT('',(0.0327,-0.031400002999965,-0.002689802));
#5720=CARTESIAN_POINT('',(0.0327,-0.029775002999965,-0.002689802));
#5721=CARTESIAN_POINT('',(0.03905,-0.063150002999965,-0.006887802));
#5722=CARTESIAN_POINT('',(0.03905,-0.063150002999965,-0.007089802));
#5723=CARTESIAN_POINT('',(0.037425,-0.063150002999965,-0.007089802));
#5724=CARTESIAN_POINT('',(0.03905,-0.063150002999965,-0.002689802));
#5725=CARTESIAN_POINT('',(0.03905,-0.061525002999965,-0.002689802));
#5726=CARTESIAN_POINT('',(0.0327,-0.094900002999965,-0.006887802));
#5727=CARTESIAN_POINT('',(0.0327,-0.094900002999965,-0.007089802));
#5728=CARTESIAN_POINT('',(0.031075,-0.094900002999965,-0.007089802));
#5729=CARTESIAN_POINT('',(0.0327,-0.094900002999965,-0.002689802));
#5730=CARTESIAN_POINT('',(0.0327,-0.093275002999965,-0.002689802));
#5731=CARTESIAN_POINT('',(0.0327,-0.094900002999965,-0.002689802));
#5732=CARTESIAN_POINT('',(0.0365,-0.094900002999965,-0.002689802));
#5733=CARTESIAN_POINT('',(0.0365,-0.094900002999965,-0.002689802));
#5734=CARTESIAN_POINT('',(0.0365,-0.094900002999965,-0.005089802));
#5735=CARTESIAN_POINT('',(0.0327,-0.094900002999965,-0.005089802));
#5736=CARTESIAN_POINT('',(0.0289,-0.094900002999965,-0.005089802));
#5737=CARTESIAN_POINT('',(0.0289,-0.094900002999965,-0.002689802));
#5738=CARTESIAN_POINT('',(0.0289,-0.094900002999965,-0.002689802));
#5739=CARTESIAN_POINT('',(0.0327,-0.094900002999965,-0.002689802));
#5740=CARTESIAN_POINT('',(0.0289,-0.097175002999948,-0.002689802));
#5741=CARTESIAN_POINT('',(0.0289,-0.094900002999965,-0.005089802));
#5742=CARTESIAN_POINT('',(0.0289,-0.097175002999948,-0.002689802));
#5743=CARTESIAN_POINT('',(0.0365,-0.097175002999948,-0.002689802));
#5744=CARTESIAN_POINT('',(0.0365,-0.097175002999948,-0.005089802));
#5745=CARTESIAN_POINT('',(0.0365,-0.097175002999948,-0.002689802));
#5746=CARTESIAN_POINT('',(0.086675,-0.063150002999965,-0.002689802));
#5747=CARTESIAN_POINT('',(0.03905,-0.063150002999965,-0.002689802));
#5748=CARTESIAN_POINT('',(0.03905,-0.063150002999965,-0.005089802));
#5749=CARTESIAN_POINT('',(0.03905,-0.059350002999965,-0.005089802));
#5750=CARTESIAN_POINT('',(0.03905,-0.063150002999965,-0.002689802));
#5751=CARTESIAN_POINT('',(0.03905,-0.066950002999965,-0.002689802));
#5752=CARTESIAN_POINT('',(0.086675,-0.063150002999965,-0.002689802));
#5753=CARTESIAN_POINT('',(0.0289,-0.029125002999982,-0.002689802));
#5754=CARTESIAN_POINT('',(0.0289,-0.029125002999982,-0.005089802));
#5755=CARTESIAN_POINT('',(0.0289,-0.031400002999965,-0.005089802));
#5756=CARTESIAN_POINT('',(0.0289,-0.031400002999965,-0.002689802));
#5757=CARTESIAN_POINT('',(0.0289,-0.031400002999965,-0.002689802));
#5758=CARTESIAN_POINT('',(0.0289,-0.029125002999982,-0.002689802));
#5759=CARTESIAN_POINT('',(0.0327,-0.031400002999965,-0.002689802));
#5760=CARTESIAN_POINT('',(0.0327,-0.031400002999965,-0.005089802));
#5761=CARTESIAN_POINT('',(0.0365,-0.031400002999965,-0.005089802));
#5762=CARTESIAN_POINT('',(0.0365,-0.031400002999965,-0.002689802));
#5763=CARTESIAN_POINT('',(0.0365,-0.031400002999965,-0.002689802));
#5764=CARTESIAN_POINT('',(0.0327,-0.031400002999965,-0.002689802));
#5765=CARTESIAN_POINT('',(0.0365,-0.029125002999982,-0.002689802));
#5766=CARTESIAN_POINT('',(0.0365,-0.026850002999999,-0.005089802));
#5767=CARTESIAN_POINT('',(0.0365,-0.029125002999982,-0.002689802));
#5768=CARTESIAN_POINT('',(0.086675,-0.063150002999965,-0.002689802));
#5769=CARTESIAN_POINT('',(0.06445,-0.063150002999965,-0.002689802));
#5770=CARTESIAN_POINT('',(0.06445,-0.063150002999965,-0.005089802));
#5771=CARTESIAN_POINT('',(0.06445,-0.059350002999965,-0.005089802));
#5772=CARTESIAN_POINT('',(0.06445,-0.063150002999965,-0.002689802));
#5773=CARTESIAN_POINT('',(0.06445,-0.066950002999965,-0.002689802));
#5774=CARTESIAN_POINT('',(0.086675,-0.063150002999965,-0.002689802));
#5775=CARTESIAN_POINT('',(0.1089,-0.063150002999965,-0.006887802));
#5776=CARTESIAN_POINT('',(0.1089,-0.063150002999965,-0.007089802));
#5777=CARTESIAN_POINT('',(0.107275,-0.063150002999965,-0.007089802));
#5778=CARTESIAN_POINT('',(0.1089,-0.063150002999965,-0.002689802));
#5779=CARTESIAN_POINT('',(0.1089,-0.061525002999965,-0.002689802));
#5780=CARTESIAN_POINT('',(0.14065,-0.031400002999965,-0.006887802));
#5781=CARTESIAN_POINT('',(0.14065,-0.031400002999965,-0.007089802));
#5782=CARTESIAN_POINT('',(0.139025,-0.031400002999965,-0.007089802));
#5783=CARTESIAN_POINT('',(0.14065,-0.031400002999965,-0.002689802));
#5784=CARTESIAN_POINT('',(0.14065,-0.029775002999965,-0.002689802));
#5785=CARTESIAN_POINT('',(0.1343,-0.063150002999965,-0.006887802));
#5786=CARTESIAN_POINT('',(0.1343,-0.063150002999965,-0.007089802));
#5787=CARTESIAN_POINT('',(0.132675,-0.063150002999965,-0.007089802));
#5788=CARTESIAN_POINT('',(0.1343,-0.063150002999965,-0.002689802));
#5789=CARTESIAN_POINT('',(0.1343,-0.061525002999965,-0.002689802));
#5790=CARTESIAN_POINT('',(0.14065,-0.094900002999965,-0.006887802));
#5791=CARTESIAN_POINT('',(0.14065,-0.094900002999965,-0.007089802));
#5792=CARTESIAN_POINT('',(0.139025,-0.094900002999965,-0.007089802));
#5793=CARTESIAN_POINT('',(0.14065,-0.094900002999965,-0.002689802));
#5794=CARTESIAN_POINT('',(0.14065,-0.093275002999965,-0.002689802));
#5795=CARTESIAN_POINT('',(0.14065,-0.094900002999965,-0.002689802));
#5796=CARTESIAN_POINT('',(0.14445,-0.094900002999965,-0.002689802));
#5797=CARTESIAN_POINT('',(0.14445,-0.094900002999965,-0.002689802));
#5798=CARTESIAN_POINT('',(0.14445,-0.094900002999965,-0.005089802));
#5799=CARTESIAN_POINT('',(0.14065,-0.094900002999965,-0.005089802));
#5800=CARTESIAN_POINT('',(0.13685,-0.094900002999965,-0.005089802));
#5801=CARTESIAN_POINT('',(0.13685,-0.094900002999965,-0.002689802));
#5802=CARTESIAN_POINT('',(0.13685,-0.094900002999965,-0.002689802));
#5803=CARTESIAN_POINT('',(0.14065,-0.094900002999965,-0.002689802));
#5804=CARTESIAN_POINT('',(0.13685,-0.097175002999948,-0.002689802));
#5805=CARTESIAN_POINT('',(0.13685,-0.099450002999931,-0.005089802));
#5806=CARTESIAN_POINT('',(0.13685,-0.097175002999948,-0.002689802));
#5807=CARTESIAN_POINT('',(0.14445,-0.097175002999948,-0.002689802));
#5808=CARTESIAN_POINT('',(0.14445,-0.097175002999948,-0.005089802));
#5809=CARTESIAN_POINT('',(0.14445,-0.097175002999948,-0.002689802));
#5810=CARTESIAN_POINT('',(0.086675,-0.063150002999965,-0.002689802));
#5811=CARTESIAN_POINT('',(0.1343,-0.063150002999965,-0.002689802));
#5812=CARTESIAN_POINT('',(0.1343,-0.063150002999965,-0.005089802));
#5813=CARTESIAN_POINT('',(0.1343,-0.059350002999965,-0.005089802));
#5814=CARTESIAN_POINT('',(0.1343,-0.063150002999965,-0.002689802));
#5815=CARTESIAN_POINT('',(0.1343,-0.066950002999965,-0.002689802));
#5816=CARTESIAN_POINT('',(0.086675,-0.063150002999965,-0.002689802));
#5817=CARTESIAN_POINT('',(0.14445,-0.029125002999982,-0.002689802));
#5818=CARTESIAN_POINT('',(0.14445,-0.031400002999965,-0.002689802));
#5819=CARTESIAN_POINT('',(0.14445,-0.031400002999965,-0.002689802));
#5820=CARTESIAN_POINT('',(0.14445,-0.031400002999965,-0.005089802));
#5821=CARTESIAN_POINT('',(0.14445,-0.031400002999965,-0.005089802));
#5822=CARTESIAN_POINT('',(0.14445,-0.029125002999982,-0.002689802));
#5823=CARTESIAN_POINT('',(0.13685,-0.029125002999982,-0.002689802));
#5824=CARTESIAN_POINT('',(0.13685,-0.029125002999982,-0.005089802));
#5825=CARTESIAN_POINT('',(0.13685,-0.031400002999965,-0.005089802));
#5826=CARTESIAN_POINT('',(0.13685,-0.031400002999965,-0.002689802));
#5827=CARTESIAN_POINT('',(0.13685,-0.031400002999965,-0.002689802));
#5828=CARTESIAN_POINT('',(0.13685,-0.029125002999982,-0.002689802));
#5829=CARTESIAN_POINT('',(0.14065,-0.031400002999965,-0.002689802));
#5830=CARTESIAN_POINT('',(0.14065,-0.031400002999965,-0.005089802));
#5831=CARTESIAN_POINT('',(0.14065,-0.031400002999965,-0.002689802));
#5832=CARTESIAN_POINT('',(0.086675,-0.063150002999965,-0.002689802));
#5833=CARTESIAN_POINT('',(0.1089,-0.063150002999965,-0.002689802));
#5834=CARTESIAN_POINT('',(0.1089,-0.063150002999965,-0.005089802));
#5835=CARTESIAN_POINT('',(0.1089,-0.059350002999965,-0.005089802));
#5836=CARTESIAN_POINT('',(0.1089,-0.063150002999965,-0.002689802));
#5837=CARTESIAN_POINT('',(0.1089,-0.066950002999965,-0.002689802));
#5838=CARTESIAN_POINT('',(0.086675,-0.063150002999965,-0.002689802));
#5839=CARTESIAN_POINT('',(0.021598,-0.100350002999931,0.005510198));
#5840=CARTESIAN_POINT('',(0.124775,-0.043365908,0.005510198));
#5841=CARTESIAN_POINT('',(0.12255,-0.043365908,0.005510198));
#5842=CARTESIAN_POINT('',(0.121525494315624,-0.042075003,0.005510198));
#5843=CARTESIAN_POINT('',(0.12185000098167,-0.042075003000001,0.005510198));
#5844=CARTESIAN_POINT('',(0.121200987649577,-0.042075003,0.005510198));
#5845=CARTESIAN_POINT('',(0.124775,-0.043365908,0.005510198));
#5846=CARTESIAN_POINT('',(0.122162071608142,-0.046125003,0.005510198));
#5847=CARTESIAN_POINT('',(0.124775,-0.046125003,0.005510198));
#5848=CARTESIAN_POINT('',(0.127387928391857,-0.046125003,0.005510198));
#5849=CARTESIAN_POINT('',(0.124775,-0.043365908,0.005510198));
#5850=CARTESIAN_POINT('',(0.128349012350423,-0.042075003,0.005510198));
#5851=CARTESIAN_POINT('',(0.128024505684376,-0.042075003,0.005510198));
#5852=CARTESIAN_POINT('',(0.12769999901833,-0.042075003,0.005510198));
#5853=CARTESIAN_POINT('',(0.12769999901833,-0.04117500398167,0.005510198));
#5854=CARTESIAN_POINT('',(0.1268,-0.04117500398167,0.005510198));
#5855=CARTESIAN_POINT('',(0.1268,-0.0406627110639265,0.005510198));
#5856=CARTESIAN_POINT('',(0.1268,-0.040150418146183,0.005510198));
#5857=CARTESIAN_POINT('',(0.124775,-0.043365908,0.005510198));
#5858=CARTESIAN_POINT('',(0.12275,-0.040150418146183,0.005510198));
#5859=CARTESIAN_POINT('',(0.12275,-0.0406627110639265,0.005510198));
#5860=CARTESIAN_POINT('',(0.12275,-0.04117500398167,0.005510198));
#5861=CARTESIAN_POINT('',(0.12185000098167,-0.04117500398167,0.005510198));
#5862=CARTESIAN_POINT('',(0.124775,-0.043365908,0.005512198));
#5863=CARTESIAN_POINT('',(0.124775,-0.043365908,0.004910198));
#5864=CARTESIAN_POINT('',(0.12315,-0.043365908,0.004910198));
#5865=CARTESIAN_POINT('',(0.124775,-0.043365908,-0.006889802));
#5866=CARTESIAN_POINT('',(0.124775,-0.044990908,-0.006889802));
#5867=CARTESIAN_POINT('',(0.12185000098167,-0.04117500398167,0.005512198));
#5868=CARTESIAN_POINT('',(0.12185000098167,-0.04117500398167,0.003110198));
#5869=CARTESIAN_POINT('',(0.12185000098167,-0.042075003000001,0.003110198));
#5870=CARTESIAN_POINT('',(0.12275,-0.04117500398167,0.003110198));
#5871=CARTESIAN_POINT('',(0.12185000098167,-0.042075003000001,0.005512198));
#5872=CARTESIAN_POINT('',(0.12275,-0.04117500398167,0.005512198));
#5873=CARTESIAN_POINT('',(0.12275,-0.0406627110639265,0.005512198));
#5874=CARTESIAN_POINT('',(0.12275,-0.0406627110639265,0.003110198));
#5875=CARTESIAN_POINT('',(0.12275,-0.040150418146183,0.003110198));
#5876=CARTESIAN_POINT('',(0.12275,-0.040150418146183,0.005512198));
#5877=CARTESIAN_POINT('',(0.1268,-0.0406627110639265,0.005512198));
#5878=CARTESIAN_POINT('',(0.1268,-0.0406627110639265,0.003110198));
#5879=CARTESIAN_POINT('',(0.1268,-0.040150418146183,0.003110198));
#5880=CARTESIAN_POINT('',(0.1268,-0.04117500398167,0.003110198));
#5881=CARTESIAN_POINT('',(0.1268,-0.040150418146183,0.005512198));
#5882=CARTESIAN_POINT('',(0.1268,-0.04117500398167,0.005512198));
#5883=CARTESIAN_POINT('',(0.12769999901833,-0.04117500398167,0.005512198));
#5884=CARTESIAN_POINT('',(0.12769999901833,-0.04117500398167,0.003110198));
#5885=CARTESIAN_POINT('',(0.12769999901833,-0.042075003,0.003110198));
#5886=CARTESIAN_POINT('',(0.12769999901833,-0.042075003,0.005512198));
#5887=CARTESIAN_POINT('',(0.128024505684376,-0.042075003,0.005512198));
#5888=CARTESIAN_POINT('',(0.128024505684376,-0.042075003,0.003110198));
#5889=CARTESIAN_POINT('',(0.128349012350423,-0.042075003,0.003110198));
#5890=CARTESIAN_POINT('',(0.128349012350423,-0.042075003,0.005512198));
#5891=CARTESIAN_POINT('',(0.124775,-0.046125003,0.005512198));
#5892=CARTESIAN_POINT('',(0.124775,-0.046125003,0.003110198));
#5893=CARTESIAN_POINT('',(0.127387928391857,-0.046125003,0.003110198));
#5894=CARTESIAN_POINT('',(0.122162071608142,-0.046125003,0.003110198));
#5895=CARTESIAN_POINT('',(0.127387928391857,-0.046125003,0.005512198));
#5896=CARTESIAN_POINT('',(0.122162071608142,-0.046125003,0.005512198));
#5897=CARTESIAN_POINT('',(0.124775,-0.043365908,0.005512198));
#5898=CARTESIAN_POINT('',(0.124775,-0.043365908,-0.005089802));
#5899=CARTESIAN_POINT('',(0.124775,-0.039565908,-0.005089802));
#5900=CARTESIAN_POINT('',(0.121200987649577,-0.042075003,0.005512198));
#5901=CARTESIAN_POINT('',(0.121200987649577,-0.042075003,0.003110198));
#5902=CARTESIAN_POINT('',(0.124775,-0.043365908,0.003110198));
#5903=CARTESIAN_POINT('',(0.124775,-0.043365908,0.003110198));
#5904=CARTESIAN_POINT('',(0.124775,-0.043365908,0.003110198));
#5905=CARTESIAN_POINT('',(0.121525494315624,-0.042075003,0.005512198));
#5906=CARTESIAN_POINT('',(0.121525494315624,-0.042075003,0.003110198));
#5907=CARTESIAN_POINT('',(0.021598,-0.100350002999931,0.005510198));
#5908=CARTESIAN_POINT('',(0.124775,-0.081465908,0.005510198));
#5909=CARTESIAN_POINT('',(0.12255,-0.081465908,0.005510198));
#5910=CARTESIAN_POINT('',(0.1268,-0.0787627110639265,0.005510198));
#5911=CARTESIAN_POINT('',(0.1268,-0.07927500398167,0.005510198));
#5912=CARTESIAN_POINT('',(0.1268,-0.078250418146183,0.005510198));
#5913=CARTESIAN_POINT('',(0.124775,-0.0814659079999999,0.005510198));
#5914=CARTESIAN_POINT('',(0.12275,-0.078250418146183,0.005510198));
#5915=CARTESIAN_POINT('',(0.12275,-0.0787627110639265,0.005510198));
#5916=CARTESIAN_POINT('',(0.12275,-0.07927500398167,0.005510198));
#5917=CARTESIAN_POINT('',(0.12185000098167,-0.07927500398167,0.005510198));
#5918=CARTESIAN_POINT('',(0.12185000098167,-0.080175003000001,0.005510198));
#5919=CARTESIAN_POINT('',(0.121525494315624,-0.080175003,0.005510198));
#5920=CARTESIAN_POINT('',(0.121200987649577,-0.080175003,0.005510198));
#5921=CARTESIAN_POINT('',(0.124775,-0.081465908,0.005510198));
#5922=CARTESIAN_POINT('',(0.122162071608142,-0.084225003,0.005510198));
#5923=CARTESIAN_POINT('',(0.124775,-0.084225003,0.005510198));
#5924=CARTESIAN_POINT('',(0.127387928391857,-0.084225003,0.005510198));
#5925=CARTESIAN_POINT('',(0.124775,-0.081465908,0.005510198));
#5926=CARTESIAN_POINT('',(0.128349012350423,-0.080175003,0.005510198));
#5927=CARTESIAN_POINT('',(0.128024505684376,-0.080175003,0.005510198));
#5928=CARTESIAN_POINT('',(0.12769999901833,-0.080175003,0.005510198));
#5929=CARTESIAN_POINT('',(0.12769999901833,-0.07927500398167,0.005510198));
#5930=CARTESIAN_POINT('',(0.124775,-0.081465908,0.005512198));
#5931=CARTESIAN_POINT('',(0.124775,-0.081465908,0.004910198));
#5932=CARTESIAN_POINT('',(0.12315,-0.081465908,0.004910198));
#5933=CARTESIAN_POINT('',(0.124775,-0.081465908,-0.006889802));
#5934=CARTESIAN_POINT('',(0.124775,-0.083090908,-0.006889802));
#5935=CARTESIAN_POINT('',(0.12769999901833,-0.07927500398167,0.005512198));
#5936=CARTESIAN_POINT('',(0.12769999901833,-0.07927500398167,0.003110198));
#5937=CARTESIAN_POINT('',(0.1268,-0.07927500398167,0.003110198));
#5938=CARTESIAN_POINT('',(0.12769999901833,-0.080175003000001,0.003110198));
#5939=CARTESIAN_POINT('',(0.1268,-0.07927500398167,0.005512198));
#5940=CARTESIAN_POINT('',(0.12769999901833,-0.080175003,0.005512198));
#5941=CARTESIAN_POINT('',(0.128024505684376,-0.080175003,0.005512198));
#5942=CARTESIAN_POINT('',(0.128024505684376,-0.080175003,0.003110198));
#5943=CARTESIAN_POINT('',(0.128349012350423,-0.080175003,0.003110198));
#5944=CARTESIAN_POINT('',(0.128349012350423,-0.080175003,0.005512198));
#5945=CARTESIAN_POINT('',(0.124775,-0.084225003,0.005512198));
#5946=CARTESIAN_POINT('',(0.124775,-0.084225003,0.003110198));
#5947=CARTESIAN_POINT('',(0.127387928391857,-0.084225003,0.003110198));
#5948=CARTESIAN_POINT('',(0.122162071608142,-0.084225003,0.003110198));
#5949=CARTESIAN_POINT('',(0.127387928391857,-0.084225003,0.005512198));
#5950=CARTESIAN_POINT('',(0.122162071608142,-0.084225003,0.005512198));
#5951=CARTESIAN_POINT('',(0.121525494315624,-0.080175003,0.005512198));
#5952=CARTESIAN_POINT('',(0.121525494315624,-0.080175003,0.003110198));
#5953=CARTESIAN_POINT('',(0.121200987649577,-0.080175003,0.003110198));
#5954=CARTESIAN_POINT('',(0.12185000098167,-0.080175003000001,0.003110198));
#5955=CARTESIAN_POINT('',(0.121200987649577,-0.080175003,0.005512198));
#5956=CARTESIAN_POINT('',(0.12185000098167,-0.080175003000001,0.005512198));
#5957=CARTESIAN_POINT('',(0.12185000098167,-0.07927500398167,0.005512198));
#5958=CARTESIAN_POINT('',(0.12185000098167,-0.07927500398167,0.003110198));
#5959=CARTESIAN_POINT('',(0.12275,-0.07927500398167,0.003110198));
#5960=CARTESIAN_POINT('',(0.12275,-0.07927500398167,0.005512198));
#5961=CARTESIAN_POINT('',(0.12275,-0.0787627110639265,0.005512198));
#5962=CARTESIAN_POINT('',(0.12275,-0.0787627110639265,0.003110198));
#5963=CARTESIAN_POINT('',(0.12275,-0.078250418146183,0.003110198));
#5964=CARTESIAN_POINT('',(0.12275,-0.078250418146183,0.005512198));
#5965=CARTESIAN_POINT('',(0.124775,-0.0814659079999999,0.005512198));
#5966=CARTESIAN_POINT('',(0.124775,-0.0814659079999999,-0.005089802));
#5967=CARTESIAN_POINT('',(0.124775,-0.0776659079999999,-0.005089802));
#5968=CARTESIAN_POINT('',(0.1268,-0.078250418146183,0.005512198));
#5969=CARTESIAN_POINT('',(0.1268,-0.078250418146183,0.003110198));
#5970=CARTESIAN_POINT('',(0.124775,-0.081465908,0.003110198));
#5971=CARTESIAN_POINT('',(0.124775,-0.081465908,0.003110198));
#5972=CARTESIAN_POINT('',(0.124775,-0.081465908,0.003110198));
#5973=CARTESIAN_POINT('',(0.1268,-0.0787627110639265,0.005512198));
#5974=CARTESIAN_POINT('',(0.1268,-0.0787627110639265,0.003110198));
#5975=CARTESIAN_POINT('',(0.021598,-0.063150002999965,-0.006889802));
#5976=CARTESIAN_POINT('',(0.021598,-0.063150002999965,-0.006889802));
#5977=CARTESIAN_POINT('',(0.086675,-0.063150002999965,0.003110198));
#5978=CARTESIAN_POINT('',(0.086675,-0.063150002999965,0.003110198));
#5979=CARTESIAN_POINT('',(0.086675,-0.063150002999965,0.003110198));
#5980=CARTESIAN_POINT('',(0.086675,-0.063150002999965,0.003110198));
#5981=CARTESIAN_POINT('',(0.086675,-0.063150002999965,0.003110198));
#5982=CARTESIAN_POINT('',(0.086675,-0.063150002999965,0.003110198));
#5983=CARTESIAN_POINT('',(0.048575,-0.043365908,-0.005089802));
#5984=CARTESIAN_POINT('',(0.048575,-0.0814659079999999,-0.005089802));
#5985=CARTESIAN_POINT('',(0.124775,-0.043365908,-0.005089802));
#5986=CARTESIAN_POINT('',(0.124775,-0.0814659079999999,-0.005089802));
#5987=CARTESIAN_POINT('',(0.021598,-0.097650002999931,-0.005089802));
#5988=CARTESIAN_POINT('',(0.083675,-0.097650002999931,-0.005089802));
#5989=CARTESIAN_POINT('',(0.0383,-0.097650002999931,-0.005089802));
#5990=CARTESIAN_POINT('',(0.0383,-0.063150002999965,-0.005089802));
#5991=CARTESIAN_POINT('',(0.0383,-0.094900002999965,-0.005089802));
#5992=CARTESIAN_POINT('',(0.13505,-0.097175002999948,-0.005089802));
#5993=CARTESIAN_POINT('',(0.13505,-0.094900002999965,-0.005089802));
#5994=CARTESIAN_POINT('',(0.0327,-0.094900002999965,-0.005089802));
#5995=CARTESIAN_POINT('',(0.0271,-0.094900002999965,-0.005089802));
#5996=CARTESIAN_POINT('',(0.02775,-0.0949000029999649,-0.00676834303315946));
#5997=CARTESIAN_POINT('',(0.0277499999999999,-0.0949000029999649,-0.0067683430331596));
#5998=CARTESIAN_POINT('',(0.0277499999999999,-0.0936649018425656,-0.00676834303315961));
#5999=CARTESIAN_POINT('',(0.0279847316653989,-0.0924583393666917,-0.006889802));
#6000=CARTESIAN_POINT('',(0.0284,-0.0913125247770346,-0.006889802));
#6001=CARTESIAN_POINT('',(0.0271,-0.097175002999948,-0.005089802));
#6002=CARTESIAN_POINT('',(0.02775,-0.063150002999965,-0.00676834303315946));
#6003=CARTESIAN_POINT('',(0.14625,-0.063150002999965,-0.005089802));
#6004=CARTESIAN_POINT('',(0.14625,-0.094900002999965,-0.005089802));
#6005=CARTESIAN_POINT('',(0.1456,-0.094900002999965,-0.00676834303315946));
#6006=CARTESIAN_POINT('',(0.1456,-0.063150002999965,-0.00676834303315947));
#6007=CARTESIAN_POINT('',(0.14065,-0.094900002999965,-0.005089802));
#6008=CARTESIAN_POINT('',(0.1456,-0.094900002999965,-0.0067683430331596));
#6009=CARTESIAN_POINT('',(0.1456,-0.0936649018425668,-0.0067683430331596));
#6010=CARTESIAN_POINT('',(0.145365268306858,-0.0924583393767492,-0.006889802));
#6011=CARTESIAN_POINT('',(0.14495,-0.0913125247770346,-0.006889802));
#6012=CARTESIAN_POINT('',(0.0284,-0.063150002999965,-0.005089802));
#6013=CARTESIAN_POINT('',(0.0284,-0.091150002999931,-0.005089802));
#6014=CARTESIAN_POINT('',(0.14495,-0.063150002999965,-0.005089802));
#6015=CARTESIAN_POINT('',(0.14495,-0.091150002999931,-0.005089802));
#6016=CARTESIAN_POINT('',(0.021598,-0.091150002999931,-0.005089802));
#6017=CARTESIAN_POINT('',(0.0252,-0.091150002999931,-0.005089802));
#6018=CARTESIAN_POINT('',(0.14675,-0.091150002999931,-0.005089802));
#6019=CARTESIAN_POINT('',(0.14815,-0.091150002999931,-0.005089802));
#6020=CARTESIAN_POINT('',(0.0252,-0.063150002999965,-0.005089802));
#6021=CARTESIAN_POINT('',(0.0252,-0.035150002999999,-0.005089802));
#6022=CARTESIAN_POINT('',(0.14815,-0.063150002999965,-0.005089802));
#6023=CARTESIAN_POINT('',(0.14815,-0.035150002999999,-0.005089802));
#6024=CARTESIAN_POINT('',(0.0266,-0.035150002999999,-0.005089802));
#6025=CARTESIAN_POINT('',(0.0284,-0.035150002999999,-0.005089802));
#6026=CARTESIAN_POINT('',(0.021598,-0.035150002999999,-0.005089802));
#6027=CARTESIAN_POINT('',(0.14495,-0.035150002999999,-0.005089802));
#6028=CARTESIAN_POINT('',(0.0284,-0.063150002999965,-0.005089802));
#6029=CARTESIAN_POINT('',(0.02775,-0.063150002999965,-0.00676834303315946));
#6030=CARTESIAN_POINT('',(0.02775,-0.031400002999965,-0.00676834303315947));
#6031=CARTESIAN_POINT('',(0.0277499999999999,-0.031400002999965,-0.00676834303315961));
#6032=CARTESIAN_POINT('',(0.0277499999999999,-0.032635104157356,-0.00676834303315961));
#6033=CARTESIAN_POINT('',(0.0279848519634439,-0.0338416230417134,-0.006889802));
#6034=CARTESIAN_POINT('',(0.0284,-0.0349874812228954,-0.006889802));
#6035=CARTESIAN_POINT('',(0.0271,-0.029125002999982,-0.005089802));
#6036=CARTESIAN_POINT('',(0.0271,-0.031400002999965,-0.005089802));
#6037=CARTESIAN_POINT('',(0.14625,-0.063150002999965,-0.005089802));
#6038=CARTESIAN_POINT('',(0.1456,-0.063150002999965,-0.00676834303315947));
#6039=CARTESIAN_POINT('',(0.1456,-0.0314000029999651,-0.00676834303315954));
#6040=CARTESIAN_POINT('',(0.14625,-0.031400002999965,-0.005089802));
#6041=CARTESIAN_POINT('',(0.14495,-0.063150002999965,-0.005089802));
#6042=CARTESIAN_POINT('',(0.1456,-0.0314000029999651,-0.00676834303315961));
#6043=CARTESIAN_POINT('',(0.1456,-0.0326351041573566,-0.00676834303315961));
#6044=CARTESIAN_POINT('',(0.145365148122109,-0.0338416230727106,-0.006889802));
#6045=CARTESIAN_POINT('',(0.14495,-0.0349874812228954,-0.006889802));
#6046=CARTESIAN_POINT('',(0.0327,-0.031400002999965,-0.005089802));
#6047=CARTESIAN_POINT('',(0.0383,-0.031400002999965,-0.005089802));
#6048=CARTESIAN_POINT('',(0.14065,-0.031400002999965,-0.005089802));
#6049=CARTESIAN_POINT('',(0.13505,-0.031400002999965,-0.005089802));
#6050=CARTESIAN_POINT('',(0.0383,-0.029125002999982,-0.005089802));
#6051=CARTESIAN_POINT('',(0.0383,-0.028650002999999,-0.005089802));
#6052=CARTESIAN_POINT('',(0.13505,-0.063150002999965,-0.005089802));
#6053=CARTESIAN_POINT('',(0.021598,-0.028650002999999,-0.005089802));
#6054=CARTESIAN_POINT('',(0.083675,-0.028650002999999,-0.005089802));
#6055=CARTESIAN_POINT('',(0.1089,-0.063150002999965,-0.005089802));
#6056=CARTESIAN_POINT('',(0.1343,-0.063150002999965,-0.005089802));
#6057=CARTESIAN_POINT('',(0.06445,-0.063150002999965,-0.005089802));
#6058=CARTESIAN_POINT('',(0.03905,-0.063150002999965,-0.005089802));
#6059=CARTESIAN_POINT('',(0.048575,-0.043365908,0.004910198));
#6060=CARTESIAN_POINT('',(0.048575,-0.081465908,0.004910198));
#6061=CARTESIAN_POINT('',(0.124775,-0.043365908,0.005510198));
#6062=CARTESIAN_POINT('',(0.124775,-0.081465908,0.005510198));
#6063=CARTESIAN_POINT('',(0.1343,-0.063150002999965,-0.007689802));
#6064=CARTESIAN_POINT('',(0.14065,-0.031400002999965,-0.007689802));
#6065=CARTESIAN_POINT('',(0.1089,-0.063150002999965,-0.007689802));
#6066=CARTESIAN_POINT('',(0.14065,-0.094900002999965,-0.007689802));
#6067=CARTESIAN_POINT('',(0.03905,-0.063150002999965,-0.007089802));
#6068=CARTESIAN_POINT('',(0.0327,-0.031400002999965,-0.007089802));
#6069=CARTESIAN_POINT('',(0.06445,-0.063150002999965,-0.007089802));
#6070=CARTESIAN_POINT('',(0.0327,-0.094900002999965,-0.007089802));
#6071=CARTESIAN_POINT('',(0.0216,-0.029550002999999,-0.004089802));
#6072=CARTESIAN_POINT('',(0.0222,-0.096750002999931,-0.004089802));
#6073=CARTESIAN_POINT('',(0.15115,-0.029550002999999,-0.004089802));
#6074=CARTESIAN_POINT('',(0.15175,-0.096750002999931,-0.004089802));
#6075=CARTESIAN_POINT('',(0.083675,-0.062950002999965,-0.003089802));
#6076=CARTESIAN_POINT('',(0.083675,-0.098450002999931,-0.001));
#6077=CARTESIAN_POINT('',(0.083675,-0.0980357894375579,-0.00141421356237309));
#6078=CARTESIAN_POINT('',(0.083675,-0.099450002999931,-0.00282842712474619));
#6079=CARTESIAN_POINT('',(0.083675,-0.097450002999931,-0.00282842712474619));
#6080=CARTESIAN_POINT('',(0.083675,-0.097450002999931,-0.003844901));
#6081=CARTESIAN_POINT('',(0.083675,-0.097450002999931,-0.003689802));
#6082=CARTESIAN_POINT('',(0.083675,-0.095450002999931,-0.003689802));
#6083=CARTESIAN_POINT('',(0.083675,-0.095450002999931,-0.005689802));
#6084=CARTESIAN_POINT('',(0.083675,-0.046000002999982,-0.005689802));
#6085=CARTESIAN_POINT('',(0.083675,-0.030850002999999,-0.005689802));
#6086=CARTESIAN_POINT('',(0.083675,-0.030850002999999,-0.003689802));
#6087=CARTESIAN_POINT('',(0.083675,-0.028850002999999,-0.003689802));
#6088=CARTESIAN_POINT('',(0.083675,-0.028850002999999,-0.003844901));
#6089=CARTESIAN_POINT('',(0.083675,-0.028850002999999,-0.00282842712474619));
#6090=CARTESIAN_POINT('',(0.083675,-0.026850002999999,-0.00282842712474619));
#6091=CARTESIAN_POINT('',(0.083675,-0.0282642165623721,-0.00141421356237309));
#6092=CARTESIAN_POINT('',(0.083675,-0.027850002999999,-0.001));
#6093=CARTESIAN_POINT('',(0.089675,-0.062950002999965,-0.003089802));
#6094=CARTESIAN_POINT('',(0.089675,-0.097450002999931,-0.003844901));
#6095=CARTESIAN_POINT('',(0.089675,-0.097450002999931,-0.00282842712474619));
#6096=CARTESIAN_POINT('',(0.089675,-0.097450002999931,-0.003689802));
#6097=CARTESIAN_POINT('',(0.089675,-0.099450002999931,-0.00282842712474619));
#6098=CARTESIAN_POINT('',(0.089675,-0.0980357894375579,-0.00141421356237309));
#6099=CARTESIAN_POINT('',(0.089675,-0.098450002999931,-0.001));
#6100=CARTESIAN_POINT('',(0.089675,-0.027850002999999,-0.001));
#6101=CARTESIAN_POINT('',(0.089675,-0.0282642165623721,-0.00141421356237309));
#6102=CARTESIAN_POINT('',(0.089675,-0.026850002999999,-0.00282842712474619));
#6103=CARTESIAN_POINT('',(0.089675,-0.028850002999999,-0.00282842712474619));
#6104=CARTESIAN_POINT('',(0.089675,-0.028850002999999,-0.003844901));
#6105=CARTESIAN_POINT('',(0.089675,-0.028850002999999,-0.003689802));
#6106=CARTESIAN_POINT('',(0.089675,-0.030850002999999,-0.003689802));
#6107=CARTESIAN_POINT('',(0.089675,-0.030850002999999,-0.005689802));
#6108=CARTESIAN_POINT('',(0.089675,-0.046000002999982,-0.005689802));
#6109=CARTESIAN_POINT('',(0.089675,-0.095450002999931,-0.005689802));
#6110=CARTESIAN_POINT('',(0.089675,-0.095450002999931,-0.003689802));
#6111=CARTESIAN_POINT('',(0.083675,-0.027850002999999,-0.001));
#6112=CARTESIAN_POINT('',(0.083675,-0.0282642165623721,-0.00141421356237309));
#6113=CARTESIAN_POINT('',(0.083675,-0.046000002999982,-0.005689802));
#6114=CARTESIAN_POINT('',(0.083675,-0.095450002999931,-0.005689802));
#6115=CARTESIAN_POINT('',(0.083675,-0.030850002999999,-0.005689802));
#6116=CARTESIAN_POINT('',(0.083675,-0.028850002999999,-0.003844901));
#6117=CARTESIAN_POINT('',(0.083675,-0.028850002999999,-0.00282842712474619));
#6118=CARTESIAN_POINT('',(0.089675,-0.028850002999999,-0.003689802));
#6119=CARTESIAN_POINT('',(0.083675,-0.026850002999999,-0.00282842712474619));
#6120=CARTESIAN_POINT('',(0.083675,-0.030850002999999,-0.003689802));
#6121=CARTESIAN_POINT('',(0.083675,-0.098450002999931,-0.001));
#6122=CARTESIAN_POINT('',(0.083675,-0.0980357894375579,-0.00141421356237309));
#6123=CARTESIAN_POINT('',(0.083675,-0.097450002999931,-0.003844901));
#6124=CARTESIAN_POINT('',(0.083675,-0.097450002999931,-0.00282842712474619));
#6125=CARTESIAN_POINT('',(0.083675,-0.097450002999931,-0.003689802));
#6126=CARTESIAN_POINT('',(0.083675,-0.099450002999931,-0.00282842712474619));
#6127=CARTESIAN_POINT('',(0.083675,-0.095450002999931,-0.003689802));
#6128=MECHANICAL_DESIGN_GEOMETRIC_PRESENTATION_REPRESENTATION('',(#3585),
#6129);
#6129=(
GEOMETRIC_REPRESENTATION_CONTEXT(3)
GLOBAL_UNCERTAINTY_ASSIGNED_CONTEXT((#6130))
GLOBAL_UNIT_ASSIGNED_CONTEXT((#6133,#6132,#6131))
REPRESENTATION_CONTEXT('case','TOP_LEVEL_ASSEMBLY_PART')
);
#6130=UNCERTAINTY_MEASURE_WITH_UNIT(LENGTH_MEASURE(2.E-5),#6133,
'DISTANCE_ACCURACY_VALUE','Maximum Tolerance applied to model');
#6131=(
NAMED_UNIT(*)
SI_UNIT($,.STERADIAN.)
SOLID_ANGLE_UNIT()
);
#6132=(
NAMED_UNIT(*)
PLANE_ANGLE_UNIT()
SI_UNIT($,.RADIAN.)
);
#6133=(
LENGTH_UNIT()
NAMED_UNIT(*)
SI_UNIT($,.METRE.)
);
#6134=PRODUCT_DEFINITION_SHAPE('','',#6135);
#6135=PRODUCT_DEFINITION('','',#6137,#6136);
#6136=PRODUCT_DEFINITION_CONTEXT('',#6143,'design');
#6137=PRODUCT_DEFINITION_FORMATION_WITH_SPECIFIED_SOURCE('','',#6139,
 .NOT_KNOWN.);
#6138=PRODUCT_RELATED_PRODUCT_CATEGORY('','',(#6139));
#6139=PRODUCT('case','case','case',(#6141));
#6140=PRODUCT_CATEGORY('','');
#6141=PRODUCT_CONTEXT('',#6143,'mechanical');
#6142=APPLICATION_PROTOCOL_DEFINITION('international standard',
'ap242_managed_model_based_3d_engineering',2020,#6143);
#6143=APPLICATION_CONTEXT('managed model based 3d engineering');
ENDSEC;
END-ISO-10303-21;
